row_id,age,gender,country,city,income_bracket,education_level,employment_type,marital_status,tenure_months,total_purchases,avg_order_value_usd,total_spent_usd,days_since_last_purchase,preferred_category_1,shopping_channel,device_used,payment_method,return_count,complaint_count,satisfaction_score,email_open_rate,click_through_rate,conversion_rate,social_media_presence,customer_acquisition_cost_usd
1,53,Male,United States,Philadelphia,25K-50K,PhD,Self-Employed,Single,36,57,986.05,56204.85,42,Beauty,Marketplace,Desktop,Credit Card,11,1,3,0.54,0.282,0.069,"Facebook, LinkedIn, YouTube",112.81
2,20,Female,United States,Chicago,50K-75K,High School,Unemployed,Single,35,68,685.29,46599.72,6,Grocery,In-Store,Multiple,Digital Wallet,15,14,5,0.604,0.459,0.147,,164.09
3,25,Male,United States,San Diego,100K-150K,Bachelors,Student,Single,54,166,239.29,39722.14,5,Electronics,Marketplace,Mobile,Credit Card,19,0,4,0.957,0.151,0.23,"YouTube, Twitter, Instagram",157.29
4,20,Female,United States,Philadelphia,150K+,Masters,Unemployed,Married,12,26,427.35,11111.1,57,Electronics,Online,Mobile,Credit Card,17,5,1,0.047,0.152,0.128,Twitter,183.87
5,50,Male,United States,Houston,75K-100K,High School,Retired,Divorced,57,58,642.66,37274.28,80,Automotive,Online,Multiple,Cash on Delivery,0,11,3,0.266,0.186,0.011,LinkedIn,129.47
6,52,Male,United States,San Diego,75K-100K,Masters,Employed,Widowed,112,176,973.74,171378.24,16,Home & Kitchen,In-Store,Multiple,Bank Transfer,3,3,5,0.172,0.466,0.237,,177.35
7,78,Male,United States,Los Angeles,100K-150K,PhD,Student,Single,71,97,160.61,15579.17,111,Office Supplies,Mobile App,Multiple,Credit Card,4,12,4,0.447,0.023,0.221,"TikTok, LinkedIn",175.67
8,28,Female,United States,Houston,150K+,High School,Self-Employed,Divorced,94,98,687.01,67326.98,1,Beauty,Online,Desktop,Cash on Delivery,3,10,3,0.289,0.499,0.078,"Facebook, LinkedIn, Instagram",43.5
9,36,Female,United States,San Diego,0-25K,Professional,Self-Employed,Single,57,85,155.37,13206.45,1,Automotive,Mobile App,Multiple,Bank Transfer,17,1,2,0.938,0.13,0.111,"LinkedIn, Instagram, YouTube",166.95
10,61,Female,United States,Phoenix,0-25K,Bachelors,Self-Employed,Widowed,83,7,564.37,3950.59,1,Toys,Marketplace,Multiple,Debit Card,8,14,5,0.833,0.21,0.012,"YouTube, Twitter",181.68
11,23,Male,United States,San Antonio,50K-75K,Professional,Self-Employed,Single,35,29,894.96,25953.84,17,Electronics,In-Store,Tablet,Bank Transfer,3,3,1,0.127,0.014,0.184,YouTube,63.66
12,61,Male,United States,New York,50K-75K,Masters,Self-Employed,Widowed,97,87,317.94,27660.78,6,Fashion,In-Store,Mobile,Cash on Delivery,16,14,3,0.517,0.484,0.209,Facebook,158.9
13,38,Female,United States,Philadelphia,100K-150K,Bachelors,Unemployed,Widowed,37,121,866.84,104887.64,31,Automotive,Marketplace,Desktop,Credit Card,7,0,2,0.082,0.128,0.027,Facebook,65.64
14,39,Female,United States,Houston,0-25K,Bachelors,Unemployed,Single,69,30,425.96,12778.8,0,Automotive,Online,Multiple,Cash on Delivery,3,5,1,0.15,0.255,0.078,,137.98
15,83,Male,United States,Chicago,25K-50K,Professional,Self-Employed,Divorced,8,160,526.98,84316.8,5,Books,In-Store,Multiple,Digital Wallet,5,6,3,0.192,0.377,0.253,,64.46
16,22,Female,United States,San Antonio,50K-75K,PhD,Retired,Divorced,77,119,221.8,26394.2,1,Office Supplies,In-Store,Desktop,Digital Wallet,8,8,4,0.747,0.289,0.206,"YouTube, TikTok, Twitter",18.82
17,66,Male,United States,Dallas,50K-75K,Masters,Employed,Divorced,34,34,985.72,33514.48,1,Health & Personal Care,Online,Mobile,Cash on Delivery,6,3,1,0.948,0.398,0.004,"TikTok, Facebook",47.88
18,48,Male,United States,Houston,100K-150K,Masters,Student,Single,11,159,818.6,130157.4,1,Pet Supplies,Mobile App,Multiple,Digital Wallet,9,12,4,0.33,0.456,0.121,Instagram,44.24
19,51,Male,United States,Philadelphia,25K-50K,PhD,Retired,Single,34,147,941.1,138341.7,13,Grocery,Marketplace,Tablet,Debit Card,6,0,1,0.644,0.343,0.059,"Facebook, Instagram",63.58
20,34,Male,United States,Dallas,0-25K,High School,Employed,Single,59,163,566.83,92393.29,0,Beauty,Online,Mobile,Debit Card,17,11,2,0.019,0.051,0.3,,114.64
21,21,Female,United States,San Diego,150K+,Masters,Self-Employed,Married,111,48,22.16,1063.68,12,Books,Online,Tablet,Digital Wallet,2,7,4,0.868,0.342,0.172,"YouTube, Twitter, TikTok",98.48
22,53,Female,United States,Chicago,150K+,PhD,Unemployed,Divorced,79,22,167.8,3691.6,198,Grocery,Marketplace,Mobile,Debit Card,1,13,3,0.632,0.122,0.158,,122.53
23,68,Male,United States,Phoenix,100K-150K,Masters,Retired,Widowed,84,112,554.92,62151.04,28,Sports & Fitness,Marketplace,Mobile,Digital Wallet,9,10,4,0.557,0.197,0.01,"Facebook, LinkedIn, Instagram",154.72
24,51,Female,United States,San Jose,100K-150K,High School,Unemployed,Divorced,111,41,491.23,20140.43,1,Home & Kitchen,In-Store,Mobile,Cash on Delivery,5,10,5,0.419,0.331,0.034,Instagram,160.42
25,23,Male,United States,Chicago,150K+,PhD,Student,Married,106,0,864.16,0.0,49,Automotive,Online,Tablet,Credit Card,8,11,5,0.463,0.245,0.071,"YouTube, Twitter",125.2
26,25,Male,United States,Dallas,100K-150K,Bachelors,Student,Married,15,53,170.24,9022.72,13,Office Supplies,Online,Mobile,Cash on Delivery,4,14,3,0.191,0.043,0.258,"LinkedIn, Instagram, YouTube",22.33
27,80,Female,United States,San Antonio,150K+,PhD,Retired,Single,78,189,691.05,130608.45,8,Fashion,In-Store,Multiple,Digital Wallet,8,4,5,0.112,0.399,0.285,TikTok,81.2
28,42,Male,United States,Houston,50K-75K,Bachelors,Unemployed,Married,18,104,995.46,103527.84,83,Sports & Fitness,Marketplace,Multiple,Bank Transfer,15,11,1,0.035,0.176,0.033,Twitter,128.35
29,50,Male,United States,Dallas,50K-75K,Bachelors,Self-Employed,Married,110,118,771.48,91034.64,17,Fashion,Marketplace,Mobile,Cash on Delivery,11,6,2,0.817,0.069,0.068,"Facebook, Instagram, LinkedIn",136.06
30,25,Female,United States,Philadelphia,75K-100K,PhD,Unemployed,Widowed,113,90,706.41,63576.9,5,Beauty,Online,Multiple,Credit Card,10,6,4,0.523,0.276,0.166,,137.26
31,19,Male,United States,Phoenix,0-25K,PhD,Student,Single,21,45,785.57,35350.65,1,Sports & Fitness,In-Store,Tablet,Debit Card,5,7,5,0.871,0.158,0.0,"Facebook, Twitter",178.32
32,25,Male,United States,San Antonio,0-25K,PhD,Retired,Divorced,60,20,496.76,9935.2,7,Electronics,Marketplace,Multiple,Digital Wallet,18,13,3,0.691,0.496,0.191,,80.93
33,59,Male,United States,Philadelphia,25K-50K,Masters,Retired,Single,55,137,126.05,17268.85,290,Health & Personal Care,Mobile App,Desktop,Digital Wallet,16,8,5,0.493,0.082,0.078,"Instagram, Facebook, YouTube",7.11
34,61,Male,United States,Dallas,150K+,High School,Employed,Single,111,38,331.93,12613.34,1,Office Supplies,In-Store,Desktop,Cash on Delivery,18,6,1,0.681,0.097,0.185,TikTok,166.88
35,27,Female,United States,Phoenix,75K-100K,High School,Employed,Divorced,78,48,96.61,4637.28,7,Grocery,Mobile App,Multiple,Debit Card,5,3,2,0.785,0.437,0.058,Facebook,154.9
36,24,Female,United States,Philadelphia,75K-100K,High School,Retired,Single,15,115,778.68,89548.2,188,Home & Kitchen,Marketplace,Desktop,Credit Card,0,10,2,0.908,0.116,0.152,,114.2
37,64,Male,United States,Los Angeles,100K-150K,PhD,Unemployed,Widowed,22,28,782.47,21909.16,358,Beauty,In-Store,Desktop,Cash on Delivery,13,9,5,0.519,0.456,0.099,"YouTube, TikTok",65.14
38,33,Female,United States,San Antonio,25K-50K,Bachelors,Student,Single,96,178,83.45,14854.1,0,Office Supplies,In-Store,Desktop,Cash on Delivery,9,1,3,0.935,0.151,0.037,"YouTube, Instagram",199.83
39,30,Male,United States,San Antonio,100K-150K,PhD,Unemployed,Divorced,24,73,331.43,24194.39,149,Beauty,Online,Tablet,Bank Transfer,9,0,2,0.856,0.427,0.115,"LinkedIn, Twitter, TikTok",56.52
40,19,Male,United States,San Jose,150K+,PhD,Retired,Single,78,7,524.84,3673.88,7,Toys,Mobile App,Tablet,Debit Card,14,6,5,0.456,0.06,0.216,,43.77
41,50,Female,United States,Philadelphia,150K+,High School,Employed,Single,4,124,611.78,75860.72,47,Health & Personal Care,In-Store,Multiple,Cash on Delivery,1,7,4,0.896,0.028,0.282,"TikTok, Twitter",15.67
42,22,Female,United States,Philadelphia,0-25K,High School,Student,Widowed,103,47,54.18,2546.46,3,Books,Online,Tablet,Bank Transfer,5,0,4,0.175,0.122,0.279,"Facebook, Instagram",121.67
43,19,Female,United States,Los Angeles,50K-75K,Professional,Unemployed,Widowed,73,52,546.16,28400.32,2,Health & Personal Care,In-Store,Multiple,Credit Card,2,2,4,0.234,0.135,0.264,,121.14
44,23,Female,United States,New York,150K+,High School,Unemployed,Divorced,87,62,79.28,4915.36,19,Health & Personal Care,Online,Mobile,Bank Transfer,3,13,4,0.582,0.473,0.004,TikTok,22.44
45,54,Male,United States,Houston,25K-50K,Professional,Unemployed,Divorced,16,79,722.31,57062.49,1,Health & Personal Care,In-Store,Multiple,Credit Card,14,0,2,0.526,0.202,0.208,"Facebook, TikTok",118.16
46,37,Female,United States,Chicago,75K-100K,Bachelors,Retired,Married,49,106,712.15,75487.9,238,Beauty,In-Store,Multiple,Cash on Delivery,2,7,2,0.758,0.141,0.279,Facebook,187.36
47,35,Female,United States,Houston,150K+,High School,Unemployed,Single,38,117,97.38,11393.46,14,Beauty,Mobile App,Multiple,Debit Card,3,10,1,0.886,0.448,0.205,YouTube,187.77
48,27,Female,United States,San Diego,0-25K,Masters,Employed,Divorced,45,153,840.47,128591.91,59,Beauty,Mobile App,Mobile,Bank Transfer,5,14,1,0.416,0.172,0.193,YouTube,41.94
49,58,Male,United States,San Jose,75K-100K,Professional,Self-Employed,Married,117,14,926.97,12977.58,10,Health & Personal Care,Mobile App,Desktop,Credit Card,4,9,3,0.735,0.336,0.197,"TikTok, Instagram",184.45
50,59,Male,United States,Dallas,150K+,High School,Self-Employed,Divorced,62,100,139.64,13964.0,259,Beauty,Marketplace,Tablet,Bank Transfer,5,9,4,0.566,0.281,0.258,TikTok,107.3
51,55,Female,United States,San Diego,25K-50K,PhD,Employed,Single,19,142,856.24,121586.08,108,Pet Supplies,Online,Tablet,Cash on Delivery,5,6,5,0.804,0.456,0.189,TikTok,33.46
52,21,Female,United States,Houston,100K-150K,Bachelors,Retired,Divorced,113,151,435.04,65691.04,6,Toys,Mobile App,Tablet,Credit Card,14,13,2,0.244,0.062,0.12,"Facebook, LinkedIn",160.92
53,75,Female,United States,Houston,0-25K,Bachelors,Retired,Widowed,108,180,833.82,150087.6,5,Grocery,Mobile App,Tablet,Credit Card,7,3,2,0.564,0.04,0.055,LinkedIn,58.71
54,63,Female,United States,San Diego,75K-100K,Masters,Retired,Divorced,97,8,863.51,6908.08,7,Sports & Fitness,Marketplace,Tablet,Credit Card,1,1,3,0.162,0.352,0.04,,106.15
55,21,Male,United States,San Jose,100K-150K,High School,Retired,Widowed,15,112,660.87,74017.44,57,Automotive,In-Store,Multiple,Bank Transfer,0,3,5,0.498,0.029,0.14,TikTok,128.09
56,37,Female,United States,Phoenix,100K-150K,Professional,Unemployed,Divorced,57,106,629.28,66703.68,187,Toys,In-Store,Desktop,Credit Card,15,5,2,0.777,0.427,0.224,"Facebook, YouTube, Instagram",108.12
57,31,Male,United States,Los Angeles,150K+,Masters,Employed,Married,37,143,596.41,85286.63,20,Home & Kitchen,Online,Desktop,Cash on Delivery,2,0,5,0.921,0.06,0.024,Twitter,48.05
58,23,Female,United States,Chicago,150K+,PhD,Retired,Divorced,69,78,992.65,77426.7,98,Health & Personal Care,In-Store,Mobile,Debit Card,1,12,4,0.846,0.106,0.272,,116.34
59,30,Male,United States,New York,75K-100K,Professional,Self-Employed,Divorced,47,149,619.88,92362.12,1,Automotive,Online,Tablet,Bank Transfer,4,3,1,0.264,0.141,0.002,"LinkedIn, Twitter",65.39
60,48,Female,United States,San Antonio,0-25K,Bachelors,Retired,Widowed,81,117,843.76,98719.92,5,Health & Personal Care,In-Store,Desktop,Bank Transfer,16,0,4,0.533,0.298,0.006,,160.77
61,22,Male,United States,Houston,75K-100K,Bachelors,Unemployed,Married,100,79,127.53,10074.87,68,Sports & Fitness,Marketplace,Tablet,Digital Wallet,5,3,3,0.93,0.259,0.007,"Twitter, YouTube, Facebook",24.36
62,71,Male,United States,Houston,50K-75K,Professional,Unemployed,Widowed,81,127,133.53,16958.31,1,Grocery,Mobile App,Multiple,Cash on Delivery,9,6,1,0.055,0.283,0.07,TikTok,103.9
63,55,Male,United States,San Jose,25K-50K,Professional,Retired,Divorced,38,100,74.28,7428.0,23,Grocery,In-Store,Tablet,Debit Card,0,2,1,0.0,0.317,0.3,"Instagram, Twitter",84.41
64,38,Male,United States,San Jose,50K-75K,Professional,Retired,Married,104,165,92.16,15206.4,0,Office Supplies,Online,Desktop,Bank Transfer,11,7,5,0.675,0.247,0.245,,176.58
65,48,Female,United States,San Antonio,150K+,Professional,Retired,Single,84,38,249.04,9463.52,2,Grocery,Online,Desktop,Debit Card,18,10,4,0.666,0.081,0.068,"TikTok, Instagram",170.41
66,24,Male,United States,Philadelphia,75K-100K,High School,Student,Married,19,112,397.7,44542.4,41,Home & Kitchen,Marketplace,Desktop,Bank Transfer,3,13,3,0.601,0.025,0.219,"Facebook, Twitter",191.53
67,39,Male,United States,San Diego,100K-150K,High School,Student,Single,15,190,870.22,165341.8,1,Sports & Fitness,Online,Tablet,Digital Wallet,1,10,3,0.239,0.451,0.262,"YouTube, LinkedIn, Twitter",35.29
68,43,Male,United States,Los Angeles,25K-50K,Masters,Self-Employed,Widowed,91,39,72.22,2816.58,25,Grocery,Marketplace,Desktop,Cash on Delivery,13,10,4,0.262,0.168,0.207,"Twitter, Facebook, TikTok",105.53
69,36,Male,United States,San Diego,25K-50K,High School,Employed,Married,13,42,482.61,20269.62,31,Health & Personal Care,Online,Multiple,Credit Card,8,3,5,0.503,0.239,0.125,"TikTok, Twitter",170.53
70,72,Female,United States,San Diego,100K-150K,Masters,Unemployed,Divorced,97,90,140.16,12614.4,1,Fashion,In-Store,Tablet,Bank Transfer,8,10,5,0.688,0.047,0.205,"Twitter, YouTube, TikTok",62.65
71,18,Female,United States,San Jose,25K-50K,Bachelors,Employed,Married,109,49,799.72,39186.28,0,Fashion,Online,Tablet,Bank Transfer,19,0,3,0.965,0.233,0.152,"LinkedIn, Facebook, TikTok",63.22
72,46,Male,United States,San Diego,75K-100K,PhD,Employed,Married,87,6,891.54,5349.24,139,Books,Mobile App,Mobile,Bank Transfer,13,2,4,0.555,0.491,0.11,,120.23
73,33,Female,United States,Dallas,50K-75K,Professional,Unemployed,Widowed,10,150,677.57,101635.5,177,Toys,Marketplace,Multiple,Cash on Delivery,8,8,5,0.448,0.153,0.27,LinkedIn,38.31
74,51,Male,United States,San Antonio,75K-100K,Bachelors,Employed,Divorced,108,104,722.65,75155.6,11,Automotive,In-Store,Multiple,Credit Card,14,7,3,0.399,0.006,0.111,,68.91
75,40,Female,United States,Los Angeles,75K-100K,High School,Student,Married,95,159,43.7,6948.3,10,Electronics,In-Store,Tablet,Cash on Delivery,4,1,3,0.517,0.199,0.053,"Twitter, YouTube",144.25
76,64,Female,United States,San Jose,150K+,Professional,Unemployed,Widowed,40,193,241.13,46538.09,117,Electronics,Mobile App,Mobile,Bank Transfer,13,3,4,0.543,0.447,0.235,,20.9
77,38,Male,United States,Dallas,50K-75K,PhD,Retired,Married,32,140,960.3,134442.0,11,Beauty,Marketplace,Desktop,Credit Card,0,1,1,0.878,0.109,0.124,"LinkedIn, Instagram, YouTube",124.33
78,72,Male,United States,Houston,0-25K,Professional,Employed,Married,69,54,440.41,23782.14,1,Home & Kitchen,In-Store,Multiple,Bank Transfer,7,3,4,0.889,0.181,0.235,,151.05
79,57,Male,United States,Dallas,75K-100K,Bachelors,Unemployed,Widowed,87,191,380.46,72667.86,1,Pet Supplies,Marketplace,Mobile,Cash on Delivery,1,14,5,0.316,0.063,0.164,"Facebook, TikTok, Instagram",116.21
80,33,Female,United States,Houston,100K-150K,Masters,Retired,Divorced,100,185,583.22,107895.7,0,Electronics,Mobile App,Multiple,Debit Card,12,6,2,0.685,0.428,0.028,"Instagram, TikTok",122.24
81,24,Male,United States,Philadelphia,150K+,High School,Unemployed,Divorced,86,194,686.58,133196.52,30,Grocery,Online,Multiple,Digital Wallet,9,13,4,0.813,0.471,0.258,"Twitter, TikTok",188.81
82,35,Female,United States,San Diego,100K-150K,Bachelors,Employed,Widowed,12,57,101.76,5800.32,111,Beauty,Marketplace,Desktop,Credit Card,2,11,4,0.861,0.145,0.054,"TikTok, Facebook, Twitter",37.62
83,24,Female,United States,San Antonio,150K+,Bachelors,Retired,Divorced,62,87,398.56,34674.72,11,Automotive,In-Store,Desktop,Cash on Delivery,17,0,1,0.976,0.485,0.212,Instagram,106.14
84,34,Male,United States,Dallas,50K-75K,Masters,Retired,Married,38,79,295.6,23352.4,1,Health & Personal Care,Online,Multiple,Digital Wallet,8,1,4,0.729,0.336,0.223,"TikTok, Twitter, Facebook",198.69
85,74,Male,United States,Los Angeles,100K-150K,PhD,Student,Widowed,5,45,750.51,33772.95,16,Home & Kitchen,Marketplace,Tablet,Cash on Delivery,12,9,2,0.553,0.303,0.129,Facebook,73.0
86,45,Female,United States,San Antonio,0-25K,Bachelors,Student,Divorced,59,9,151.03,1359.27,5,Books,Marketplace,Tablet,Credit Card,16,0,5,0.834,0.466,0.018,LinkedIn,73.68
87,48,Female,United States,Dallas,100K-150K,Bachelors,Retired,Single,55,14,164.36,2301.04,30,Sports & Fitness,Mobile App,Tablet,Cash on Delivery,0,1,2,0.586,0.273,0.073,YouTube,52.51
88,68,Male,United States,Philadelphia,75K-100K,Professional,Self-Employed,Widowed,11,177,401.23,71017.71,13,Sports & Fitness,Online,Tablet,Cash on Delivery,15,8,4,0.563,0.372,0.198,YouTube,193.49
89,55,Female,United States,Phoenix,0-25K,PhD,Unemployed,Married,25,3,269.2,807.6,89,Books,Marketplace,Desktop,Credit Card,3,2,4,0.903,0.107,0.204,Twitter,42.98
90,39,Male,United States,Philadelphia,0-25K,Professional,Unemployed,Married,12,60,67.72,4063.2,6,Office Supplies,Marketplace,Desktop,Digital Wallet,1,1,5,0.076,0.146,0.179,,64.51
91,68,Male,United States,San Jose,25K-50K,PhD,Retired,Married,87,108,591.75,63909.0,74,Fashion,Mobile App,Tablet,Credit Card,9,3,4,0.892,0.284,0.162,YouTube,151.94
92,75,Female,United States,San Antonio,75K-100K,PhD,Unemployed,Widowed,54,136,79.84,10858.24,48,Sports & Fitness,Marketplace,Tablet,Debit Card,16,12,5,0.3,0.451,0.031,"YouTube, LinkedIn, Facebook",187.38
93,21,Male,United States,San Jose,25K-50K,Professional,Retired,Married,111,64,471.25,30160.0,10,Grocery,Online,Mobile,Digital Wallet,8,10,1,0.291,0.273,0.182,"TikTok, Facebook",164.49
94,36,Male,United States,San Jose,50K-75K,PhD,Student,Widowed,56,126,25.63,3229.38,61,Fashion,Marketplace,Mobile,Cash on Delivery,10,10,1,0.243,0.006,0.064,"YouTube, TikTok, Instagram",76.0
95,60,Female,United States,Phoenix,150K+,Bachelors,Unemployed,Divorced,96,61,37.34,2277.74,88,Beauty,Mobile App,Desktop,Debit Card,7,1,4,0.622,0.498,0.118,Instagram,23.26
96,68,Female,United States,San Jose,25K-50K,Bachelors,Unemployed,Married,33,61,234.04,14276.44,1,Automotive,Marketplace,Tablet,Digital Wallet,3,8,1,0.823,0.316,0.001,"LinkedIn, Instagram",124.19
97,77,Male,United States,Los Angeles,100K-150K,High School,Self-Employed,Single,45,18,135.51,2439.18,98,Office Supplies,Mobile App,Mobile,Digital Wallet,11,6,5,0.616,0.014,0.201,Twitter,160.47
98,61,Male,United States,Phoenix,75K-100K,Masters,Self-Employed,Married,101,70,549.57,38469.9,4,Electronics,In-Store,Desktop,Debit Card,12,0,2,0.766,0.44,0.188,"Twitter, YouTube, LinkedIn",15.69
99,21,Male,United States,Los Angeles,0-25K,Professional,Retired,Single,16,62,120.01,7440.62,19,Toys,Mobile App,Desktop,Digital Wallet,7,1,3,0.934,0.414,0.008,"YouTube, Instagram, LinkedIn",87.59
100,19,Female,United States,San Diego,25K-50K,PhD,Student,Married,79,196,462.39,90628.44,287,Sports & Fitness,Marketplace,Multiple,Debit Card,13,4,4,0.162,0.374,0.147,Twitter,23.94
101,49,Male,United States,San Antonio,100K-150K,Professional,Unemployed,Divorced,82,60,969.38,58162.8,1,Grocery,Mobile App,Multiple,Digital Wallet,7,13,5,0.901,0.025,0.152,"TikTok, Facebook, Instagram",111.33
102,33,Female,United States,San Jose,0-25K,Bachelors,Self-Employed,Single,67,193,555.7,107250.1,85,Books,Online,Mobile,Debit Card,0,12,2,0.314,0.077,0.133,,147.26
103,73,Male,United States,Los Angeles,75K-100K,PhD,Retired,Married,82,3,324.7,974.1,0,Office Supplies,In-Store,Mobile,Digital Wallet,4,2,4,0.456,0.004,0.195,"TikTok, Twitter, Instagram",79.79
104,64,Female,United States,New York,100K-150K,Bachelors,Employed,Widowed,57,35,373.84,13084.4,11,Electronics,Mobile App,Multiple,Cash on Delivery,16,12,3,0.631,0.149,0.063,"LinkedIn, Instagram",99.93
105,29,Male,United States,Phoenix,100K-150K,High School,Student,Married,8,28,396.41,11099.48,5,Toys,Online,Mobile,Debit Card,18,14,4,0.225,0.45,0.004,"Twitter, Instagram",67.59
106,24,Male,United States,Dallas,25K-50K,Masters,Self-Employed,Widowed,82,51,856.31,43671.81,0,Pet Supplies,In-Store,Tablet,Debit Card,19,3,3,0.409,0.044,0.061,"Twitter, Instagram, LinkedIn",178.89
107,50,Male,United States,Dallas,150K+,Bachelors,Self-Employed,Widowed,11,46,722.46,33233.16,52,Books,Online,Multiple,Credit Card,19,11,5,0.322,0.125,0.016,"TikTok, Instagram, Facebook",191.72
108,41,Male,United States,New York,25K-50K,Professional,Self-Employed,Married,64,128,428.34,54827.52,1,Electronics,In-Store,Desktop,Credit Card,18,1,2,0.8,0.01,0.038,"TikTok, Facebook",174.11
109,35,Female,United States,Dallas,75K-100K,High School,Self-Employed,Married,30,26,720.66,18737.16,1,Pet Supplies,Online,Multiple,Credit Card,0,11,3,0.239,0.291,0.057,YouTube,122.49
110,48,Female,United States,San Jose,150K+,Masters,Employed,Married,94,58,327.83,19014.14,1,Grocery,In-Store,Multiple,Digital Wallet,17,7,3,0.897,0.116,0.119,Instagram,63.57
111,58,Female,United States,Philadelphia,0-25K,Masters,Retired,Divorced,34,122,203.95,24881.9,60,Office Supplies,In-Store,Mobile,Debit Card,17,6,1,0.646,0.015,0.07,Facebook,190.03
112,50,Female,United States,Los Angeles,75K-100K,Professional,Unemployed,Widowed,6,86,617.39,53095.54,1,Office Supplies,In-Store,Tablet,Digital Wallet,14,14,4,0.669,0.45,0.161,,76.61
113,60,Female,United States,San Antonio,100K-150K,Professional,Self-Employed,Divorced,49,183,681.02,124626.66,349,Health & Personal Care,Mobile App,Desktop,Bank Transfer,10,3,1,0.068,0.419,0.106,LinkedIn,188.84
114,37,Male,United States,Los Angeles,150K+,High School,Self-Employed,Married,72,196,49.07,9617.72,1,Automotive,In-Store,Tablet,Credit Card,7,11,1,0.102,0.037,0.26,TikTok,162.58
115,45,Female,United States,Los Angeles,150K+,Bachelors,Student,Widowed,40,138,455.71,62887.98,41,Books,In-Store,Multiple,Cash on Delivery,8,8,5,0.283,0.363,0.287,,13.9
116,24,Male,United States,San Jose,0-25K,High School,Self-Employed,Divorced,47,94,70.5,6627.0,7,Home & Kitchen,In-Store,Mobile,Cash on Delivery,1,14,5,0.083,0.176,0.143,"YouTube, Twitter, TikTok",68.78
117,59,Female,United States,New York,50K-75K,PhD,Student,Divorced,44,11,938.46,10323.06,314,Sports & Fitness,In-Store,Multiple,Digital Wallet,15,1,3,0.686,0.199,0.192,,147.27
118,62,Male,United States,Chicago,0-25K,High School,Retired,Widowed,114,19,445.14,8457.66,1,Fashion,Online,Mobile,Debit Card,5,8,1,0.337,0.06,0.094,Instagram,132.32
119,53,Male,United States,New York,100K-150K,High School,Self-Employed,Married,13,176,547.23,96312.48,15,Electronics,Marketplace,Multiple,Digital Wallet,8,4,3,0.324,0.0,0.078,,163.92
120,22,Female,United States,Dallas,100K-150K,PhD,Self-Employed,Divorced,115,158,952.73,150531.34,266,Books,Online,Desktop,Cash on Delivery,9,9,5,0.006,0.439,0.02,"YouTube, Twitter, LinkedIn",188.54
121,37,Male,United States,San Diego,50K-75K,Masters,Student,Married,40,164,97.28,15953.92,247,Toys,Mobile App,Multiple,Cash on Delivery,7,3,2,0.875,0.466,0.108,"LinkedIn, TikTok, YouTube",112.91
122,59,Male,United States,Houston,150K+,High School,Unemployed,Married,49,38,645.07,24512.66,300,Health & Personal Care,Marketplace,Desktop,Cash on Delivery,18,6,5,0.58,0.026,0.162,,88.43
123,27,Female,United States,Los Angeles,0-25K,High School,Employed,Divorced,79,138,558.94,77133.72,1,Pet Supplies,Mobile App,Desktop,Cash on Delivery,15,8,4,0.599,0.209,0.234,"Instagram, TikTok",61.63
124,48,Female,United States,San Diego,150K+,Bachelors,Employed,Widowed,37,27,370.58,10005.66,7,Sports & Fitness,In-Store,Multiple,Cash on Delivery,17,10,1,0.465,0.23,0.082,YouTube,8.1
125,59,Male,United States,Houston,0-25K,Masters,Student,Divorced,28,59,854.42,50410.78,0,Books,Marketplace,Mobile,Digital Wallet,9,12,3,0.428,0.424,0.029,"YouTube, Instagram",101.41
126,57,Male,United States,San Diego,100K-150K,PhD,Unemployed,Single,33,35,848.54,29698.9,29,Beauty,Mobile App,Tablet,Cash on Delivery,11,4,1,0.527,0.28,0.085,,170.35
127,65,Female,United States,Houston,50K-75K,Masters,Retired,Widowed,87,130,832.41,108213.3,7,Home & Kitchen,In-Store,Desktop,Cash on Delivery,12,2,2,0.994,0.454,0.105,LinkedIn,23.92
128,45,Male,United States,Chicago,100K-150K,High School,Student,Widowed,55,98,381.2,37357.6,44,Toys,Marketplace,Multiple,Digital Wallet,14,13,3,0.304,0.267,0.247,Twitter,61.3
129,80,Male,United States,Phoenix,150K+,Bachelors,Employed,Married,106,18,320.21,5763.78,52,Health & Personal Care,Online,Multiple,Credit Card,9,1,3,0.36,0.274,0.173,"Facebook, YouTube, LinkedIn",93.7
130,29,Female,United States,San Diego,150K+,Bachelors,Student,Widowed,13,94,432.12,40619.28,82,Pet Supplies,Online,Mobile,Credit Card,15,14,4,0.287,0.489,0.133,"YouTube, Instagram",42.75
131,62,Male,United States,Chicago,75K-100K,PhD,Employed,Widowed,75,86,674.5,58007.0,1,Fashion,Marketplace,Desktop,Cash on Delivery,17,1,3,0.134,0.041,0.251,,144.68
132,46,Female,United States,Phoenix,75K-100K,Professional,Unemployed,Single,112,4,133.58,534.32,1,Fashion,Online,Tablet,Digital Wallet,15,2,3,0.271,0.065,0.219,Instagram,172.83
133,48,Female,United States,San Jose,50K-75K,Masters,Student,Widowed,32,69,462.56,31916.64,15,Home & Kitchen,Mobile App,Desktop,Cash on Delivery,9,9,1,0.04,0.14,0.129,"LinkedIn, Twitter",17.62
134,45,Male,United States,San Diego,25K-50K,Professional,Unemployed,Widowed,9,122,256.64,31310.08,77,Automotive,In-Store,Desktop,Bank Transfer,2,6,5,0.961,0.33,0.032,Twitter,175.98
135,18,Male,United States,San Antonio,0-25K,High School,Self-Employed,Divorced,13,101,384.77,38861.77,77,Automotive,In-Store,Multiple,Debit Card,17,5,2,0.132,0.373,0.12,Twitter,181.09
136,27,Female,United States,Philadelphia,150K+,Bachelors,Self-Employed,Married,24,136,242.08,32922.88,133,Books,In-Store,Multiple,Debit Card,3,10,2,0.971,0.237,0.096,"Instagram, TikTok",133.9
137,18,Female,United States,San Jose,100K-150K,High School,Employed,Single,65,136,295.63,40205.68,10,Fashion,Marketplace,Multiple,Credit Card,18,14,1,0.256,0.492,0.016,"Twitter, TikTok",88.07
138,22,Male,United States,Phoenix,150K+,Bachelors,Self-Employed,Widowed,79,126,25.43,3204.18,7,Home & Kitchen,In-Store,Tablet,Credit Card,6,4,2,0.699,0.121,0.129,LinkedIn,119.98
139,60,Male,United States,Dallas,0-25K,Masters,Self-Employed,Single,15,56,797.82,44677.92,0,Toys,Mobile App,Multiple,Cash on Delivery,6,12,3,0.763,0.306,0.151,LinkedIn,9.94
140,24,Female,United States,Los Angeles,25K-50K,Masters,Self-Employed,Divorced,31,64,836.16,53514.24,44,Health & Personal Care,In-Store,Multiple,Bank Transfer,19,1,1,0.327,0.062,0.075,"LinkedIn, Twitter, Facebook",78.81
141,19,Female,United States,Phoenix,150K+,Masters,Self-Employed,Single,2,162,38.98,6314.76,90,Office Supplies,Marketplace,Multiple,Cash on Delivery,19,12,5,0.571,0.141,0.213,"Twitter, Facebook, TikTok",178.47
142,79,Female,United States,Phoenix,100K-150K,Masters,Student,Widowed,67,34,158.51,5389.34,0,Grocery,Marketplace,Tablet,Debit Card,0,4,5,0.22,0.371,0.184,TikTok,199.95
143,45,Male,United States,San Jose,50K-75K,Professional,Unemployed,Divorced,37,10,955.29,9552.9,3,Fashion,Mobile App,Tablet,Credit Card,8,8,3,0.315,0.143,0.139,"TikTok, Facebook",24.58
144,20,Male,United States,Philadelphia,25K-50K,High School,Student,Married,13,95,823.23,78206.85,1,Office Supplies,Online,Multiple,Bank Transfer,6,11,5,0.17,0.166,0.266,"LinkedIn, Twitter",140.66
145,58,Male,United States,San Antonio,0-25K,PhD,Self-Employed,Widowed,2,43,221.36,9518.48,0,Home & Kitchen,Mobile App,Desktop,Bank Transfer,3,10,5,0.996,0.11,0.192,"LinkedIn, TikTok",189.32
146,61,Male,United States,Phoenix,150K+,PhD,Retired,Single,5,154,417.11,64234.94,0,Home & Kitchen,In-Store,Multiple,Digital Wallet,10,3,1,0.857,0.048,0.022,"TikTok, Twitter",136.32
147,37,Female,United States,San Jose,100K-150K,High School,Student,Divorced,91,121,745.4,90193.4,329,Home & Kitchen,Marketplace,Desktop,Credit Card,18,9,1,0.129,0.134,0.271,,158.85
148,35,Female,United States,Phoenix,0-25K,Professional,Retired,Widowed,28,149,369.74,55091.26,3,Health & Personal Care,Marketplace,Mobile,Digital Wallet,9,10,4,0.319,0.083,0.169,"Facebook, LinkedIn",166.81
149,78,Female,United States,Los Angeles,75K-100K,PhD,Student,Widowed,109,172,387.35,66624.2,20,Home & Kitchen,Mobile App,Mobile,Credit Card,16,1,1,0.775,0.494,0.117,,57.4
150,67,Male,United States,New York,50K-75K,Bachelors,Self-Employed,Married,116,23,679.25,15622.75,9,Health & Personal Care,Online,Tablet,Cash on Delivery,10,12,2,0.407,0.271,0.03,"TikTok, Facebook, Instagram",197.24
151,40,Male,United States,Chicago,25K-50K,PhD,Retired,Widowed,40,63,514.53,32415.39,75,Automotive,Online,Mobile,Debit Card,7,9,1,0.921,0.409,0.196,"Facebook, Instagram",113.85
152,78,Female,United States,Chicago,50K-75K,Bachelors,Employed,Widowed,14,84,470.32,39506.88,78,Electronics,In-Store,Mobile,Digital Wallet,15,9,4,0.264,0.286,0.111,,165.42
153,53,Male,United States,San Jose,0-25K,PhD,Self-Employed,Widowed,100,143,608.96,87081.28,264,Electronics,Online,Mobile,Digital Wallet,7,3,2,0.289,0.221,0.114,,122.58
154,35,Female,United States,San Jose,75K-100K,Professional,Student,Divorced,89,104,609.71,63409.84,65,Grocery,In-Store,Desktop,Digital Wallet,7,5,4,0.965,0.358,0.226,"Twitter, LinkedIn, Facebook",122.3
155,58,Male,United States,San Antonio,150K+,PhD,Student,Single,32,93,163.17,15174.81,58,Electronics,In-Store,Tablet,Credit Card,19,7,3,0.106,0.319,0.261,Facebook,62.1
156,34,Male,United States,Houston,100K-150K,High School,Student,Single,115,171,532.91,91127.61,4,Office Supplies,Online,Tablet,Bank Transfer,6,4,4,0.693,0.179,0.207,Facebook,44.72
157,30,Male,United States,Chicago,75K-100K,PhD,Unemployed,Single,58,82,953.06,78150.92,207,Office Supplies,Mobile App,Desktop,Debit Card,19,0,4,0.298,0.494,0.078,,171.9
158,35,Male,United States,Los Angeles,0-25K,Masters,Self-Employed,Widowed,106,21,491.09,10312.89,142,Grocery,Online,Mobile,Cash on Delivery,18,13,4,0.593,0.056,0.272,"TikTok, YouTube",115.78
159,35,Female,United States,San Antonio,75K-100K,PhD,Retired,Divorced,33,132,180.85,23872.2,0,Sports & Fitness,In-Store,Multiple,Digital Wallet,17,14,5,0.724,0.037,0.16,"LinkedIn, YouTube",85.49
160,32,Male,United States,Dallas,0-25K,High School,Student,Widowed,83,89,319.18,28407.02,32,Books,Online,Multiple,Bank Transfer,5,13,3,0.505,0.187,0.159,"LinkedIn, Instagram, YouTube",193.05
161,32,Male,United States,San Jose,150K+,High School,Self-Employed,Divorced,48,163,73.96,12055.48,25,Pet Supplies,In-Store,Tablet,Credit Card,3,5,4,0.954,0.415,0.048,TikTok,178.64
162,71,Male,United States,San Jose,50K-75K,Professional,Employed,Widowed,21,91,440.75,40108.25,11,Automotive,Marketplace,Multiple,Digital Wallet,12,11,1,0.013,0.186,0.041,Twitter,171.28
163,44,Male,United States,Los Angeles,25K-50K,PhD,Retired,Single,81,112,227.83,25516.96,5,Health & Personal Care,Online,Desktop,Digital Wallet,4,2,3,0.095,0.388,0.012,,158.81
164,32,Female,United States,San Jose,75K-100K,High School,Unemployed,Single,47,156,518.64,80907.84,0,Toys,In-Store,Desktop,Debit Card,4,8,4,0.04,0.198,0.024,,173.84
165,18,Female,United States,Houston,50K-75K,Bachelors,Employed,Single,105,63,334.81,21093.03,0,Health & Personal Care,Mobile App,Multiple,Cash on Delivery,18,0,3,0.684,0.447,0.005,,19.44
166,84,Male,United States,Houston,25K-50K,Masters,Unemployed,Married,113,128,462.25,59168.0,148,Home & Kitchen,Mobile App,Mobile,Digital Wallet,11,7,4,0.304,0.207,0.238,,45.88
167,55,Male,United States,San Diego,50K-75K,Masters,Self-Employed,Widowed,54,79,374.55,29589.45,1,Pet Supplies,Marketplace,Multiple,Cash on Delivery,17,12,3,0.48,0.334,0.199,,98.44
168,38,Male,United States,Chicago,100K-150K,Masters,Self-Employed,Married,25,38,871.6,33120.8,35,Toys,In-Store,Multiple,Bank Transfer,18,9,1,0.289,0.318,0.15,Twitter,152.65
169,35,Female,United States,San Antonio,150K+,PhD,Student,Widowed,95,160,650.38,104060.8,64,Office Supplies,Online,Tablet,Credit Card,1,10,1,0.608,0.106,0.055,,136.64
170,20,Female,United States,San Diego,100K-150K,Professional,Student,Divorced,113,145,966.87,140196.15,80,Pet Supplies,Mobile App,Multiple,Bank Transfer,8,5,2,0.263,0.14,0.034,"Twitter, TikTok",143.36
171,39,Male,United States,San Diego,150K+,High School,Employed,Divorced,10,121,868.5,105088.5,17,Automotive,In-Store,Tablet,Digital Wallet,5,3,3,0.249,0.275,0.148,"Facebook, LinkedIn, TikTok",47.83
172,82,Male,United States,Los Angeles,50K-75K,Masters,Self-Employed,Single,82,33,788.98,26036.34,22,Beauty,Online,Mobile,Debit Card,16,5,3,0.969,0.07,0.072,YouTube,78.09
173,79,Male,United States,New York,0-25K,Professional,Self-Employed,Widowed,14,179,322.4,57709.6,17,Fashion,Online,Desktop,Digital Wallet,14,5,2,0.888,0.407,0.188,,149.71
174,24,Male,United States,Chicago,0-25K,Professional,Employed,Divorced,51,26,434.65,11300.9,26,Pet Supplies,Marketplace,Multiple,Bank Transfer,6,10,1,0.777,0.089,0.291,"YouTube, Twitter, Instagram",146.33
175,30,Female,United States,San Jose,150K+,Professional,Self-Employed,Single,104,47,526.19,24730.93,0,Grocery,Marketplace,Tablet,Credit Card,10,3,5,0.226,0.094,0.014,"YouTube, Facebook, Instagram",29.18
176,56,Female,United States,Phoenix,50K-75K,Bachelors,Self-Employed,Married,68,29,354.63,10284.27,21,Books,Mobile App,Tablet,Credit Card,11,0,1,0.7,0.361,0.216,"Twitter, Facebook, LinkedIn",133.78
177,52,Female,United States,Phoenix,0-25K,Bachelors,Retired,Divorced,56,5,757.05,3785.25,1,Fashion,In-Store,Desktop,Bank Transfer,10,13,2,0.945,0.23,0.163,,73.0
178,73,Male,United States,Phoenix,0-25K,PhD,Self-Employed,Divorced,78,131,739.8,96913.8,80,Office Supplies,Mobile App,Multiple,Cash on Delivery,12,3,3,0.146,0.2,0.022,LinkedIn,179.54
179,60,Male,United States,San Antonio,150K+,PhD,Retired,Married,16,113,896.81,101339.53,8,Home & Kitchen,Online,Mobile,Credit Card,12,6,2,0.773,0.481,0.155,"LinkedIn, Instagram, YouTube",144.6
180,50,Male,United States,Phoenix,0-25K,Bachelors,Unemployed,Divorced,11,162,217.65,35259.3,201,Health & Personal Care,Marketplace,Desktop,Digital Wallet,14,7,5,0.259,0.076,0.225,Twitter,196.33
181,64,Female,United States,Chicago,50K-75K,PhD,Retired,Divorced,96,115,977.97,112466.55,85,Books,In-Store,Desktop,Cash on Delivery,10,10,2,0.925,0.461,0.086,,77.64
182,20,Female,United States,Philadelphia,0-25K,Professional,Employed,Divorced,13,143,951.95,136128.85,227,Toys,Online,Mobile,Cash on Delivery,12,3,5,0.13,0.307,0.138,"LinkedIn, Facebook",71.38
183,28,Male,United States,Chicago,100K-150K,Bachelors,Retired,Divorced,56,110,102.91,11320.1,211,Office Supplies,In-Store,Desktop,Debit Card,4,6,1,0.951,0.173,0.217,"Twitter, TikTok",190.19
184,65,Male,United States,San Diego,0-25K,High School,Student,Divorced,19,166,439.57,72968.62,1,Toys,Mobile App,Desktop,Digital Wallet,9,7,1,0.794,0.293,0.248,"LinkedIn, Twitter",159.29
185,24,Female,United States,Chicago,150K+,Professional,Employed,Divorced,105,27,435.66,11762.82,10,Office Supplies,Online,Multiple,Debit Card,17,13,1,0.597,0.083,0.101,,15.43
186,51,Male,United States,San Jose,150K+,PhD,Unemployed,Married,45,21,841.93,17680.53,6,Beauty,Online,Tablet,Debit Card,10,3,4,0.965,0.4,0.281,,8.27
187,26,Female,United States,San Jose,150K+,Masters,Self-Employed,Divorced,80,91,774.08,70441.28,0,Toys,Marketplace,Mobile,Bank Transfer,10,9,5,0.6,0.274,0.081,LinkedIn,183.12
188,74,Female,United States,Houston,100K-150K,Bachelors,Employed,Widowed,30,144,503.49,72502.56,201,Books,In-Store,Multiple,Debit Card,1,6,4,0.406,0.032,0.113,,54.49
189,57,Male,United States,New York,0-25K,PhD,Employed,Married,18,43,641.3,27575.9,5,Office Supplies,Online,Desktop,Debit Card,12,9,5,0.749,0.226,0.238,,73.27
190,34,Male,United States,Houston,25K-50K,Masters,Retired,Married,44,59,773.08,45611.72,37,Office Supplies,In-Store,Tablet,Bank Transfer,13,4,2,0.267,0.284,0.033,YouTube,66.25
191,31,Male,United States,Houston,150K+,Professional,Employed,Widowed,73,123,496.05,61014.15,1,Pet Supplies,Mobile App,Desktop,Debit Card,6,2,3,0.296,0.484,0.017,,140.14
192,44,Female,United States,Philadelphia,100K-150K,High School,Student,Widowed,25,110,330.19,36320.9,13,Office Supplies,Marketplace,Mobile,Credit Card,3,0,4,0.742,0.262,0.252,,197.69
193,48,Female,United States,Philadelphia,100K-150K,Professional,Retired,Married,51,162,687.84,111430.08,69,Books,Online,Tablet,Debit Card,13,1,2,0.009,0.076,0.051,"TikTok, YouTube",199.94
194,21,Male,United States,Los Angeles,0-25K,Bachelors,Unemployed,Widowed,57,181,13.24,2396.44,18,Beauty,In-Store,Tablet,Credit Card,6,6,2,0.559,0.461,0.014,YouTube,24.99
195,28,Male,United States,Los Angeles,150K+,Bachelors,Self-Employed,Widowed,11,4,372.83,1491.32,0,Fashion,Marketplace,Mobile,Debit Card,4,4,2,0.492,0.251,0.258,Twitter,9.78
196,20,Female,United States,Los Angeles,50K-75K,Masters,Unemployed,Single,98,4,556.11,2224.44,84,Office Supplies,Mobile App,Mobile,Digital Wallet,13,9,2,0.539,0.371,0.168,"Twitter, TikTok, Instagram",181.15
197,47,Female,United States,Dallas,150K+,High School,Student,Divorced,108,147,129.58,19048.26,3,Fashion,Online,Mobile,Debit Card,1,13,5,0.463,0.221,0.058,,103.03
198,70,Male,United States,Chicago,75K-100K,Professional,Student,Widowed,66,55,857.02,47136.1,2,Toys,Online,Desktop,Cash on Delivery,4,13,4,0.328,0.339,0.0,"LinkedIn, TikTok",60.35
199,72,Male,United States,Phoenix,75K-100K,PhD,Retired,Widowed,36,100,779.71,77971.0,55,Books,Marketplace,Desktop,Cash on Delivery,8,12,5,0.429,0.193,0.215,LinkedIn,81.74
200,50,Male,United States,Houston,150K+,Bachelors,Student,Single,51,161,928.12,149427.32,173,Automotive,In-Store,Desktop,Credit Card,18,4,4,0.798,0.297,0.251,Facebook,140.77
201,56,Male,United States,New York,0-25K,High School,Self-Employed,Divorced,74,79,474.11,37454.69,312,Health & Personal Care,Online,Desktop,Cash on Delivery,16,10,4,0.855,0.476,0.015,"LinkedIn, YouTube",112.56
202,56,Male,United States,San Jose,50K-75K,Bachelors,Employed,Married,14,161,666.99,107385.39,1,Electronics,In-Store,Desktop,Cash on Delivery,4,14,5,0.345,0.171,0.094,Facebook,120.08
203,21,Female,United States,San Antonio,100K-150K,High School,Unemployed,Single,88,186,877.61,163235.46,6,Fashion,Online,Desktop,Credit Card,8,14,3,0.947,0.411,0.147,Twitter,69.82
204,21,Male,United States,Phoenix,100K-150K,Professional,Unemployed,Single,7,17,584.4,9934.8,67,Books,Marketplace,Tablet,Digital Wallet,18,6,4,0.259,0.283,0.15,TikTok,16.01
205,80,Female,United States,San Jose,150K+,Bachelors,Employed,Married,20,86,675.75,58114.5,1,Sports & Fitness,Mobile App,Mobile,Debit Card,16,13,3,0.741,0.473,0.111,Facebook,100.24
206,19,Male,United States,New York,150K+,Professional,Unemployed,Single,112,85,650.57,55298.45,7,Fashion,Mobile App,Mobile,Credit Card,18,10,2,0.081,0.444,0.119,"LinkedIn, Twitter",130.36
207,74,Male,United States,Houston,25K-50K,Professional,Unemployed,Divorced,86,112,557.15,62400.8,1,Grocery,Mobile App,Mobile,Cash on Delivery,19,11,3,0.815,0.429,0.051,"YouTube, Twitter",154.82
208,76,Male,United States,New York,25K-50K,Masters,Student,Divorced,114,19,399.24,7585.56,7,Sports & Fitness,Online,Tablet,Credit Card,4,12,2,0.037,0.217,0.276,"Twitter, Facebook, LinkedIn",166.85
209,62,Female,United States,Philadelphia,100K-150K,Bachelors,Unemployed,Divorced,1,15,946.38,14195.7,5,Beauty,In-Store,Desktop,Cash on Delivery,1,10,4,0.604,0.401,0.216,"TikTok, Twitter",5.79
210,26,Male,United States,Los Angeles,50K-75K,Bachelors,Unemployed,Married,66,77,658.99,50742.23,7,Office Supplies,Mobile App,Desktop,Debit Card,18,14,1,0.716,0.062,0.104,"YouTube, Twitter, Instagram",99.0
211,80,Male,United States,San Jose,100K-150K,High School,Employed,Divorced,24,52,281.11,14617.72,0,Pet Supplies,Online,Tablet,Cash on Delivery,17,6,1,0.613,0.476,0.149,Facebook,86.02
212,62,Female,United States,New York,150K+,Professional,Self-Employed,Single,38,4,796.35,3185.4,356,Books,Mobile App,Tablet,Cash on Delivery,18,4,1,0.741,0.07,0.282,YouTube,169.99
213,45,Female,United States,New York,0-25K,High School,Self-Employed,Divorced,20,163,905.93,147666.59,90,Automotive,Online,Tablet,Cash on Delivery,17,13,4,0.404,0.062,0.141,"TikTok, Instagram, Twitter",115.25
214,42,Female,United States,Los Angeles,75K-100K,High School,Retired,Single,35,151,632.63,95527.13,29,Electronics,Marketplace,Multiple,Cash on Delivery,9,4,2,0.302,0.479,0.092,"TikTok, YouTube, LinkedIn",183.37
215,80,Male,United States,Chicago,75K-100K,High School,Retired,Divorced,19,64,794.5,50848.0,7,Health & Personal Care,Online,Mobile,Credit Card,19,3,5,0.797,0.395,0.211,,168.68
216,21,Female,United States,Houston,75K-100K,High School,Employed,Single,73,194,992.27,192500.38,1,Sports & Fitness,Online,Desktop,Credit Card,11,13,2,0.271,0.332,0.267,"Instagram, TikTok, LinkedIn",19.0
217,81,Male,United States,San Diego,75K-100K,PhD,Unemployed,Married,42,139,941.98,130935.22,1,Fashion,Online,Desktop,Cash on Delivery,9,9,3,0.39,0.395,0.085,,118.69
218,50,Male,United States,Chicago,0-25K,PhD,Employed,Widowed,26,150,442.49,66373.5,9,Automotive,Mobile App,Desktop,Bank Transfer,14,11,1,0.774,0.425,0.046,"Twitter, Facebook, LinkedIn",12.07
219,80,Female,United States,San Jose,150K+,Masters,Unemployed,Widowed,60,151,594.45,89761.95,1,Automotive,Mobile App,Desktop,Digital Wallet,3,14,1,0.68,0.322,0.249,"Twitter, Instagram, LinkedIn",127.09
220,46,Female,United States,Dallas,100K-150K,Bachelors,Student,Divorced,117,98,10.79,1057.42,56,Toys,Online,Tablet,Cash on Delivery,17,9,5,0.563,0.485,0.119,"LinkedIn, Twitter, Instagram",108.58
221,53,Female,United States,Chicago,75K-100K,Bachelors,Employed,Single,112,13,647.79,8421.27,0,Sports & Fitness,Online,Mobile,Bank Transfer,19,1,3,0.39,0.05,0.258,,194.77
222,26,Female,United States,San Diego,75K-100K,Masters,Unemployed,Widowed,38,108,946.07,102175.56,19,Sports & Fitness,In-Store,Desktop,Cash on Delivery,2,3,1,0.27,0.333,0.112,YouTube,19.74
223,26,Male,United States,San Jose,25K-50K,PhD,Unemployed,Widowed,1,12,295.65,3547.8,1,Books,Mobile App,Multiple,Bank Transfer,7,4,3,0.128,0.195,0.108,"Twitter, Instagram",68.63
224,67,Female,United States,Chicago,25K-50K,Professional,Employed,Widowed,54,21,430.16,9033.36,1,Home & Kitchen,In-Store,Desktop,Digital Wallet,17,7,3,0.334,0.202,0.029,Facebook,117.58
225,58,Male,United States,San Diego,25K-50K,PhD,Student,Widowed,20,151,232.15,35054.65,24,Toys,Marketplace,Desktop,Credit Card,14,8,5,0.603,0.447,0.156,"Instagram, Facebook, Twitter",12.87
226,54,Female,United States,Phoenix,150K+,PhD,Retired,Widowed,63,60,581.57,34894.2,1,Office Supplies,Mobile App,Tablet,Credit Card,8,7,3,0.504,0.276,0.162,"Facebook, LinkedIn",47.29
227,39,Male,United States,San Diego,0-25K,High School,Student,Married,37,157,45.77,7185.89,1,Office Supplies,Online,Desktop,Credit Card,1,12,3,0.28,0.225,0.052,Instagram,120.58
228,70,Female,United States,Chicago,100K-150K,High School,Retired,Divorced,98,100,52.79,5279.0,69,Home & Kitchen,In-Store,Multiple,Bank Transfer,15,0,1,0.196,0.455,0.08,"Twitter, Instagram",187.95
229,28,Male,United States,Dallas,0-25K,Bachelors,Retired,Married,112,75,940.93,70569.75,39,Grocery,In-Store,Mobile,Debit Card,8,8,5,0.502,0.151,0.285,"Facebook, Instagram",148.67
230,24,Female,United States,Phoenix,150K+,High School,Unemployed,Single,113,138,804.88,111073.44,23,Beauty,Online,Desktop,Cash on Delivery,6,1,4,0.471,0.418,0.102,"LinkedIn, Facebook",171.74
231,62,Male,United States,Dallas,25K-50K,Bachelors,Unemployed,Single,89,103,198.25,20419.75,313,Home & Kitchen,Mobile App,Mobile,Credit Card,6,10,2,0.752,0.341,0.099,,187.86
232,74,Male,United States,Los Angeles,150K+,PhD,Retired,Widowed,29,110,297.33,32706.3,42,Pet Supplies,Marketplace,Desktop,Debit Card,5,1,1,0.969,0.229,0.029,Instagram,64.48
233,22,Male,United States,New York,100K-150K,High School,Self-Employed,Widowed,92,45,768.61,34587.45,1,Toys,Mobile App,Multiple,Bank Transfer,5,0,5,0.65,0.357,0.171,"TikTok, LinkedIn, YouTube",97.13
234,19,Female,United States,Dallas,150K+,Bachelors,Student,Single,115,130,120.48,15662.4,353,Home & Kitchen,In-Store,Desktop,Debit Card,3,6,2,0.529,0.106,0.043,"Twitter, TikTok",165.61
235,81,Female,United States,Philadelphia,50K-75K,Professional,Employed,Single,90,94,830.52,78068.88,56,Beauty,In-Store,Multiple,Credit Card,11,10,1,0.433,0.234,0.13,"Facebook, TikTok, YouTube",118.42
236,29,Female,United States,San Diego,100K-150K,Bachelors,Employed,Divorced,3,162,34.26,5550.12,1,Home & Kitchen,Mobile App,Desktop,Debit Card,15,13,4,0.935,0.063,0.111,"Twitter, LinkedIn",97.81
237,51,Male,United States,New York,25K-50K,Bachelors,Employed,Divorced,108,101,961.05,97066.05,92,Automotive,Marketplace,Multiple,Cash on Delivery,3,13,2,0.043,0.399,0.262,"Facebook, Instagram, LinkedIn",141.66
238,74,Male,United States,San Jose,150K+,Bachelors,Retired,Married,79,189,938.52,177380.28,34,Books,Online,Multiple,Bank Transfer,4,12,5,0.536,0.496,0.039,"Instagram, Facebook, TikTok",183.89
239,31,Female,United States,New York,150K+,PhD,Employed,Married,85,131,178.26,23352.06,210,Electronics,In-Store,Desktop,Credit Card,13,8,1,0.627,0.019,0.058,"LinkedIn, Twitter",183.72
240,23,Female,United States,Dallas,150K+,High School,Self-Employed,Widowed,2,78,43.8,3416.4,0,Home & Kitchen,In-Store,Tablet,Debit Card,14,5,4,0.154,0.303,0.213,,188.2
241,38,Female,United States,New York,0-25K,Bachelors,Unemployed,Divorced,116,31,439.34,13619.54,281,Sports & Fitness,Online,Multiple,Cash on Delivery,8,3,1,0.495,0.058,0.144,,175.87
242,19,Male,United States,Chicago,25K-50K,Bachelors,Student,Married,84,176,291.42,51289.92,55,Electronics,Mobile App,Desktop,Bank Transfer,16,13,3,0.762,0.268,0.248,,131.87
243,19,Female,United States,Houston,150K+,High School,Student,Married,59,186,341.56,63530.16,286,Grocery,Mobile App,Multiple,Bank Transfer,10,8,2,0.957,0.084,0.249,,70.79
244,22,Male,United States,San Antonio,25K-50K,Bachelors,Employed,Married,38,199,776.86,154595.14,80,Grocery,Online,Tablet,Bank Transfer,13,3,3,0.944,0.477,0.174,LinkedIn,167.46
245,22,Male,United States,Dallas,100K-150K,Masters,Retired,Divorced,89,153,838.89,128350.17,0,Grocery,In-Store,Multiple,Digital Wallet,15,9,5,0.222,0.366,0.019,"Instagram, Twitter, TikTok",136.91
246,25,Female,United States,San Jose,25K-50K,PhD,Retired,Divorced,3,116,181.2,21019.2,26,Grocery,Mobile App,Desktop,Cash on Delivery,9,5,4,0.369,0.414,0.276,LinkedIn,144.17
247,72,Female,United States,Chicago,25K-50K,High School,Self-Employed,Divorced,32,14,71.29,998.06,5,Grocery,Mobile App,Mobile,Digital Wallet,10,6,1,0.192,0.226,0.119,,58.25
248,67,Male,United States,Chicago,75K-100K,PhD,Employed,Married,64,93,466.07,43344.51,52,Pet Supplies,Mobile App,Desktop,Credit Card,9,9,4,0.408,0.266,0.249,"Instagram, Facebook, Twitter",158.02
249,18,Male,United States,Philadelphia,100K-150K,Bachelors,Retired,Widowed,60,42,843.14,35411.88,5,Automotive,Online,Desktop,Cash on Delivery,18,4,5,0.834,0.065,0.048,"TikTok, Instagram",171.52
250,24,Male,United States,Philadelphia,0-25K,High School,Student,Widowed,13,49,708.71,34726.79,75,Home & Kitchen,Marketplace,Desktop,Cash on Delivery,0,14,5,0.614,0.251,0.218,,131.27
251,27,Female,United States,Phoenix,50K-75K,Masters,Retired,Married,45,177,121.44,21494.88,27,Home & Kitchen,Marketplace,Desktop,Cash on Delivery,4,11,3,0.187,0.3,0.166,"Twitter, Instagram",114.71
252,37,Male,United States,Chicago,100K-150K,Bachelors,Student,Divorced,25,126,979.15,123372.9,2,Automotive,Online,Multiple,Cash on Delivery,17,9,1,0.774,0.496,0.003,,28.34
253,47,Male,United States,San Diego,25K-50K,High School,Employed,Divorced,87,76,426.68,32427.68,118,Home & Kitchen,Online,Multiple,Credit Card,2,9,5,0.336,0.37,0.104,"Twitter, TikTok",54.77
254,49,Male,United States,San Jose,150K+,Bachelors,Unemployed,Single,98,85,612.97,52102.45,285,Beauty,Marketplace,Multiple,Digital Wallet,13,11,4,0.865,0.175,0.037,Twitter,193.29
255,43,Male,United States,Los Angeles,25K-50K,Professional,Student,Married,92,125,659.3,82412.5,3,Office Supplies,Marketplace,Desktop,Debit Card,7,10,2,0.85,0.381,0.23,"TikTok, LinkedIn, YouTube",132.7
256,55,Male,United States,Los Angeles,25K-50K,Masters,Retired,Married,63,174,589.3,102538.2,73,Electronics,In-Store,Desktop,Debit Card,11,6,4,0.323,0.462,0.292,"TikTok, LinkedIn",137.73
257,20,Female,United States,Los Angeles,0-25K,High School,Retired,Widowed,68,53,855.86,45360.58,6,Toys,In-Store,Mobile,Debit Card,0,8,5,0.795,0.328,0.167,"Twitter, LinkedIn, TikTok",106.86
258,81,Female,United States,Philadelphia,0-25K,High School,Retired,Widowed,70,80,507.14,40571.2,72,Home & Kitchen,In-Store,Tablet,Bank Transfer,13,5,1,0.2,0.443,0.225,"Twitter, YouTube",87.75
259,63,Female,United States,Philadelphia,75K-100K,High School,Self-Employed,Single,27,57,950.25,54164.25,27,Home & Kitchen,Marketplace,Tablet,Bank Transfer,8,1,5,0.252,0.257,0.006,"Twitter, LinkedIn",198.62
260,22,Male,United States,New York,0-25K,Bachelors,Student,Divorced,111,31,399.21,12375.51,215,Toys,Mobile App,Multiple,Debit Card,4,9,2,0.034,0.11,0.221,"TikTok, LinkedIn, Instagram",125.72
261,34,Female,United States,Houston,150K+,Masters,Self-Employed,Divorced,20,139,727.02,101055.78,1,Automotive,Mobile App,Desktop,Digital Wallet,10,5,2,0.672,0.107,0.255,Twitter,178.47
262,31,Female,United States,San Jose,100K-150K,Bachelors,Student,Widowed,23,113,716.3,80941.9,5,Toys,In-Store,Tablet,Cash on Delivery,1,0,2,0.124,0.183,0.1,,104.98
263,46,Female,United States,Los Angeles,100K-150K,PhD,Retired,Divorced,115,88,440.7,38781.6,1,Toys,In-Store,Multiple,Cash on Delivery,13,2,5,0.643,0.059,0.229,,155.75
264,28,Female,United States,New York,75K-100K,Professional,Employed,Widowed,29,107,983.46,105230.22,57,Home & Kitchen,In-Store,Mobile,Debit Card,6,9,4,0.295,0.055,0.162,TikTok,16.55
265,32,Female,United States,Houston,75K-100K,PhD,Retired,Married,1,158,377.89,59706.62,23,Toys,In-Store,Multiple,Digital Wallet,10,12,3,0.937,0.347,0.077,,96.55
266,48,Female,United States,Los Angeles,100K-150K,Professional,Employed,Married,48,152,970.74,147552.48,15,Sports & Fitness,Marketplace,Desktop,Digital Wallet,18,9,1,0.083,0.452,0.18,"TikTok, Twitter",177.62
267,73,Male,United States,Houston,0-25K,Bachelors,Student,Single,84,199,997.86,198574.14,7,Health & Personal Care,In-Store,Tablet,Cash on Delivery,14,4,4,0.858,0.48,0.296,"Twitter, YouTube, LinkedIn",154.43
268,43,Female,United States,San Diego,100K-150K,PhD,Unemployed,Widowed,114,129,20.95,2702.55,300,Books,In-Store,Tablet,Debit Card,13,9,2,0.623,0.398,0.189,,70.81
269,38,Female,United States,Dallas,75K-100K,High School,Retired,Single,62,0,874.66,0.0,0,Beauty,In-Store,Mobile,Credit Card,6,0,4,0.218,0.221,0.12,TikTok,7.41
270,38,Male,United States,Dallas,0-25K,Professional,Unemployed,Widowed,29,119,831.92,98998.48,17,Toys,Marketplace,Tablet,Digital Wallet,1,8,2,0.803,0.34,0.015,"YouTube, Instagram, Twitter",179.19
271,27,Male,United States,Philadelphia,150K+,Bachelors,Unemployed,Married,97,112,371.19,41573.28,288,Home & Kitchen,Marketplace,Multiple,Bank Transfer,19,4,4,0.657,0.33,0.023,,53.82
272,63,Female,United States,Houston,25K-50K,Professional,Retired,Widowed,92,99,673.32,66658.68,82,Toys,Mobile App,Desktop,Credit Card,18,0,3,0.294,0.258,0.22,"TikTok, Instagram, LinkedIn",17.28
273,54,Male,United States,Dallas,150K+,Masters,Retired,Divorced,32,141,426.88,60190.08,0,Health & Personal Care,Online,Desktop,Credit Card,15,0,3,0.124,0.268,0.126,Facebook,197.79
274,35,Male,United States,Philadelphia,100K-150K,PhD,Student,Married,90,192,121.73,23372.16,2,Grocery,Online,Tablet,Digital Wallet,16,4,3,0.585,0.003,0.299,Instagram,64.53
275,29,Male,United States,Los Angeles,25K-50K,Bachelors,Retired,Divorced,40,121,469.05,56755.05,1,Books,Mobile App,Multiple,Digital Wallet,18,13,4,0.106,0.327,0.021,YouTube,182.07
276,57,Female,United States,Dallas,150K+,PhD,Self-Employed,Single,22,18,318.27,5728.86,272,Pet Supplies,Online,Tablet,Credit Card,19,6,1,0.324,0.045,0.217,"Instagram, YouTube",23.66
277,51,Female,United States,San Jose,50K-75K,High School,Retired,Widowed,101,32,12.01,384.32,10,Toys,Marketplace,Desktop,Debit Card,12,2,4,0.116,0.46,0.063,,164.04
278,39,Male,United States,Philadelphia,0-25K,Professional,Self-Employed,Divorced,68,184,958.23,176314.32,16,Pet Supplies,Online,Tablet,Digital Wallet,8,12,2,0.499,0.431,0.257,"Facebook, Instagram",39.69
279,33,Female,United States,Phoenix,25K-50K,High School,Student,Single,18,122,576.28,70306.16,12,Office Supplies,Online,Tablet,Credit Card,1,14,1,0.387,0.463,0.056,"Instagram, Facebook",41.01
280,58,Female,United States,New York,75K-100K,High School,Retired,Divorced,117,166,258.56,42920.96,0,Beauty,Online,Desktop,Cash on Delivery,16,9,2,0.256,0.487,0.018,Facebook,58.03
281,54,Male,United States,San Diego,75K-100K,Masters,Employed,Married,80,197,362.73,71457.81,1,Sports & Fitness,Online,Tablet,Credit Card,8,8,4,0.789,0.131,0.225,LinkedIn,81.57
282,39,Female,United States,San Diego,150K+,Masters,Student,Widowed,1,126,243.53,30684.78,70,Books,Mobile App,Mobile,Debit Card,18,2,5,0.977,0.115,0.156,,23.27
283,37,Male,United States,Houston,100K-150K,Masters,Employed,Divorced,89,24,182.5,4380.0,21,Sports & Fitness,Mobile App,Tablet,Cash on Delivery,14,8,5,0.07,0.402,0.13,"LinkedIn, TikTok, Facebook",59.07
284,44,Male,United States,New York,0-25K,Bachelors,Self-Employed,Divorced,103,4,368.44,1473.76,284,Pet Supplies,Mobile App,Desktop,Debit Card,18,4,2,0.765,0.203,0.206,Twitter,90.76
285,55,Female,United States,Los Angeles,75K-100K,Masters,Retired,Married,41,178,950.66,169217.48,3,Toys,Marketplace,Multiple,Digital Wallet,9,5,2,0.805,0.211,0.269,,192.61
286,22,Female,United States,New York,150K+,PhD,Retired,Single,18,10,626.78,6267.8,6,Pet Supplies,Mobile App,Tablet,Cash on Delivery,13,0,4,0.6,0.044,0.106,YouTube,132.95
287,26,Female,United States,San Diego,75K-100K,PhD,Unemployed,Widowed,107,157,427.87,67175.59,38,Pet Supplies,In-Store,Multiple,Bank Transfer,16,10,3,0.862,0.226,0.229,"Facebook, TikTok",155.06
288,22,Male,United States,Los Angeles,25K-50K,Professional,Student,Single,90,51,27.45,1399.95,280,Home & Kitchen,Online,Desktop,Cash on Delivery,11,7,2,0.299,0.327,0.039,TikTok,17.19
289,41,Male,United States,Chicago,50K-75K,PhD,Student,Married,11,109,74.94,8168.46,1,Electronics,Mobile App,Multiple,Credit Card,5,3,2,0.256,0.496,0.064,"YouTube, Twitter, Facebook",115.35
290,82,Female,United States,Houston,0-25K,High School,Employed,Single,51,151,781.2,117961.2,16,Sports & Fitness,In-Store,Tablet,Digital Wallet,8,8,3,0.736,0.399,0.296,LinkedIn,26.27
291,45,Male,United States,Philadelphia,100K-150K,Masters,Self-Employed,Divorced,80,187,892.55,166906.85,251,Health & Personal Care,Mobile App,Multiple,Bank Transfer,7,3,1,0.042,0.359,0.213,,162.27
292,23,Female,United States,New York,50K-75K,Professional,Student,Widowed,49,2,869.94,1739.88,12,Books,Marketplace,Desktop,Credit Card,16,1,3,0.606,0.241,0.264,,178.58
293,41,Female,United States,Houston,100K-150K,Masters,Unemployed,Divorced,16,60,545.87,32752.2,1,Beauty,Marketplace,Multiple,Cash on Delivery,19,3,1,0.098,0.145,0.26,Instagram,127.59
294,49,Female,United States,San Antonio,25K-50K,Bachelors,Student,Single,79,113,573.39,64793.07,1,Beauty,Online,Multiple,Cash on Delivery,9,11,5,0.227,0.122,0.232,"YouTube, Instagram, Facebook",67.01
295,27,Male,United States,Chicago,100K-150K,Professional,Self-Employed,Married,5,119,306.15,36431.85,145,Pet Supplies,Online,Desktop,Digital Wallet,7,2,4,0.221,0.22,0.098,,81.73
296,45,Male,United States,San Diego,25K-50K,PhD,Employed,Divorced,113,18,754.42,13579.56,268,Automotive,Mobile App,Desktop,Debit Card,16,5,4,0.797,0.241,0.28,,10.58
297,42,Male,United States,Houston,25K-50K,Bachelors,Retired,Married,19,15,638.86,9582.9,1,Electronics,Mobile App,Mobile,Credit Card,17,6,1,0.768,0.35,0.266,"LinkedIn, YouTube",150.41
298,73,Male,United States,Houston,50K-75K,Masters,Student,Single,117,118,225.75,26638.5,273,Grocery,Mobile App,Multiple,Debit Card,5,6,4,0.962,0.101,0.208,"Instagram, YouTube, TikTok",199.58
299,38,Male,United States,San Jose,25K-50K,Masters,Employed,Single,98,99,580.28,57447.72,3,Electronics,In-Store,Desktop,Cash on Delivery,9,10,2,0.727,0.304,0.062,"TikTok, LinkedIn",64.05
300,22,Female,United States,San Jose,25K-50K,Bachelors,Retired,Widowed,7,135,477.09,64407.15,4,Office Supplies,Mobile App,Tablet,Debit Card,19,7,4,0.462,0.022,0.047,,10.13
301,68,Male,United States,San Jose,75K-100K,PhD,Unemployed,Widowed,114,109,194.98,21252.82,0,Beauty,Online,Desktop,Digital Wallet,9,5,1,0.326,0.048,0.182,LinkedIn,151.04
302,82,Male,United States,San Diego,0-25K,Bachelors,Student,Married,20,133,735.2,97781.6,251,Pet Supplies,Online,Tablet,Debit Card,9,3,3,0.871,0.247,0.04,"LinkedIn, YouTube, TikTok",78.99
303,54,Female,United States,Los Angeles,25K-50K,Bachelors,Self-Employed,Divorced,111,57,219.39,12505.23,225,Automotive,Mobile App,Desktop,Credit Card,18,0,4,0.888,0.413,0.034,TikTok,190.17
304,57,Female,United States,Houston,50K-75K,Professional,Employed,Widowed,1,118,492.36,58098.48,6,Fashion,Mobile App,Desktop,Digital Wallet,14,5,2,0.173,0.137,0.01,,120.41
305,50,Male,United States,Chicago,50K-75K,Bachelors,Unemployed,Widowed,11,46,103.19,4746.74,4,Pet Supplies,Marketplace,Mobile,Digital Wallet,2,7,5,0.45,0.093,0.054,YouTube,161.48
306,27,Female,United States,Houston,25K-50K,Professional,Employed,Divorced,46,59,434.45,25632.55,0,Home & Kitchen,Online,Tablet,Bank Transfer,7,6,2,0.501,0.02,0.283,Instagram,93.44
307,18,Male,United States,Houston,0-25K,PhD,Employed,Single,99,146,117.69,17182.74,16,Health & Personal Care,Marketplace,Multiple,Credit Card,14,8,5,0.617,0.136,0.016,,94.64
308,64,Female,United States,San Antonio,100K-150K,Bachelors,Employed,Single,59,56,490.74,27481.44,12,Beauty,Mobile App,Multiple,Bank Transfer,4,5,2,0.936,0.186,0.295,,45.16
309,58,Male,United States,San Diego,75K-100K,High School,Retired,Divorced,26,96,265.94,25530.24,51,Toys,In-Store,Tablet,Digital Wallet,3,8,3,0.296,0.462,0.144,"Facebook, LinkedIn",70.51
310,20,Male,United States,Houston,75K-100K,Bachelors,Retired,Single,59,42,44.75,1879.5,346,Beauty,In-Store,Desktop,Cash on Delivery,5,13,4,0.695,0.372,0.138,"LinkedIn, Twitter",12.83
311,64,Male,United States,Chicago,150K+,High School,Unemployed,Married,115,120,459.3,55116.0,237,Office Supplies,Mobile App,Desktop,Cash on Delivery,12,0,3,0.509,0.071,0.067,"YouTube, TikTok, Instagram",118.45
312,29,Female,United States,Chicago,50K-75K,Bachelors,Self-Employed,Single,81,169,601.15,101594.35,1,Home & Kitchen,Mobile App,Desktop,Credit Card,10,13,4,0.018,0.24,0.259,,143.35
313,25,Male,United States,Phoenix,0-25K,PhD,Retired,Single,38,126,354.11,44617.86,0,Toys,Marketplace,Multiple,Debit Card,13,8,1,0.22,0.429,0.127,"YouTube, Twitter",71.9
314,76,Male,United States,Dallas,100K-150K,Masters,Retired,Married,118,34,547.62,18619.08,80,Toys,Marketplace,Multiple,Cash on Delivery,16,12,3,0.043,0.283,0.012,LinkedIn,53.01
315,71,Female,United States,San Antonio,150K+,Professional,Unemployed,Married,1,73,56.1,4095.3,0,Electronics,Online,Mobile,Credit Card,15,12,4,0.11,0.149,0.229,"Instagram, LinkedIn",43.59
316,25,Male,United States,Los Angeles,100K-150K,High School,Retired,Single,8,135,184.74,24939.9,0,Office Supplies,Online,Tablet,Debit Card,4,3,2,0.149,0.351,0.004,"TikTok, Twitter",178.58
317,29,Male,United States,San Jose,0-25K,High School,Self-Employed,Divorced,58,49,98.85,4843.65,60,Grocery,Mobile App,Tablet,Credit Card,14,10,4,0.123,0.241,0.21,TikTok,166.92
318,52,Female,United States,San Antonio,25K-50K,Bachelors,Retired,Single,116,21,761.56,15992.76,82,Fashion,Online,Multiple,Bank Transfer,5,5,1,0.682,0.301,0.044,"LinkedIn, Instagram, TikTok",103.58
319,64,Male,United States,San Antonio,150K+,High School,Self-Employed,Widowed,115,20,235.06,4701.2,208,Toys,In-Store,Mobile,Credit Card,0,14,2,0.754,0.377,0.169,Instagram,95.65
320,60,Female,United States,Houston,0-25K,Bachelors,Student,Single,44,91,428.04,38951.64,300,Grocery,Marketplace,Desktop,Digital Wallet,13,10,2,0.152,0.422,0.244,"YouTube, TikTok",183.93
321,57,Male,United States,Houston,75K-100K,High School,Self-Employed,Divorced,26,195,391.58,76358.1,0,Books,Mobile App,Desktop,Bank Transfer,19,4,2,0.551,0.285,0.036,Instagram,149.94
322,80,Female,United States,Los Angeles,100K-150K,High School,Student,Single,108,17,650.68,11061.56,163,Automotive,In-Store,Mobile,Cash on Delivery,1,1,3,0.942,0.486,0.044,"YouTube, Twitter, Facebook",135.72
323,80,Male,United States,Chicago,25K-50K,Masters,Employed,Married,83,131,263.76,34552.56,4,Electronics,In-Store,Desktop,Credit Card,10,3,1,0.803,0.495,0.288,LinkedIn,38.73
324,60,Male,United States,Los Angeles,100K-150K,High School,Employed,Divorced,18,80,545.15,43612.0,175,Books,In-Store,Multiple,Bank Transfer,5,11,3,0.837,0.492,0.123,"Twitter, LinkedIn",116.35
325,66,Female,United States,Houston,0-25K,Bachelors,Unemployed,Widowed,81,169,252.31,42640.39,1,Automotive,Online,Desktop,Credit Card,8,6,5,0.391,0.281,0.175,"LinkedIn, YouTube, Twitter",126.66
326,39,Female,United States,San Jose,50K-75K,High School,Retired,Divorced,1,133,103.15,13718.95,2,Electronics,In-Store,Tablet,Credit Card,3,13,1,0.404,0.105,0.003,TikTok,156.36
327,77,Female,United States,New York,25K-50K,PhD,Retired,Divorced,31,181,608.98,110225.38,100,Sports & Fitness,Online,Tablet,Debit Card,6,9,5,0.27,0.032,0.139,Twitter,116.57
328,19,Male,United States,Houston,150K+,High School,Unemployed,Divorced,84,72,472.74,34037.28,2,Home & Kitchen,Marketplace,Tablet,Credit Card,6,1,1,0.142,0.41,0.235,"Instagram, YouTube, Facebook",128.4
329,41,Male,United States,Dallas,25K-50K,Bachelors,Retired,Widowed,113,25,145.25,3631.25,6,Home & Kitchen,Online,Multiple,Cash on Delivery,5,2,4,0.402,0.029,0.277,,57.4
330,83,Male,United States,San Jose,25K-50K,Masters,Student,Married,92,11,808.14,8889.54,7,Beauty,Marketplace,Multiple,Bank Transfer,14,13,4,0.81,0.465,0.17,Facebook,49.72
331,20,Female,United States,New York,25K-50K,Bachelors,Retired,Married,8,0,971.77,0.0,355,Automotive,Mobile App,Desktop,Debit Card,6,9,5,0.871,0.468,0.154,Twitter,183.7
332,26,Male,United States,New York,25K-50K,Bachelors,Retired,Widowed,9,172,112.22,19301.84,1,Home & Kitchen,Mobile App,Desktop,Credit Card,11,7,5,0.121,0.394,0.181,,160.55
333,38,Male,United States,Phoenix,50K-75K,High School,Retired,Married,29,86,450.41,38735.26,47,Home & Kitchen,Mobile App,Desktop,Cash on Delivery,2,8,1,0.627,0.452,0.019,,40.15
334,47,Female,United States,Phoenix,50K-75K,Professional,Retired,Married,99,159,678.95,107953.05,334,Electronics,In-Store,Multiple,Cash on Delivery,6,11,5,0.458,0.274,0.056,"Instagram, LinkedIn, Twitter",156.87
335,21,Male,United States,New York,150K+,Bachelors,Retired,Divorced,81,199,611.57,121702.43,10,Books,In-Store,Multiple,Digital Wallet,5,7,3,0.185,0.317,0.276,,45.51
336,63,Female,United States,Dallas,100K-150K,PhD,Student,Married,48,169,415.64,70243.16,5,Home & Kitchen,Marketplace,Mobile,Bank Transfer,5,5,4,0.927,0.065,0.023,"TikTok, YouTube",44.52
337,59,Male,United States,Houston,75K-100K,PhD,Employed,Widowed,34,192,560.26,107569.92,132,Fashion,Online,Tablet,Debit Card,5,11,3,0.923,0.082,0.132,YouTube,81.29
338,56,Male,United States,Chicago,150K+,High School,Retired,Married,49,199,214.93,42771.07,173,Sports & Fitness,Marketplace,Desktop,Digital Wallet,9,14,4,0.971,0.081,0.279,"Facebook, Instagram, TikTok",85.16
339,36,Female,United States,Houston,50K-75K,Masters,Student,Married,76,178,960.2,170915.6,4,Automotive,Online,Multiple,Cash on Delivery,11,5,1,0.73,0.206,0.124,,80.78
340,61,Male,United States,Philadelphia,25K-50K,Professional,Self-Employed,Married,27,3,948.16,2844.48,25,Fashion,Mobile App,Tablet,Cash on Delivery,16,14,3,0.475,0.403,0.296,Facebook,54.7
341,65,Male,United States,Los Angeles,0-25K,Bachelors,Unemployed,Widowed,89,103,871.88,89803.64,20,Sports & Fitness,Online,Tablet,Cash on Delivery,12,10,5,0.1,0.241,0.201,"LinkedIn, Instagram",84.02
342,21,Male,United States,San Jose,25K-50K,High School,Employed,Single,31,19,619.79,11776.01,13,Health & Personal Care,Marketplace,Multiple,Digital Wallet,9,6,1,0.35,0.204,0.235,"Twitter, Instagram, TikTok",37.43
343,62,Male,United States,Philadelphia,25K-50K,Bachelors,Student,Widowed,96,100,286.41,28641.0,1,Home & Kitchen,Online,Multiple,Credit Card,15,6,2,0.151,0.209,0.022,"YouTube, LinkedIn, Twitter",197.76
344,41,Female,United States,Los Angeles,100K-150K,Professional,Retired,Married,85,28,298.64,8361.92,17,Office Supplies,Mobile App,Multiple,Credit Card,0,6,5,0.744,0.147,0.135,"Twitter, Facebook",198.87
345,84,Female,United States,Philadelphia,75K-100K,PhD,Employed,Single,112,142,970.96,137876.32,29,Fashion,Marketplace,Tablet,Bank Transfer,15,3,4,0.153,0.486,0.235,,88.14
346,26,Male,United States,New York,150K+,Masters,Employed,Widowed,63,37,357.12,13213.44,272,Toys,Mobile App,Multiple,Credit Card,1,9,4,0.47,0.008,0.157,"YouTube, LinkedIn, Instagram",196.48
347,41,Female,United States,San Diego,50K-75K,Professional,Unemployed,Single,28,132,340.36,44927.52,261,Pet Supplies,Marketplace,Tablet,Debit Card,7,10,5,0.384,0.132,0.208,"Instagram, Twitter, TikTok",112.84
348,19,Male,United States,Los Angeles,0-25K,Masters,Employed,Divorced,8,186,965.64,179609.04,74,Health & Personal Care,Online,Tablet,Digital Wallet,6,12,1,0.489,0.386,0.092,"YouTube, TikTok, Twitter",74.14
349,56,Female,United States,New York,25K-50K,High School,Employed,Widowed,100,153,995.03,152239.59,20,Beauty,Online,Mobile,Debit Card,8,14,5,0.036,0.32,0.07,"YouTube, Twitter, Instagram",18.94
350,36,Female,United States,New York,150K+,Bachelors,Retired,Single,25,36,443.38,15961.68,1,Automotive,Marketplace,Desktop,Debit Card,14,4,5,0.881,0.302,0.121,"Twitter, Instagram",138.22
351,61,Female,United States,San Jose,100K-150K,Bachelors,Retired,Married,68,186,723.96,134656.56,0,Health & Personal Care,Online,Multiple,Debit Card,0,13,3,0.801,0.438,0.001,"Instagram, Facebook",75.16
352,61,Male,United States,Dallas,25K-50K,High School,Retired,Divorced,12,3,471.09,1413.27,1,Office Supplies,Mobile App,Tablet,Cash on Delivery,13,12,1,0.175,0.467,0.23,"YouTube, LinkedIn, Twitter",143.82
353,34,Male,United States,New York,50K-75K,Masters,Self-Employed,Married,95,129,823.31,106206.99,34,Fashion,Mobile App,Mobile,Debit Card,7,10,2,0.121,0.376,0.048,,56.85
354,33,Male,United States,Phoenix,150K+,Masters,Unemployed,Widowed,23,60,350.9,21054.0,10,Fashion,Online,Multiple,Credit Card,5,3,3,0.504,0.217,0.286,"LinkedIn, Twitter",11.82
355,33,Female,United States,New York,100K-150K,PhD,Employed,Single,88,179,577.19,103317.01,99,Electronics,In-Store,Tablet,Credit Card,8,2,5,0.603,0.488,0.006,"Facebook, Twitter, Instagram",90.89
356,41,Female,United States,Los Angeles,25K-50K,High School,Employed,Divorced,111,3,356.41,1069.23,11,Office Supplies,Marketplace,Tablet,Digital Wallet,2,4,3,0.709,0.204,0.105,"TikTok, Facebook, YouTube",8.74
357,76,Female,United States,Dallas,75K-100K,Masters,Employed,Widowed,42,168,827.84,139077.12,42,Health & Personal Care,In-Store,Mobile,Digital Wallet,10,12,1,0.149,0.035,0.013,"YouTube, Facebook, Twitter",138.49
358,59,Female,United States,Dallas,25K-50K,PhD,Self-Employed,Widowed,119,157,573.5,90039.5,64,Beauty,Marketplace,Tablet,Credit Card,7,7,2,0.375,0.122,0.07,,148.06
359,30,Male,United States,Philadelphia,0-25K,Masters,Employed,Single,50,196,440.39,86316.44,22,Automotive,In-Store,Multiple,Credit Card,10,11,5,0.585,0.221,0.151,,155.93
360,24,Male,United States,San Diego,150K+,Masters,Retired,Single,39,13,586.6,7625.8,1,Office Supplies,Mobile App,Multiple,Digital Wallet,18,13,2,0.53,0.42,0.141,"Instagram, YouTube, Twitter",101.99
361,57,Male,United States,San Diego,50K-75K,Masters,Employed,Divorced,64,196,530.96,104068.16,23,Toys,Marketplace,Tablet,Digital Wallet,19,3,2,0.147,0.261,0.166,"Facebook, Twitter, Instagram",145.9
362,56,Male,United States,Phoenix,50K-75K,Masters,Retired,Divorced,58,66,624.96,41247.36,18,Toys,In-Store,Mobile,Digital Wallet,19,3,1,0.868,0.217,0.136,"Facebook, TikTok",195.73
363,68,Female,United States,Los Angeles,50K-75K,PhD,Retired,Single,92,194,746.37,144795.78,37,Office Supplies,Marketplace,Tablet,Cash on Delivery,9,10,2,0.214,0.331,0.229,Twitter,78.82
364,70,Male,United States,Phoenix,100K-150K,Professional,Employed,Widowed,41,159,100.67,16006.53,13,Home & Kitchen,In-Store,Multiple,Cash on Delivery,12,11,2,0.4,0.17,0.282,"Twitter, TikTok",145.63
365,20,Female,United States,Houston,0-25K,Bachelors,Employed,Widowed,19,149,490.62,73102.38,122,Home & Kitchen,In-Store,Tablet,Cash on Delivery,16,12,1,0.718,0.456,0.039,,106.28
366,33,Male,United States,San Diego,75K-100K,High School,Retired,Single,15,174,916.89,159538.86,1,Health & Personal Care,Online,Multiple,Digital Wallet,15,6,4,0.751,0.375,0.219,"Instagram, YouTube, Facebook",65.13
367,60,Female,United States,Philadelphia,0-25K,Bachelors,Self-Employed,Widowed,86,177,584.13,103391.01,30,Pet Supplies,Online,Multiple,Cash on Delivery,0,10,4,0.745,0.132,0.279,"Twitter, Facebook",117.84
368,43,Female,United States,Philadelphia,100K-150K,Masters,Student,Married,33,122,955.8,116607.6,65,Grocery,Marketplace,Tablet,Cash on Delivery,10,0,4,0.298,0.395,0.252,"Twitter, YouTube, Facebook",107.52
369,40,Female,United States,San Diego,75K-100K,Professional,Unemployed,Widowed,74,159,301.2,47890.8,26,Sports & Fitness,In-Store,Tablet,Bank Transfer,13,0,5,0.375,0.436,0.265,"Facebook, LinkedIn",185.87
370,41,Female,United States,San Jose,150K+,Professional,Self-Employed,Widowed,34,176,810.82,142704.32,142,Health & Personal Care,Mobile App,Desktop,Debit Card,16,11,5,0.052,0.322,0.088,"TikTok, Facebook, Twitter",175.85
371,22,Female,United States,Chicago,100K-150K,High School,Employed,Single,65,102,185.47,18917.94,1,Beauty,Online,Desktop,Digital Wallet,17,12,2,0.119,0.451,0.256,"TikTok, Instagram, YouTube",83.19
372,40,Female,United States,Phoenix,100K-150K,Professional,Self-Employed,Widowed,11,3,624.09,1872.27,2,Grocery,Mobile App,Tablet,Bank Transfer,17,3,3,0.916,0.468,0.293,"Twitter, Facebook, LinkedIn",158.14
373,39,Male,United States,Philadelphia,75K-100K,High School,Unemployed,Divorced,103,57,739.48,42150.36,18,Sports & Fitness,Mobile App,Desktop,Cash on Delivery,10,11,3,0.375,0.16,0.287,LinkedIn,176.11
374,36,Male,United States,San Jose,100K-150K,Professional,Self-Employed,Widowed,96,142,404.61,57454.62,20,Sports & Fitness,In-Store,Mobile,Bank Transfer,13,12,3,0.937,0.332,0.132,Twitter,113.25
375,57,Female,United States,Philadelphia,25K-50K,Bachelors,Retired,Married,75,76,938.41,71319.16,0,Fashion,Mobile App,Multiple,Cash on Delivery,8,0,2,0.808,0.284,0.0,,125.18
376,45,Female,United States,San Jose,75K-100K,PhD,Unemployed,Single,68,40,425.21,17008.4,24,Sports & Fitness,Marketplace,Mobile,Debit Card,6,3,3,0.823,0.351,0.062,"Instagram, Facebook",159.24
377,80,Female,United States,Philadelphia,25K-50K,Professional,Student,Single,98,51,557.31,28422.81,102,Pet Supplies,Online,Multiple,Bank Transfer,5,14,3,0.357,0.494,0.278,"YouTube, TikTok",102.67
378,34,Female,United States,San Antonio,75K-100K,Professional,Employed,Widowed,86,80,734.49,58759.2,356,Automotive,Online,Mobile,Debit Card,18,10,3,0.919,0.458,0.292,Instagram,190.3
379,33,Male,United States,Houston,150K+,Professional,Self-Employed,Single,45,120,434.74,52168.8,159,Fashion,Marketplace,Tablet,Credit Card,7,3,4,0.066,0.364,0.218,Twitter,163.99
380,84,Female,United States,Dallas,100K-150K,High School,Self-Employed,Single,103,102,498.03,50799.06,30,Electronics,Online,Tablet,Cash on Delivery,0,7,2,0.811,0.326,0.052,"Facebook, Instagram, LinkedIn",96.72
381,72,Male,United States,San Diego,50K-75K,Professional,Student,Widowed,8,64,732.06,46851.84,12,Automotive,In-Store,Desktop,Bank Transfer,3,11,1,0.71,0.193,0.186,,106.61
382,65,Male,United States,New York,0-25K,Professional,Retired,Married,73,121,398.91,48268.11,1,Grocery,Marketplace,Tablet,Bank Transfer,16,7,1,0.447,0.459,0.289,,117.55
383,26,Female,United States,San Diego,0-25K,Masters,Student,Married,77,150,614.93,92239.5,18,Office Supplies,Marketplace,Mobile,Credit Card,12,4,2,0.626,0.351,0.166,Facebook,83.68
384,78,Female,United States,Phoenix,150K+,High School,Self-Employed,Married,42,171,208.53,35658.63,34,Toys,Online,Desktop,Debit Card,5,9,5,0.729,0.024,0.286,"Facebook, LinkedIn",135.94
385,39,Female,United States,Houston,0-25K,Bachelors,Employed,Single,100,46,116.32,5350.72,70,Grocery,Online,Tablet,Bank Transfer,2,13,4,0.638,0.226,0.15,Instagram,25.75
386,63,Male,United States,Chicago,100K-150K,High School,Student,Divorced,115,81,442.27,35823.87,1,Pet Supplies,In-Store,Tablet,Credit Card,19,7,1,0.92,0.4,0.022,,171.66
387,46,Female,United States,Chicago,75K-100K,Professional,Self-Employed,Married,91,10,755.79,7557.9,1,Toys,Marketplace,Tablet,Digital Wallet,2,11,3,0.884,0.42,0.237,"LinkedIn, Instagram",49.82
388,42,Female,United States,San Antonio,75K-100K,Masters,Self-Employed,Single,82,23,499.85,11496.55,309,Toys,Mobile App,Desktop,Digital Wallet,15,8,5,0.523,0.305,0.24,"Instagram, Twitter",147.76
389,29,Male,United States,New York,50K-75K,PhD,Self-Employed,Divorced,54,73,582.83,42546.59,1,Electronics,Online,Multiple,Bank Transfer,18,2,4,0.517,0.255,0.139,"Facebook, LinkedIn, YouTube",46.17
390,20,Female,United States,Phoenix,75K-100K,Bachelors,Employed,Widowed,107,68,546.51,37162.68,151,Home & Kitchen,Marketplace,Tablet,Credit Card,7,9,2,0.993,0.073,0.193,"TikTok, LinkedIn, Facebook",96.83
391,60,Male,United States,New York,25K-50K,Masters,Self-Employed,Single,57,46,726.49,33418.54,343,Books,Mobile App,Mobile,Debit Card,15,3,1,0.49,0.368,0.14,,160.58
392,40,Female,United States,Philadelphia,50K-75K,PhD,Employed,Married,100,31,788.23,24435.13,24,Books,In-Store,Multiple,Digital Wallet,18,2,3,0.987,0.491,0.047,YouTube,83.28
393,21,Female,United States,New York,150K+,PhD,Self-Employed,Single,21,31,25.34,785.54,18,Toys,Mobile App,Multiple,Debit Card,12,12,3,0.292,0.104,0.097,"LinkedIn, Instagram",69.41
394,71,Male,United States,New York,150K+,Professional,Employed,Divorced,86,186,705.25,131176.5,5,Office Supplies,In-Store,Desktop,Bank Transfer,3,14,4,0.074,0.42,0.291,,54.55
395,54,Female,United States,New York,50K-75K,Masters,Student,Divorced,64,72,905.76,65214.72,20,Grocery,Online,Desktop,Cash on Delivery,8,11,4,0.437,0.053,0.171,TikTok,56.96
396,53,Male,United States,Phoenix,0-25K,Masters,Student,Single,46,42,375.48,15770.16,27,Health & Personal Care,Mobile App,Mobile,Digital Wallet,6,14,4,0.681,0.265,0.259,"Facebook, LinkedIn",88.41
397,31,Female,United States,Phoenix,25K-50K,Bachelors,Student,Married,33,89,362.55,32266.95,229,Health & Personal Care,In-Store,Mobile,Bank Transfer,6,9,3,0.28,0.006,0.088,,35.87
398,54,Male,United States,San Jose,75K-100K,Bachelors,Unemployed,Single,32,148,437.64,64770.72,84,Electronics,Mobile App,Multiple,Cash on Delivery,10,0,2,0.484,0.335,0.025,"LinkedIn, YouTube, Facebook",116.07
399,55,Female,United States,New York,75K-100K,High School,Employed,Married,73,176,590.37,103905.12,13,Electronics,Online,Tablet,Bank Transfer,14,13,2,0.436,0.299,0.261,,136.16
400,33,Male,United States,New York,50K-75K,Bachelors,Retired,Single,13,6,543.75,3262.5,1,Pet Supplies,Online,Desktop,Debit Card,6,14,5,0.262,0.493,0.244,,115.02
401,49,Male,United States,Dallas,75K-100K,High School,Unemployed,Married,47,24,366.88,8805.12,364,Beauty,Marketplace,Desktop,Digital Wallet,17,1,1,0.408,0.198,0.083,"Facebook, YouTube",194.85
402,63,Male,United States,Houston,0-25K,Professional,Self-Employed,Married,71,61,572.03,34893.83,74,Books,Marketplace,Desktop,Credit Card,5,11,5,0.256,0.298,0.192,,42.5
403,78,Female,United States,San Antonio,50K-75K,Bachelors,Unemployed,Widowed,106,41,51.5,2111.5,8,Toys,Online,Desktop,Digital Wallet,6,11,5,0.485,0.402,0.271,,183.4
404,58,Female,United States,Houston,100K-150K,Professional,Student,Divorced,36,183,144.46,26436.18,29,Electronics,Marketplace,Tablet,Bank Transfer,4,11,4,0.349,0.352,0.06,LinkedIn,123.25
405,52,Male,United States,Houston,100K-150K,High School,Retired,Widowed,91,134,894.1,119809.4,1,Toys,Mobile App,Tablet,Credit Card,19,11,4,0.418,0.44,0.08,"LinkedIn, TikTok, Twitter",170.18
406,40,Male,United States,Chicago,75K-100K,Professional,Student,Married,100,33,624.71,20615.43,2,Home & Kitchen,Marketplace,Tablet,Cash on Delivery,11,12,3,0.807,0.284,0.073,"Instagram, TikTok, Twitter",106.61
407,73,Male,United States,Los Angeles,50K-75K,Professional,Self-Employed,Married,73,72,321.46,23145.12,13,Beauty,Online,Desktop,Digital Wallet,10,8,5,0.267,0.464,0.195,"Facebook, LinkedIn, TikTok",110.0
408,47,Male,United States,Dallas,0-25K,Professional,Unemployed,Widowed,79,42,874.87,36744.54,1,Automotive,Mobile App,Multiple,Credit Card,3,1,1,0.588,0.404,0.008,,193.8
409,38,Male,United States,Dallas,100K-150K,Masters,Student,Married,90,34,564.72,19200.48,22,Automotive,Mobile App,Multiple,Bank Transfer,16,12,1,0.139,0.057,0.015,Instagram,193.11
410,59,Female,United States,Philadelphia,50K-75K,Bachelors,Self-Employed,Divorced,86,11,934.13,10275.43,40,Automotive,Marketplace,Tablet,Digital Wallet,11,10,1,0.477,0.28,0.176,"TikTok, Instagram, Facebook",153.3
411,64,Male,United States,Chicago,0-25K,PhD,Unemployed,Married,52,19,580.29,11025.51,6,Beauty,Mobile App,Desktop,Bank Transfer,18,12,1,0.621,0.126,0.048,"Instagram, LinkedIn",100.31
412,54,Male,United States,Houston,75K-100K,High School,Self-Employed,Divorced,119,128,143.59,18379.52,47,Health & Personal Care,In-Store,Multiple,Bank Transfer,13,1,3,0.693,0.13,0.065,"Twitter, Instagram",118.9
413,28,Female,United States,Houston,0-25K,Bachelors,Unemployed,Divorced,69,159,349.59,55584.81,10,Grocery,Mobile App,Mobile,Debit Card,19,13,2,0.788,0.174,0.072,TikTok,5.21
414,64,Female,United States,San Diego,100K-150K,PhD,Employed,Divorced,30,138,712.14,98275.32,293,Fashion,Mobile App,Mobile,Cash on Delivery,10,4,4,0.521,0.157,0.175,,188.26
415,37,Male,United States,Los Angeles,75K-100K,Masters,Unemployed,Married,99,138,873.75,120577.5,0,Office Supplies,In-Store,Tablet,Credit Card,5,5,4,0.058,0.091,0.256,Instagram,91.36
416,77,Male,United States,Chicago,25K-50K,Masters,Self-Employed,Married,6,15,906.08,13591.2,42,Pet Supplies,Marketplace,Desktop,Credit Card,18,9,3,0.795,0.13,0.3,"Twitter, YouTube, TikTok",189.31
417,45,Male,United States,Houston,100K-150K,High School,Self-Employed,Single,16,159,713.81,113495.79,16,Grocery,In-Store,Mobile,Debit Card,10,2,1,0.414,0.453,0.17,"Twitter, YouTube",52.05
418,30,Male,United States,Dallas,100K-150K,Professional,Unemployed,Single,56,46,818.93,37670.78,4,Pet Supplies,In-Store,Tablet,Credit Card,11,11,1,0.064,0.316,0.206,"Instagram, YouTube, LinkedIn",183.43
419,36,Female,United States,Chicago,50K-75K,High School,Retired,Single,37,46,38.46,1769.16,33,Beauty,In-Store,Tablet,Credit Card,7,2,3,0.544,0.43,0.185,"Twitter, YouTube, Instagram",123.49
420,80,Male,United States,San Antonio,75K-100K,High School,Self-Employed,Widowed,116,163,271.36,44231.68,29,Office Supplies,In-Store,Tablet,Debit Card,15,9,1,0.691,0.052,0.19,"Instagram, Twitter",139.45
421,77,Male,United States,San Antonio,150K+,High School,Unemployed,Married,56,89,145.2,12922.8,5,Beauty,Online,Multiple,Cash on Delivery,6,9,3,0.016,0.441,0.125,Instagram,190.06
422,82,Female,United States,New York,150K+,Masters,Unemployed,Single,23,32,607.43,19437.76,0,Home & Kitchen,Marketplace,Tablet,Cash on Delivery,4,12,5,0.736,0.054,0.133,,169.88
423,65,Male,United States,Los Angeles,25K-50K,High School,Unemployed,Divorced,91,149,158.58,23628.42,82,Grocery,In-Store,Tablet,Credit Card,10,4,3,0.473,0.287,0.188,"Instagram, Facebook",20.77
424,56,Female,United States,New York,150K+,High School,Unemployed,Married,22,4,881.22,3524.88,1,Electronics,Marketplace,Multiple,Cash on Delivery,5,14,2,0.434,0.159,0.283,,111.39
425,84,Male,United States,Philadelphia,75K-100K,Professional,Employed,Widowed,101,139,82.1,11411.9,14,Pet Supplies,Online,Desktop,Bank Transfer,11,8,5,0.037,0.474,0.234,"Facebook, LinkedIn, YouTube",45.31
426,50,Male,United States,Chicago,100K-150K,High School,Employed,Married,29,2,923.33,1846.66,0,Home & Kitchen,In-Store,Tablet,Credit Card,0,4,2,0.557,0.093,0.256,"TikTok, YouTube",114.39
427,76,Male,United States,Los Angeles,0-25K,Masters,Employed,Single,17,61,10.88,663.68,0,Home & Kitchen,In-Store,Desktop,Debit Card,7,3,5,0.833,0.241,0.202,"TikTok, Twitter, YouTube",160.02
428,81,Male,United States,Houston,50K-75K,PhD,Employed,Widowed,101,65,525.41,34151.65,62,Office Supplies,Mobile App,Mobile,Cash on Delivery,10,8,3,0.711,0.311,0.005,"TikTok, LinkedIn, YouTube",78.5
429,58,Male,United States,Philadelphia,50K-75K,Bachelors,Retired,Married,56,167,584.42,97598.14,3,Pet Supplies,Online,Mobile,Credit Card,3,1,4,0.006,0.389,0.051,"YouTube, Facebook, LinkedIn",87.17
430,40,Female,United States,Houston,25K-50K,Masters,Unemployed,Divorced,58,46,45.43,2089.78,8,Electronics,Marketplace,Desktop,Digital Wallet,4,5,4,0.547,0.231,0.062,,86.48
431,82,Female,United States,Los Angeles,150K+,Professional,Self-Employed,Divorced,54,87,770.65,67046.55,348,Grocery,In-Store,Tablet,Bank Transfer,9,12,3,0.551,0.112,0.147,"Facebook, YouTube",130.19
432,56,Male,United States,Dallas,75K-100K,High School,Self-Employed,Married,88,33,678.08,22376.64,37,Home & Kitchen,Online,Multiple,Debit Card,6,3,1,0.818,0.028,0.092,"TikTok, Twitter, LinkedIn",193.4
433,26,Male,United States,Los Angeles,150K+,Masters,Self-Employed,Married,46,11,579.88,6378.68,1,Pet Supplies,Online,Tablet,Digital Wallet,10,9,4,0.982,0.026,0.034,"Instagram, YouTube",77.77
434,36,Male,United States,Phoenix,75K-100K,Bachelors,Unemployed,Divorced,112,123,952.95,117212.85,1,Beauty,Online,Desktop,Digital Wallet,9,13,1,0.823,0.305,0.009,"Instagram, Facebook, YouTube",76.42
435,51,Female,United States,Los Angeles,0-25K,Professional,Self-Employed,Widowed,28,125,97.12,12140.0,2,Toys,Marketplace,Tablet,Bank Transfer,12,13,1,0.37,0.294,0.193,,68.86
436,63,Male,United States,San Diego,150K+,High School,Unemployed,Married,78,75,288.91,21668.25,80,Fashion,In-Store,Desktop,Digital Wallet,4,6,2,0.171,0.39,0.195,,143.69
437,20,Female,United States,Phoenix,75K-100K,High School,Employed,Married,3,89,77.5,6897.5,0,Health & Personal Care,Mobile App,Tablet,Cash on Delivery,10,13,5,0.333,0.013,0.236,Twitter,132.46
438,49,Male,United States,Chicago,100K-150K,Bachelors,Student,Divorced,90,37,272.82,10094.34,31,Automotive,Marketplace,Mobile,Cash on Delivery,16,12,4,0.391,0.415,0.132,LinkedIn,122.25
439,24,Male,United States,New York,150K+,Bachelors,Self-Employed,Married,89,29,883.79,25629.91,84,Toys,Online,Multiple,Digital Wallet,11,11,1,0.018,0.248,0.288,"YouTube, LinkedIn, TikTok",191.41
440,42,Male,United States,Chicago,75K-100K,Professional,Student,Married,25,25,412.06,10301.5,47,Toys,In-Store,Desktop,Debit Card,13,5,2,0.212,0.19,0.084,"Facebook, LinkedIn, Twitter",58.07
441,67,Male,United States,Houston,0-25K,PhD,Retired,Divorced,58,25,214.37,5359.25,25,Books,Marketplace,Desktop,Digital Wallet,9,1,3,0.244,0.435,0.129,,133.41
442,56,Female,United States,Dallas,50K-75K,Professional,Unemployed,Widowed,99,118,120.64,14235.52,7,Pet Supplies,In-Store,Desktop,Bank Transfer,4,1,5,0.824,0.232,0.002,"LinkedIn, TikTok, Facebook",48.26
443,27,Female,United States,San Jose,150K+,High School,Retired,Widowed,91,192,817.93,157042.56,6,Fashion,Marketplace,Multiple,Cash on Delivery,5,6,3,0.292,0.434,0.125,LinkedIn,156.37
444,36,Female,United States,Philadelphia,0-25K,Bachelors,Retired,Single,10,19,204.82,3891.58,29,Office Supplies,In-Store,Multiple,Debit Card,14,5,5,0.673,0.342,0.265,"LinkedIn, Facebook, YouTube",136.28
445,60,Female,United States,Phoenix,100K-150K,Professional,Self-Employed,Divorced,98,172,832.99,143274.28,1,Sports & Fitness,Mobile App,Desktop,Credit Card,19,3,2,0.941,0.25,0.047,"LinkedIn, Instagram, YouTube",125.78
446,31,Female,United States,Los Angeles,25K-50K,Bachelors,Student,Married,81,178,392.84,69925.52,1,Health & Personal Care,Online,Multiple,Cash on Delivery,13,4,3,0.678,0.047,0.108,Twitter,155.97
447,64,Male,United States,Phoenix,100K-150K,PhD,Employed,Divorced,29,123,318.91,39225.93,184,Health & Personal Care,In-Store,Tablet,Credit Card,11,12,4,0.878,0.071,0.083,Facebook,192.96
448,51,Male,United States,Phoenix,75K-100K,Professional,Student,Widowed,87,109,284.16,30973.44,2,Health & Personal Care,Mobile App,Mobile,Cash on Delivery,12,1,5,0.365,0.377,0.007,"LinkedIn, Instagram",47.44
449,22,Female,United States,San Antonio,50K-75K,PhD,Self-Employed,Single,78,177,44.95,7956.15,54,Toys,Online,Multiple,Credit Card,4,10,4,0.363,0.362,0.022,"Instagram, YouTube, TikTok",12.43
450,44,Male,United States,San Diego,50K-75K,Masters,Retired,Widowed,54,22,990.04,21780.88,1,Toys,Online,Multiple,Cash on Delivery,8,8,1,0.423,0.1,0.007,,75.28
451,57,Female,United States,Los Angeles,100K-150K,High School,Self-Employed,Divorced,12,140,414.02,57962.8,7,Sports & Fitness,In-Store,Desktop,Bank Transfer,11,14,3,0.17,0.022,0.09,Facebook,112.42
452,36,Female,United States,Dallas,0-25K,Bachelors,Student,Widowed,107,172,308.68,53092.96,78,Health & Personal Care,Mobile App,Multiple,Credit Card,12,11,2,0.546,0.289,0.265,,124.81
453,37,Male,United States,Dallas,100K-150K,Masters,Employed,Married,61,154,429.47,66138.38,253,Office Supplies,Mobile App,Desktop,Debit Card,7,9,2,0.335,0.285,0.259,"YouTube, Facebook, Twitter",21.5
454,28,Male,United States,San Jose,150K+,Bachelors,Unemployed,Single,12,5,611.98,3059.9,2,Toys,Online,Mobile,Bank Transfer,4,13,2,0.475,0.463,0.032,YouTube,114.57
455,52,Male,United States,San Jose,0-25K,Bachelors,Employed,Divorced,45,165,194.58,32105.7,3,Beauty,Online,Tablet,Bank Transfer,12,12,2,0.749,0.295,0.087,"Facebook, TikTok",133.74
456,68,Male,United States,Chicago,150K+,Masters,Self-Employed,Married,52,126,135.2,17035.2,3,Electronics,In-Store,Desktop,Cash on Delivery,0,11,5,0.071,0.063,0.181,"LinkedIn, Facebook",90.07
457,45,Male,United States,San Diego,100K-150K,Bachelors,Retired,Married,65,53,20.47,1084.91,6,Toys,Marketplace,Mobile,Cash on Delivery,14,14,5,0.073,0.171,0.282,"Instagram, Twitter, LinkedIn",66.08
458,32,Male,United States,Phoenix,100K-150K,Bachelors,Student,Widowed,66,188,279.12,52474.56,111,Automotive,Mobile App,Tablet,Cash on Delivery,0,4,1,0.412,0.385,0.215,,194.07
459,24,Male,United States,San Diego,0-25K,PhD,Retired,Divorced,86,16,195.75,3132.0,353,Automotive,In-Store,Multiple,Credit Card,9,0,5,0.541,0.268,0.235,TikTok,169.51
460,77,Male,United States,Dallas,150K+,Professional,Employed,Widowed,83,38,850.32,32312.16,26,Automotive,Online,Tablet,Digital Wallet,10,5,4,0.229,0.046,0.21,Instagram,155.58
461,61,Female,United States,San Diego,25K-50K,PhD,Self-Employed,Divorced,21,9,56.97,512.73,13,Pet Supplies,Online,Desktop,Cash on Delivery,9,8,5,0.38,0.374,0.13,,43.64
462,52,Female,United States,New York,100K-150K,Bachelors,Self-Employed,Divorced,93,151,705.36,106509.36,76,Health & Personal Care,Marketplace,Desktop,Cash on Delivery,4,10,4,0.204,0.002,0.062,,90.34
463,46,Female,United States,Houston,75K-100K,Masters,Unemployed,Single,12,160,983.55,157368.0,5,Fashion,Online,Multiple,Digital Wallet,6,8,4,0.972,0.161,0.2,TikTok,68.54
464,31,Female,United States,Philadelphia,150K+,Professional,Employed,Divorced,5,83,163.12,13538.96,2,Home & Kitchen,In-Store,Desktop,Credit Card,17,10,3,0.378,0.241,0.036,,172.93
465,34,Female,United States,San Antonio,25K-50K,Professional,Employed,Married,34,69,877.66,60558.54,87,Home & Kitchen,Marketplace,Tablet,Digital Wallet,3,4,4,0.553,0.343,0.05,"TikTok, Facebook",169.99
466,81,Male,United States,Chicago,150K+,Professional,Self-Employed,Divorced,22,102,780.26,79586.52,1,Automotive,Mobile App,Desktop,Digital Wallet,7,0,3,0.54,0.093,0.288,,106.22
467,31,Female,United States,New York,150K+,PhD,Retired,Married,14,93,166.37,15472.41,205,Sports & Fitness,Marketplace,Multiple,Cash on Delivery,14,1,1,0.044,0.087,0.063,,97.66
468,60,Male,United States,Dallas,150K+,Masters,Employed,Single,81,120,96.51,11581.2,18,Toys,Online,Desktop,Debit Card,16,10,5,0.279,0.218,0.286,,19.79
469,70,Female,United States,Dallas,75K-100K,Masters,Unemployed,Single,13,119,286.69,34116.11,2,Pet Supplies,In-Store,Tablet,Credit Card,1,9,2,0.867,0.139,0.061,TikTok,155.3
470,32,Female,United States,Chicago,25K-50K,Professional,Student,Single,35,97,753.44,73083.68,27,Books,Mobile App,Mobile,Bank Transfer,14,13,2,0.971,0.351,0.066,"Twitter, TikTok, Instagram",159.26
471,39,Female,United States,Phoenix,50K-75K,High School,Retired,Divorced,84,70,791.35,55394.5,0,Books,In-Store,Mobile,Debit Card,2,13,3,0.481,0.019,0.245,,83.98
472,62,Male,United States,Chicago,50K-75K,Professional,Student,Widowed,26,108,275.25,29727.0,0,Fashion,Online,Mobile,Debit Card,14,8,3,0.681,0.396,0.171,LinkedIn,192.62
473,24,Male,United States,Phoenix,100K-150K,PhD,Self-Employed,Widowed,43,14,297.21,4160.94,54,Office Supplies,Marketplace,Desktop,Digital Wallet,9,9,5,0.894,0.07,0.089,TikTok,12.62
474,26,Female,United States,Dallas,0-25K,Professional,Student,Married,64,31,435.39,13497.09,0,Books,Online,Tablet,Digital Wallet,13,10,1,0.068,0.491,0.019,,165.87
475,29,Male,United States,Dallas,150K+,Professional,Retired,Single,64,123,545.46,67091.58,16,Grocery,Marketplace,Multiple,Credit Card,16,0,4,0.982,0.358,0.196,Twitter,166.08
476,29,Male,United States,San Diego,50K-75K,Professional,Employed,Married,117,96,169.41,16263.36,276,Health & Personal Care,In-Store,Desktop,Bank Transfer,19,2,1,0.575,0.192,0.004,"LinkedIn, Facebook",186.47
477,55,Female,United States,New York,150K+,Professional,Unemployed,Widowed,108,126,877.04,110507.04,13,Books,Mobile App,Multiple,Debit Card,4,5,1,0.913,0.452,0.058,,187.31
478,25,Male,United States,Phoenix,25K-50K,Bachelors,Unemployed,Single,55,197,999.85,196970.45,14,Toys,Mobile App,Tablet,Cash on Delivery,19,4,5,0.154,0.364,0.09,,166.3
479,34,Female,United States,Phoenix,75K-100K,Masters,Unemployed,Divorced,56,39,771.42,30085.38,27,Grocery,Online,Desktop,Bank Transfer,13,9,4,0.685,0.131,0.228,"LinkedIn, TikTok",171.91
480,22,Male,United States,Philadelphia,100K-150K,Professional,Self-Employed,Single,34,148,535.28,79221.44,8,Electronics,Marketplace,Desktop,Bank Transfer,12,2,2,0.667,0.47,0.265,"Twitter, Instagram, YouTube",63.91
481,22,Female,United States,Los Angeles,75K-100K,Masters,Employed,Married,64,39,71.02,2769.78,23,Electronics,Marketplace,Multiple,Bank Transfer,16,12,4,0.419,0.435,0.074,"Facebook, TikTok",29.4
482,21,Female,United States,Houston,75K-100K,Masters,Student,Divorced,116,43,369.86,15903.98,3,Health & Personal Care,Mobile App,Tablet,Debit Card,7,10,1,0.77,0.474,0.295,,192.84
483,18,Female,United States,New York,25K-50K,High School,Unemployed,Widowed,35,162,62.62,10144.44,1,Health & Personal Care,Marketplace,Desktop,Debit Card,0,0,5,0.175,0.234,0.034,"LinkedIn, Twitter",125.43
484,77,Female,United States,Philadelphia,75K-100K,Bachelors,Self-Employed,Divorced,13,138,44.25,6106.5,82,Sports & Fitness,Online,Mobile,Digital Wallet,16,2,5,0.491,0.486,0.004,"Twitter, TikTok, Facebook",45.68
485,40,Female,United States,Los Angeles,25K-50K,High School,Unemployed,Divorced,29,86,773.08,66484.88,4,Toys,In-Store,Multiple,Digital Wallet,4,9,2,0.245,0.25,0.212,"LinkedIn, YouTube",52.69
486,67,Female,United States,Houston,150K+,Bachelors,Student,Married,84,172,126.28,21720.16,6,Toys,Online,Desktop,Credit Card,17,1,4,0.577,0.363,0.005,"YouTube, LinkedIn, Twitter",196.59
487,67,Female,United States,Houston,25K-50K,Masters,Self-Employed,Divorced,82,98,596.07,58414.86,20,Toys,Mobile App,Desktop,Debit Card,10,4,1,0.099,0.191,0.268,"Facebook, Twitter",112.5
488,27,Female,United States,Los Angeles,150K+,Bachelors,Employed,Single,78,77,264.42,20360.34,308,Electronics,In-Store,Tablet,Cash on Delivery,16,9,3,0.87,0.027,0.155,"TikTok, YouTube, Facebook",77.21
489,31,Male,United States,Phoenix,50K-75K,Professional,Employed,Married,79,19,731.28,13894.32,1,Grocery,Marketplace,Desktop,Cash on Delivery,0,14,5,0.214,0.198,0.176,"Instagram, TikTok, Twitter",11.42
490,45,Female,United States,New York,25K-50K,Professional,Self-Employed,Divorced,91,159,746.48,118690.32,137,Grocery,In-Store,Tablet,Credit Card,6,9,1,0.721,0.308,0.157,"YouTube, Instagram",46.77
491,49,Female,United States,San Diego,0-25K,Professional,Retired,Married,40,118,638.33,75322.94,295,Books,Marketplace,Desktop,Digital Wallet,13,10,5,0.56,0.071,0.037,,183.75
492,26,Male,United States,Phoenix,25K-50K,Masters,Self-Employed,Married,4,169,339.08,57304.52,69,Books,In-Store,Mobile,Bank Transfer,6,13,5,0.968,0.417,0.111,LinkedIn,68.67
493,19,Female,United States,Dallas,75K-100K,High School,Student,Single,50,49,318.98,15630.02,0,Books,Online,Multiple,Bank Transfer,5,9,5,0.569,0.036,0.167,"LinkedIn, YouTube, TikTok",96.71
494,34,Male,United States,New York,50K-75K,Masters,Unemployed,Divorced,86,181,989.15,179036.15,109,Sports & Fitness,In-Store,Tablet,Digital Wallet,17,7,5,0.155,0.489,0.152,Instagram,91.03
495,39,Male,United States,Chicago,150K+,PhD,Student,Widowed,114,17,470.0,7990.0,1,Automotive,In-Store,Mobile,Cash on Delivery,4,1,5,0.747,0.453,0.148,"LinkedIn, Facebook",50.0
496,19,Male,United States,San Diego,50K-75K,PhD,Self-Employed,Divorced,32,188,120.32,22620.16,2,Health & Personal Care,Mobile App,Multiple,Digital Wallet,10,6,2,0.668,0.295,0.1,YouTube,175.52
497,81,Male,United States,Philadelphia,0-25K,PhD,Unemployed,Widowed,10,117,349.33,40871.61,35,Office Supplies,Online,Tablet,Bank Transfer,0,9,5,0.675,0.242,0.079,"Facebook, Twitter",34.7
498,22,Male,United States,San Diego,75K-100K,Professional,Employed,Single,41,87,550.3,47876.1,0,Fashion,Marketplace,Tablet,Credit Card,12,11,2,0.433,0.195,0.229,Instagram,137.32
499,77,Male,United States,San Diego,100K-150K,Bachelors,Student,Married,115,55,814.01,44770.55,21,Home & Kitchen,Mobile App,Desktop,Cash on Delivery,5,3,5,0.247,0.317,0.016,"TikTok, Twitter",60.11
500,61,Female,United States,Los Angeles,100K-150K,Masters,Self-Employed,Widowed,27,121,698.29,84493.09,302,Beauty,Marketplace,Multiple,Credit Card,17,14,5,0.993,0.404,0.07,"Instagram, LinkedIn, YouTube",98.73
501,46,Male,United States,Dallas,0-25K,PhD,Employed,Divorced,16,77,97.52,7509.04,223,Automotive,In-Store,Tablet,Bank Transfer,0,2,2,0.285,0.204,0.16,Twitter,199.39
502,28,Male,United States,Philadelphia,0-25K,Masters,Employed,Single,97,91,539.93,49133.63,40,Sports & Fitness,In-Store,Multiple,Bank Transfer,8,5,5,0.291,0.105,0.169,Twitter,116.94
503,74,Female,United States,Phoenix,25K-50K,PhD,Employed,Widowed,43,139,506.31,70377.09,16,Pet Supplies,In-Store,Multiple,Digital Wallet,1,0,5,0.012,0.114,0.259,,7.59
504,33,Female,United States,Los Angeles,100K-150K,Masters,Unemployed,Divorced,74,51,947.81,48338.31,11,Grocery,Online,Desktop,Credit Card,1,3,4,0.429,0.111,0.093,,78.5
505,22,Female,United States,San Diego,25K-50K,Professional,Student,Married,10,110,71.25,7837.5,5,Grocery,Mobile App,Desktop,Digital Wallet,6,1,4,0.547,0.207,0.035,,140.35
506,35,Female,United States,Dallas,100K-150K,PhD,Student,Divorced,80,113,776.13,87702.69,118,Toys,In-Store,Tablet,Debit Card,19,4,3,0.811,0.173,0.044,TikTok,185.35
507,43,Male,United States,New York,75K-100K,PhD,Employed,Married,53,139,290.16,40332.24,20,Office Supplies,Online,Tablet,Cash on Delivery,0,14,1,0.534,0.257,0.238,,91.42
508,69,Male,United States,New York,25K-50K,PhD,Retired,Single,15,82,864.09,70855.38,25,Electronics,In-Store,Multiple,Digital Wallet,17,13,5,0.637,0.049,0.077,,70.79
509,61,Male,United States,Philadelphia,25K-50K,High School,Retired,Single,106,160,442.04,70726.4,0,Health & Personal Care,Mobile App,Mobile,Digital Wallet,19,6,1,0.593,0.224,0.155,"LinkedIn, Facebook, YouTube",121.48
510,37,Female,United States,San Antonio,25K-50K,Bachelors,Student,Married,79,113,958.19,108275.47,1,Books,In-Store,Mobile,Digital Wallet,1,13,4,0.461,0.388,0.141,,63.83
511,45,Female,United States,San Diego,75K-100K,Masters,Student,Married,42,102,313.26,31952.52,0,Grocery,In-Store,Mobile,Digital Wallet,0,3,5,0.842,0.376,0.126,,70.13
512,18,Male,United States,New York,0-25K,Professional,Unemployed,Married,91,70,986.51,69055.7,19,Beauty,In-Store,Multiple,Cash on Delivery,15,3,3,0.646,0.186,0.282,"Facebook, YouTube, Instagram",77.91
513,59,Female,United States,Phoenix,0-25K,Professional,Self-Employed,Single,118,184,544.94,100268.96,258,Books,Marketplace,Desktop,Digital Wallet,7,0,4,0.759,0.408,0.294,LinkedIn,101.43
514,25,Female,United States,San Antonio,150K+,PhD,Retired,Single,55,88,641.07,56414.16,7,Office Supplies,Marketplace,Desktop,Cash on Delivery,3,12,5,0.985,0.057,0.058,,9.87
515,57,Male,United States,Phoenix,150K+,Bachelors,Self-Employed,Single,10,11,521.52,5736.72,122,Beauty,In-Store,Tablet,Cash on Delivery,16,2,3,0.95,0.157,0.006,"YouTube, Instagram, TikTok",75.87
516,53,Female,United States,San Jose,50K-75K,PhD,Retired,Divorced,98,10,413.21,4132.1,3,Home & Kitchen,In-Store,Desktop,Digital Wallet,5,9,1,0.384,0.011,0.121,"YouTube, TikTok, Facebook",106.75
517,79,Male,United States,Philadelphia,75K-100K,PhD,Employed,Single,4,35,418.48,14646.8,275,Sports & Fitness,Marketplace,Tablet,Debit Card,8,0,4,0.649,0.099,0.017,,141.75
518,57,Male,United States,Dallas,25K-50K,Bachelors,Employed,Divorced,25,80,661.53,52922.4,6,Electronics,In-Store,Tablet,Bank Transfer,11,9,5,0.593,0.465,0.184,Twitter,81.41
519,22,Male,United States,New York,150K+,PhD,Retired,Divorced,108,11,411.59,4527.49,4,Office Supplies,Mobile App,Mobile,Cash on Delivery,9,4,1,0.314,0.498,0.289,"LinkedIn, Facebook, TikTok",17.62
520,42,Male,United States,Los Angeles,0-25K,Bachelors,Employed,Widowed,114,24,510.26,12246.24,121,Pet Supplies,In-Store,Desktop,Bank Transfer,8,5,3,0.381,0.036,0.188,,103.76
521,42,Male,United States,San Antonio,25K-50K,High School,Employed,Divorced,1,53,704.04,37314.12,65,Automotive,In-Store,Multiple,Cash on Delivery,10,2,2,0.873,0.383,0.014,"LinkedIn, Instagram",80.23
522,47,Male,United States,San Jose,75K-100K,PhD,Retired,Widowed,14,185,845.53,156423.05,33,Automotive,Marketplace,Mobile,Cash on Delivery,13,1,4,0.661,0.184,0.2,,169.66
523,40,Female,United States,Los Angeles,50K-75K,Bachelors,Unemployed,Single,95,78,890.42,69452.76,67,Home & Kitchen,Marketplace,Multiple,Credit Card,4,6,5,0.797,0.038,0.167,"Twitter, Instagram, Facebook",169.79
524,21,Male,United States,Phoenix,75K-100K,Masters,Unemployed,Divorced,36,54,15.68,846.72,0,Pet Supplies,In-Store,Multiple,Debit Card,5,8,3,0.703,0.022,0.129,"Instagram, LinkedIn, TikTok",52.37
525,74,Female,United States,Phoenix,75K-100K,PhD,Self-Employed,Single,106,105,148.32,15573.6,7,Fashion,Mobile App,Multiple,Digital Wallet,5,13,1,0.322,0.353,0.064,"TikTok, YouTube",46.15
526,61,Male,United States,San Jose,0-25K,Bachelors,Retired,Single,9,156,414.1,64599.6,22,Home & Kitchen,Mobile App,Multiple,Digital Wallet,12,11,5,0.305,0.167,0.02,"LinkedIn, TikTok",98.82
527,22,Female,United States,San Antonio,50K-75K,PhD,Self-Employed,Widowed,79,35,71.93,2517.55,204,Fashion,Online,Tablet,Bank Transfer,13,0,2,0.281,0.334,0.061,"Twitter, Facebook, TikTok",16.48
528,51,Female,United States,Phoenix,150K+,PhD,Unemployed,Married,23,138,439.62,60667.56,198,Pet Supplies,In-Store,Multiple,Cash on Delivery,12,10,3,0.116,0.128,0.211,"Facebook, YouTube",38.78
529,46,Female,United States,Houston,50K-75K,Bachelors,Employed,Single,103,14,528.7,7401.8,0,Grocery,In-Store,Tablet,Credit Card,3,12,5,0.732,0.324,0.022,Facebook,75.59
530,20,Female,United States,San Antonio,0-25K,Bachelors,Retired,Divorced,87,73,550.18,40163.14,13,Automotive,Mobile App,Multiple,Bank Transfer,15,2,5,0.337,0.296,0.045,,73.52
531,18,Female,United States,New York,150K+,Bachelors,Retired,Divorced,21,26,335.19,8714.94,3,Electronics,Online,Multiple,Digital Wallet,3,12,2,0.602,0.258,0.233,"Twitter, YouTube",36.12
532,37,Male,United States,San Diego,100K-150K,Masters,Retired,Widowed,82,180,864.56,155620.8,0,Grocery,Online,Multiple,Bank Transfer,3,0,2,0.592,0.097,0.136,LinkedIn,51.98
533,84,Female,United States,Phoenix,75K-100K,Masters,Retired,Divorced,21,56,910.06,50963.36,147,Electronics,Online,Tablet,Bank Transfer,4,0,1,0.225,0.194,0.275,,126.99
534,27,Male,United States,Chicago,25K-50K,Professional,Unemployed,Divorced,37,49,215.32,10550.68,6,Office Supplies,Online,Mobile,Bank Transfer,11,7,5,0.492,0.265,0.179,Facebook,30.83
535,29,Male,United States,Houston,25K-50K,High School,Student,Widowed,85,97,110.98,10765.06,330,Beauty,Mobile App,Mobile,Cash on Delivery,7,12,4,0.985,0.261,0.141,,45.62
536,51,Female,United States,San Diego,0-25K,High School,Self-Employed,Widowed,24,19,86.13,1636.47,67,Fashion,Online,Multiple,Digital Wallet,2,11,1,0.276,0.412,0.035,"Facebook, YouTube",67.78
537,44,Male,United States,Philadelphia,0-25K,Masters,Retired,Married,85,35,863.0,30205.0,60,Electronics,Mobile App,Desktop,Credit Card,13,12,5,0.359,0.297,0.177,,101.79
538,79,Female,United States,Phoenix,150K+,High School,Self-Employed,Divorced,103,144,146.01,21025.44,55,Office Supplies,In-Store,Tablet,Digital Wallet,4,7,5,0.817,0.319,0.208,"Twitter, Instagram",104.98
539,47,Female,United States,San Diego,0-25K,Bachelors,Student,Married,41,33,234.06,7723.98,1,Office Supplies,Online,Desktop,Debit Card,10,0,3,0.663,0.377,0.157,,117.67
540,75,Male,United States,Houston,0-25K,Professional,Self-Employed,Divorced,8,196,65.41,12820.36,3,Beauty,Online,Mobile,Debit Card,11,10,4,0.839,0.035,0.003,LinkedIn,131.85
541,21,Male,United States,New York,50K-75K,Masters,Retired,Married,56,75,218.5,16387.5,228,Toys,Marketplace,Desktop,Debit Card,5,11,4,0.063,0.293,0.162,"Instagram, YouTube, LinkedIn",131.76
542,44,Male,United States,Philadelphia,150K+,High School,Unemployed,Widowed,55,53,655.9,34762.7,238,Beauty,Online,Desktop,Cash on Delivery,13,1,5,0.881,0.274,0.075,"Instagram, YouTube, Twitter",131.5
543,78,Female,United States,Los Angeles,150K+,Professional,Retired,Single,21,190,491.68,93419.2,1,Grocery,Mobile App,Multiple,Bank Transfer,5,1,4,0.482,0.447,0.273,,197.24
544,28,Male,United States,Dallas,25K-50K,PhD,Student,Married,48,2,933.85,1867.7,14,Home & Kitchen,Marketplace,Multiple,Debit Card,9,1,1,0.071,0.471,0.102,,9.53
545,46,Male,United States,Houston,75K-100K,Bachelors,Unemployed,Divorced,50,178,481.44,85696.32,66,Books,Mobile App,Desktop,Bank Transfer,18,9,1,0.823,0.452,0.274,"LinkedIn, Twitter",28.56
546,50,Female,United States,Phoenix,100K-150K,Masters,Self-Employed,Married,24,62,800.22,49613.64,62,Automotive,Online,Mobile,Bank Transfer,14,5,5,0.586,0.397,0.15,"Instagram, Facebook",96.56
547,67,Female,United States,Houston,0-25K,Bachelors,Unemployed,Married,54,171,704.75,120512.25,0,Toys,Mobile App,Mobile,Bank Transfer,0,14,4,0.453,0.068,0.28,"Instagram, YouTube",127.51
548,39,Male,United States,Houston,75K-100K,Masters,Retired,Married,94,80,764.05,61124.0,71,Toys,Marketplace,Multiple,Debit Card,18,2,3,0.583,0.093,0.02,,136.45
549,50,Male,United States,Philadelphia,75K-100K,Professional,Unemployed,Married,64,80,595.68,47654.4,17,Fashion,In-Store,Mobile,Debit Card,2,4,3,0.904,0.259,0.267,"YouTube, Instagram",100.35
550,19,Female,United States,San Jose,75K-100K,Masters,Self-Employed,Divorced,1,198,418.76,82914.48,9,Health & Personal Care,Online,Mobile,Cash on Delivery,17,13,4,0.592,0.069,0.128,"TikTok, Twitter",169.28
551,74,Female,United States,Phoenix,0-25K,PhD,Self-Employed,Single,118,103,229.53,23641.59,0,Health & Personal Care,Marketplace,Tablet,Credit Card,5,10,2,0.545,0.124,0.196,Twitter,177.97
552,50,Female,United States,Los Angeles,25K-50K,High School,Unemployed,Divorced,101,132,100.69,13291.08,11,Electronics,In-Store,Desktop,Credit Card,18,7,3,0.583,0.029,0.242,"Twitter, LinkedIn",82.61
553,52,Male,United States,Philadelphia,25K-50K,PhD,Unemployed,Divorced,59,11,534.76,5882.36,21,Electronics,Online,Multiple,Digital Wallet,1,9,1,0.342,0.173,0.187,"Instagram, LinkedIn",101.25
554,20,Female,United States,San Diego,50K-75K,Bachelors,Retired,Divorced,84,82,638.89,52388.98,155,Beauty,Mobile App,Desktop,Cash on Delivery,19,6,1,0.347,0.327,0.142,"TikTok, LinkedIn, Instagram",46.6
555,47,Female,United States,San Antonio,150K+,High School,Employed,Single,118,82,18.43,1511.26,0,Health & Personal Care,Mobile App,Multiple,Digital Wallet,11,2,2,0.485,0.251,0.205,,24.2
556,68,Male,United States,New York,75K-100K,PhD,Employed,Widowed,68,181,262.29,47474.49,9,Office Supplies,Online,Mobile,Cash on Delivery,15,0,2,0.048,0.478,0.187,"Twitter, Instagram",63.91
557,45,Male,United States,Los Angeles,50K-75K,High School,Employed,Married,93,106,43.53,4614.18,13,Beauty,Mobile App,Multiple,Digital Wallet,16,5,5,0.994,0.376,0.223,,110.7
558,26,Female,United States,San Jose,150K+,High School,Retired,Married,9,9,783.21,7048.89,1,Grocery,Mobile App,Desktop,Credit Card,16,14,3,0.96,0.26,0.28,"Twitter, TikTok, Instagram",131.56
559,31,Male,United States,San Antonio,50K-75K,Masters,Unemployed,Single,26,13,756.68,9836.84,24,Grocery,Mobile App,Desktop,Digital Wallet,13,3,4,0.569,0.354,0.184,"Instagram, YouTube",143.47
560,76,Male,United States,Philadelphia,75K-100K,High School,Student,Widowed,55,9,871.97,7847.73,161,Office Supplies,In-Store,Multiple,Credit Card,4,14,2,0.406,0.448,0.134,"Instagram, YouTube",57.4
561,52,Male,United States,New York,75K-100K,Professional,Self-Employed,Divorced,66,154,262.14,40369.56,31,Office Supplies,Marketplace,Mobile,Credit Card,13,6,4,0.956,0.432,0.071,"Instagram, LinkedIn",97.5
562,39,Male,United States,New York,150K+,High School,Employed,Married,10,57,472.63,26939.91,112,Sports & Fitness,Online,Mobile,Bank Transfer,2,1,5,0.259,0.082,0.247,"LinkedIn, TikTok",195.31
563,57,Female,United States,Houston,50K-75K,Bachelors,Student,Married,24,34,145.02,4930.68,20,Pet Supplies,Online,Mobile,Cash on Delivery,3,7,4,0.971,0.382,0.172,"YouTube, Instagram",36.94
564,18,Male,United States,Dallas,0-25K,Bachelors,Retired,Widowed,31,77,179.47,13819.19,208,Home & Kitchen,Online,Mobile,Cash on Delivery,18,2,4,0.439,0.483,0.008,"Twitter, LinkedIn, TikTok",161.93
565,84,Female,United States,Philadelphia,0-25K,High School,Unemployed,Divorced,1,183,359.71,65826.93,139,Health & Personal Care,Mobile App,Tablet,Debit Card,5,7,3,0.808,0.063,0.073,"Facebook, Twitter, LinkedIn",142.65
566,35,Female,United States,San Diego,75K-100K,Bachelors,Employed,Widowed,55,162,86.43,14001.66,93,Sports & Fitness,Online,Tablet,Cash on Delivery,15,10,4,0.964,0.273,0.157,"YouTube, LinkedIn",186.23
567,58,Male,United States,Philadelphia,75K-100K,Masters,Employed,Single,46,113,851.31,96198.03,1,Pet Supplies,Mobile App,Multiple,Cash on Delivery,0,5,2,0.745,0.175,0.004,,54.67
568,40,Female,United States,Phoenix,100K-150K,High School,Student,Single,100,57,560.99,31976.43,0,Pet Supplies,Online,Tablet,Bank Transfer,12,11,1,0.259,0.333,0.064,Twitter,71.37
569,25,Female,United States,San Jose,100K-150K,PhD,Employed,Single,105,1,874.1,874.1,63,Beauty,Online,Mobile,Debit Card,10,13,4,0.897,0.421,0.033,"Facebook, TikTok, Twitter",71.8
570,31,Male,United States,San Jose,150K+,Professional,Employed,Widowed,68,50,619.63,30981.5,0,Books,Online,Desktop,Credit Card,14,4,1,0.535,0.433,0.07,"TikTok, YouTube",84.9
571,34,Female,United States,Dallas,25K-50K,High School,Retired,Divorced,28,182,116.04,21119.28,4,Automotive,Online,Mobile,Debit Card,14,11,4,0.095,0.038,0.08,Facebook,140.54
572,34,Male,United States,San Jose,50K-75K,PhD,Student,Divorced,109,66,924.04,60986.64,52,Electronics,Online,Mobile,Cash on Delivery,8,8,4,0.722,0.186,0.269,"TikTok, Twitter",44.29
573,23,Female,United States,San Antonio,50K-75K,PhD,Self-Employed,Widowed,19,181,243.84,44135.04,81,Electronics,Mobile App,Desktop,Bank Transfer,8,14,5,0.891,0.124,0.131,"Twitter, TikTok, LinkedIn",117.91
574,35,Female,United States,Phoenix,25K-50K,High School,Student,Divorced,86,57,708.12,40362.84,84,Home & Kitchen,In-Store,Mobile,Digital Wallet,14,9,3,0.936,0.428,0.042,"YouTube, TikTok",59.46
575,61,Male,United States,San Diego,150K+,Masters,Student,Widowed,41,11,343.37,3777.07,0,Home & Kitchen,Marketplace,Tablet,Digital Wallet,0,11,2,0.259,0.105,0.294,Instagram,105.84
576,56,Male,United States,Chicago,0-25K,Professional,Unemployed,Divorced,13,13,278.66,3622.58,1,Fashion,Marketplace,Multiple,Digital Wallet,18,1,3,0.571,0.279,0.08,"Twitter, TikTok",114.65
577,63,Female,United States,Chicago,0-25K,Masters,Unemployed,Single,34,89,988.41,87968.49,7,Electronics,Marketplace,Mobile,Credit Card,14,13,4,0.955,0.459,0.221,,164.76
578,24,Female,United States,Philadelphia,150K+,Professional,Student,Single,62,155,167.36,25940.8,77,Pet Supplies,Mobile App,Multiple,Cash on Delivery,10,12,2,0.837,0.153,0.141,Instagram,51.47
579,51,Female,United States,Chicago,100K-150K,High School,Self-Employed,Widowed,38,150,294.96,44244.0,46,Grocery,Online,Tablet,Credit Card,1,14,4,0.41,0.454,0.051,"YouTube, LinkedIn",159.88
580,33,Male,United States,San Antonio,25K-50K,Bachelors,Self-Employed,Widowed,62,183,961.87,176022.21,62,Sports & Fitness,In-Store,Tablet,Bank Transfer,11,12,2,0.518,0.132,0.274,TikTok,154.36
581,62,Female,United States,San Antonio,100K-150K,High School,Unemployed,Married,99,116,761.56,88340.96,61,Automotive,Online,Tablet,Credit Card,3,0,1,0.498,0.353,0.149,,139.28
582,40,Male,United States,Philadelphia,0-25K,High School,Self-Employed,Widowed,79,34,514.32,17486.88,18,Books,In-Store,Desktop,Digital Wallet,2,1,2,0.886,0.351,0.079,,97.14
583,71,Female,United States,Houston,0-25K,High School,Self-Employed,Divorced,22,72,59.46,4281.12,4,Toys,In-Store,Tablet,Cash on Delivery,9,6,1,0.893,0.111,0.18,Instagram,25.58
584,19,Female,United States,Houston,0-25K,High School,Self-Employed,Single,57,42,175.67,7378.14,38,Pet Supplies,Marketplace,Desktop,Bank Transfer,19,2,5,0.481,0.468,0.147,Twitter,190.73
585,62,Male,United States,New York,100K-150K,Bachelors,Student,Divorced,83,149,939.85,140037.65,306,Toys,Marketplace,Multiple,Bank Transfer,15,6,1,0.472,0.137,0.109,"TikTok, Instagram, YouTube",188.79
586,35,Male,United States,Dallas,25K-50K,Masters,Student,Widowed,24,165,796.19,131371.35,4,Health & Personal Care,Online,Tablet,Debit Card,7,13,1,0.035,0.176,0.053,Twitter,28.36
587,48,Male,United States,Houston,0-25K,Bachelors,Employed,Widowed,107,95,269.54,25606.3,43,Toys,Marketplace,Mobile,Debit Card,8,14,1,0.656,0.201,0.112,"Instagram, Facebook, TikTok",136.49
588,35,Male,United States,San Jose,100K-150K,Professional,Self-Employed,Single,119,82,887.69,72790.58,86,Office Supplies,In-Store,Multiple,Bank Transfer,10,7,4,0.258,0.349,0.036,"Instagram, LinkedIn",67.93
589,24,Female,United States,Houston,150K+,Masters,Student,Widowed,99,101,621.39,62760.39,19,Pet Supplies,Marketplace,Multiple,Cash on Delivery,6,12,3,0.64,0.25,0.089,Twitter,58.33
590,22,Male,United States,Phoenix,50K-75K,PhD,Student,Single,71,12,50.53,606.36,172,Electronics,Online,Desktop,Cash on Delivery,0,1,5,0.375,0.033,0.019,,7.36
591,23,Male,United States,San Antonio,50K-75K,Professional,Unemployed,Widowed,65,71,711.09,50487.39,32,Beauty,In-Store,Multiple,Credit Card,11,12,1,0.358,0.469,0.213,"TikTok, Instagram, YouTube",118.65
592,57,Male,United States,San Diego,150K+,Professional,Unemployed,Widowed,117,70,774.98,54248.6,178,Electronics,In-Store,Tablet,Credit Card,11,13,1,0.084,0.279,0.22,"Facebook, TikTok, LinkedIn",67.02
593,60,Male,United States,Dallas,150K+,High School,Retired,Widowed,62,115,132.77,15268.55,76,Sports & Fitness,Marketplace,Tablet,Digital Wallet,16,11,3,0.49,0.071,0.068,"Instagram, YouTube",143.77
594,37,Female,United States,New York,25K-50K,Professional,Retired,Widowed,69,5,391.23,1956.15,57,Toys,Online,Desktop,Bank Transfer,19,6,4,0.368,0.494,0.199,"LinkedIn, TikTok",138.19
595,61,Female,United States,San Antonio,100K-150K,PhD,Unemployed,Single,22,7,100.84,705.88,1,Toys,Online,Tablet,Debit Card,10,14,1,0.048,0.211,0.141,,51.08
596,50,Female,United States,New York,150K+,Bachelors,Self-Employed,Single,53,8,329.72,2637.76,0,Office Supplies,Online,Tablet,Debit Card,9,13,2,0.771,0.482,0.29,,165.67
597,48,Male,United States,San Diego,75K-100K,PhD,Unemployed,Divorced,59,76,193.25,14687.0,1,Beauty,Marketplace,Tablet,Bank Transfer,10,8,4,0.86,0.06,0.017,TikTok,101.1
598,83,Male,United States,Houston,50K-75K,Masters,Self-Employed,Married,39,55,779.36,42864.8,7,Home & Kitchen,Online,Desktop,Digital Wallet,5,1,5,0.789,0.155,0.052,"Instagram, TikTok",39.98
599,84,Male,United States,New York,100K-150K,High School,Unemployed,Divorced,11,160,630.56,100889.6,7,Grocery,Online,Mobile,Cash on Delivery,6,5,5,0.557,0.199,0.007,"TikTok, Facebook, YouTube",194.44
600,42,Female,United States,San Antonio,100K-150K,Masters,Employed,Single,76,54,999.95,53997.3,104,Fashion,Online,Multiple,Bank Transfer,19,11,1,0.988,0.479,0.142,,72.2
601,31,Female,United States,Houston,50K-75K,Bachelors,Self-Employed,Divorced,7,36,155.31,5591.16,5,Electronics,Mobile App,Tablet,Credit Card,8,6,4,0.652,0.18,0.271,"LinkedIn, YouTube, Instagram",107.32
602,22,Female,United States,San Diego,50K-75K,PhD,Self-Employed,Widowed,5,17,768.18,13059.06,1,Beauty,Marketplace,Desktop,Digital Wallet,17,11,5,0.035,0.419,0.188,,32.28
603,42,Female,United States,Houston,75K-100K,PhD,Retired,Married,85,25,801.2,20030.0,7,Health & Personal Care,Online,Mobile,Cash on Delivery,12,13,5,0.842,0.227,0.137,,139.58
604,56,Male,United States,San Diego,75K-100K,Professional,Employed,Single,118,140,381.1,53354.0,363,Fashion,Marketplace,Multiple,Digital Wallet,1,14,3,0.21,0.272,0.248,"Instagram, Twitter",188.77
605,41,Female,United States,Philadelphia,150K+,PhD,Employed,Married,68,123,739.65,90976.95,136,Automotive,Marketplace,Desktop,Bank Transfer,7,2,4,0.286,0.045,0.292,"Twitter, Facebook",62.19
606,30,Female,United States,Phoenix,0-25K,High School,Employed,Single,109,32,102.87,3291.84,63,Toys,Online,Multiple,Bank Transfer,15,0,5,0.219,0.027,0.183,,127.22
607,24,Female,United States,San Antonio,150K+,Professional,Self-Employed,Married,49,195,396.93,77401.35,2,Toys,Mobile App,Desktop,Digital Wallet,4,5,2,0.977,0.01,0.208,"Facebook, Instagram",21.29
608,75,Female,United States,Philadelphia,75K-100K,Masters,Student,Single,81,67,609.45,40833.15,20,Health & Personal Care,In-Store,Tablet,Debit Card,4,2,4,0.829,0.026,0.086,"YouTube, TikTok",173.61
609,53,Female,United States,Phoenix,25K-50K,Masters,Student,Single,77,137,474.93,65065.41,3,Electronics,In-Store,Desktop,Credit Card,15,11,2,0.492,0.412,0.098,,41.69
610,61,Male,United States,San Diego,75K-100K,Bachelors,Self-Employed,Married,2,191,125.73,24014.43,317,Grocery,Marketplace,Multiple,Digital Wallet,16,3,4,0.971,0.32,0.038,"Twitter, LinkedIn",171.35
611,59,Female,United States,Dallas,50K-75K,High School,Employed,Widowed,2,170,233.51,39696.7,4,Home & Kitchen,In-Store,Tablet,Digital Wallet,10,13,1,0.715,0.349,0.175,"Instagram, LinkedIn, YouTube",121.76
612,22,Male,United States,San Jose,25K-50K,Bachelors,Student,Single,50,199,742.44,147745.56,1,Electronics,Mobile App,Tablet,Debit Card,18,13,4,0.641,0.365,0.001,"YouTube, TikTok",147.0
613,38,Male,United States,Los Angeles,150K+,Masters,Student,Widowed,118,196,418.03,81933.88,0,Books,In-Store,Multiple,Credit Card,6,11,4,0.085,0.321,0.066,Instagram,113.93
614,54,Male,United States,San Antonio,150K+,High School,Unemployed,Divorced,64,91,39.7,3612.7,4,Sports & Fitness,Online,Desktop,Credit Card,7,9,3,0.859,0.183,0.027,"Instagram, Twitter",196.02
615,20,Male,United States,San Jose,150K+,PhD,Student,Widowed,86,75,74.0,5550.0,51,Fashion,In-Store,Multiple,Cash on Delivery,11,0,5,0.307,0.013,0.058,LinkedIn,79.73
616,47,Female,United States,San Antonio,75K-100K,Bachelors,Self-Employed,Married,56,176,926.88,163130.88,209,Office Supplies,Marketplace,Mobile,Debit Card,14,2,3,0.551,0.233,0.264,YouTube,187.32
617,32,Female,United States,Los Angeles,150K+,High School,Employed,Single,20,30,322.22,9666.6,5,Toys,Marketplace,Multiple,Bank Transfer,9,10,5,0.396,0.146,0.212,"LinkedIn, TikTok",135.6
618,31,Female,United States,Houston,50K-75K,High School,Employed,Single,102,178,802.79,142896.62,140,Automotive,Marketplace,Multiple,Digital Wallet,7,4,4,0.966,0.337,0.003,YouTube,15.4
619,50,Female,United States,San Antonio,0-25K,High School,Student,Single,8,170,66.69,11337.3,214,Grocery,Online,Multiple,Bank Transfer,7,3,3,0.621,0.454,0.26,,132.16
620,59,Female,United States,Houston,150K+,Bachelors,Student,Widowed,31,189,891.93,168574.77,0,Home & Kitchen,Marketplace,Multiple,Debit Card,19,9,1,0.665,0.177,0.277,Instagram,11.67
621,21,Female,United States,Houston,150K+,Bachelors,Unemployed,Married,98,67,602.85,40390.95,46,Home & Kitchen,Mobile App,Desktop,Debit Card,12,3,3,0.785,0.2,0.291,YouTube,183.68
622,21,Female,United States,San Diego,50K-75K,Masters,Student,Married,25,11,583.38,6417.18,1,Electronics,Mobile App,Desktop,Credit Card,8,13,1,0.449,0.01,0.297,,179.6
623,57,Female,United States,Houston,75K-100K,Masters,Student,Widowed,32,53,410.67,21765.51,10,Beauty,In-Store,Mobile,Cash on Delivery,11,14,4,0.565,0.496,0.124,"TikTok, LinkedIn",106.24
624,47,Male,United States,San Diego,150K+,PhD,Employed,Single,119,24,699.35,16784.4,72,Books,Online,Mobile,Bank Transfer,18,9,1,0.535,0.203,0.156,YouTube,157.16
625,55,Female,United States,San Diego,75K-100K,Masters,Unemployed,Widowed,42,129,392.9,50684.1,17,Beauty,Online,Desktop,Debit Card,12,2,2,0.842,0.077,0.285,"TikTok, Twitter",71.47
626,19,Male,United States,San Antonio,150K+,Professional,Unemployed,Divorced,17,106,10.99,1164.94,0,Beauty,Mobile App,Multiple,Digital Wallet,19,8,3,0.767,0.361,0.078,"LinkedIn, Twitter, TikTok",77.27
627,42,Male,United States,Chicago,100K-150K,Bachelors,Unemployed,Widowed,57,163,850.34,138605.42,23,Health & Personal Care,Mobile App,Desktop,Digital Wallet,3,1,3,0.886,0.143,0.137,TikTok,115.29
628,31,Male,United States,Los Angeles,100K-150K,PhD,Student,Married,10,160,356.03,56964.8,5,Pet Supplies,Marketplace,Mobile,Debit Card,10,11,2,0.34,0.485,0.016,,126.74
629,20,Female,United States,San Diego,50K-75K,PhD,Retired,Single,36,184,931.18,171337.12,1,Automotive,Mobile App,Desktop,Bank Transfer,4,14,5,0.17,0.14,0.211,"Twitter, Facebook",153.49
630,48,Female,United States,San Jose,0-25K,High School,Self-Employed,Married,46,25,58.77,1469.25,209,Automotive,Online,Desktop,Bank Transfer,12,11,5,0.468,0.415,0.074,"YouTube, LinkedIn, Facebook",29.62
631,57,Female,United States,San Antonio,50K-75K,Professional,Retired,Single,83,21,215.08,4516.68,1,Fashion,Marketplace,Multiple,Debit Card,15,9,3,0.211,0.222,0.255,,170.61
632,41,Male,United States,San Antonio,100K-150K,High School,Employed,Widowed,47,116,366.85,42554.6,54,Toys,Online,Desktop,Debit Card,10,12,3,0.172,0.143,0.246,,47.31
633,29,Female,United States,Los Angeles,25K-50K,Professional,Student,Married,59,188,318.09,59800.92,7,Health & Personal Care,Marketplace,Mobile,Cash on Delivery,12,12,4,0.078,0.006,0.076,,100.82
634,54,Female,United States,San Antonio,25K-50K,High School,Retired,Single,118,36,55.57,2000.52,349,Electronics,In-Store,Tablet,Digital Wallet,12,0,3,0.645,0.035,0.027,"Twitter, LinkedIn, TikTok",77.76
635,29,Male,United States,Phoenix,100K-150K,Professional,Retired,Divorced,116,1,195.02,195.02,126,Electronics,Mobile App,Multiple,Cash on Delivery,17,6,1,0.02,0.359,0.048,"YouTube, Instagram",75.75
636,77,Male,United States,Dallas,75K-100K,Professional,Employed,Single,29,115,233.49,26851.35,2,Pet Supplies,In-Store,Multiple,Credit Card,13,2,2,0.579,0.278,0.058,"Facebook, Instagram, LinkedIn",111.6
637,29,Male,United States,New York,25K-50K,Masters,Self-Employed,Single,26,102,966.86,98619.72,0,Toys,In-Store,Multiple,Digital Wallet,2,13,3,0.122,0.477,0.272,LinkedIn,157.07
638,81,Female,United States,San Jose,0-25K,PhD,Student,Single,9,126,733.3,92395.8,66,Books,Mobile App,Desktop,Cash on Delivery,0,1,4,0.289,0.424,0.237,"Twitter, YouTube",179.31
639,75,Female,United States,San Antonio,0-25K,High School,Unemployed,Divorced,62,94,902.65,84849.1,1,Office Supplies,Mobile App,Multiple,Debit Card,11,6,4,0.974,0.059,0.029,"Twitter, Facebook, TikTok",118.19
640,44,Male,United States,Dallas,150K+,High School,Unemployed,Widowed,31,134,590.39,79112.26,1,Office Supplies,Marketplace,Mobile,Bank Transfer,4,11,4,0.474,0.053,0.152,"LinkedIn, Instagram, Twitter",127.43
641,35,Female,United States,San Jose,50K-75K,Masters,Student,Single,14,98,472.93,46347.14,17,Home & Kitchen,Marketplace,Tablet,Cash on Delivery,13,13,2,0.011,0.001,0.071,,35.06
642,42,Male,United States,San Diego,25K-50K,Professional,Student,Married,63,169,503.24,85047.56,52,Home & Kitchen,Online,Desktop,Bank Transfer,5,1,1,0.542,0.137,0.234,"Twitter, TikTok",129.72
643,42,Male,United States,Chicago,75K-100K,High School,Unemployed,Single,32,49,591.47,28982.03,29,Pet Supplies,Marketplace,Tablet,Bank Transfer,14,10,5,0.349,0.038,0.105,"Twitter, TikTok",45.82
644,20,Female,United States,Los Angeles,75K-100K,Professional,Unemployed,Divorced,83,199,369.95,73620.05,297,Health & Personal Care,In-Store,Tablet,Digital Wallet,5,1,3,0.039,0.295,0.208,Facebook,103.45
645,51,Male,United States,New York,50K-75K,Masters,Self-Employed,Widowed,13,30,676.97,20309.1,5,Office Supplies,Marketplace,Mobile,Debit Card,13,0,5,0.05,0.203,0.255,"TikTok, Instagram, LinkedIn",108.39
646,83,Male,United States,Phoenix,100K-150K,Masters,Retired,Married,90,64,860.42,55066.88,10,Sports & Fitness,Online,Multiple,Digital Wallet,13,12,1,0.204,0.233,0.263,,179.12
647,76,Male,United States,Los Angeles,50K-75K,Bachelors,Unemployed,Married,5,47,377.79,17756.13,33,Sports & Fitness,Mobile App,Desktop,Cash on Delivery,11,10,5,0.944,0.425,0.098,Twitter,94.48
648,70,Male,United States,Dallas,100K-150K,Bachelors,Unemployed,Single,108,39,811.86,31662.54,311,Grocery,Marketplace,Desktop,Cash on Delivery,15,12,2,0.718,0.458,0.003,"Instagram, Facebook",115.44
649,82,Male,United States,Philadelphia,0-25K,PhD,Unemployed,Single,89,192,295.83,56799.36,5,Health & Personal Care,Mobile App,Multiple,Debit Card,9,1,1,0.439,0.242,0.144,,86.95
650,57,Male,United States,San Antonio,0-25K,Bachelors,Student,Single,61,176,264.81,46606.56,1,Grocery,Marketplace,Mobile,Bank Transfer,1,11,3,0.677,0.425,0.028,TikTok,163.21
651,39,Male,United States,Dallas,150K+,Bachelors,Student,Divorced,18,177,804.45,142387.65,51,Pet Supplies,Online,Tablet,Cash on Delivery,12,7,2,0.988,0.428,0.206,"Facebook, YouTube, Twitter",159.52
652,23,Female,United States,Phoenix,25K-50K,High School,Retired,Widowed,82,191,771.34,147325.94,0,Sports & Fitness,Online,Mobile,Credit Card,11,8,4,0.264,0.338,0.126,"Twitter, Instagram, Facebook",13.35
653,18,Male,United States,San Jose,75K-100K,High School,Employed,Single,55,122,392.2,47848.4,4,Automotive,Online,Tablet,Credit Card,7,6,4,0.286,0.136,0.237,"TikTok, YouTube, LinkedIn",68.99
654,42,Female,United States,San Antonio,150K+,PhD,Self-Employed,Married,49,48,932.1,44740.8,351,Books,In-Store,Tablet,Bank Transfer,18,9,2,0.125,0.403,0.017,,105.9
655,41,Female,United States,Houston,150K+,Professional,Retired,Married,55,159,564.17,89703.03,98,Electronics,Online,Multiple,Cash on Delivery,2,7,2,0.124,0.362,0.095,Instagram,110.88
656,34,Female,United States,San Diego,75K-100K,PhD,Employed,Divorced,28,54,174.03,9397.62,0,Automotive,Online,Desktop,Credit Card,16,7,3,0.62,0.445,0.037,"TikTok, Instagram",50.1
657,24,Male,United States,Phoenix,50K-75K,Masters,Unemployed,Widowed,81,1,760.35,760.35,23,Sports & Fitness,In-Store,Tablet,Cash on Delivery,2,14,2,0.238,0.265,0.01,"LinkedIn, Instagram",70.33
658,62,Female,United States,Chicago,0-25K,Masters,Unemployed,Widowed,74,87,640.71,55741.77,77,Beauty,In-Store,Tablet,Cash on Delivery,11,9,1,0.011,0.162,0.044,,188.55
659,52,Female,United States,Philadelphia,150K+,Bachelors,Self-Employed,Widowed,95,62,339.12,21025.44,0,Books,Marketplace,Desktop,Credit Card,5,5,5,0.497,0.172,0.075,"LinkedIn, Instagram",74.6
660,37,Male,United States,Phoenix,50K-75K,PhD,Unemployed,Single,61,27,605.79,16356.33,99,Beauty,Marketplace,Mobile,Debit Card,7,11,4,0.042,0.175,0.023,"YouTube, Twitter",128.59
661,35,Male,United States,Chicago,0-25K,Masters,Employed,Married,10,80,89.67,7173.6,27,Office Supplies,In-Store,Multiple,Cash on Delivery,1,10,5,0.163,0.231,0.218,"Twitter, LinkedIn, Facebook",82.22
662,39,Male,United States,Dallas,150K+,PhD,Retired,Divorced,119,108,752.68,81289.44,0,Books,Mobile App,Multiple,Bank Transfer,17,1,2,0.988,0.146,0.257,Twitter,185.04
663,20,Female,United States,New York,0-25K,High School,Employed,Single,2,101,396.83,40079.83,23,Pet Supplies,Online,Tablet,Bank Transfer,18,11,5,0.271,0.099,0.153,"Twitter, LinkedIn, YouTube",188.22
664,71,Male,United States,Houston,50K-75K,PhD,Employed,Single,110,73,782.06,57090.38,7,Beauty,Online,Multiple,Digital Wallet,18,6,5,0.391,0.432,0.285,"TikTok, Twitter, LinkedIn",60.03
665,73,Male,United States,Philadelphia,75K-100K,Masters,Self-Employed,Married,92,44,818.24,36002.56,0,Beauty,Online,Mobile,Debit Card,13,8,5,0.601,0.402,0.23,,162.28
666,69,Male,United States,Philadelphia,25K-50K,PhD,Unemployed,Single,9,27,281.24,7593.48,0,Pet Supplies,In-Store,Tablet,Cash on Delivery,5,0,4,0.608,0.426,0.274,"LinkedIn, Facebook",25.63
667,43,Male,United States,New York,150K+,PhD,Employed,Widowed,72,98,933.88,91520.24,3,Pet Supplies,Marketplace,Desktop,Bank Transfer,1,14,4,0.795,0.465,0.037,TikTok,83.42
668,20,Male,United States,San Diego,100K-150K,Masters,Employed,Widowed,95,25,373.08,9327.0,47,Pet Supplies,In-Store,Multiple,Debit Card,2,1,4,0.036,0.46,0.008,,157.87
669,83,Female,United States,San Antonio,150K+,Professional,Retired,Divorced,109,17,812.35,13809.95,3,Toys,Mobile App,Mobile,Digital Wallet,2,6,4,0.056,0.318,0.154,,62.19
670,29,Female,United States,Phoenix,0-25K,Professional,Employed,Married,53,196,693.21,135869.16,65,Sports & Fitness,Mobile App,Tablet,Credit Card,15,6,1,0.219,0.474,0.177,,16.63
671,47,Male,United States,San Jose,25K-50K,High School,Self-Employed,Widowed,88,195,231.08,45060.6,15,Office Supplies,In-Store,Tablet,Digital Wallet,15,6,3,0.854,0.434,0.265,Twitter,134.66
672,54,Female,United States,New York,25K-50K,High School,Unemployed,Widowed,36,53,298.89,15841.17,1,Health & Personal Care,In-Store,Mobile,Bank Transfer,8,3,5,0.144,0.379,0.113,"LinkedIn, Facebook, TikTok",96.52
673,31,Male,United States,San Diego,75K-100K,Bachelors,Self-Employed,Widowed,30,154,691.66,106515.64,1,Health & Personal Care,Online,Desktop,Bank Transfer,7,0,5,0.292,0.123,0.028,,11.96
674,27,Female,United States,New York,50K-75K,PhD,Unemployed,Married,81,124,999.58,123947.92,272,Beauty,In-Store,Multiple,Credit Card,18,10,2,0.365,0.298,0.089,"LinkedIn, Twitter, Facebook",32.91
675,41,Female,United States,San Jose,150K+,Bachelors,Student,Married,18,41,965.43,39582.63,0,Pet Supplies,In-Store,Multiple,Digital Wallet,1,9,5,0.648,0.191,0.163,,120.84
676,33,Female,United States,Dallas,0-25K,Professional,Retired,Married,26,197,205.12,40408.64,63,Fashion,Online,Multiple,Debit Card,16,12,3,0.252,0.497,0.187,TikTok,142.79
677,23,Female,United States,Chicago,150K+,PhD,Retired,Divorced,20,2,965.22,1930.44,355,Health & Personal Care,In-Store,Tablet,Debit Card,11,13,5,0.062,0.201,0.073,"Facebook, TikTok, Twitter",26.72
678,46,Female,United States,San Diego,50K-75K,Masters,Employed,Widowed,27,192,460.85,88483.2,39,Grocery,Mobile App,Tablet,Cash on Delivery,5,0,1,0.977,0.176,0.032,"Instagram, TikTok, LinkedIn",103.19
679,31,Female,United States,San Jose,150K+,PhD,Unemployed,Divorced,63,16,392.79,6284.64,76,Toys,Mobile App,Desktop,Cash on Delivery,1,6,5,0.518,0.163,0.115,"Twitter, Facebook, LinkedIn",178.76
680,22,Male,United States,San Antonio,100K-150K,High School,Retired,Divorced,44,44,865.83,38096.52,84,Health & Personal Care,In-Store,Desktop,Bank Transfer,16,7,1,0.527,0.04,0.299,LinkedIn,114.14
681,31,Female,United States,Chicago,50K-75K,PhD,Self-Employed,Widowed,61,55,16.01,880.55,217,Home & Kitchen,Marketplace,Tablet,Credit Card,2,5,3,0.489,0.381,0.087,"LinkedIn, Twitter",131.27
682,67,Male,United States,New York,100K-150K,Bachelors,Retired,Married,15,101,808.23,81631.23,3,Fashion,Online,Desktop,Cash on Delivery,17,2,1,0.635,0.383,0.067,,163.32
683,34,Male,United States,New York,50K-75K,Bachelors,Self-Employed,Divorced,20,116,781.33,90634.28,116,Automotive,Mobile App,Mobile,Credit Card,2,10,3,0.42,0.046,0.213,"YouTube, Facebook",77.4
684,38,Female,United States,Los Angeles,25K-50K,PhD,Unemployed,Widowed,100,164,122.77,20134.28,30,Grocery,In-Store,Desktop,Bank Transfer,8,7,3,0.693,0.237,0.204,TikTok,137.43
685,68,Female,United States,Chicago,150K+,PhD,Unemployed,Single,30,47,943.5,44344.5,33,Fashion,In-Store,Mobile,Cash on Delivery,18,4,3,0.657,0.114,0.245,"Twitter, TikTok, YouTube",123.67
686,60,Female,United States,Dallas,25K-50K,High School,Student,Widowed,53,155,787.02,121988.1,1,Grocery,Online,Mobile,Debit Card,18,10,3,0.621,0.337,0.293,,101.93
687,21,Male,United States,San Jose,100K-150K,PhD,Retired,Married,83,9,851.93,7667.37,178,Office Supplies,Online,Mobile,Cash on Delivery,18,0,5,0.022,0.007,0.08,"Instagram, Twitter",149.72
688,46,Male,United States,Los Angeles,100K-150K,Masters,Retired,Divorced,39,28,882.62,24713.36,3,Pet Supplies,In-Store,Mobile,Cash on Delivery,17,13,2,0.154,0.398,0.174,"Twitter, LinkedIn, YouTube",24.84
689,31,Female,United States,Chicago,50K-75K,High School,Unemployed,Widowed,60,103,38.56,3971.68,0,Books,In-Store,Mobile,Cash on Delivery,17,11,5,0.792,0.249,0.061,,17.25
690,30,Female,United States,Los Angeles,25K-50K,Bachelors,Employed,Widowed,1,80,199.56,15964.8,3,Sports & Fitness,Online,Mobile,Bank Transfer,11,7,3,0.568,0.464,0.126,,167.64
691,47,Female,United States,San Diego,100K-150K,PhD,Retired,Married,78,77,597.64,46018.28,79,Toys,In-Store,Multiple,Cash on Delivery,7,1,4,0.372,0.122,0.198,"Instagram, TikTok, YouTube",100.89
692,63,Female,United States,Chicago,100K-150K,PhD,Student,Single,51,26,487.54,12676.04,176,Home & Kitchen,Online,Desktop,Credit Card,15,11,5,0.167,0.239,0.222,,77.68
693,23,Female,United States,Philadelphia,50K-75K,PhD,Retired,Divorced,77,60,568.71,34122.6,14,Sports & Fitness,Marketplace,Desktop,Credit Card,16,13,4,0.039,0.468,0.1,Facebook,6.99
694,25,Female,United States,Los Angeles,75K-100K,PhD,Unemployed,Single,10,146,324.48,47374.08,1,Electronics,In-Store,Mobile,Digital Wallet,0,3,2,0.647,0.159,0.202,,5.34
695,69,Male,United States,Chicago,100K-150K,PhD,Unemployed,Married,9,18,828.91,14920.38,5,Grocery,In-Store,Tablet,Cash on Delivery,12,6,1,0.872,0.178,0.2,"LinkedIn, Instagram, Twitter",29.5
696,54,Female,United States,New York,50K-75K,Masters,Employed,Married,72,36,492.79,17740.44,27,Books,Marketplace,Multiple,Bank Transfer,14,0,2,0.366,0.167,0.19,Facebook,192.56
697,51,Female,United States,San Antonio,0-25K,Bachelors,Self-Employed,Divorced,5,6,352.45,2114.7,31,Home & Kitchen,Online,Mobile,Digital Wallet,0,0,5,0.906,0.203,0.242,YouTube,62.54
698,57,Female,United States,Houston,75K-100K,High School,Employed,Single,112,10,664.91,6649.1,1,Health & Personal Care,Marketplace,Mobile,Bank Transfer,11,0,1,0.043,0.316,0.183,Instagram,176.68
699,71,Male,United States,San Jose,0-25K,High School,Retired,Married,70,121,45.19,5467.99,4,Automotive,Online,Desktop,Debit Card,11,0,5,0.318,0.421,0.214,"Twitter, TikTok",43.09
700,67,Female,United States,San Diego,75K-100K,PhD,Self-Employed,Widowed,72,114,316.25,36052.5,32,Electronics,Mobile App,Desktop,Digital Wallet,18,12,4,0.893,0.486,0.106,,190.95
701,69,Male,United States,San Jose,0-25K,Masters,Retired,Single,77,23,957.48,22022.04,16,Toys,Marketplace,Mobile,Credit Card,5,14,4,0.066,0.29,0.125,"Facebook, TikTok, YouTube",131.52
702,46,Male,United States,Phoenix,75K-100K,Masters,Retired,Single,102,186,419.14,77960.04,16,Pet Supplies,Mobile App,Mobile,Credit Card,17,13,5,0.321,0.458,0.288,"Facebook, TikTok",70.8
703,19,Male,United States,San Antonio,75K-100K,Bachelors,Self-Employed,Divorced,22,83,786.59,65286.97,131,Home & Kitchen,Online,Multiple,Cash on Delivery,1,6,5,0.929,0.39,0.013,,87.01
704,32,Female,United States,New York,50K-75K,Bachelors,Student,Widowed,113,44,806.88,35502.72,3,Fashion,Mobile App,Multiple,Debit Card,6,4,5,0.94,0.468,0.103,,168.46
705,54,Female,United States,Houston,100K-150K,High School,Unemployed,Widowed,21,33,330.58,10909.14,55,Sports & Fitness,In-Store,Multiple,Credit Card,13,14,5,0.69,0.358,0.283,Twitter,60.19
706,54,Female,United States,Phoenix,50K-75K,High School,Student,Married,36,164,723.63,118675.32,0,Books,Online,Mobile,Debit Card,8,0,5,0.606,0.251,0.137,TikTok,13.91
707,35,Male,United States,San Diego,25K-50K,High School,Employed,Divorced,94,77,308.72,23771.44,196,Pet Supplies,Marketplace,Tablet,Credit Card,1,2,1,0.492,0.287,0.197,TikTok,62.4
708,40,Female,United States,Phoenix,100K-150K,PhD,Self-Employed,Married,12,147,329.9,48495.3,1,Sports & Fitness,Online,Tablet,Cash on Delivery,19,14,1,0.301,0.359,0.097,"YouTube, TikTok",29.14
709,42,Female,United States,Dallas,150K+,Masters,Retired,Married,64,77,491.12,37816.24,156,Grocery,Online,Mobile,Digital Wallet,10,9,4,0.996,0.069,0.001,TikTok,190.65
710,82,Male,United States,San Jose,150K+,High School,Unemployed,Widowed,81,75,188.71,14153.25,1,Beauty,Mobile App,Mobile,Bank Transfer,10,9,3,0.222,0.176,0.225,"Instagram, Facebook",161.62
711,45,Male,United States,Los Angeles,75K-100K,Masters,Employed,Widowed,14,184,685.33,126100.72,81,Toys,Marketplace,Multiple,Bank Transfer,14,6,4,0.865,0.397,0.124,LinkedIn,93.85
712,20,Female,United States,Chicago,50K-75K,Bachelors,Employed,Widowed,111,125,311.83,38978.75,78,Grocery,Online,Tablet,Credit Card,0,11,5,0.037,0.222,0.231,LinkedIn,111.29
713,79,Male,United States,Houston,25K-50K,Bachelors,Retired,Widowed,56,121,498.53,60322.13,2,Grocery,Mobile App,Tablet,Debit Card,16,1,3,0.406,0.049,0.241,YouTube,106.14
714,39,Male,United States,Los Angeles,100K-150K,Bachelors,Employed,Married,20,58,294.37,17073.46,0,Automotive,Mobile App,Desktop,Debit Card,3,10,5,0.855,0.408,0.187,"Facebook, TikTok",176.5
715,40,Male,United States,Phoenix,150K+,Bachelors,Self-Employed,Widowed,118,173,207.66,35925.18,1,Health & Personal Care,In-Store,Mobile,Bank Transfer,5,10,4,0.525,0.146,0.054,,190.36
716,49,Female,United States,Houston,50K-75K,Bachelors,Employed,Single,20,11,838.87,9227.57,30,Health & Personal Care,Mobile App,Multiple,Digital Wallet,2,13,4,0.901,0.112,0.22,,8.61
717,20,Male,United States,Phoenix,0-25K,Bachelors,Self-Employed,Widowed,86,163,97.02,15814.26,1,Beauty,Mobile App,Multiple,Credit Card,19,13,4,0.95,0.135,0.08,,7.49
718,43,Male,United States,San Antonio,75K-100K,High School,Student,Single,45,130,785.55,102121.5,86,Toys,Online,Multiple,Credit Card,15,5,3,0.211,0.146,0.279,"Twitter, Facebook, TikTok",29.6
719,40,Male,United States,Phoenix,100K-150K,Professional,Employed,Divorced,103,170,310.76,52829.2,30,Grocery,Mobile App,Multiple,Credit Card,1,13,2,0.825,0.097,0.232,,183.69
720,32,Male,United States,Dallas,100K-150K,Masters,Student,Single,66,157,640.17,100506.69,13,Pet Supplies,Mobile App,Tablet,Digital Wallet,14,5,2,0.212,0.005,0.005,,46.54
721,61,Female,United States,Dallas,50K-75K,Professional,Employed,Married,19,152,526.21,79983.92,0,Home & Kitchen,Online,Mobile,Digital Wallet,4,8,3,0.971,0.395,0.235,"LinkedIn, Instagram",8.18
722,50,Male,United States,Chicago,25K-50K,Masters,Self-Employed,Single,44,73,810.16,59141.68,324,Home & Kitchen,Mobile App,Tablet,Cash on Delivery,16,1,5,0.766,0.488,0.295,"LinkedIn, Facebook",45.93
723,55,Male,United States,Philadelphia,25K-50K,Professional,Employed,Widowed,49,132,468.28,61812.96,63,Electronics,Marketplace,Mobile,Credit Card,13,3,5,0.928,0.027,0.094,"Facebook, YouTube, TikTok",164.8
724,40,Male,United States,New York,100K-150K,Bachelors,Self-Employed,Married,107,40,425.55,17022.0,21,Beauty,Online,Multiple,Digital Wallet,16,13,3,0.823,0.059,0.022,"Instagram, TikTok",111.89
725,64,Female,United States,Dallas,150K+,Bachelors,Unemployed,Divorced,55,14,222.0,3108.0,2,Office Supplies,Online,Desktop,Debit Card,6,10,1,0.684,0.448,0.078,"Instagram, LinkedIn",193.71
726,28,Female,United States,Chicago,75K-100K,High School,Unemployed,Married,94,136,402.33,54716.88,8,Home & Kitchen,Marketplace,Multiple,Debit Card,18,8,3,0.516,0.433,0.161,,128.91
727,37,Female,United States,New York,150K+,Bachelors,Employed,Divorced,61,161,705.05,113513.05,1,Grocery,Online,Mobile,Digital Wallet,2,14,5,0.426,0.174,0.12,"Facebook, Instagram",192.55
728,43,Male,United States,Dallas,75K-100K,PhD,Retired,Widowed,3,22,238.0,5236.0,1,Pet Supplies,Mobile App,Multiple,Debit Card,14,4,1,0.577,0.281,0.049,Twitter,76.77
729,63,Male,United States,Philadelphia,0-25K,Masters,Retired,Divorced,63,101,915.98,92513.98,7,Toys,Marketplace,Tablet,Bank Transfer,18,12,3,0.658,0.361,0.157,Instagram,60.33
730,37,Female,United States,Houston,50K-75K,PhD,Student,Single,55,23,142.77,3283.71,15,Fashion,Mobile App,Desktop,Bank Transfer,16,12,3,0.534,0.013,0.12,"Instagram, TikTok, YouTube",66.91
731,36,Male,United States,New York,150K+,Bachelors,Unemployed,Divorced,42,43,770.14,33116.02,79,Office Supplies,In-Store,Tablet,Credit Card,15,11,1,0.442,0.187,0.015,"Twitter, Facebook, LinkedIn",158.75
732,44,Female,United States,San Diego,150K+,High School,Self-Employed,Widowed,84,20,501.02,10020.4,44,Pet Supplies,In-Store,Tablet,Debit Card,0,10,5,0.479,0.447,0.085,,63.61
733,75,Female,United States,Dallas,0-25K,High School,Unemployed,Widowed,74,17,34.55,587.35,0,Automotive,Marketplace,Desktop,Debit Card,14,5,1,0.716,0.323,0.236,"LinkedIn, Twitter",157.6
734,19,Male,United States,New York,100K-150K,Bachelors,Retired,Married,13,139,990.46,137673.94,312,Books,Marketplace,Tablet,Digital Wallet,19,11,5,0.179,0.182,0.178,"LinkedIn, TikTok",185.4
735,58,Female,United States,Philadelphia,0-25K,PhD,Student,Single,97,70,667.69,46738.3,221,Fashion,In-Store,Tablet,Cash on Delivery,7,4,4,0.41,0.333,0.073,"LinkedIn, Twitter",134.46
736,41,Male,United States,San Antonio,100K-150K,Bachelors,Student,Single,71,24,411.51,9876.24,301,Health & Personal Care,Online,Desktop,Cash on Delivery,8,13,3,0.283,0.273,0.244,"TikTok, Facebook, LinkedIn",60.94
737,66,Male,United States,Los Angeles,75K-100K,High School,Student,Widowed,90,52,849.75,44187.0,23,Health & Personal Care,Mobile App,Mobile,Digital Wallet,8,14,5,0.376,0.42,0.291,LinkedIn,171.43
738,45,Female,United States,San Jose,50K-75K,High School,Employed,Single,98,107,419.74,44912.18,2,Home & Kitchen,Marketplace,Tablet,Bank Transfer,18,4,4,0.512,0.114,0.179,"YouTube, TikTok, Instagram",160.43
739,46,Male,United States,New York,50K-75K,High School,Employed,Married,91,108,512.16,55313.28,10,Books,In-Store,Tablet,Cash on Delivery,15,4,4,0.88,0.375,0.112,"Twitter, Instagram",68.58
740,19,Male,United States,Dallas,50K-75K,High School,Employed,Single,2,114,135.33,15427.62,101,Office Supplies,Online,Mobile,Digital Wallet,10,13,5,0.251,0.225,0.276,LinkedIn,57.64
741,80,Female,United States,Houston,75K-100K,Masters,Self-Employed,Married,34,150,223.41,33511.5,340,Electronics,Marketplace,Tablet,Debit Card,13,7,4,0.999,0.032,0.299,TikTok,83.95
742,73,Male,United States,San Jose,150K+,Professional,Self-Employed,Married,5,19,321.89,6115.91,3,Office Supplies,Mobile App,Tablet,Credit Card,3,2,1,0.911,0.289,0.153,"Instagram, LinkedIn, YouTube",156.15
743,77,Male,United States,Philadelphia,150K+,Professional,Retired,Married,73,60,470.78,28246.8,13,Toys,Marketplace,Mobile,Debit Card,8,5,5,0.6,0.143,0.042,,75.38
744,24,Male,United States,Chicago,50K-75K,Bachelors,Employed,Single,63,41,28.79,1180.39,111,Sports & Fitness,Online,Mobile,Digital Wallet,7,6,4,0.916,0.284,0.221,,46.76
745,51,Male,United States,Los Angeles,0-25K,Masters,Retired,Single,100,15,988.84,14832.6,2,Beauty,Marketplace,Mobile,Digital Wallet,8,2,1,0.414,0.095,0.174,,95.52
746,37,Male,United States,New York,150K+,High School,Unemployed,Divorced,77,193,636.87,122915.91,64,Grocery,Marketplace,Tablet,Digital Wallet,13,14,1,0.052,0.477,0.151,TikTok,48.05
747,50,Male,United States,San Antonio,25K-50K,PhD,Retired,Widowed,64,160,932.15,149144.0,59,Electronics,Online,Tablet,Digital Wallet,1,14,3,0.546,0.456,0.003,"Twitter, Instagram, YouTube",153.69
748,65,Male,United States,Chicago,100K-150K,Bachelors,Unemployed,Single,106,11,650.34,7153.74,24,Toys,Marketplace,Mobile,Cash on Delivery,4,8,5,0.246,0.499,0.293,LinkedIn,143.54
749,21,Female,United States,Houston,75K-100K,Professional,Student,Married,113,115,41.2,4738.0,357,Sports & Fitness,Online,Desktop,Cash on Delivery,2,6,1,0.882,0.394,0.274,"Facebook, Instagram, YouTube",182.4
750,51,Male,United States,San Diego,25K-50K,Masters,Self-Employed,Divorced,112,131,184.41,24157.71,293,Toys,Mobile App,Tablet,Cash on Delivery,10,3,4,0.674,0.463,0.207,"Instagram, YouTube, LinkedIn",163.33
751,55,Male,United States,San Diego,75K-100K,Bachelors,Self-Employed,Divorced,118,88,67.74,5961.12,72,Home & Kitchen,Online,Tablet,Credit Card,11,5,4,0.971,0.23,0.141,"Facebook, LinkedIn",28.46
752,39,Male,United States,Houston,100K-150K,PhD,Retired,Divorced,28,136,946.99,128790.64,273,Books,In-Store,Tablet,Digital Wallet,12,2,5,0.112,0.355,0.071,"LinkedIn, Instagram, YouTube",14.09
753,50,Male,United States,Philadelphia,50K-75K,High School,Employed,Single,76,33,775.33,25585.89,295,Books,Marketplace,Multiple,Digital Wallet,10,5,1,0.889,0.119,0.259,,189.74
754,30,Male,United States,Philadelphia,100K-150K,PhD,Employed,Married,35,39,341.38,13313.82,5,Pet Supplies,Online,Mobile,Bank Transfer,14,4,5,0.975,0.477,0.034,"Twitter, YouTube",6.48
755,53,Female,United States,New York,100K-150K,Bachelors,Student,Married,36,153,444.66,68032.98,0,Grocery,Online,Desktop,Cash on Delivery,7,7,2,0.957,0.417,0.211,,148.83
756,52,Male,United States,San Antonio,25K-50K,Professional,Employed,Single,81,150,420.36,63054.0,1,Automotive,Online,Tablet,Bank Transfer,10,0,1,0.391,0.416,0.193,"Facebook, TikTok",38.56
757,59,Female,United States,Phoenix,150K+,Masters,Employed,Single,7,79,981.17,77512.43,66,Automotive,Mobile App,Mobile,Cash on Delivery,11,5,4,0.687,0.086,0.108,"YouTube, TikTok, Facebook",87.31
758,29,Female,United States,Phoenix,50K-75K,Professional,Retired,Divorced,114,70,345.16,24161.2,249,Home & Kitchen,Online,Desktop,Debit Card,15,8,5,0.448,0.487,0.291,"Facebook, LinkedIn, Twitter",136.89
759,81,Female,United States,San Diego,25K-50K,PhD,Employed,Divorced,8,3,120.88,362.64,84,Electronics,In-Store,Tablet,Credit Card,18,12,4,0.231,0.14,0.106,"Twitter, Facebook, LinkedIn",26.32
760,38,Male,United States,San Jose,25K-50K,Masters,Student,Divorced,21,193,40.18,7754.74,1,Fashion,In-Store,Tablet,Digital Wallet,2,2,2,0.231,0.278,0.122,"Instagram, YouTube, LinkedIn",99.51
761,65,Male,United States,Chicago,0-25K,Professional,Unemployed,Divorced,93,115,802.94,92338.1,0,Automotive,Marketplace,Desktop,Credit Card,4,13,5,0.495,0.447,0.113,Twitter,96.52
762,64,Male,United States,Chicago,50K-75K,Bachelors,Student,Divorced,25,177,518.95,91854.15,0,Health & Personal Care,Online,Tablet,Bank Transfer,1,6,5,0.422,0.489,0.077,"Twitter, Instagram",175.9
763,51,Male,United States,Dallas,75K-100K,Bachelors,Student,Widowed,52,134,681.01,91255.34,4,Sports & Fitness,Online,Tablet,Digital Wallet,10,5,2,0.427,0.334,0.265,,110.28
764,24,Female,United States,Philadelphia,75K-100K,High School,Self-Employed,Widowed,80,118,950.25,112129.5,3,Automotive,Online,Tablet,Digital Wallet,11,7,2,0.963,0.259,0.079,"Facebook, LinkedIn, TikTok",98.85
765,65,Male,United States,San Antonio,75K-100K,PhD,Student,Single,53,162,786.8,127461.6,83,Electronics,Online,Multiple,Debit Card,3,0,4,0.65,0.371,0.141,"TikTok, YouTube",167.22
766,18,Female,United States,San Jose,75K-100K,PhD,Retired,Single,115,188,107.83,20272.04,2,Sports & Fitness,Marketplace,Mobile,Debit Card,9,8,3,0.959,0.35,0.111,,153.68
767,22,Female,United States,New York,50K-75K,Bachelors,Employed,Married,117,165,930.59,153547.35,6,Pet Supplies,In-Store,Multiple,Bank Transfer,0,1,4,0.903,0.101,0.03,"LinkedIn, Facebook",153.13
768,63,Male,United States,Los Angeles,50K-75K,PhD,Student,Divorced,91,61,222.63,13580.43,7,Health & Personal Care,Mobile App,Tablet,Digital Wallet,9,13,3,0.763,0.085,0.128,"YouTube, Facebook, Twitter",124.94
769,58,Female,United States,Los Angeles,100K-150K,PhD,Student,Single,21,44,219.92,9676.48,1,Toys,Mobile App,Mobile,Cash on Delivery,6,14,4,0.996,0.168,0.007,"YouTube, Facebook, LinkedIn",56.22
770,57,Male,United States,San Antonio,100K-150K,High School,Employed,Widowed,19,145,306.58,44454.1,30,Grocery,Online,Desktop,Credit Card,16,9,5,0.011,0.329,0.231,"YouTube, TikTok, Twitter",100.77
771,35,Male,United States,Los Angeles,50K-75K,Bachelors,Employed,Widowed,100,52,934.18,48577.36,6,Electronics,Marketplace,Desktop,Bank Transfer,10,5,1,0.037,0.05,0.265,YouTube,163.28
772,31,Female,United States,Philadelphia,25K-50K,Professional,Retired,Married,26,112,120.32,13475.84,1,Books,Online,Multiple,Debit Card,18,6,3,0.416,0.014,0.157,,123.25
773,26,Female,United States,New York,0-25K,PhD,Retired,Divorced,100,70,432.64,30284.8,229,Beauty,Online,Mobile,Debit Card,2,2,1,0.899,0.087,0.108,LinkedIn,150.16
774,51,Female,United States,Chicago,50K-75K,Masters,Retired,Divorced,104,68,134.89,9172.52,19,Home & Kitchen,Online,Multiple,Debit Card,13,11,4,0.077,0.449,0.216,"Instagram, Facebook, YouTube",151.32
775,32,Male,United States,San Jose,50K-75K,Bachelors,Student,Married,23,22,611.76,13458.72,148,Sports & Fitness,In-Store,Multiple,Digital Wallet,6,11,2,0.793,0.477,0.291,LinkedIn,157.29
776,78,Female,United States,New York,50K-75K,PhD,Employed,Widowed,109,166,144.4,23970.4,11,Automotive,Marketplace,Multiple,Cash on Delivery,9,4,3,0.872,0.15,0.045,"TikTok, Twitter",37.34
777,84,Female,United States,Houston,0-25K,High School,Unemployed,Divorced,115,89,441.49,39292.61,6,Pet Supplies,Mobile App,Tablet,Cash on Delivery,19,8,4,0.487,0.418,0.132,"Twitter, TikTok, Instagram",147.51
778,61,Female,United States,Houston,50K-75K,Masters,Self-Employed,Married,66,96,318.79,30603.84,291,Home & Kitchen,Online,Tablet,Cash on Delivery,17,3,1,0.271,0.345,0.191,"YouTube, Instagram",102.1
779,21,Female,United States,Phoenix,75K-100K,Professional,Retired,Widowed,58,107,745.56,79774.92,25,Toys,Mobile App,Tablet,Cash on Delivery,10,13,1,0.613,0.149,0.248,"LinkedIn, Instagram, Twitter",44.16
780,82,Female,United States,San Jose,50K-75K,PhD,Retired,Single,112,167,648.18,108246.06,19,Health & Personal Care,Marketplace,Desktop,Cash on Delivery,17,9,4,0.16,0.201,0.083,Facebook,160.42
781,24,Male,United States,Houston,150K+,High School,Retired,Widowed,41,85,991.17,84249.45,18,Office Supplies,Online,Desktop,Bank Transfer,14,14,3,0.72,0.079,0.163,,56.94
782,44,Male,United States,San Jose,25K-50K,Bachelors,Retired,Single,10,155,49.21,7627.55,1,Books,Mobile App,Multiple,Debit Card,9,7,2,0.627,0.188,0.096,,163.12
783,65,Female,United States,New York,0-25K,High School,Unemployed,Divorced,119,164,961.64,157708.96,1,Sports & Fitness,Online,Desktop,Debit Card,12,9,4,0.099,0.124,0.271,Facebook,94.28
784,20,Female,United States,San Jose,100K-150K,Bachelors,Employed,Married,101,105,530.49,55701.45,4,Sports & Fitness,In-Store,Tablet,Debit Card,2,10,2,0.544,0.006,0.041,,89.77
785,62,Male,United States,Phoenix,100K-150K,Bachelors,Unemployed,Single,71,165,279.17,46063.05,0,Office Supplies,Online,Multiple,Debit Card,0,8,5,0.771,0.183,0.163,"Instagram, YouTube, LinkedIn",79.64
786,37,Female,United States,Los Angeles,50K-75K,Bachelors,Unemployed,Married,37,101,952.79,96231.79,2,Pet Supplies,Marketplace,Desktop,Credit Card,12,14,3,0.261,0.329,0.263,Facebook,70.44
787,55,Male,United States,Chicago,50K-75K,High School,Student,Widowed,75,86,177.03,15224.58,0,Grocery,In-Store,Desktop,Credit Card,12,5,3,0.044,0.198,0.124,"Instagram, Twitter, Facebook",28.74
788,35,Male,United States,Dallas,0-25K,Bachelors,Student,Married,3,37,328.7,12161.9,3,Grocery,In-Store,Tablet,Digital Wallet,18,3,4,0.43,0.078,0.219,YouTube,40.11
789,50,Female,United States,Philadelphia,0-25K,PhD,Self-Employed,Single,93,60,431.98,25918.8,57,Health & Personal Care,In-Store,Tablet,Credit Card,11,7,4,0.82,0.131,0.146,,53.44
790,76,Male,United States,San Antonio,100K-150K,Bachelors,Unemployed,Widowed,76,108,530.17,57258.36,10,Grocery,Marketplace,Desktop,Digital Wallet,18,8,5,0.988,0.083,0.238,TikTok,126.58
791,49,Male,United States,San Jose,25K-50K,Masters,Self-Employed,Single,89,54,670.47,36205.38,3,Grocery,Marketplace,Mobile,Bank Transfer,13,3,2,0.883,0.117,0.283,TikTok,124.6
792,62,Male,United States,Los Angeles,75K-100K,PhD,Unemployed,Widowed,44,19,892.08,16949.52,63,Grocery,Marketplace,Desktop,Digital Wallet,12,11,1,0.084,0.066,0.006,"LinkedIn, Facebook, YouTube",31.4
793,18,Female,United States,Dallas,25K-50K,Masters,Retired,Divorced,48,27,935.16,25249.32,58,Electronics,Online,Multiple,Credit Card,6,8,4,0.801,0.112,0.146,"LinkedIn, Twitter, Instagram",30.45
794,28,Female,United States,Houston,50K-75K,Professional,Employed,Single,109,51,523.89,26718.39,1,Office Supplies,Online,Mobile,Credit Card,2,12,2,0.855,0.058,0.242,Facebook,104.5
795,22,Male,United States,San Antonio,50K-75K,PhD,Self-Employed,Widowed,71,150,804.85,120727.5,1,Automotive,Mobile App,Desktop,Bank Transfer,7,9,1,0.428,0.112,0.119,,134.88
796,38,Female,United States,San Jose,0-25K,PhD,Retired,Divorced,37,150,527.82,79173.0,15,Office Supplies,Online,Tablet,Credit Card,6,10,1,0.496,0.05,0.201,TikTok,135.43
797,48,Female,United States,Philadelphia,150K+,PhD,Unemployed,Married,54,179,219.85,39353.15,93,Home & Kitchen,Online,Multiple,Digital Wallet,11,2,5,0.091,0.178,0.162,,40.6
798,19,Male,United States,Dallas,50K-75K,Professional,Unemployed,Widowed,36,140,926.01,129641.4,4,Electronics,In-Store,Mobile,Digital Wallet,10,0,5,0.675,0.228,0.163,Twitter,10.65
799,36,Female,United States,New York,100K-150K,Masters,Student,Married,115,5,601.27,3006.35,19,Automotive,Marketplace,Mobile,Cash on Delivery,10,8,2,0.879,0.294,0.132,,9.79
800,54,Female,United States,Phoenix,100K-150K,PhD,Self-Employed,Widowed,33,182,612.44,111464.08,24,Beauty,In-Store,Tablet,Debit Card,11,14,3,0.548,0.282,0.164,"LinkedIn, TikTok, YouTube",87.08
801,36,Female,United States,Phoenix,25K-50K,Bachelors,Self-Employed,Widowed,113,79,464.32,36681.28,20,Health & Personal Care,In-Store,Desktop,Cash on Delivery,9,7,3,0.007,0.477,0.06,"TikTok, Twitter",181.57
802,54,Female,United States,Houston,25K-50K,PhD,Employed,Single,70,154,190.64,29358.56,1,Pet Supplies,In-Store,Multiple,Bank Transfer,17,11,2,0.083,0.454,0.17,"YouTube, TikTok, Instagram",53.8
803,32,Male,United States,Houston,75K-100K,Masters,Student,Widowed,23,188,201.64,37908.32,3,Toys,Mobile App,Multiple,Cash on Delivery,13,10,1,0.74,0.186,0.219,"Facebook, YouTube",145.81
804,23,Female,United States,Dallas,25K-50K,Bachelors,Employed,Single,3,117,544.99,63763.83,7,Pet Supplies,Online,Multiple,Cash on Delivery,1,5,1,0.348,0.132,0.212,YouTube,22.12
805,80,Female,United States,San Diego,25K-50K,Professional,Employed,Married,5,176,309.0,54384.0,1,Books,In-Store,Desktop,Digital Wallet,4,1,1,0.751,0.257,0.159,"LinkedIn, TikTok, Instagram",183.06
806,72,Female,United States,Phoenix,25K-50K,High School,Retired,Single,51,144,519.8,74851.2,1,Books,Online,Mobile,Digital Wallet,3,7,1,0.011,0.443,0.133,"Facebook, LinkedIn, TikTok",63.94
807,50,Female,United States,Phoenix,150K+,Masters,Self-Employed,Divorced,102,134,999.44,133924.96,130,Home & Kitchen,Mobile App,Multiple,Digital Wallet,4,9,3,0.464,0.464,0.057,"LinkedIn, YouTube",20.37
808,41,Female,United States,Houston,0-25K,Professional,Employed,Married,41,57,426.77,24325.89,25,Home & Kitchen,Marketplace,Multiple,Digital Wallet,13,12,2,0.549,0.256,0.116,YouTube,190.8
809,25,Female,United States,Dallas,75K-100K,Masters,Employed,Widowed,51,151,728.1,109943.1,3,Fashion,Mobile App,Multiple,Digital Wallet,17,7,4,0.486,0.325,0.097,"TikTok, Twitter, Instagram",28.07
810,58,Female,United States,Phoenix,100K-150K,Bachelors,Student,Divorced,53,36,385.06,13862.16,128,Office Supplies,Marketplace,Mobile,Bank Transfer,14,10,5,0.385,0.297,0.064,Twitter,100.46
811,64,Male,United States,Phoenix,150K+,Bachelors,Employed,Married,46,173,41.63,7201.99,266,Home & Kitchen,In-Store,Mobile,Bank Transfer,6,13,5,0.119,0.308,0.241,"TikTok, LinkedIn, Instagram",183.41
812,62,Male,United States,Phoenix,50K-75K,High School,Unemployed,Divorced,80,192,23.69,4548.48,33,Beauty,In-Store,Desktop,Debit Card,15,10,2,0.616,0.177,0.237,,159.23
813,58,Female,United States,Dallas,150K+,High School,Unemployed,Divorced,54,44,396.83,17460.52,202,Home & Kitchen,Online,Tablet,Bank Transfer,14,3,5,0.867,0.01,0.289,,163.5
814,55,Male,United States,Dallas,75K-100K,Bachelors,Student,Widowed,88,95,580.3,55128.5,16,Fashion,In-Store,Mobile,Credit Card,0,0,2,0.221,0.432,0.09,Twitter,79.84
815,54,Male,United States,Los Angeles,25K-50K,Bachelors,Self-Employed,Married,14,1,435.24,435.24,28,Toys,Online,Tablet,Bank Transfer,9,2,5,0.191,0.112,0.212,"Facebook, YouTube, LinkedIn",164.44
816,38,Female,United States,Phoenix,100K-150K,Bachelors,Employed,Divorced,77,101,540.66,54606.66,1,Books,In-Store,Desktop,Debit Card,19,7,3,0.279,0.194,0.001,LinkedIn,13.26
817,23,Female,United States,Dallas,25K-50K,PhD,Employed,Single,93,198,399.72,79144.56,19,Office Supplies,In-Store,Mobile,Digital Wallet,3,7,2,0.796,0.431,0.284,"TikTok, YouTube, Facebook",30.01
818,30,Female,United States,Chicago,75K-100K,PhD,Self-Employed,Divorced,78,155,147.26,22825.3,75,Toys,Marketplace,Tablet,Cash on Delivery,6,5,2,0.934,0.388,0.233,,156.98
819,84,Male,United States,Phoenix,150K+,PhD,Employed,Single,108,190,263.85,50131.5,0,Pet Supplies,Mobile App,Multiple,Credit Card,9,9,4,0.933,0.032,0.081,"YouTube, TikTok",139.08
820,22,Male,United States,Houston,50K-75K,Professional,Unemployed,Divorced,11,11,587.52,6462.72,6,Books,Mobile App,Multiple,Credit Card,1,0,1,0.962,0.045,0.159,YouTube,91.52
821,60,Male,United States,Chicago,0-25K,Masters,Self-Employed,Single,37,160,448.35,71736.0,1,Office Supplies,In-Store,Mobile,Debit Card,5,10,1,0.263,0.382,0.192,,134.59
822,82,Male,United States,Houston,0-25K,Professional,Student,Widowed,3,16,415.75,6652.0,0,Health & Personal Care,Mobile App,Tablet,Debit Card,4,0,1,0.353,0.136,0.044,Instagram,63.35
823,32,Male,United States,San Diego,25K-50K,PhD,Employed,Married,87,169,865.78,146316.82,14,Pet Supplies,Mobile App,Tablet,Debit Card,16,4,2,0.777,0.457,0.128,YouTube,79.03
824,62,Male,United States,New York,0-25K,Bachelors,Unemployed,Divorced,65,63,801.92,50520.96,14,Office Supplies,Marketplace,Multiple,Bank Transfer,1,2,1,0.569,0.485,0.141,YouTube,12.52
825,19,Male,United States,San Diego,100K-150K,PhD,Student,Divorced,20,114,724.51,82594.14,179,Home & Kitchen,In-Store,Multiple,Cash on Delivery,7,4,4,0.902,0.276,0.128,LinkedIn,87.83
826,40,Male,United States,Dallas,25K-50K,Bachelors,Retired,Married,8,98,165.94,16262.12,7,Sports & Fitness,Marketplace,Tablet,Digital Wallet,7,2,2,0.515,0.432,0.254,"Facebook, LinkedIn, Twitter",131.06
827,20,Female,United States,Phoenix,50K-75K,Professional,Employed,Divorced,85,124,755.38,93667.12,0,Home & Kitchen,Online,Desktop,Digital Wallet,13,14,5,0.415,0.28,0.175,"LinkedIn, YouTube, TikTok",118.12
828,44,Male,United States,San Antonio,150K+,High School,Retired,Widowed,89,59,781.33,46098.47,41,Home & Kitchen,Mobile App,Desktop,Credit Card,5,1,1,0.352,0.132,0.103,,120.83
829,50,Male,United States,Philadelphia,100K-150K,PhD,Self-Employed,Single,116,69,432.56,29846.64,12,Fashion,Marketplace,Mobile,Bank Transfer,11,4,3,0.02,0.499,0.143,"Twitter, LinkedIn, TikTok",53.01
830,39,Female,United States,New York,0-25K,Professional,Employed,Widowed,69,115,379.52,43644.8,280,Automotive,Online,Mobile,Digital Wallet,19,0,2,0.302,0.152,0.02,"TikTok, Facebook",197.89
831,35,Female,United States,Houston,100K-150K,Bachelors,Student,Married,65,54,20.39,1101.06,348,Toys,Mobile App,Desktop,Digital Wallet,19,8,2,0.57,0.485,0.223,,30.41
832,29,Female,United States,Houston,25K-50K,PhD,Self-Employed,Single,58,163,79.53,12963.39,109,Fashion,Marketplace,Mobile,Cash on Delivery,10,4,2,0.481,0.329,0.13,,111.31
833,35,Male,United States,San Antonio,100K-150K,Professional,Retired,Married,14,2,304.03,608.06,6,Automotive,Mobile App,Desktop,Cash on Delivery,3,10,3,0.145,0.186,0.292,,126.29
834,22,Female,United States,Phoenix,150K+,High School,Unemployed,Divorced,15,39,70.89,2764.71,82,Fashion,In-Store,Tablet,Cash on Delivery,5,12,2,0.767,0.444,0.044,"Facebook, Twitter",52.47
835,42,Female,United States,Philadelphia,50K-75K,PhD,Student,Divorced,36,115,663.59,76312.85,23,Health & Personal Care,Mobile App,Tablet,Bank Transfer,0,6,3,0.864,0.208,0.173,LinkedIn,131.39
836,62,Female,United States,Phoenix,150K+,PhD,Unemployed,Divorced,99,40,581.04,23241.6,83,Home & Kitchen,Mobile App,Mobile,Digital Wallet,16,11,2,0.76,0.198,0.125,,101.74
837,58,Female,United States,Houston,25K-50K,Masters,Self-Employed,Single,96,123,128.65,15823.95,27,Electronics,Marketplace,Mobile,Debit Card,8,9,4,0.759,0.484,0.217,TikTok,106.03
838,42,Male,United States,Philadelphia,25K-50K,High School,Retired,Widowed,35,111,829.28,92050.08,0,Toys,In-Store,Multiple,Debit Card,16,9,2,0.612,0.21,0.027,,15.23
839,22,Male,United States,Phoenix,0-25K,Professional,Self-Employed,Widowed,21,55,319.11,17551.05,74,Office Supplies,In-Store,Tablet,Debit Card,8,4,4,0.417,0.448,0.121,YouTube,8.57
840,26,Female,United States,Los Angeles,0-25K,Bachelors,Student,Married,118,3,258.88,776.64,3,Electronics,Marketplace,Mobile,Credit Card,2,4,1,0.663,0.461,0.251,"Facebook, YouTube, Instagram",146.12
841,67,Female,United States,Los Angeles,100K-150K,Masters,Unemployed,Single,106,98,256.56,25142.88,7,Electronics,Marketplace,Tablet,Debit Card,11,5,5,0.86,0.321,0.285,"Instagram, Facebook",27.3
842,37,Male,United States,Phoenix,75K-100K,High School,Retired,Single,98,165,899.24,148374.6,19,Home & Kitchen,Marketplace,Desktop,Credit Card,4,2,3,0.259,0.338,0.226,"Facebook, TikTok",183.41
843,43,Female,United States,San Diego,150K+,PhD,Student,Widowed,103,99,238.55,23616.45,1,Books,Mobile App,Multiple,Debit Card,5,6,1,0.168,0.338,0.295,,79.96
844,50,Female,United States,Philadelphia,150K+,High School,Retired,Divorced,96,133,456.46,60709.18,7,Automotive,Online,Mobile,Digital Wallet,15,13,1,0.352,0.196,0.081,Twitter,198.27
845,29,Female,United States,Philadelphia,100K-150K,PhD,Retired,Married,15,17,303.4,5157.8,8,Electronics,In-Store,Tablet,Bank Transfer,3,4,5,0.565,0.18,0.195,"LinkedIn, TikTok, Facebook",143.07
846,19,Female,United States,Houston,100K-150K,Bachelors,Retired,Married,36,60,755.98,45358.8,24,Health & Personal Care,In-Store,Tablet,Cash on Delivery,5,12,4,0.431,0.191,0.056,,198.43
847,18,Female,United States,Chicago,150K+,Masters,Employed,Widowed,4,22,357.68,7868.96,3,Fashion,Mobile App,Tablet,Bank Transfer,12,13,2,0.562,0.202,0.048,"LinkedIn, Twitter",42.68
848,22,Female,United States,Chicago,75K-100K,High School,Retired,Married,68,199,814.82,162149.18,60,Home & Kitchen,Online,Tablet,Digital Wallet,3,14,4,0.668,0.124,0.036,"LinkedIn, Instagram",54.36
849,44,Female,United States,Dallas,100K-150K,Professional,Student,Married,56,40,331.2,13248.0,7,Sports & Fitness,Mobile App,Multiple,Bank Transfer,2,5,4,0.616,0.496,0.175,"LinkedIn, Facebook",82.01
850,52,Male,United States,New York,25K-50K,Bachelors,Unemployed,Widowed,57,139,183.3,25478.7,308,Automotive,Marketplace,Mobile,Debit Card,10,0,1,0.859,0.239,0.3,"Twitter, TikTok",150.17
851,29,Female,United States,New York,50K-75K,High School,Employed,Divorced,81,74,201.42,14905.08,1,Pet Supplies,Marketplace,Mobile,Credit Card,18,11,5,1.0,0.213,0.212,"TikTok, Instagram",88.19
852,36,Male,United States,San Diego,100K-150K,Masters,Unemployed,Married,114,178,163.6,29120.8,3,Toys,Marketplace,Mobile,Credit Card,12,9,2,0.595,0.104,0.082,"Twitter, TikTok, Facebook",75.78
853,33,Male,United States,New York,0-25K,Bachelors,Student,Married,66,16,616.94,9871.04,61,Sports & Fitness,In-Store,Tablet,Credit Card,19,1,4,0.746,0.311,0.259,TikTok,190.17
854,83,Female,United States,Phoenix,50K-75K,High School,Unemployed,Divorced,110,140,627.9,87906.0,0,Beauty,In-Store,Multiple,Bank Transfer,7,3,2,0.094,0.233,0.134,"TikTok, Facebook, YouTube",24.8
855,31,Male,United States,San Diego,75K-100K,Professional,Student,Married,92,74,561.84,41576.16,10,Toys,Marketplace,Desktop,Debit Card,16,14,5,0.084,0.409,0.042,,103.97
856,60,Male,United States,Houston,50K-75K,High School,Self-Employed,Married,27,136,733.86,99804.96,5,Books,Mobile App,Multiple,Cash on Delivery,2,3,1,0.71,0.491,0.063,,116.25
857,54,Female,United States,San Jose,100K-150K,Masters,Self-Employed,Divorced,27,197,995.69,196150.93,9,Pet Supplies,In-Store,Desktop,Digital Wallet,17,10,5,0.195,0.401,0.278,"Facebook, Instagram, YouTube",43.57
858,18,Female,United States,Philadelphia,25K-50K,Bachelors,Student,Widowed,111,68,505.25,34357.0,19,Sports & Fitness,Marketplace,Multiple,Cash on Delivery,0,9,2,0.663,0.38,0.241,"YouTube, LinkedIn, Facebook",6.52
859,52,Female,United States,Chicago,75K-100K,Bachelors,Unemployed,Widowed,86,112,89.26,9997.12,17,Sports & Fitness,Marketplace,Multiple,Bank Transfer,7,11,4,0.289,0.304,0.16,,13.44
860,30,Male,United States,Los Angeles,50K-75K,Bachelors,Employed,Single,16,162,199.56,32328.72,0,Automotive,Online,Multiple,Bank Transfer,1,0,1,0.843,0.107,0.018,TikTok,167.11
861,83,Female,United States,Dallas,150K+,Professional,Student,Married,79,19,371.73,7062.87,1,Sports & Fitness,In-Store,Mobile,Cash on Delivery,13,0,2,0.013,0.423,0.278,Twitter,44.85
862,38,Female,United States,San Antonio,150K+,PhD,Retired,Widowed,32,160,473.76,75801.6,7,Automotive,Marketplace,Mobile,Debit Card,19,4,2,0.938,0.01,0.065,,132.73
863,61,Male,United States,Dallas,100K-150K,PhD,Unemployed,Divorced,108,122,935.45,114124.9,20,Home & Kitchen,Marketplace,Mobile,Cash on Delivery,11,11,5,0.632,0.183,0.186,"YouTube, TikTok",142.54
864,84,Male,United States,Houston,50K-75K,Professional,Employed,Single,106,22,550.29,12106.38,55,Toys,Online,Tablet,Bank Transfer,11,0,1,0.483,0.145,0.118,TikTok,89.95
865,70,Male,United States,San Diego,100K-150K,High School,Self-Employed,Divorced,13,21,279.6,5871.6,33,Beauty,Marketplace,Desktop,Digital Wallet,10,4,1,0.285,0.245,0.204,"TikTok, YouTube",33.03
866,28,Male,United States,Philadelphia,25K-50K,PhD,Student,Single,24,3,158.06,474.18,14,Grocery,Online,Multiple,Digital Wallet,4,10,4,0.029,0.037,0.166,,59.43
867,58,Female,United States,Dallas,75K-100K,Masters,Student,Single,77,10,977.81,9778.1,121,Health & Personal Care,Mobile App,Desktop,Digital Wallet,3,0,3,0.778,0.208,0.122,,57.36
868,52,Female,United States,Chicago,150K+,Bachelors,Student,Married,56,146,241.83,35307.18,254,Toys,In-Store,Desktop,Cash on Delivery,10,2,1,0.537,0.319,0.066,Twitter,11.27
869,37,Male,United States,Houston,0-25K,PhD,Employed,Married,71,13,920.4,11965.2,16,Grocery,Marketplace,Multiple,Cash on Delivery,1,8,5,0.776,0.012,0.083,,77.29
870,33,Male,United States,San Jose,50K-75K,PhD,Unemployed,Divorced,113,78,839.12,65451.36,179,Electronics,Marketplace,Mobile,Credit Card,2,0,1,0.425,0.068,0.23,,181.1
871,32,Female,United States,Phoenix,75K-100K,PhD,Retired,Divorced,28,65,298.11,19377.15,332,Automotive,In-Store,Mobile,Digital Wallet,0,12,4,0.568,0.181,0.219,Instagram,68.94
872,19,Male,United States,New York,50K-75K,High School,Unemployed,Single,22,152,134.57,20454.64,82,Grocery,Marketplace,Multiple,Bank Transfer,10,7,4,0.051,0.332,0.033,,19.34
873,40,Male,United States,Dallas,50K-75K,High School,Employed,Married,104,179,514.85,92158.15,83,Books,Online,Multiple,Bank Transfer,8,4,3,0.315,0.426,0.156,"TikTok, YouTube, Twitter",80.89
874,39,Female,United States,San Diego,0-25K,Masters,Unemployed,Single,87,173,467.9,80946.7,10,Health & Personal Care,In-Store,Tablet,Bank Transfer,11,3,2,0.859,0.156,0.292,"YouTube, Twitter",157.28
875,38,Female,United States,San Antonio,50K-75K,High School,Self-Employed,Widowed,61,164,536.85,88043.4,4,Sports & Fitness,Marketplace,Multiple,Bank Transfer,7,1,1,0.09,0.439,0.172,,150.89
876,51,Female,United States,Dallas,0-25K,High School,Student,Widowed,68,40,342.67,13706.8,144,Automotive,Online,Desktop,Bank Transfer,8,6,1,0.814,0.373,0.211,"LinkedIn, Twitter",79.1
877,40,Female,United States,New York,150K+,Professional,Self-Employed,Divorced,57,35,725.57,25394.95,82,Health & Personal Care,Marketplace,Multiple,Bank Transfer,10,9,5,0.435,0.122,0.179,"Instagram, Twitter",35.25
878,56,Male,United States,Los Angeles,50K-75K,High School,Student,Widowed,68,100,447.42,44742.0,18,Home & Kitchen,In-Store,Multiple,Digital Wallet,9,12,4,0.44,0.103,0.194,"TikTok, LinkedIn, Twitter",50.22
879,72,Male,United States,San Diego,50K-75K,PhD,Retired,Widowed,59,99,797.47,78949.53,44,Sports & Fitness,Online,Multiple,Debit Card,13,10,1,0.475,0.197,0.073,,116.5
880,59,Female,United States,New York,150K+,High School,Self-Employed,Married,70,62,389.79,24166.98,130,Books,Online,Tablet,Debit Card,12,6,3,0.387,0.149,0.126,,164.37
881,25,Female,United States,San Diego,100K-150K,Masters,Student,Widowed,91,123,307.91,37872.93,1,Office Supplies,Online,Mobile,Credit Card,4,9,3,0.278,0.384,0.093,,179.07
882,73,Female,United States,San Antonio,75K-100K,High School,Employed,Widowed,86,72,337.34,24288.48,85,Automotive,Mobile App,Multiple,Bank Transfer,7,10,4,0.977,0.481,0.195,,10.98
883,32,Male,United States,San Jose,150K+,Professional,Unemployed,Married,31,142,233.32,33131.44,25,Sports & Fitness,Online,Tablet,Bank Transfer,16,2,3,0.665,0.23,0.036,"LinkedIn, TikTok",152.82
884,60,Female,United States,Philadelphia,50K-75K,Professional,Unemployed,Widowed,68,91,502.59,45735.69,217,Pet Supplies,Mobile App,Tablet,Cash on Delivery,18,1,5,0.694,0.344,0.069,"LinkedIn, Facebook",25.58
885,55,Male,United States,New York,150K+,High School,Unemployed,Widowed,110,124,217.88,27017.12,5,Home & Kitchen,Mobile App,Multiple,Debit Card,14,3,1,0.828,0.395,0.238,"Facebook, TikTok",185.54
886,75,Male,United States,Chicago,0-25K,Bachelors,Student,Single,17,122,458.56,55944.32,1,Electronics,Mobile App,Multiple,Debit Card,16,8,3,0.536,0.217,0.199,"Facebook, YouTube, LinkedIn",151.77
887,55,Female,United States,Philadelphia,100K-150K,High School,Retired,Widowed,51,58,922.65,53513.7,0,Beauty,Marketplace,Tablet,Debit Card,17,13,2,0.382,0.406,0.084,,18.39
888,51,Male,United States,San Jose,50K-75K,Bachelors,Employed,Widowed,73,58,184.56,10704.48,188,Beauty,Marketplace,Multiple,Cash on Delivery,5,14,5,0.235,0.267,0.279,"TikTok, Twitter, Facebook",166.06
889,50,Male,United States,Phoenix,25K-50K,PhD,Student,Divorced,83,129,734.17,94707.93,21,Automotive,Marketplace,Multiple,Debit Card,8,12,5,0.561,0.494,0.18,TikTok,78.53
890,40,Male,United States,New York,100K-150K,Professional,Student,Married,100,154,596.45,91853.3,24,Books,Marketplace,Desktop,Credit Card,4,5,5,0.194,0.373,0.108,TikTok,48.53
891,64,Male,United States,Philadelphia,50K-75K,High School,Self-Employed,Divorced,111,124,475.96,59019.04,6,Pet Supplies,Mobile App,Multiple,Digital Wallet,3,4,1,0.962,0.292,0.268,Facebook,165.25
892,41,Female,United States,San Diego,0-25K,High School,Employed,Married,75,18,836.99,15065.82,41,Grocery,Online,Desktop,Bank Transfer,0,7,5,0.871,0.297,0.189,"YouTube, Instagram, LinkedIn",138.53
893,51,Male,United States,Phoenix,50K-75K,Masters,Retired,Widowed,63,45,613.07,27588.15,7,Home & Kitchen,In-Store,Mobile,Bank Transfer,6,13,4,0.493,0.174,0.262,"TikTok, LinkedIn",36.32
894,23,Female,United States,Phoenix,50K-75K,Professional,Employed,Widowed,32,187,756.16,141401.92,1,Toys,Marketplace,Mobile,Bank Transfer,12,5,3,0.099,0.098,0.238,"Twitter, YouTube",55.63
895,80,Male,United States,San Jose,0-25K,PhD,Self-Employed,Widowed,96,199,489.94,97498.06,2,Books,Online,Tablet,Cash on Delivery,2,14,3,0.137,0.256,0.156,"LinkedIn, TikTok, Instagram",87.74
896,45,Female,United States,San Jose,25K-50K,PhD,Student,Married,31,21,880.55,18491.55,357,Home & Kitchen,Online,Desktop,Credit Card,19,0,3,0.768,0.039,0.144,,24.7
897,52,Female,United States,Philadelphia,100K-150K,Masters,Student,Widowed,40,98,205.49,20138.02,44,Sports & Fitness,In-Store,Tablet,Cash on Delivery,15,7,5,0.466,0.046,0.112,,85.25
898,36,Male,United States,San Diego,50K-75K,PhD,Self-Employed,Widowed,101,33,15.86,523.38,3,Fashion,Online,Mobile,Digital Wallet,13,5,3,0.064,0.478,0.285,,177.14
899,22,Female,United States,Los Angeles,100K-150K,Masters,Self-Employed,Divorced,43,30,94.58,2837.4,46,Grocery,Mobile App,Mobile,Cash on Delivery,16,13,2,0.296,0.016,0.214,"Facebook, Twitter, Instagram",130.85
900,59,Female,United States,Dallas,150K+,Masters,Student,Divorced,61,87,772.01,67164.87,0,Automotive,In-Store,Multiple,Bank Transfer,5,9,5,0.235,0.271,0.086,LinkedIn,21.97
901,55,Male,United States,Houston,50K-75K,High School,Unemployed,Divorced,59,191,818.0,156238.0,25,Grocery,Mobile App,Tablet,Debit Card,10,2,1,0.321,0.178,0.191,,97.32
902,60,Female,United States,New York,0-25K,Professional,Self-Employed,Married,9,172,202.39,34811.08,327,Fashion,Marketplace,Mobile,Credit Card,19,7,3,0.339,0.094,0.14,,128.85
903,67,Male,United States,New York,50K-75K,Masters,Self-Employed,Single,86,98,574.87,56337.26,7,Beauty,Mobile App,Desktop,Cash on Delivery,1,5,2,0.925,0.259,0.285,,40.42
904,67,Female,United States,Chicago,50K-75K,Masters,Unemployed,Widowed,65,199,901.48,179394.52,118,Toys,Online,Tablet,Credit Card,11,14,1,0.557,0.007,0.291,,195.79
905,67,Male,United States,San Antonio,50K-75K,High School,Student,Married,8,53,238.77,12654.81,1,Fashion,Online,Desktop,Credit Card,3,14,1,0.086,0.129,0.028,,90.87
906,27,Female,United States,Dallas,25K-50K,Bachelors,Employed,Widowed,4,39,375.51,14644.89,0,Sports & Fitness,Online,Desktop,Debit Card,5,10,2,0.289,0.438,0.201,"YouTube, LinkedIn",106.63
907,60,Female,United States,San Diego,150K+,PhD,Student,Married,46,97,606.08,58789.76,184,Pet Supplies,Mobile App,Mobile,Digital Wallet,6,5,2,0.365,0.274,0.145,"LinkedIn, Facebook, Instagram",87.44
908,18,Female,United States,Philadelphia,50K-75K,Masters,Student,Widowed,86,93,748.78,69636.54,20,Automotive,Mobile App,Desktop,Credit Card,10,3,5,0.254,0.233,0.08,"Facebook, Instagram, LinkedIn",67.62
909,21,Male,United States,San Antonio,75K-100K,High School,Retired,Married,63,118,673.63,79488.34,275,Automotive,Marketplace,Desktop,Cash on Delivery,17,3,5,0.78,0.186,0.172,TikTok,177.67
910,50,Female,United States,San Diego,100K-150K,Bachelors,Unemployed,Divorced,66,51,142.34,7259.34,28,Toys,Online,Mobile,Credit Card,0,1,3,0.807,0.433,0.166,"LinkedIn, YouTube",59.87
911,53,Male,United States,Chicago,25K-50K,High School,Self-Employed,Married,115,8,820.16,6561.28,1,Office Supplies,Marketplace,Tablet,Credit Card,14,6,3,0.335,0.285,0.292,"Facebook, YouTube, Instagram",87.69
912,32,Male,United States,San Antonio,50K-75K,Professional,Unemployed,Divorced,107,35,379.06,13267.1,17,Books,Online,Mobile,Digital Wallet,2,13,1,0.898,0.408,0.295,,153.14
913,49,Male,United States,Chicago,50K-75K,Masters,Unemployed,Single,59,180,700.06,126010.8,11,Fashion,Online,Mobile,Debit Card,2,11,1,0.67,0.234,0.222,"Facebook, LinkedIn",24.53
914,84,Female,United States,Dallas,25K-50K,High School,Retired,Widowed,77,28,288.82,8086.96,1,Electronics,Marketplace,Mobile,Cash on Delivery,19,7,5,0.444,0.213,0.177,Instagram,84.5
915,53,Male,United States,Houston,0-25K,High School,Self-Employed,Widowed,107,12,338.54,4062.48,49,Grocery,Online,Desktop,Debit Card,1,2,4,0.424,0.445,0.184,"YouTube, Twitter, LinkedIn",157.81
916,53,Male,United States,Houston,0-25K,Professional,Unemployed,Married,96,106,491.04,52050.24,11,Beauty,Online,Multiple,Debit Card,1,10,2,0.76,0.245,0.069,Facebook,180.52
917,49,Male,United States,Phoenix,100K-150K,PhD,Student,Divorced,40,26,573.29,14905.54,8,Health & Personal Care,Online,Tablet,Cash on Delivery,18,2,4,0.476,0.328,0.281,TikTok,173.4
918,32,Male,United States,Dallas,25K-50K,High School,Employed,Single,102,59,727.73,42936.07,0,Electronics,Mobile App,Mobile,Credit Card,15,3,4,0.285,0.063,0.061,"Twitter, Instagram",44.38
919,23,Male,United States,Phoenix,100K-150K,Masters,Employed,Widowed,53,168,717.84,120597.12,87,Electronics,Marketplace,Mobile,Debit Card,6,7,5,0.493,0.232,0.239,LinkedIn,60.35
920,42,Female,United States,Dallas,100K-150K,PhD,Self-Employed,Divorced,99,35,626.67,21933.45,1,Pet Supplies,Marketplace,Mobile,Cash on Delivery,4,1,5,0.128,0.488,0.146,"YouTube, Facebook",63.67
921,29,Female,United States,San Jose,0-25K,High School,Student,Widowed,89,79,146.51,11574.29,134,Fashion,Online,Tablet,Bank Transfer,12,10,4,0.201,0.358,0.245,"Twitter, YouTube, TikTok",127.1
922,40,Female,United States,Los Angeles,25K-50K,High School,Retired,Widowed,78,185,231.1,42753.5,260,Fashion,Marketplace,Desktop,Cash on Delivery,15,13,2,0.924,0.05,0.295,TikTok,140.05
923,24,Male,United States,San Diego,75K-100K,Bachelors,Retired,Widowed,29,139,577.34,80250.26,0,Sports & Fitness,Marketplace,Multiple,Cash on Delivery,8,2,5,0.717,0.332,0.13,"TikTok, Facebook, YouTube",129.78
924,66,Female,United States,Los Angeles,75K-100K,PhD,Self-Employed,Widowed,47,169,658.71,111321.99,6,Grocery,Online,Multiple,Digital Wallet,19,6,1,0.082,0.134,0.233,,32.69
925,28,Male,United States,Houston,100K-150K,Bachelors,Unemployed,Divorced,61,138,91.42,12615.96,291,Sports & Fitness,Online,Multiple,Digital Wallet,18,12,3,0.437,0.262,0.051,Instagram,10.22
926,43,Male,United States,New York,100K-150K,High School,Self-Employed,Married,72,96,56.7,5443.2,84,Health & Personal Care,In-Store,Multiple,Cash on Delivery,19,11,1,0.823,0.004,0.08,"Twitter, LinkedIn, Facebook",100.29
927,40,Male,United States,Philadelphia,150K+,Masters,Self-Employed,Widowed,15,38,947.85,36018.3,1,Sports & Fitness,Mobile App,Tablet,Debit Card,3,9,4,0.924,0.135,0.157,"Twitter, LinkedIn, TikTok",123.29
928,51,Male,United States,Philadelphia,150K+,Masters,Self-Employed,Single,109,159,711.6,113144.4,290,Electronics,In-Store,Tablet,Cash on Delivery,6,13,2,0.736,0.219,0.216,"YouTube, Facebook",146.49
929,48,Female,United States,Phoenix,0-25K,Professional,Student,Widowed,86,159,376.99,59941.41,5,Toys,Mobile App,Tablet,Cash on Delivery,10,13,4,0.541,0.461,0.058,"LinkedIn, Facebook",87.15
930,21,Male,United States,Dallas,100K-150K,Professional,Student,Divorced,70,29,304.55,8831.95,75,Health & Personal Care,Online,Desktop,Digital Wallet,17,13,5,0.445,0.444,0.135,"Instagram, LinkedIn, TikTok",181.79
931,69,Female,United States,San Diego,0-25K,Masters,Unemployed,Married,46,187,675.16,126254.92,3,Health & Personal Care,Marketplace,Multiple,Debit Card,6,1,1,0.613,0.318,0.27,,142.74
932,63,Male,United States,Phoenix,50K-75K,PhD,Retired,Single,76,76,763.66,58038.16,7,Beauty,Mobile App,Tablet,Debit Card,3,7,3,0.021,0.272,0.191,"TikTok, YouTube",55.07
933,54,Female,United States,San Jose,100K-150K,Professional,Self-Employed,Married,98,94,214.4,20153.6,4,Office Supplies,Online,Multiple,Bank Transfer,10,13,1,0.46,0.381,0.157,"TikTok, Instagram",159.85
934,36,Female,United States,Dallas,100K-150K,High School,Retired,Single,117,116,241.69,28036.04,6,Electronics,Marketplace,Mobile,Digital Wallet,19,12,3,0.299,0.434,0.071,Twitter,64.74
935,40,Male,United States,San Diego,0-25K,Professional,Unemployed,Widowed,24,50,69.38,3469.0,182,Home & Kitchen,Mobile App,Desktop,Credit Card,6,3,2,0.7,0.309,0.297,,73.48
936,37,Female,United States,Los Angeles,100K-150K,Professional,Self-Employed,Single,71,162,74.9,12133.8,25,Books,Online,Multiple,Debit Card,19,10,3,0.397,0.418,0.149,,146.7
937,39,Female,United States,Philadelphia,0-25K,Professional,Student,Divorced,41,7,769.03,5383.21,0,Fashion,In-Store,Mobile,Bank Transfer,11,14,5,0.01,0.444,0.025,"Twitter, LinkedIn",137.12
938,24,Female,United States,Los Angeles,0-25K,High School,Unemployed,Divorced,87,95,233.87,22217.65,0,Home & Kitchen,Marketplace,Tablet,Credit Card,9,10,4,0.225,0.494,0.095,LinkedIn,22.25
939,22,Male,United States,Houston,50K-75K,Professional,Self-Employed,Single,52,179,256.23,45865.17,1,Toys,Mobile App,Multiple,Credit Card,15,4,3,0.97,0.346,0.277,"Instagram, Facebook, Twitter",10.88
940,41,Male,United States,San Jose,0-25K,High School,Retired,Divorced,16,80,718.88,57510.4,151,Pet Supplies,In-Store,Mobile,Debit Card,17,6,5,0.15,0.072,0.067,TikTok,125.1
941,48,Female,United States,New York,25K-50K,Professional,Unemployed,Widowed,84,192,456.08,87567.36,359,Automotive,In-Store,Mobile,Digital Wallet,14,6,5,0.069,0.063,0.144,,142.93
942,38,Female,United States,Chicago,75K-100K,High School,Employed,Divorced,82,61,767.52,46818.72,4,Electronics,Online,Multiple,Cash on Delivery,2,6,3,0.518,0.353,0.109,"YouTube, Facebook",174.25
943,58,Female,United States,San Antonio,50K-75K,PhD,Student,Divorced,40,187,417.83,78134.21,275,Sports & Fitness,In-Store,Desktop,Bank Transfer,18,9,4,0.487,0.433,0.076,"TikTok, Facebook, Twitter",108.36
944,25,Male,United States,Phoenix,75K-100K,Professional,Retired,Widowed,82,45,161.69,7276.05,1,Grocery,In-Store,Mobile,Bank Transfer,1,7,1,0.307,0.32,0.232,YouTube,100.18
945,47,Female,United States,New York,50K-75K,Bachelors,Unemployed,Single,31,26,180.09,4682.34,3,Home & Kitchen,Marketplace,Tablet,Digital Wallet,14,11,5,0.945,0.008,0.161,Facebook,42.92
946,63,Male,United States,Philadelphia,150K+,High School,Employed,Widowed,93,95,823.67,78248.65,0,Books,In-Store,Multiple,Cash on Delivery,13,5,1,0.72,0.441,0.138,,163.19
947,26,Female,United States,Phoenix,75K-100K,Professional,Retired,Married,70,14,224.54,3143.56,42,Home & Kitchen,Online,Multiple,Cash on Delivery,8,1,1,0.838,0.297,0.094,,81.57
948,19,Male,United States,Phoenix,50K-75K,PhD,Retired,Divorced,47,185,620.97,114879.45,2,Fashion,In-Store,Desktop,Bank Transfer,18,13,3,0.945,0.351,0.242,"TikTok, Twitter, Facebook",145.28
949,40,Female,United States,San Diego,50K-75K,Bachelors,Unemployed,Married,17,154,868.34,133724.36,80,Electronics,Online,Tablet,Bank Transfer,12,12,4,0.847,0.488,0.133,"YouTube, Instagram, TikTok",169.45
950,73,Male,United States,San Jose,25K-50K,High School,Unemployed,Widowed,70,12,887.92,10655.04,58,Sports & Fitness,Marketplace,Multiple,Cash on Delivery,0,14,1,0.092,0.1,0.047,LinkedIn,80.73
951,50,Male,United States,Phoenix,150K+,Professional,Retired,Married,76,72,286.79,20648.88,254,Automotive,Mobile App,Tablet,Cash on Delivery,3,1,5,0.868,0.14,0.127,,108.17
952,48,Male,United States,New York,75K-100K,Bachelors,Unemployed,Divorced,52,79,754.58,59611.82,6,Home & Kitchen,Online,Multiple,Digital Wallet,10,12,1,0.331,0.429,0.094,"TikTok, Facebook, Instagram",89.07
953,73,Male,United States,San Diego,0-25K,High School,Unemployed,Divorced,44,89,139.86,12447.54,29,Automotive,Online,Tablet,Bank Transfer,11,11,3,0.171,0.016,0.293,"Instagram, YouTube, LinkedIn",117.68
954,36,Female,United States,Houston,50K-75K,Bachelors,Student,Single,67,54,212.99,11501.46,45,Toys,Online,Mobile,Credit Card,18,0,5,0.701,0.235,0.291,"TikTok, Facebook",58.33
955,23,Female,United States,San Jose,25K-50K,Masters,Student,Married,104,97,197.45,19152.65,74,Books,Marketplace,Tablet,Digital Wallet,3,7,2,0.075,0.332,0.199,"TikTok, Instagram",106.57
956,79,Female,United States,Los Angeles,75K-100K,Masters,Self-Employed,Widowed,12,177,198.98,35219.46,52,Electronics,Marketplace,Tablet,Cash on Delivery,10,7,3,0.449,0.134,0.172,Twitter,63.01
957,26,Male,United States,San Diego,150K+,Bachelors,Retired,Single,32,166,708.48,117607.68,68,Office Supplies,Online,Multiple,Bank Transfer,4,7,4,0.318,0.343,0.195,,98.71
958,55,Female,United States,San Antonio,25K-50K,PhD,Student,Married,37,181,701.46,126964.26,12,Office Supplies,Marketplace,Multiple,Bank Transfer,15,7,5,0.274,0.4,0.269,"Facebook, LinkedIn",13.31
959,52,Female,United States,San Jose,100K-150K,Masters,Self-Employed,Widowed,7,3,174.42,523.26,6,Electronics,In-Store,Desktop,Cash on Delivery,16,9,2,0.991,0.404,0.097,"Instagram, Facebook, YouTube",96.62
960,20,Female,United States,Los Angeles,150K+,Masters,Unemployed,Single,28,88,530.18,46655.84,107,Beauty,In-Store,Desktop,Digital Wallet,3,10,2,0.538,0.107,0.287,"Instagram, LinkedIn",161.34
961,56,Female,United States,Houston,150K+,Professional,Self-Employed,Widowed,110,17,313.83,5335.11,360,Automotive,Mobile App,Multiple,Debit Card,4,14,1,0.56,0.158,0.194,"Instagram, YouTube, Facebook",129.78
962,30,Female,United States,Houston,50K-75K,PhD,Employed,Widowed,82,13,722.96,9398.48,0,Office Supplies,Online,Desktop,Bank Transfer,5,5,2,0.553,0.065,0.133,"Facebook, YouTube, Instagram",178.8
963,33,Male,United States,Chicago,0-25K,Bachelors,Employed,Married,48,193,888.64,171507.52,180,Home & Kitchen,Mobile App,Mobile,Credit Card,9,3,5,0.321,0.436,0.277,Instagram,8.54
964,19,Female,United States,Chicago,0-25K,PhD,Retired,Single,84,146,85.45,12475.7,1,Fashion,Mobile App,Desktop,Credit Card,2,8,4,0.139,0.478,0.096,Twitter,166.26
965,26,Male,United States,Chicago,0-25K,Bachelors,Self-Employed,Divorced,65,129,659.49,85074.21,5,Grocery,Mobile App,Tablet,Debit Card,4,9,3,0.239,0.107,0.296,"Instagram, YouTube, Twitter",23.75
966,83,Male,United States,Phoenix,0-25K,Bachelors,Self-Employed,Widowed,58,38,75.95,2886.1,24,Grocery,Online,Mobile,Digital Wallet,4,8,5,0.037,0.158,0.064,"Instagram, YouTube",34.52
967,63,Male,United States,New York,50K-75K,Masters,Employed,Divorced,47,156,699.82,109171.92,7,Office Supplies,Online,Desktop,Credit Card,0,11,1,0.455,0.065,0.023,"TikTok, LinkedIn, Instagram",193.72
968,34,Male,United States,San Antonio,0-25K,High School,Student,Divorced,107,9,827.03,7443.27,0,Pet Supplies,Online,Mobile,Cash on Delivery,2,9,5,0.244,0.307,0.292,Twitter,51.1
969,59,Male,United States,New York,150K+,Bachelors,Student,Divorced,46,102,241.51,24634.02,5,Books,In-Store,Multiple,Debit Card,14,4,4,0.985,0.423,0.191,,67.65
970,55,Male,United States,San Antonio,25K-50K,Bachelors,Retired,Widowed,108,197,902.63,177818.11,0,Toys,Online,Multiple,Digital Wallet,14,6,2,0.616,0.388,0.223,Facebook,32.64
971,29,Male,United States,San Diego,50K-75K,Professional,Self-Employed,Divorced,16,125,669.75,83718.75,124,Home & Kitchen,In-Store,Mobile,Bank Transfer,10,10,1,0.623,0.484,0.126,Twitter,38.56
972,63,Female,United States,Houston,25K-50K,Professional,Self-Employed,Married,92,170,995.43,169223.1,88,Health & Personal Care,Online,Desktop,Bank Transfer,10,6,1,0.719,0.247,0.234,LinkedIn,21.89
973,29,Female,United States,Chicago,75K-100K,High School,Retired,Divorced,45,19,685.81,13030.39,1,Books,Online,Tablet,Debit Card,11,13,2,0.29,0.295,0.149,,93.5
974,41,Male,United States,Houston,100K-150K,Masters,Employed,Single,19,41,114.31,4686.71,223,Automotive,Online,Multiple,Credit Card,17,7,2,0.786,0.029,0.243,"YouTube, TikTok",116.92
975,73,Male,United States,Houston,25K-50K,Professional,Student,Divorced,73,137,893.51,122410.87,1,Fashion,Marketplace,Mobile,Digital Wallet,19,7,1,0.105,0.2,0.109,"YouTube, TikTok, LinkedIn",153.32
976,52,Male,United States,Dallas,25K-50K,PhD,Employed,Single,12,10,429.48,4294.8,70,Health & Personal Care,Mobile App,Multiple,Digital Wallet,4,10,1,0.133,0.066,0.041,,120.16
977,36,Male,United States,New York,25K-50K,Masters,Retired,Married,87,187,149.32,27922.84,7,Beauty,Marketplace,Desktop,Debit Card,2,3,1,0.686,0.421,0.299,,68.81
978,53,Female,United States,Los Angeles,25K-50K,Professional,Employed,Single,101,161,889.04,143135.44,202,Beauty,Online,Desktop,Credit Card,17,11,3,0.334,0.37,0.118,"TikTok, YouTube, Twitter",81.95
979,24,Female,United States,Philadelphia,75K-100K,Bachelors,Unemployed,Widowed,7,26,940.16,24444.16,26,Office Supplies,Mobile App,Multiple,Digital Wallet,10,6,1,0.692,0.142,0.265,,73.73
980,32,Male,United States,Los Angeles,100K-150K,High School,Self-Employed,Divorced,109,107,126.14,13496.98,228,Grocery,Online,Tablet,Digital Wallet,16,13,2,0.432,0.44,0.21,,156.33
981,62,Female,United States,Houston,75K-100K,Masters,Self-Employed,Married,73,197,817.2,160988.4,215,Books,In-Store,Desktop,Cash on Delivery,6,12,3,0.955,0.257,0.297,"Facebook, YouTube, LinkedIn",130.68
982,47,Male,United States,San Jose,100K-150K,Masters,Retired,Divorced,27,135,867.52,117115.2,1,Home & Kitchen,Marketplace,Desktop,Debit Card,9,4,1,0.034,0.315,0.138,"YouTube, LinkedIn",174.19
983,51,Female,United States,New York,100K-150K,Professional,Employed,Widowed,51,61,929.73,56713.53,174,Health & Personal Care,Mobile App,Mobile,Debit Card,2,13,3,0.505,0.179,0.213,"LinkedIn, Instagram, Facebook",118.86
984,41,Female,United States,Chicago,75K-100K,PhD,Self-Employed,Married,64,166,527.27,87526.82,117,Automotive,In-Store,Tablet,Bank Transfer,0,3,4,0.827,0.161,0.126,"Twitter, LinkedIn, Instagram",132.22
985,61,Male,United States,San Diego,25K-50K,High School,Student,Married,63,62,106.28,6589.36,22,Electronics,Marketplace,Multiple,Debit Card,3,13,1,0.973,0.036,0.276,TikTok,111.53
986,46,Male,United States,Houston,75K-100K,Masters,Retired,Married,59,52,659.16,34276.32,21,Home & Kitchen,Online,Tablet,Credit Card,18,3,1,0.296,0.365,0.016,LinkedIn,82.13
987,23,Male,United States,Houston,50K-75K,Professional,Unemployed,Single,97,131,569.48,74601.88,289,Automotive,Marketplace,Mobile,Cash on Delivery,7,12,4,0.736,0.288,0.111,Twitter,31.16
988,28,Female,United States,San Diego,50K-75K,Masters,Student,Single,61,50,770.12,38506.0,7,Health & Personal Care,Marketplace,Tablet,Debit Card,17,14,2,0.702,0.408,0.127,"LinkedIn, YouTube",111.99
989,57,Male,United States,New York,100K-150K,PhD,Employed,Married,36,141,89.75,12654.75,65,Fashion,In-Store,Desktop,Digital Wallet,10,8,5,0.771,0.21,0.162,"LinkedIn, Instagram",120.07
990,45,Female,United States,Chicago,0-25K,Masters,Unemployed,Divorced,71,101,563.77,56940.77,27,Automotive,Online,Desktop,Credit Card,14,4,4,0.888,0.166,0.158,"YouTube, Instagram",190.13
991,19,Male,United States,Philadelphia,75K-100K,Bachelors,Retired,Single,113,33,346.66,11439.78,2,Grocery,Mobile App,Desktop,Cash on Delivery,16,11,2,0.655,0.133,0.173,,147.85
992,57,Female,United States,San Antonio,100K-150K,Professional,Unemployed,Married,44,163,449.65,73292.95,84,Fashion,Mobile App,Desktop,Digital Wallet,9,11,4,0.375,0.328,0.18,"Facebook, Twitter",155.8
993,27,Male,United States,Philadelphia,25K-50K,Masters,Self-Employed,Widowed,76,169,504.86,85321.34,276,Office Supplies,In-Store,Desktop,Bank Transfer,19,9,3,0.959,0.251,0.192,"LinkedIn, Facebook, Twitter",120.79
994,25,Female,United States,Houston,25K-50K,High School,Retired,Single,58,57,755.43,43059.51,16,Pet Supplies,Mobile App,Mobile,Digital Wallet,15,2,3,0.251,0.229,0.207,Facebook,35.1
995,51,Female,United States,Los Angeles,75K-100K,Masters,Student,Divorced,117,95,424.96,40371.2,25,Health & Personal Care,Online,Mobile,Bank Transfer,6,12,1,0.015,0.172,0.17,TikTok,48.3
996,34,Male,United States,Houston,0-25K,High School,Unemployed,Divorced,88,161,875.55,140963.55,1,Health & Personal Care,Mobile App,Mobile,Cash on Delivery,16,9,3,0.748,0.174,0.089,Instagram,85.07
997,22,Male,United States,Dallas,150K+,High School,Self-Employed,Married,3,10,841.33,8413.3,190,Books,Marketplace,Desktop,Cash on Delivery,5,14,2,0.253,0.026,0.063,,100.9
998,20,Male,United States,Los Angeles,75K-100K,Bachelors,Student,Single,88,194,352.6,68404.4,26,Beauty,Marketplace,Tablet,Digital Wallet,5,6,1,0.764,0.344,0.177,"YouTube, TikTok, Twitter",168.52
999,59,Female,United States,San Jose,75K-100K,High School,Retired,Single,32,39,936.25,36513.75,31,Beauty,Marketplace,Mobile,Debit Card,2,8,2,0.155,0.378,0.24,Facebook,80.5
1000,28,Male,United States,Dallas,0-25K,High School,Student,Married,77,129,32.9,4244.1,231,Automotive,Mobile App,Mobile,Credit Card,14,8,1,0.157,0.168,0.285,YouTube,90.87
1001,51,Male,United States,Chicago,150K+,Professional,Retired,Single,97,167,181.76,30353.92,1,Pet Supplies,Marketplace,Desktop,Bank Transfer,15,8,1,0.359,0.108,0.042,,182.22
1002,59,Female,United States,Dallas,0-25K,Bachelors,Employed,Married,62,84,494.07,41501.88,5,Books,In-Store,Multiple,Debit Card,0,0,2,0.748,0.347,0.158,"TikTok, Facebook, Twitter",182.47
1003,47,Male,United States,Philadelphia,50K-75K,Masters,Student,Single,19,136,453.31,61650.16,69,Beauty,Marketplace,Desktop,Credit Card,13,8,1,0.891,0.282,0.071,"Instagram, TikTok, Twitter",140.25
1004,81,Male,United States,New York,75K-100K,Professional,Self-Employed,Widowed,19,155,83.71,12975.05,45,Books,In-Store,Multiple,Debit Card,0,10,1,0.932,0.443,0.276,"LinkedIn, YouTube, Facebook",148.61
1005,40,Male,United States,Chicago,75K-100K,PhD,Self-Employed,Single,83,16,87.13,1394.08,342,Sports & Fitness,In-Store,Tablet,Debit Card,15,2,4,0.362,0.363,0.222,"LinkedIn, TikTok",99.58
1006,21,Female,United States,Phoenix,0-25K,Masters,Retired,Married,4,19,196.15,3726.85,5,Sports & Fitness,In-Store,Desktop,Digital Wallet,15,2,1,0.017,0.468,0.227,YouTube,72.02
1007,26,Male,United States,Chicago,0-25K,Bachelors,Unemployed,Married,18,153,420.46,64330.38,20,Health & Personal Care,Online,Desktop,Debit Card,10,6,3,0.673,0.096,0.239,YouTube,18.06
1008,28,Female,United States,San Antonio,100K-150K,Masters,Student,Single,105,192,325.41,62478.72,19,Sports & Fitness,Marketplace,Multiple,Bank Transfer,0,11,1,0.511,0.198,0.013,"TikTok, YouTube",31.54
1009,44,Female,United States,Houston,0-25K,PhD,Self-Employed,Single,80,149,787.42,117325.58,19,Grocery,In-Store,Multiple,Debit Card,17,10,1,0.294,0.203,0.028,"YouTube, Facebook",158.02
1010,34,Female,United States,Phoenix,50K-75K,PhD,Employed,Widowed,60,1,636.91,636.91,223,Grocery,Online,Multiple,Bank Transfer,19,12,1,0.44,0.442,0.254,"Instagram, TikTok",33.54
1011,66,Female,United States,Dallas,150K+,Bachelors,Retired,Widowed,95,116,462.37,53634.92,35,Home & Kitchen,Marketplace,Tablet,Debit Card,11,2,1,0.354,0.032,0.258,,175.2
1012,31,Female,United States,Los Angeles,150K+,Masters,Self-Employed,Single,57,181,309.85,56082.85,135,Pet Supplies,In-Store,Multiple,Bank Transfer,1,13,3,0.515,0.28,0.277,YouTube,73.31
1013,20,Male,United States,Philadelphia,150K+,High School,Retired,Married,103,156,346.62,54072.72,8,Toys,Online,Multiple,Digital Wallet,4,1,4,0.947,0.2,0.104,TikTok,154.69
1014,65,Male,United States,San Antonio,150K+,Masters,Self-Employed,Married,3,60,434.43,26065.8,350,Grocery,Online,Multiple,Cash on Delivery,19,12,5,0.838,0.176,0.251,Instagram,36.86
1015,71,Male,United States,Philadelphia,100K-150K,High School,Unemployed,Divorced,32,124,753.91,93484.84,31,Electronics,Online,Multiple,Debit Card,7,6,4,0.903,0.41,0.15,"Twitter, Instagram",150.75
1016,45,Female,United States,Houston,150K+,Masters,Self-Employed,Widowed,118,13,833.84,10839.92,37,Toys,Marketplace,Mobile,Credit Card,7,13,4,0.988,0.369,0.101,"YouTube, TikTok",182.09
1017,30,Male,United States,San Jose,25K-50K,High School,Student,Married,34,77,407.96,31412.92,47,Office Supplies,Online,Mobile,Cash on Delivery,7,14,3,0.804,0.347,0.006,"TikTok, Instagram",35.64
1018,26,Female,United States,San Antonio,50K-75K,Professional,Employed,Married,88,123,582.26,71617.98,257,Health & Personal Care,In-Store,Desktop,Credit Card,10,0,4,0.296,0.078,0.25,"Twitter, TikTok, LinkedIn",118.56
1019,18,Male,United States,Chicago,75K-100K,Bachelors,Self-Employed,Single,107,167,649.07,108394.69,48,Health & Personal Care,Online,Mobile,Bank Transfer,13,10,3,0.095,0.092,0.178,"Instagram, TikTok",189.71
1020,19,Male,United States,San Antonio,150K+,Bachelors,Student,Divorced,19,33,806.68,26620.44,0,Grocery,Marketplace,Mobile,Bank Transfer,10,4,4,0.326,0.27,0.164,"LinkedIn, TikTok",87.84
1021,39,Male,United States,Chicago,25K-50K,High School,Self-Employed,Married,3,170,53.43,9083.1,41,Books,Online,Tablet,Bank Transfer,15,0,4,0.988,0.056,0.174,TikTok,116.69
1022,21,Female,United States,Chicago,100K-150K,Bachelors,Employed,Married,114,128,445.06,56967.68,364,Sports & Fitness,Marketplace,Multiple,Bank Transfer,3,5,5,0.192,0.137,0.174,,85.57
1023,61,Female,United States,San Diego,0-25K,High School,Self-Employed,Married,50,195,686.68,133902.6,1,Electronics,In-Store,Mobile,Debit Card,18,9,4,0.408,0.049,0.288,"Instagram, LinkedIn",88.45
1024,84,Female,United States,San Antonio,75K-100K,Masters,Employed,Married,29,46,196.31,9030.26,24,Automotive,Mobile App,Mobile,Credit Card,8,13,3,0.435,0.039,0.121,"Twitter, Instagram, Facebook",195.83
1025,81,Female,United States,San Antonio,0-25K,Masters,Retired,Single,49,113,263.81,29810.53,17,Automotive,Marketplace,Desktop,Bank Transfer,5,12,4,0.516,0.242,0.005,,63.5
1026,45,Male,United States,San Antonio,100K-150K,Bachelors,Unemployed,Single,87,91,234.98,21383.18,0,Sports & Fitness,In-Store,Multiple,Credit Card,4,9,4,0.583,0.498,0.016,"YouTube, Twitter, TikTok",27.41
1027,79,Male,United States,Phoenix,100K-150K,PhD,Retired,Widowed,28,127,490.82,62334.14,6,Fashion,In-Store,Desktop,Digital Wallet,16,0,2,0.812,0.163,0.174,"LinkedIn, YouTube",7.7
1028,24,Male,United States,San Antonio,150K+,Masters,Self-Employed,Single,18,99,740.49,73308.51,81,Toys,Online,Mobile,Cash on Delivery,12,4,2,0.343,0.143,0.149,,163.3
1029,60,Female,United States,San Antonio,75K-100K,PhD,Student,Married,113,90,699.08,62917.2,6,Pet Supplies,In-Store,Multiple,Debit Card,19,9,1,0.353,0.322,0.219,,109.47
1030,39,Male,United States,Houston,75K-100K,Bachelors,Self-Employed,Single,23,169,12.57,2124.33,20,Grocery,Mobile App,Mobile,Debit Card,10,12,4,0.328,0.068,0.085,LinkedIn,167.65
1031,62,Female,United States,Philadelphia,150K+,Professional,Self-Employed,Widowed,116,140,91.73,12842.2,40,Automotive,Online,Mobile,Debit Card,9,4,4,0.123,0.221,0.257,Twitter,180.91
1032,24,Female,United States,San Antonio,150K+,High School,Employed,Married,111,98,570.08,55867.84,310,Automotive,Online,Desktop,Debit Card,12,5,3,0.331,0.298,0.062,"Twitter, LinkedIn, Facebook",5.82
1033,18,Male,United States,Houston,50K-75K,Masters,Student,Single,117,187,821.95,153704.65,211,Beauty,Online,Mobile,Cash on Delivery,15,11,4,0.064,0.325,0.192,"Twitter, Facebook, TikTok",79.98
1034,36,Male,United States,Los Angeles,75K-100K,PhD,Retired,Widowed,5,63,133.72,8424.36,0,Toys,In-Store,Desktop,Bank Transfer,8,5,2,0.378,0.074,0.022,Facebook,185.26
1035,54,Female,United States,San Antonio,150K+,Bachelors,Self-Employed,Divorced,45,102,848.8,86577.6,8,Beauty,Marketplace,Multiple,Cash on Delivery,19,4,4,0.379,0.466,0.043,,108.07
1036,42,Female,United States,Dallas,75K-100K,Masters,Employed,Married,114,46,272.23,12522.58,63,Grocery,Mobile App,Desktop,Debit Card,9,6,1,0.614,0.157,0.074,Twitter,81.46
1037,45,Male,United States,New York,50K-75K,Masters,Unemployed,Married,49,150,649.39,97408.5,1,Sports & Fitness,Marketplace,Desktop,Digital Wallet,15,11,1,0.532,0.283,0.045,YouTube,45.83
1038,45,Male,United States,Los Angeles,100K-150K,High School,Employed,Single,81,73,210.37,15357.01,1,Electronics,Online,Multiple,Cash on Delivery,1,2,1,0.798,0.231,0.041,,79.54
1039,38,Male,United States,Houston,150K+,High School,Self-Employed,Married,38,159,250.89,39891.51,3,Office Supplies,Online,Tablet,Cash on Delivery,19,12,2,0.036,0.022,0.225,"TikTok, Twitter, Facebook",108.68
1040,40,Male,United States,Chicago,25K-50K,Masters,Employed,Married,17,119,772.01,91869.19,277,Fashion,Marketplace,Desktop,Bank Transfer,5,3,5,0.353,0.335,0.167,LinkedIn,182.82
1041,60,Male,United States,Dallas,150K+,PhD,Employed,Single,38,148,801.14,118568.72,0,Automotive,Online,Mobile,Digital Wallet,19,11,4,0.332,0.217,0.104,"Twitter, YouTube, Facebook",46.11
1042,60,Female,United States,San Jose,50K-75K,Professional,Student,Married,22,134,337.86,45273.24,2,Sports & Fitness,Online,Desktop,Bank Transfer,18,9,3,0.919,0.368,0.168,,84.8
1043,42,Female,United States,San Jose,100K-150K,PhD,Unemployed,Divorced,2,187,767.16,143458.92,57,Beauty,Mobile App,Tablet,Bank Transfer,4,13,2,0.736,0.42,0.143,,93.28
1044,55,Female,United States,San Jose,100K-150K,Bachelors,Retired,Divorced,13,18,852.92,15352.56,156,Office Supplies,Mobile App,Desktop,Cash on Delivery,13,0,4,0.199,0.287,0.057,"TikTok, Facebook",160.21
1045,54,Female,United States,Chicago,150K+,PhD,Student,Married,40,192,334.07,64141.44,7,Office Supplies,Mobile App,Tablet,Debit Card,9,3,4,0.702,0.209,0.221,,138.51
1046,45,Male,United States,San Diego,50K-75K,Professional,Unemployed,Single,7,166,511.76,84952.16,85,Pet Supplies,Mobile App,Mobile,Credit Card,5,11,2,0.94,0.086,0.063,,118.72
1047,26,Male,United States,San Antonio,75K-100K,High School,Student,Single,73,1,348.56,348.56,43,Office Supplies,Online,Tablet,Digital Wallet,10,12,4,0.849,0.461,0.103,LinkedIn,68.05
1048,37,Female,United States,San Antonio,100K-150K,PhD,Retired,Divorced,45,112,652.38,73066.56,1,Beauty,Marketplace,Multiple,Bank Transfer,16,4,3,0.223,0.338,0.298,YouTube,12.37
1049,43,Male,United States,Philadelphia,75K-100K,PhD,Self-Employed,Widowed,117,152,593.72,90245.44,5,Home & Kitchen,In-Store,Tablet,Digital Wallet,12,6,5,0.288,0.253,0.088,"Facebook, Instagram",96.06
1050,52,Male,United States,San Jose,75K-100K,High School,Student,Divorced,100,71,604.26,42902.46,20,Grocery,Mobile App,Desktop,Bank Transfer,18,8,4,0.864,0.176,0.014,,143.79
1051,55,Male,United States,San Jose,50K-75K,Masters,Employed,Single,28,86,77.16,6635.76,1,Pet Supplies,In-Store,Tablet,Debit Card,2,8,3,0.836,0.27,0.204,,28.52
1052,18,Female,United States,Philadelphia,50K-75K,PhD,Employed,Single,33,21,928.41,19496.61,162,Health & Personal Care,Online,Desktop,Digital Wallet,5,5,3,0.208,0.3,0.295,"Twitter, Instagram, LinkedIn",126.57
1053,79,Male,United States,Houston,100K-150K,High School,Student,Widowed,79,11,90.6,996.6,263,Office Supplies,Online,Multiple,Bank Transfer,12,0,3,0.315,0.334,0.228,YouTube,21.76
1054,51,Male,United States,San Antonio,75K-100K,PhD,Unemployed,Single,95,193,744.97,143779.21,49,Office Supplies,Online,Tablet,Bank Transfer,7,3,1,0.133,0.44,0.27,Twitter,144.62
1055,61,Female,United States,Dallas,75K-100K,High School,Student,Married,115,38,25.34,962.92,13,Office Supplies,Mobile App,Mobile,Cash on Delivery,18,0,1,0.62,0.482,0.137,,33.42
1056,30,Female,United States,Phoenix,50K-75K,Masters,Retired,Widowed,42,136,305.73,41579.28,2,Electronics,Marketplace,Multiple,Debit Card,7,6,3,0.678,0.12,0.196,"YouTube, Instagram",7.23
1057,56,Female,United States,Philadelphia,25K-50K,PhD,Self-Employed,Divorced,3,100,407.88,40788.0,83,Pet Supplies,In-Store,Mobile,Debit Card,9,14,5,0.909,0.133,0.112,Twitter,86.66
1058,27,Female,United States,Phoenix,25K-50K,High School,Self-Employed,Widowed,116,103,858.44,88419.32,328,Fashion,Mobile App,Mobile,Cash on Delivery,15,8,1,0.52,0.454,0.178,Instagram,180.19
1059,62,Female,United States,Houston,25K-50K,High School,Self-Employed,Divorced,20,46,70.42,3239.32,5,Pet Supplies,Marketplace,Desktop,Credit Card,17,3,1,0.683,0.067,0.292,"Twitter, YouTube",146.44
1060,69,Male,United States,New York,150K+,Masters,Student,Widowed,27,86,113.17,9732.62,3,Pet Supplies,In-Store,Mobile,Debit Card,17,8,4,0.493,0.281,0.288,"Facebook, YouTube, TikTok",123.51
1061,82,Male,United States,Dallas,150K+,Professional,Employed,Widowed,61,35,854.61,29911.35,1,Office Supplies,Online,Desktop,Digital Wallet,15,6,1,0.11,0.129,0.292,"TikTok, YouTube",11.33
1062,57,Female,United States,Los Angeles,50K-75K,PhD,Student,Widowed,20,185,974.96,180367.6,76,Toys,Marketplace,Mobile,Credit Card,0,4,2,0.108,0.329,0.135,"Twitter, Facebook",101.01
1063,76,Male,United States,San Diego,50K-75K,Masters,Unemployed,Widowed,88,126,324.2,40849.2,82,Sports & Fitness,Mobile App,Tablet,Debit Card,13,2,2,0.744,0.002,0.14,"LinkedIn, Facebook",155.96
1064,32,Female,United States,Houston,0-25K,Bachelors,Self-Employed,Widowed,103,27,485.06,13096.62,115,Sports & Fitness,In-Store,Desktop,Credit Card,1,5,1,0.13,0.211,0.057,,15.15
1065,38,Male,United States,San Diego,50K-75K,Masters,Employed,Divorced,110,120,173.39,20806.8,70,Fashion,Marketplace,Desktop,Cash on Delivery,16,13,5,0.533,0.189,0.038,,32.69
1066,42,Female,United States,Houston,150K+,Masters,Student,Widowed,74,169,374.76,63334.44,28,Books,In-Store,Tablet,Debit Card,2,11,1,0.27,0.158,0.127,,74.04
1067,51,Female,United States,San Jose,100K-150K,Professional,Student,Widowed,33,114,764.54,87157.56,26,Sports & Fitness,Marketplace,Desktop,Cash on Delivery,15,14,2,0.655,0.037,0.244,"LinkedIn, Facebook, TikTok",17.8
1068,26,Female,United States,San Diego,0-25K,Masters,Self-Employed,Married,54,179,989.71,177158.09,0,Toys,In-Store,Tablet,Bank Transfer,18,8,3,0.03,0.132,0.096,"Twitter, YouTube",177.17
1069,41,Male,United States,San Diego,25K-50K,High School,Student,Widowed,11,112,631.31,70706.72,65,Pet Supplies,In-Store,Mobile,Digital Wallet,12,11,3,0.528,0.453,0.036,Instagram,83.19
1070,74,Male,United States,New York,150K+,Masters,Self-Employed,Married,70,111,821.92,91233.12,6,Office Supplies,Mobile App,Tablet,Digital Wallet,11,10,4,0.478,0.332,0.202,"Twitter, Instagram",16.91
1071,25,Female,United States,Phoenix,75K-100K,Professional,Retired,Single,14,192,650.43,124882.56,289,Grocery,Mobile App,Mobile,Credit Card,12,3,1,0.849,0.2,0.029,"Instagram, TikTok",32.86
1072,18,Female,United States,Chicago,25K-50K,Bachelors,Student,Divorced,105,133,487.03,64774.99,164,Sports & Fitness,Mobile App,Mobile,Bank Transfer,2,1,4,0.622,0.215,0.286,"Twitter, LinkedIn, YouTube",89.31
1073,71,Male,United States,San Jose,75K-100K,Professional,Self-Employed,Widowed,64,74,625.81,46309.94,233,Electronics,Mobile App,Multiple,Credit Card,6,5,4,0.975,0.396,0.287,"YouTube, LinkedIn, Twitter",183.95
1074,26,Female,United States,Houston,25K-50K,Professional,Self-Employed,Married,88,199,598.6,119121.4,35,Pet Supplies,Online,Tablet,Cash on Delivery,18,0,4,0.637,0.375,0.167,Facebook,66.41
1075,50,Male,United States,Dallas,25K-50K,Professional,Self-Employed,Divorced,31,39,522.62,20382.18,15,Pet Supplies,Marketplace,Multiple,Debit Card,14,8,5,0.277,0.324,0.037,Twitter,63.14
1076,63,Female,United States,San Jose,150K+,Professional,Employed,Divorced,78,167,275.55,46016.85,1,Grocery,In-Store,Mobile,Digital Wallet,18,11,2,0.935,0.469,0.256,"Facebook, Twitter, Instagram",79.14
1077,77,Male,United States,Philadelphia,25K-50K,Masters,Employed,Widowed,119,144,878.51,126505.44,5,Home & Kitchen,Marketplace,Multiple,Digital Wallet,11,12,2,0.224,0.448,0.285,Facebook,57.17
1078,27,Male,United States,Philadelphia,75K-100K,Professional,Student,Divorced,85,121,531.85,64353.85,0,Electronics,Online,Mobile,Bank Transfer,9,13,4,0.033,0.312,0.147,Instagram,41.17
1079,40,Female,United States,Dallas,50K-75K,Bachelors,Employed,Widowed,45,130,688.38,89489.4,0,Office Supplies,Marketplace,Desktop,Digital Wallet,16,13,1,0.155,0.137,0.006,LinkedIn,124.47
1080,55,Male,United States,San Antonio,50K-75K,PhD,Unemployed,Married,106,50,879.19,43959.5,208,Toys,Marketplace,Multiple,Debit Card,14,5,3,0.333,0.233,0.05,"TikTok, Twitter, Facebook",95.51
1081,72,Male,United States,Philadelphia,50K-75K,High School,Student,Single,78,171,807.71,138118.41,1,Beauty,In-Store,Tablet,Cash on Delivery,9,11,4,0.131,0.187,0.214,,168.83
1082,20,Female,United States,Los Angeles,150K+,PhD,Self-Employed,Divorced,60,122,762.37,93009.14,21,Office Supplies,Mobile App,Tablet,Cash on Delivery,12,8,1,0.745,0.24,0.156,"TikTok, Twitter",184.13
1083,31,Female,United States,Los Angeles,100K-150K,Masters,Student,Married,65,61,333.98,20372.78,0,Health & Personal Care,Online,Desktop,Bank Transfer,14,9,2,0.169,0.36,0.01,"LinkedIn, YouTube",174.76
1084,63,Female,United States,San Jose,150K+,Professional,Self-Employed,Single,88,186,30.23,5622.78,47,Office Supplies,Marketplace,Tablet,Digital Wallet,8,9,5,0.918,0.037,0.129,Twitter,164.03
1085,33,Male,United States,San Jose,150K+,Masters,Student,Married,96,95,921.32,87525.4,1,Sports & Fitness,In-Store,Tablet,Credit Card,3,0,1,0.412,0.311,0.224,Instagram,184.8
1086,35,Female,United States,San Diego,50K-75K,Bachelors,Employed,Widowed,109,37,410.45,15186.65,4,Sports & Fitness,Marketplace,Desktop,Bank Transfer,17,14,1,0.431,0.316,0.259,Twitter,152.57
1087,39,Female,United States,Chicago,0-25K,PhD,Student,Widowed,118,105,748.93,78637.65,12,Books,In-Store,Mobile,Credit Card,7,12,3,0.23,0.019,0.202,TikTok,141.89
1088,71,Female,United States,Dallas,25K-50K,Masters,Unemployed,Widowed,42,83,974.95,80920.85,322,Beauty,In-Store,Desktop,Debit Card,3,5,1,0.111,0.487,0.235,,148.45
1089,65,Male,United States,Dallas,75K-100K,High School,Retired,Single,75,172,291.26,50096.72,99,Office Supplies,Mobile App,Tablet,Credit Card,5,3,2,0.76,0.439,0.112,"LinkedIn, Twitter, TikTok",78.74
1090,56,Male,United States,Phoenix,100K-150K,High School,Retired,Married,110,159,508.42,80838.78,139,Automotive,Marketplace,Tablet,Debit Card,2,13,2,0.452,0.487,0.064,"Instagram, YouTube, LinkedIn",145.86
1091,29,Male,United States,San Jose,50K-75K,Bachelors,Employed,Widowed,70,168,465.14,78143.52,263,Office Supplies,In-Store,Tablet,Cash on Delivery,13,8,4,0.25,0.163,0.208,"YouTube, Facebook, Instagram",132.93
1092,55,Male,United States,Phoenix,100K-150K,Bachelors,Employed,Divorced,119,181,507.32,91824.92,16,Beauty,Marketplace,Mobile,Debit Card,10,8,3,0.407,0.315,0.261,"LinkedIn, TikTok, Facebook",11.83
1093,57,Female,United States,San Antonio,25K-50K,Bachelors,Retired,Married,69,71,541.87,38472.77,1,Electronics,Marketplace,Desktop,Digital Wallet,0,0,5,0.631,0.414,0.061,"YouTube, Facebook",24.69
1094,57,Male,United States,Houston,150K+,Bachelors,Employed,Married,94,144,445.91,64211.04,0,Grocery,Online,Tablet,Credit Card,7,1,2,0.378,0.194,0.214,LinkedIn,97.64
1095,57,Female,United States,San Antonio,50K-75K,Masters,Retired,Widowed,46,157,828.68,130102.76,0,Automotive,Online,Tablet,Credit Card,10,10,2,0.356,0.267,0.265,,111.12
1096,59,Male,United States,San Jose,25K-50K,Professional,Unemployed,Divorced,50,197,730.04,143817.88,59,Beauty,Online,Mobile,Bank Transfer,2,0,1,0.427,0.153,0.031,,102.15
1097,28,Female,United States,San Antonio,50K-75K,Bachelors,Unemployed,Widowed,92,33,703.55,23217.15,22,Fashion,Marketplace,Mobile,Digital Wallet,13,6,4,0.138,0.25,0.162,LinkedIn,139.23
1098,41,Female,United States,San Diego,50K-75K,Professional,Unemployed,Divorced,31,196,362.06,70963.76,1,Office Supplies,Mobile App,Desktop,Cash on Delivery,11,4,2,0.167,0.282,0.074,TikTok,161.61
1099,52,Male,United States,New York,0-25K,Masters,Retired,Divorced,47,62,293.69,18208.78,2,Toys,Marketplace,Mobile,Debit Card,19,5,2,0.877,0.295,0.135,"YouTube, Facebook",50.1
1100,77,Male,United States,San Antonio,0-25K,Bachelors,Retired,Married,89,172,675.61,116204.92,26,Grocery,Mobile App,Tablet,Cash on Delivery,9,10,5,0.506,0.5,0.09,"Twitter, Facebook",59.34
1101,24,Male,United States,Dallas,150K+,Professional,Self-Employed,Single,81,61,899.92,54895.12,60,Electronics,Marketplace,Desktop,Bank Transfer,13,12,1,0.403,0.438,0.092,"Twitter, YouTube",52.59
1102,49,Male,United States,New York,150K+,High School,Student,Divorced,104,68,76.22,5182.96,1,Electronics,In-Store,Mobile,Digital Wallet,3,2,3,0.074,0.174,0.091,"Facebook, TikTok, LinkedIn",103.4
1103,26,Female,United States,Houston,25K-50K,Bachelors,Employed,Divorced,49,86,391.95,33707.7,90,Office Supplies,In-Store,Desktop,Debit Card,1,0,4,0.383,0.213,0.139,YouTube,76.48
1104,35,Female,United States,Los Angeles,50K-75K,Professional,Unemployed,Married,48,77,842.3,64857.1,293,Beauty,Online,Mobile,Cash on Delivery,16,14,1,0.145,0.187,0.198,Twitter,66.55
1105,83,Female,United States,New York,75K-100K,High School,Retired,Widowed,91,169,141.82,23967.58,28,Home & Kitchen,Marketplace,Desktop,Cash on Delivery,12,10,5,0.277,0.094,0.285,YouTube,87.07
1106,63,Female,United States,New York,25K-50K,Bachelors,Retired,Widowed,66,141,84.66,11937.06,1,Grocery,Mobile App,Desktop,Debit Card,6,13,5,0.233,0.279,0.047,,135.07
1107,22,Male,United States,San Diego,0-25K,PhD,Retired,Divorced,5,9,517.36,4656.24,0,Books,In-Store,Mobile,Cash on Delivery,10,10,4,0.826,0.069,0.279,YouTube,165.36
1108,20,Male,United States,Los Angeles,25K-50K,PhD,Retired,Married,22,79,202.38,15988.02,74,Electronics,Online,Desktop,Cash on Delivery,5,7,2,0.214,0.337,0.181,,35.61
1109,59,Male,United States,New York,25K-50K,PhD,Unemployed,Single,107,130,46.5,6045.0,54,Automotive,In-Store,Multiple,Digital Wallet,0,13,2,0.152,0.213,0.182,"LinkedIn, Instagram, Facebook",192.01
1110,33,Male,United States,New York,25K-50K,High School,Retired,Widowed,27,152,51.45,7820.4,0,Home & Kitchen,Marketplace,Tablet,Credit Card,7,0,4,0.52,0.118,0.132,"YouTube, TikTok, Twitter",161.48
1111,58,Male,United States,Los Angeles,25K-50K,Masters,Unemployed,Widowed,80,69,66.72,4603.68,249,Office Supplies,Online,Multiple,Credit Card,6,2,4,0.816,0.18,0.234,TikTok,8.1
1112,38,Male,United States,New York,75K-100K,Bachelors,Unemployed,Divorced,75,182,743.19,135260.58,1,Pet Supplies,In-Store,Mobile,Debit Card,7,13,2,0.882,0.143,0.05,YouTube,187.38
1113,42,Female,United States,Houston,100K-150K,Masters,Self-Employed,Married,21,147,43.89,6451.83,11,Toys,Marketplace,Multiple,Digital Wallet,7,11,3,0.614,0.153,0.144,YouTube,88.84
1114,66,Male,United States,San Antonio,0-25K,Bachelors,Student,Divorced,86,89,976.43,86902.27,9,Grocery,Marketplace,Desktop,Debit Card,5,6,3,0.208,0.291,0.175,,117.56
1115,71,Female,United States,Chicago,150K+,Bachelors,Employed,Married,108,143,731.25,104568.75,40,Books,Online,Tablet,Cash on Delivery,8,14,1,0.177,0.164,0.171,"Facebook, YouTube",82.29
1116,29,Female,United States,Philadelphia,50K-75K,High School,Student,Divorced,28,189,273.01,51598.89,0,Grocery,Mobile App,Mobile,Debit Card,19,4,3,0.231,0.229,0.127,,124.6
1117,51,Female,United States,San Antonio,25K-50K,High School,Student,Divorced,110,110,617.32,67905.2,89,Fashion,Marketplace,Mobile,Credit Card,14,11,1,0.76,0.379,0.109,"YouTube, Facebook",52.51
1118,55,Male,United States,Philadelphia,75K-100K,Professional,Self-Employed,Married,97,98,212.44,20819.12,310,Pet Supplies,Marketplace,Mobile,Digital Wallet,19,10,1,0.41,0.165,0.011,,95.2
1119,42,Male,United States,Los Angeles,100K-150K,Professional,Retired,Divorced,78,56,790.57,44271.92,48,Sports & Fitness,Mobile App,Mobile,Digital Wallet,8,11,3,0.626,0.007,0.158,,10.69
1120,84,Male,United States,San Diego,75K-100K,PhD,Self-Employed,Widowed,112,12,562.58,6750.96,24,Toys,In-Store,Mobile,Debit Card,7,11,2,0.752,0.042,0.216,"Facebook, Instagram",196.53
1121,19,Male,United States,New York,25K-50K,PhD,Unemployed,Divorced,85,25,198.12,4953.0,7,Health & Personal Care,Marketplace,Mobile,Digital Wallet,16,3,1,0.026,0.323,0.112,,6.52
1122,78,Female,United States,Philadelphia,25K-50K,Bachelors,Employed,Single,61,98,433.65,42497.7,24,Beauty,Marketplace,Mobile,Digital Wallet,7,13,5,0.589,0.298,0.299,,51.05
1123,40,Female,United States,San Diego,100K-150K,PhD,Self-Employed,Married,68,12,269.88,3238.56,4,Sports & Fitness,Mobile App,Tablet,Credit Card,10,5,5,0.555,0.387,0.218,"Twitter, TikTok, Instagram",192.41
1124,35,Female,United States,Philadelphia,50K-75K,Professional,Employed,Widowed,34,4,294.25,1177.0,214,Books,Online,Mobile,Bank Transfer,9,7,1,0.37,0.167,0.262,"YouTube, TikTok",56.91
1125,67,Female,United States,Los Angeles,50K-75K,Bachelors,Self-Employed,Married,8,87,804.21,69966.27,23,Books,Mobile App,Multiple,Debit Card,17,8,5,0.355,0.349,0.265,,119.29
1126,25,Female,United States,San Antonio,50K-75K,Masters,Retired,Divorced,40,141,816.1,115070.1,26,Sports & Fitness,Mobile App,Mobile,Credit Card,14,8,5,0.039,0.306,0.038,LinkedIn,54.54
1127,50,Male,United States,Philadelphia,75K-100K,Professional,Self-Employed,Divorced,101,63,460.08,28985.04,342,Grocery,In-Store,Mobile,Cash on Delivery,17,12,5,0.574,0.215,0.125,TikTok,190.32
1128,51,Female,United States,Houston,50K-75K,Professional,Retired,Married,56,90,212.17,19095.3,186,Pet Supplies,Mobile App,Tablet,Debit Card,9,2,3,0.386,0.473,0.182,"Twitter, TikTok, YouTube",122.53
1129,48,Male,United States,San Diego,25K-50K,High School,Unemployed,Divorced,102,26,188.5,4901.0,109,Home & Kitchen,Marketplace,Desktop,Bank Transfer,3,7,1,0.025,0.152,0.12,"Twitter, LinkedIn",91.85
1130,64,Female,United States,San Antonio,0-25K,Professional,Unemployed,Widowed,95,95,914.07,86836.65,60,Automotive,Online,Tablet,Cash on Delivery,12,14,4,0.634,0.15,0.046,,101.33
1131,61,Female,United States,Los Angeles,75K-100K,Masters,Retired,Widowed,119,57,17.32,987.24,295,Office Supplies,Online,Tablet,Cash on Delivery,9,1,3,0.945,0.166,0.218,"YouTube, Twitter",61.17
1132,53,Female,United States,Houston,100K-150K,Masters,Student,Widowed,4,38,34.89,1325.82,6,Pet Supplies,Marketplace,Tablet,Cash on Delivery,11,1,1,0.347,0.209,0.004,"Instagram, Facebook, YouTube",33.84
1133,47,Female,United States,Houston,75K-100K,High School,Student,Widowed,29,169,370.55,62622.95,1,Automotive,Marketplace,Multiple,Cash on Delivery,8,4,1,0.449,0.242,0.214,Facebook,77.47
1134,22,Male,United States,Dallas,50K-75K,Masters,Student,Single,101,183,740.94,135592.02,1,Office Supplies,Marketplace,Tablet,Debit Card,5,11,1,0.98,0.491,0.189,"TikTok, Twitter, Facebook",22.73
1135,46,Female,United States,Chicago,25K-50K,High School,Retired,Married,13,51,227.94,11624.94,10,Home & Kitchen,Online,Tablet,Debit Card,1,12,4,0.004,0.228,0.264,"Facebook, LinkedIn, YouTube",110.2
1136,71,Male,United States,Philadelphia,100K-150K,Bachelors,Retired,Married,106,60,544.49,32669.4,73,Home & Kitchen,Mobile App,Tablet,Credit Card,2,7,1,0.318,0.148,0.098,,152.21
1137,32,Female,United States,Houston,0-25K,High School,Unemployed,Married,86,126,56.0,7056.0,317,Sports & Fitness,Online,Mobile,Cash on Delivery,3,10,4,0.142,0.469,0.214,"Twitter, Facebook, YouTube",75.81
1138,50,Female,United States,New York,150K+,High School,Employed,Single,61,12,262.92,3155.04,9,Health & Personal Care,Mobile App,Tablet,Digital Wallet,12,10,5,0.051,0.332,0.055,"Facebook, Instagram, TikTok",34.8
1139,79,Male,United States,Houston,150K+,Masters,Student,Single,21,159,988.84,157225.56,359,Health & Personal Care,Marketplace,Multiple,Digital Wallet,10,8,1,0.647,0.286,0.195,,154.3
1140,20,Female,United States,Dallas,25K-50K,Professional,Unemployed,Divorced,35,73,831.15,60673.95,19,Office Supplies,Online,Tablet,Credit Card,7,11,5,0.651,0.115,0.218,LinkedIn,7.81
1141,46,Female,United States,Chicago,75K-100K,PhD,Student,Divorced,111,192,447.09,85841.28,1,Beauty,In-Store,Tablet,Debit Card,2,5,4,0.515,0.038,0.165,"TikTok, YouTube, Twitter",34.62
1142,20,Female,United States,Philadelphia,75K-100K,Bachelors,Student,Married,95,113,832.29,94048.77,329,Automotive,Marketplace,Tablet,Cash on Delivery,10,2,5,0.844,0.12,0.163,Facebook,33.09
1143,55,Male,United States,San Diego,25K-50K,PhD,Retired,Single,66,196,854.61,167503.56,22,Office Supplies,In-Store,Tablet,Cash on Delivery,9,14,2,0.496,0.305,0.271,"Twitter, TikTok",72.08
1144,71,Female,United States,New York,150K+,Masters,Self-Employed,Widowed,54,67,659.37,44177.79,87,Toys,Marketplace,Tablet,Bank Transfer,19,9,3,0.672,0.159,0.11,"Twitter, TikTok",175.25
1145,53,Male,United States,Houston,150K+,High School,Retired,Married,45,72,37.27,2683.44,1,Health & Personal Care,Marketplace,Tablet,Digital Wallet,5,2,5,0.219,0.013,0.143,,65.71
1146,38,Male,United States,New York,150K+,PhD,Student,Widowed,44,91,962.14,87554.74,87,Toys,Online,Tablet,Digital Wallet,4,6,5,0.672,0.023,0.011,"Facebook, TikTok",97.67
1147,43,Female,United States,Houston,75K-100K,Professional,Unemployed,Single,9,165,888.99,146683.35,4,Grocery,Mobile App,Multiple,Digital Wallet,13,1,2,0.059,0.385,0.003,"Twitter, TikTok",106.18
1148,34,Male,United States,San Jose,75K-100K,High School,Unemployed,Married,90,69,708.48,48885.12,11,Pet Supplies,In-Store,Mobile,Credit Card,13,6,4,0.407,0.284,0.212,"YouTube, Instagram",40.11
1149,82,Female,United States,San Diego,150K+,PhD,Self-Employed,Married,105,60,494.28,29656.8,0,Toys,Mobile App,Mobile,Cash on Delivery,9,2,5,0.309,0.26,0.158,YouTube,56.44
1150,58,Male,United States,Philadelphia,75K-100K,High School,Unemployed,Single,21,197,463.06,91222.82,6,Home & Kitchen,Online,Tablet,Credit Card,3,3,5,0.691,0.004,0.006,"Facebook, TikTok, Twitter",39.46
1151,26,Female,United States,Philadelphia,25K-50K,High School,Employed,Divorced,94,17,720.71,12252.07,15,Office Supplies,Online,Mobile,Debit Card,11,5,1,0.77,0.066,0.128,"Twitter, LinkedIn, TikTok",7.24
1152,60,Male,United States,Dallas,150K+,PhD,Retired,Single,98,134,686.02,91926.68,1,Toys,Marketplace,Mobile,Cash on Delivery,7,6,3,0.203,0.399,0.06,,37.68
1153,65,Female,United States,San Jose,0-25K,Masters,Retired,Married,43,119,905.34,107735.46,186,Pet Supplies,Marketplace,Mobile,Digital Wallet,13,6,3,0.679,0.329,0.273,,72.51
1154,67,Female,United States,Chicago,75K-100K,Professional,Retired,Divorced,33,3,227.88,683.64,1,Office Supplies,Mobile App,Desktop,Cash on Delivery,16,3,2,0.779,0.388,0.102,"Instagram, Twitter, Facebook",46.88
1155,20,Female,United States,Chicago,0-25K,Masters,Self-Employed,Married,20,25,74.83,1870.75,255,Beauty,Online,Desktop,Credit Card,17,12,5,0.654,0.092,0.105,"LinkedIn, YouTube",20.4
1156,38,Male,United States,Dallas,150K+,High School,Student,Widowed,1,86,677.49,58264.14,37,Electronics,Marketplace,Desktop,Cash on Delivery,2,3,1,0.181,0.499,0.248,,9.69
1157,56,Female,United States,San Diego,25K-50K,Bachelors,Self-Employed,Single,95,59,276.08,16288.72,30,Home & Kitchen,In-Store,Tablet,Bank Transfer,12,11,1,0.758,0.462,0.141,"Facebook, LinkedIn, Instagram",74.62
1158,56,Male,United States,Phoenix,100K-150K,Masters,Self-Employed,Married,21,34,955.8,32497.2,9,Electronics,Mobile App,Desktop,Debit Card,0,9,3,0.903,0.049,0.14,,138.05
1159,78,Male,United States,New York,150K+,Professional,Unemployed,Single,104,32,748.58,23954.56,32,Home & Kitchen,In-Store,Mobile,Credit Card,13,6,4,0.91,0.159,0.224,,108.77
1160,30,Female,United States,Houston,50K-75K,PhD,Student,Single,51,66,743.3,49057.8,42,Grocery,In-Store,Multiple,Bank Transfer,7,10,4,0.345,0.368,0.122,"YouTube, TikTok",106.87
1161,74,Female,United States,Dallas,100K-150K,PhD,Retired,Divorced,41,126,74.39,9373.14,90,Sports & Fitness,Online,Mobile,Bank Transfer,7,10,2,0.069,0.376,0.106,Facebook,90.27
1162,60,Male,United States,Phoenix,100K-150K,Masters,Employed,Married,3,56,528.07,29571.92,84,Fashion,In-Store,Desktop,Digital Wallet,7,5,2,0.229,0.19,0.087,"YouTube, LinkedIn, Twitter",99.41
1163,28,Female,United States,Dallas,100K-150K,Bachelors,Employed,Widowed,58,45,127.77,5749.65,140,Books,Marketplace,Tablet,Debit Card,12,2,3,0.925,0.451,0.065,Instagram,144.9
1164,21,Female,United States,Houston,0-25K,High School,Employed,Divorced,62,93,358.95,33382.35,0,Grocery,In-Store,Multiple,Digital Wallet,13,1,4,0.835,0.463,0.258,,162.01
1165,64,Male,United States,San Antonio,150K+,Professional,Self-Employed,Widowed,20,50,655.72,32786.0,271,Office Supplies,In-Store,Mobile,Credit Card,15,14,3,0.926,0.153,0.077,"Instagram, YouTube, TikTok",142.26
1166,19,Male,United States,Houston,100K-150K,High School,Employed,Married,14,184,484.31,89113.04,53,Sports & Fitness,Marketplace,Desktop,Debit Card,0,2,3,0.134,0.32,0.048,"LinkedIn, Twitter",186.14
1167,27,Male,United States,New York,25K-50K,High School,Retired,Single,63,189,132.99,25135.11,0,Grocery,In-Store,Tablet,Credit Card,19,1,5,0.809,0.22,0.096,LinkedIn,26.33
1168,43,Male,United States,Houston,0-25K,Masters,Student,Single,42,112,676.99,75822.88,23,Beauty,Online,Tablet,Digital Wallet,9,1,3,0.862,0.133,0.071,Twitter,34.39
1169,22,Female,United States,Houston,50K-75K,Masters,Employed,Married,114,172,152.3,26195.6,28,Sports & Fitness,Mobile App,Tablet,Digital Wallet,5,2,4,0.057,0.159,0.197,"YouTube, Instagram",66.42
1170,44,Female,United States,Chicago,50K-75K,Bachelors,Retired,Widowed,81,57,675.73,38516.61,292,Home & Kitchen,Mobile App,Tablet,Digital Wallet,3,8,4,0.653,0.182,0.157,"LinkedIn, YouTube, Instagram",120.78
1171,26,Male,United States,San Jose,75K-100K,PhD,Unemployed,Married,93,93,654.18,60838.74,3,Grocery,Mobile App,Tablet,Debit Card,14,13,3,0.827,0.059,0.264,YouTube,62.26
1172,53,Male,United States,San Antonio,150K+,Professional,Retired,Married,8,7,422.53,2957.71,15,Electronics,In-Store,Desktop,Bank Transfer,17,6,1,0.795,0.047,0.251,,180.07
1173,26,Male,United States,Dallas,150K+,PhD,Employed,Married,99,156,260.54,40644.24,154,Fashion,Online,Mobile,Digital Wallet,10,13,1,0.394,0.032,0.039,"TikTok, Instagram, Facebook",18.48
1174,59,Female,United States,San Antonio,150K+,Professional,Student,Married,36,56,694.76,38906.56,5,Beauty,In-Store,Tablet,Debit Card,13,3,1,0.628,0.301,0.011,"TikTok, YouTube, LinkedIn",172.57
1175,66,Male,United States,Philadelphia,100K-150K,High School,Student,Widowed,10,32,193.51,6192.32,5,Automotive,Marketplace,Mobile,Debit Card,2,1,2,0.344,0.088,0.164,"Twitter, LinkedIn, Facebook",24.98
1176,43,Male,United States,Philadelphia,50K-75K,Masters,Student,Married,13,95,500.26,47524.7,20,Health & Personal Care,Online,Desktop,Credit Card,11,2,4,0.024,0.125,0.191,"YouTube, Instagram",83.75
1177,56,Male,United States,Phoenix,150K+,Masters,Employed,Married,42,168,76.36,12828.48,217,Fashion,Mobile App,Multiple,Digital Wallet,16,10,1,0.331,0.025,0.15,"Twitter, TikTok",58.68
1178,62,Male,United States,Chicago,150K+,Bachelors,Self-Employed,Single,41,157,875.43,137442.51,66,Home & Kitchen,Online,Multiple,Debit Card,6,9,1,0.166,0.223,0.261,"YouTube, TikTok",87.42
1179,38,Female,United States,Dallas,50K-75K,High School,Retired,Divorced,39,187,192.38,35975.06,18,Fashion,Online,Desktop,Digital Wallet,1,3,4,0.298,0.198,0.103,"TikTok, Facebook, Instagram",163.99
1180,28,Male,United States,San Antonio,0-25K,High School,Retired,Divorced,53,146,212.91,31084.86,1,Home & Kitchen,Marketplace,Tablet,Debit Card,14,12,5,0.313,0.111,0.262,"LinkedIn, Facebook, TikTok",27.66
1181,69,Female,United States,Houston,100K-150K,PhD,Self-Employed,Divorced,91,102,247.67,25262.34,31,Automotive,In-Store,Mobile,Bank Transfer,0,2,1,0.463,0.195,0.118,Instagram,142.62
1182,18,Female,United States,Los Angeles,0-25K,PhD,Self-Employed,Married,88,12,441.89,5302.68,1,Pet Supplies,Marketplace,Mobile,Debit Card,14,9,4,0.041,0.201,0.2,"Instagram, TikTok",84.32
1183,53,Female,United States,Philadelphia,0-25K,Bachelors,Self-Employed,Divorced,18,175,77.18,13506.5,36,Office Supplies,Marketplace,Mobile,Bank Transfer,16,12,5,0.281,0.34,0.266,TikTok,32.82
1184,55,Female,United States,Dallas,0-25K,Masters,Employed,Widowed,60,193,170.88,32979.84,1,Sports & Fitness,Mobile App,Mobile,Cash on Delivery,15,3,3,0.845,0.424,0.129,"LinkedIn, Twitter",5.24
1185,48,Male,United States,Phoenix,75K-100K,High School,Self-Employed,Divorced,57,21,967.04,20307.84,22,Electronics,In-Store,Multiple,Cash on Delivery,5,6,2,0.319,0.282,0.232,,30.21
1186,44,Female,United States,Houston,50K-75K,High School,Employed,Divorced,118,71,638.5,45333.5,156,Health & Personal Care,Online,Mobile,Credit Card,2,9,4,0.049,0.252,0.238,TikTok,48.0
1187,79,Female,United States,Houston,150K+,Professional,Retired,Married,49,111,942.92,104664.12,50,Beauty,Online,Multiple,Digital Wallet,18,4,5,0.51,0.197,0.166,TikTok,76.67
1188,60,Male,United States,San Diego,50K-75K,Masters,Self-Employed,Single,5,61,130.86,7982.46,2,Toys,Online,Multiple,Cash on Delivery,8,13,4,0.184,0.245,0.086,"Facebook, TikTok",136.32
1189,51,Male,United States,Los Angeles,75K-100K,High School,Retired,Single,81,119,320.93,38190.67,299,Grocery,Mobile App,Tablet,Credit Card,14,10,5,0.492,0.338,0.196,,147.48
1190,26,Female,United States,Chicago,100K-150K,Professional,Employed,Divorced,16,19,377.96,7181.24,277,Health & Personal Care,Online,Mobile,Bank Transfer,10,3,3,0.463,0.201,0.113,"TikTok, YouTube, Facebook",76.87
1191,29,Male,United States,San Antonio,100K-150K,Professional,Student,Married,32,97,286.0,27742.0,6,Automotive,Marketplace,Multiple,Credit Card,18,12,5,0.593,0.024,0.085,"TikTok, LinkedIn",29.87
1192,41,Male,United States,San Antonio,100K-150K,High School,Unemployed,Widowed,28,146,497.15,72583.9,2,Home & Kitchen,Marketplace,Mobile,Digital Wallet,13,13,1,0.261,0.17,0.072,"Instagram, YouTube, LinkedIn",11.41
1193,21,Male,United States,Chicago,50K-75K,PhD,Retired,Single,93,132,404.12,53343.84,0,Toys,Mobile App,Mobile,Debit Card,13,12,2,0.946,0.173,0.22,"Instagram, Twitter, LinkedIn",94.87
1194,36,Male,United States,San Jose,100K-150K,Masters,Retired,Married,66,114,626.53,71424.42,237,Beauty,Online,Multiple,Credit Card,7,9,2,0.751,0.246,0.243,"LinkedIn, Instagram, Facebook",44.47
1195,23,Female,United States,Phoenix,100K-150K,PhD,Employed,Married,41,146,256.73,37482.58,277,Automotive,In-Store,Tablet,Bank Transfer,18,13,5,0.329,0.407,0.115,,139.76
1196,80,Female,United States,Houston,0-25K,High School,Retired,Married,7,119,741.44,88231.36,3,Grocery,Marketplace,Desktop,Credit Card,14,0,1,0.595,0.092,0.15,TikTok,111.96
1197,80,Male,United States,Philadelphia,150K+,Masters,Retired,Single,76,175,876.14,153324.5,49,Toys,In-Store,Desktop,Digital Wallet,10,0,3,0.448,0.005,0.102,"Twitter, LinkedIn",141.65
1198,18,Female,United States,Dallas,25K-50K,Bachelors,Retired,Widowed,24,180,875.42,157575.6,229,Grocery,Online,Tablet,Credit Card,6,2,4,0.715,0.225,0.211,"Twitter, Instagram",70.33
1199,70,Male,United States,New York,100K-150K,Masters,Student,Married,92,43,970.72,41740.96,257,Pet Supplies,Online,Desktop,Credit Card,1,5,2,0.056,0.018,0.25,,134.37
1200,22,Male,United States,San Jose,50K-75K,Masters,Self-Employed,Single,103,140,202.48,28347.2,112,Grocery,Online,Mobile,Credit Card,11,7,1,0.052,0.169,0.289,"Facebook, Instagram, Twitter",150.92
1201,21,Male,United States,New York,25K-50K,PhD,Retired,Single,9,171,393.86,67350.06,1,Office Supplies,In-Store,Desktop,Credit Card,1,4,1,0.977,0.325,0.142,"Facebook, Twitter",66.01
1202,52,Female,United States,San Jose,150K+,High School,Retired,Single,39,121,124.68,15086.28,29,Grocery,Marketplace,Mobile,Bank Transfer,8,8,5,0.053,0.408,0.123,Instagram,169.71
1203,72,Female,United States,Houston,75K-100K,Bachelors,Retired,Single,82,8,510.62,4084.96,5,Office Supplies,Marketplace,Multiple,Debit Card,16,1,4,0.69,0.434,0.22,"LinkedIn, YouTube",74.23
1204,70,Female,United States,New York,50K-75K,Bachelors,Unemployed,Widowed,93,12,172.39,2068.68,1,Sports & Fitness,In-Store,Mobile,Digital Wallet,15,9,5,0.266,0.107,0.295,Twitter,30.59
1205,23,Female,United States,Los Angeles,75K-100K,Professional,Self-Employed,Divorced,16,166,194.69,32318.54,0,Fashion,Marketplace,Mobile,Debit Card,15,10,3,0.097,0.052,0.165,Facebook,105.43
1206,59,Male,United States,New York,150K+,Bachelors,Employed,Divorced,39,22,18.75,412.5,30,Grocery,Mobile App,Tablet,Bank Transfer,0,7,5,0.108,0.01,0.245,"Instagram, LinkedIn, YouTube",28.82
1207,40,Male,United States,New York,100K-150K,Bachelors,Retired,Widowed,72,14,867.44,12144.16,321,Books,Mobile App,Desktop,Debit Card,0,1,4,0.248,0.191,0.078,"Instagram, YouTube",187.59
1208,49,Female,United States,Phoenix,25K-50K,High School,Unemployed,Divorced,110,53,773.33,40986.49,7,Electronics,In-Store,Desktop,Credit Card,15,6,5,0.172,0.159,0.122,,32.92
1209,30,Female,United States,San Antonio,75K-100K,Professional,Retired,Widowed,55,78,511.01,39858.78,30,Office Supplies,In-Store,Multiple,Credit Card,9,14,1,0.743,0.255,0.033,"TikTok, Facebook",159.26
1210,57,Female,United States,Phoenix,100K-150K,Bachelors,Student,Divorced,16,127,825.0,104775.0,7,Office Supplies,Online,Multiple,Digital Wallet,10,10,4,0.907,0.239,0.095,TikTok,92.52
1211,20,Male,United States,Phoenix,25K-50K,Professional,Self-Employed,Married,112,151,454.61,68646.11,0,Home & Kitchen,Mobile App,Multiple,Debit Card,7,9,5,0.254,0.413,0.21,"LinkedIn, Facebook, Instagram",110.51
1212,41,Male,United States,Los Angeles,75K-100K,Bachelors,Unemployed,Married,110,138,783.99,108190.62,0,Sports & Fitness,Mobile App,Desktop,Cash on Delivery,16,2,5,0.014,0.007,0.281,"LinkedIn, YouTube",33.51
1213,70,Male,United States,New York,75K-100K,Masters,Self-Employed,Widowed,38,168,100.33,16855.44,7,Home & Kitchen,Mobile App,Mobile,Credit Card,16,8,2,0.06,0.389,0.257,"LinkedIn, Twitter, YouTube",132.51
1214,33,Female,United States,San Jose,100K-150K,PhD,Employed,Divorced,87,13,859.83,11177.79,1,Sports & Fitness,Online,Mobile,Bank Transfer,17,14,4,0.825,0.26,0.156,Twitter,168.61
1215,29,Female,United States,Philadelphia,150K+,PhD,Retired,Divorced,77,89,992.31,88315.59,1,Sports & Fitness,Online,Mobile,Cash on Delivery,0,1,1,0.027,0.467,0.281,"YouTube, Twitter",85.29
1216,18,Female,United States,New York,100K-150K,High School,Employed,Widowed,111,154,558.01,85933.54,7,Health & Personal Care,In-Store,Multiple,Cash on Delivery,9,1,3,0.974,0.237,0.092,Facebook,37.56
1217,27,Female,United States,San Diego,25K-50K,Bachelors,Retired,Widowed,94,101,351.33,35484.33,3,Fashion,Mobile App,Multiple,Bank Transfer,9,11,2,0.909,0.311,0.07,"Instagram, Facebook, TikTok",29.92
1218,25,Female,United States,New York,150K+,PhD,Self-Employed,Married,28,1,867.05,867.05,13,Health & Personal Care,In-Store,Tablet,Debit Card,14,2,1,0.097,0.41,0.065,"Facebook, TikTok, Twitter",192.27
1219,78,Male,United States,Dallas,0-25K,Bachelors,Unemployed,Widowed,100,124,945.1,117192.4,1,Beauty,Marketplace,Tablet,Digital Wallet,16,13,2,0.317,0.21,0.027,"Instagram, Facebook",130.92
1220,19,Female,United States,Philadelphia,50K-75K,Masters,Employed,Widowed,5,165,521.44,86037.6,0,Fashion,Online,Desktop,Digital Wallet,17,3,4,0.915,0.207,0.047,"Facebook, Instagram",148.25
1221,25,Male,United States,New York,25K-50K,PhD,Self-Employed,Divorced,81,191,87.33,16680.03,30,Electronics,In-Store,Multiple,Bank Transfer,5,2,4,0.224,0.141,0.198,Facebook,196.13
1222,38,Male,United States,Los Angeles,25K-50K,Bachelors,Self-Employed,Married,45,58,98.84,5732.72,349,Beauty,Mobile App,Multiple,Credit Card,7,5,2,0.078,0.075,0.221,,152.89
1223,52,Female,United States,Los Angeles,0-25K,Bachelors,Employed,Widowed,112,117,741.28,86729.76,52,Beauty,Marketplace,Tablet,Digital Wallet,17,9,3,0.94,0.186,0.249,Instagram,76.9
1224,45,Female,United States,Houston,75K-100K,High School,Retired,Married,3,196,967.58,189645.68,0,Home & Kitchen,Marketplace,Tablet,Cash on Delivery,4,12,3,0.354,0.291,0.275,"Facebook, TikTok",185.84
1225,48,Female,United States,Chicago,150K+,High School,Unemployed,Single,39,143,592.07,84666.01,85,Pet Supplies,Online,Desktop,Cash on Delivery,18,13,3,0.023,0.266,0.07,"Twitter, Facebook, TikTok",151.97
1226,27,Male,United States,Dallas,75K-100K,Bachelors,Self-Employed,Single,101,47,860.78,40456.66,1,Grocery,Mobile App,Mobile,Debit Card,16,6,3,0.358,0.145,0.21,"LinkedIn, Facebook, Instagram",32.58
1227,18,Male,United States,Houston,75K-100K,Masters,Unemployed,Married,76,140,895.86,125420.4,263,Health & Personal Care,Marketplace,Desktop,Bank Transfer,9,13,2,0.362,0.33,0.079,LinkedIn,127.03
1228,44,Female,United States,San Jose,150K+,Masters,Student,Divorced,7,34,911.9,31004.6,337,Electronics,Online,Mobile,Debit Card,2,4,4,0.954,0.388,0.052,"TikTok, LinkedIn, YouTube",120.28
1229,55,Male,United States,San Antonio,150K+,High School,Self-Employed,Single,21,199,395.21,78646.79,272,Books,Online,Desktop,Bank Transfer,14,3,2,0.933,0.039,0.008,"YouTube, Twitter",7.68
1230,21,Male,United States,Houston,50K-75K,High School,Self-Employed,Single,45,127,13.21,1677.67,0,Books,Marketplace,Mobile,Digital Wallet,14,9,1,0.239,0.346,0.144,"Twitter, LinkedIn, TikTok",187.02
1231,18,Female,United States,Chicago,50K-75K,High School,Self-Employed,Married,116,189,157.78,29820.42,37,Toys,Online,Desktop,Digital Wallet,9,12,5,0.509,0.257,0.162,,167.99
1232,24,Female,United States,San Jose,0-25K,Professional,Unemployed,Single,93,146,608.99,88912.54,16,Automotive,Mobile App,Desktop,Digital Wallet,10,13,4,0.875,0.367,0.082,,96.47
1233,38,Male,United States,Chicago,25K-50K,Professional,Self-Employed,Widowed,94,51,389.37,19857.87,4,Fashion,In-Store,Mobile,Bank Transfer,12,8,2,0.988,0.19,0.153,"Facebook, Twitter, YouTube",64.21
1234,50,Male,United States,San Antonio,75K-100K,Bachelors,Student,Single,75,101,813.84,82197.84,31,Home & Kitchen,Online,Mobile,Credit Card,16,10,2,0.15,0.346,0.209,LinkedIn,152.37
1235,44,Male,United States,Dallas,75K-100K,PhD,Student,Divorced,49,144,179.51,25849.44,252,Books,Marketplace,Tablet,Credit Card,1,5,1,0.579,0.462,0.104,Facebook,16.43
1236,22,Male,United States,Los Angeles,0-25K,Bachelors,Retired,Single,77,43,582.03,25027.29,1,Automotive,Mobile App,Desktop,Digital Wallet,3,6,3,0.043,0.288,0.108,"Instagram, TikTok",167.31
1237,35,Female,United States,San Jose,0-25K,Masters,Self-Employed,Single,53,112,144.25,16156.0,314,Office Supplies,Online,Multiple,Bank Transfer,5,10,2,0.393,0.436,0.151,"Facebook, Instagram",38.31
1238,84,Female,United States,Los Angeles,150K+,High School,Unemployed,Widowed,5,136,506.98,68949.28,78,Pet Supplies,In-Store,Tablet,Cash on Delivery,13,11,2,0.366,0.045,0.113,"LinkedIn, TikTok",35.5
1239,20,Male,United States,Phoenix,75K-100K,Masters,Employed,Divorced,34,154,876.68,135008.72,4,Toys,Marketplace,Desktop,Bank Transfer,6,1,1,0.452,0.02,0.094,"LinkedIn, TikTok, Twitter",22.83
1240,22,Male,United States,Houston,75K-100K,Professional,Retired,Widowed,25,32,748.52,23952.64,7,Beauty,Marketplace,Tablet,Cash on Delivery,9,13,1,0.321,0.173,0.077,Instagram,185.35
1241,65,Female,United States,New York,75K-100K,Professional,Student,Widowed,89,81,74.15,6006.15,2,Fashion,Marketplace,Mobile,Credit Card,16,6,4,0.261,0.343,0.021,"Instagram, YouTube",86.85
1242,57,Male,United States,Los Angeles,100K-150K,PhD,Unemployed,Widowed,65,21,156.66,3289.86,84,Electronics,Online,Desktop,Credit Card,15,5,4,0.187,0.397,0.28,"Twitter, Instagram, Facebook",88.33
1243,23,Male,United States,Los Angeles,100K-150K,Bachelors,Unemployed,Single,91,102,485.78,49549.56,15,Sports & Fitness,Mobile App,Tablet,Digital Wallet,5,11,1,0.959,0.408,0.149,"LinkedIn, Facebook",189.52
1244,18,Male,United States,Philadelphia,0-25K,Masters,Employed,Widowed,59,164,517.15,84812.6,363,Office Supplies,Mobile App,Tablet,Digital Wallet,19,4,2,0.729,0.2,0.154,"YouTube, Instagram",27.55
1245,41,Male,United States,New York,75K-100K,Professional,Unemployed,Married,31,135,301.18,40659.3,4,Office Supplies,Online,Desktop,Bank Transfer,6,0,5,0.584,0.165,0.029,"LinkedIn, Twitter",100.95
1246,68,Male,United States,Phoenix,0-25K,PhD,Student,Single,29,192,263.67,50624.64,3,Office Supplies,In-Store,Tablet,Cash on Delivery,8,0,4,0.872,0.417,0.138,,181.58
1247,43,Male,United States,Houston,50K-75K,Masters,Unemployed,Married,8,153,129.93,19879.29,1,Electronics,Mobile App,Mobile,Credit Card,13,0,2,0.145,0.113,0.187,Facebook,117.08
1248,26,Female,United States,San Jose,25K-50K,Professional,Employed,Single,33,98,246.64,24170.72,16,Electronics,In-Store,Desktop,Credit Card,16,3,5,0.623,0.132,0.118,,93.0
1249,82,Female,United States,Chicago,0-25K,PhD,Student,Widowed,49,96,485.14,46573.44,1,Books,Online,Tablet,Credit Card,17,9,4,0.558,0.434,0.254,"Instagram, Facebook, YouTube",188.22
1250,59,Female,United States,Los Angeles,25K-50K,High School,Self-Employed,Married,73,132,830.11,109574.52,88,Health & Personal Care,Online,Mobile,Digital Wallet,6,0,2,0.655,0.128,0.245,"LinkedIn, Twitter",128.39
1251,60,Female,United States,Houston,50K-75K,Masters,Student,Married,29,195,990.17,193083.15,164,Home & Kitchen,Marketplace,Multiple,Bank Transfer,4,0,5,0.654,0.101,0.222,"Twitter, Instagram, YouTube",177.25
1252,41,Female,United States,Philadelphia,25K-50K,Masters,Retired,Widowed,51,190,578.77,109966.3,1,Office Supplies,Marketplace,Mobile,Credit Card,3,7,4,0.502,0.122,0.106,"LinkedIn, Instagram, Facebook",5.17
1253,68,Male,United States,Phoenix,150K+,Professional,Unemployed,Married,20,42,462.53,19426.26,54,Health & Personal Care,Mobile App,Tablet,Debit Card,0,5,3,0.558,0.2,0.008,"YouTube, TikTok, Twitter",194.08
1254,30,Male,United States,San Jose,100K-150K,Bachelors,Unemployed,Single,17,61,391.2,23863.2,61,Fashion,In-Store,Desktop,Bank Transfer,14,12,4,0.983,0.446,0.018,"Facebook, Twitter",51.32
1255,29,Male,United States,Phoenix,50K-75K,Professional,Retired,Married,40,174,314.88,54789.12,4,Health & Personal Care,Mobile App,Tablet,Credit Card,13,7,5,0.143,0.331,0.213,,12.96
1256,56,Female,United States,Philadelphia,150K+,Masters,Student,Married,74,32,419.91,13437.12,115,Toys,Online,Tablet,Cash on Delivery,0,12,2,0.978,0.04,0.22,"Instagram, YouTube, Facebook",7.56
1257,64,Male,United States,New York,150K+,Professional,Unemployed,Single,51,22,435.28,9576.16,4,Electronics,Online,Desktop,Credit Card,5,10,4,0.708,0.35,0.043,"TikTok, Twitter, LinkedIn",138.48
1258,41,Female,United States,Dallas,0-25K,Bachelors,Retired,Widowed,101,95,642.82,61067.9,7,Beauty,Mobile App,Multiple,Debit Card,2,13,5,0.078,0.408,0.022,Instagram,147.85
1259,84,Male,United States,San Jose,100K-150K,Bachelors,Self-Employed,Widowed,117,120,461.68,55401.6,5,Automotive,Marketplace,Desktop,Bank Transfer,4,6,2,0.432,0.058,0.173,"Twitter, LinkedIn",169.17
1260,37,Male,United States,Los Angeles,150K+,High School,Self-Employed,Married,56,17,783.0,13311.0,82,Beauty,In-Store,Desktop,Cash on Delivery,17,2,4,0.481,0.096,0.186,"TikTok, Instagram",113.82
1261,27,Male,United States,Dallas,75K-100K,Bachelors,Self-Employed,Single,89,102,559.13,57031.26,193,Grocery,Online,Mobile,Digital Wallet,10,2,4,0.736,0.164,0.237,"YouTube, Facebook, TikTok",151.01
1262,76,Male,United States,Dallas,100K-150K,Professional,Employed,Widowed,114,161,917.89,147780.29,1,Fashion,Online,Multiple,Bank Transfer,1,13,3,0.907,0.104,0.175,"YouTube, Instagram",114.44
1263,43,Male,United States,Philadelphia,0-25K,Bachelors,Self-Employed,Widowed,95,183,577.73,105724.59,338,Fashion,Marketplace,Multiple,Cash on Delivery,3,3,5,0.69,0.163,0.034,,28.17
1264,58,Male,United States,Chicago,25K-50K,High School,Student,Married,26,143,482.15,68947.45,17,Home & Kitchen,Online,Mobile,Debit Card,8,5,3,0.24,0.218,0.072,"TikTok, Instagram, YouTube",101.76
1265,70,Female,United States,San Antonio,150K+,High School,Self-Employed,Widowed,76,65,818.83,53223.95,43,Beauty,In-Store,Mobile,Digital Wallet,3,6,5,0.36,0.284,0.201,Instagram,157.96
1266,48,Female,United States,New York,50K-75K,PhD,Student,Widowed,74,27,293.43,7922.61,70,Toys,In-Store,Multiple,Digital Wallet,13,12,2,0.852,0.323,0.003,"LinkedIn, TikTok, Facebook",105.55
1267,57,Male,United States,Los Angeles,25K-50K,Masters,Employed,Divorced,41,188,954.89,179519.32,111,Toys,Marketplace,Desktop,Cash on Delivery,4,3,4,0.594,0.033,0.206,"Facebook, YouTube",150.4
1268,52,Male,United States,Philadelphia,50K-75K,PhD,Retired,Widowed,9,146,460.66,67256.36,84,Office Supplies,Marketplace,Multiple,Cash on Delivery,10,12,3,0.12,0.487,0.18,"YouTube, Instagram",8.09
1269,26,Female,United States,Los Angeles,75K-100K,Bachelors,Self-Employed,Married,51,124,786.73,97554.52,155,Books,Online,Mobile,Bank Transfer,2,6,4,0.175,0.081,0.052,"LinkedIn, Instagram, TikTok",167.72
1270,78,Male,United States,San Antonio,25K-50K,Bachelors,Self-Employed,Married,21,144,552.76,79597.44,22,Health & Personal Care,Online,Desktop,Debit Card,1,14,3,0.315,0.399,0.076,"LinkedIn, Twitter",161.92
1271,54,Male,United States,New York,50K-75K,Bachelors,Retired,Widowed,78,3,209.62,628.86,0,Office Supplies,In-Store,Mobile,Digital Wallet,11,10,2,0.62,0.258,0.217,"YouTube, LinkedIn, TikTok",44.47
1272,21,Male,United States,New York,100K-150K,Professional,Unemployed,Married,66,167,12.68,2117.56,116,Fashion,Marketplace,Desktop,Bank Transfer,12,3,4,0.567,0.024,0.176,"YouTube, TikTok",188.75
1273,72,Male,United States,San Antonio,25K-50K,High School,Student,Widowed,60,10,480.96,4809.6,6,Office Supplies,Marketplace,Multiple,Digital Wallet,8,11,5,0.213,0.197,0.221,"Facebook, YouTube, TikTok",51.52
1274,30,Female,United States,New York,25K-50K,High School,Unemployed,Married,9,113,693.82,78401.66,4,Automotive,In-Store,Desktop,Credit Card,12,14,1,0.62,0.252,0.288,,48.13
1275,29,Male,United States,San Antonio,100K-150K,PhD,Student,Divorced,109,186,457.22,85042.92,28,Electronics,Online,Multiple,Debit Card,0,2,2,0.76,0.401,0.165,"YouTube, LinkedIn",95.92
1276,31,Male,United States,Houston,50K-75K,Professional,Self-Employed,Widowed,119,16,858.29,13732.64,0,Home & Kitchen,Online,Desktop,Cash on Delivery,1,1,4,0.309,0.307,0.174,Instagram,91.15
1277,63,Female,United States,New York,75K-100K,Bachelors,Student,Married,14,106,376.78,39938.68,19,Beauty,In-Store,Desktop,Cash on Delivery,13,10,5,0.531,0.064,0.196,,79.37
1278,28,Male,United States,San Antonio,0-25K,High School,Unemployed,Divorced,16,94,746.8,70199.2,1,Health & Personal Care,Marketplace,Mobile,Debit Card,6,3,4,0.745,0.251,0.04,"TikTok, YouTube, LinkedIn",8.67
1279,31,Male,United States,San Jose,50K-75K,Masters,Retired,Divorced,47,98,636.8,62406.4,1,Pet Supplies,Online,Tablet,Debit Card,16,12,4,0.812,0.279,0.148,"LinkedIn, Twitter",165.32
1280,29,Male,United States,San Antonio,75K-100K,High School,Retired,Single,11,112,780.93,87464.16,194,Grocery,Mobile App,Tablet,Cash on Delivery,19,0,2,0.98,0.427,0.201,"Twitter, LinkedIn",174.37
1281,67,Female,United States,Philadelphia,25K-50K,Bachelors,Retired,Widowed,86,189,334.9,63296.1,328,Toys,Online,Tablet,Digital Wallet,4,0,1,0.37,0.175,0.183,Twitter,65.85
1282,42,Female,United States,San Diego,25K-50K,High School,Employed,Divorced,35,135,793.79,107161.65,1,Fashion,Online,Mobile,Debit Card,9,1,2,0.572,0.341,0.085,"TikTok, YouTube",123.28
1283,49,Female,United States,Los Angeles,75K-100K,PhD,Retired,Single,58,180,629.59,113326.2,1,Toys,Online,Mobile,Digital Wallet,13,3,3,0.178,0.128,0.153,Twitter,41.89
1284,44,Female,United States,Houston,75K-100K,High School,Retired,Divorced,80,11,28.91,318.01,8,Beauty,Online,Desktop,Cash on Delivery,18,0,1,0.15,0.385,0.141,"Instagram, YouTube, TikTok",118.22
1285,21,Female,United States,New York,25K-50K,PhD,Unemployed,Single,28,170,746.08,126833.6,23,Grocery,In-Store,Mobile,Debit Card,0,13,4,0.411,0.248,0.153,Instagram,129.29
1286,63,Female,United States,Houston,100K-150K,Masters,Self-Employed,Married,97,119,923.15,109854.85,25,Books,In-Store,Mobile,Bank Transfer,15,6,2,0.985,0.118,0.089,Instagram,104.24
1287,21,Male,United States,Chicago,25K-50K,Bachelors,Employed,Divorced,5,123,162.81,20025.63,23,Office Supplies,In-Store,Desktop,Digital Wallet,19,5,4,0.066,0.364,0.246,"Twitter, Facebook, TikTok",153.04
1288,34,Male,United States,San Diego,100K-150K,High School,Employed,Married,49,132,599.37,79116.84,77,Home & Kitchen,Mobile App,Mobile,Debit Card,9,4,2,0.908,0.439,0.022,"LinkedIn, Instagram, TikTok",85.14
1289,26,Male,United States,San Jose,25K-50K,Professional,Retired,Married,20,10,717.02,7170.2,25,Electronics,Online,Tablet,Cash on Delivery,2,0,1,0.375,0.276,0.285,,155.1
1290,57,Female,United States,Phoenix,50K-75K,Bachelors,Employed,Single,73,187,202.37,37843.19,64,Grocery,Online,Tablet,Cash on Delivery,3,11,1,0.014,0.236,0.267,Instagram,172.87
1291,55,Female,United States,Los Angeles,25K-50K,Masters,Employed,Married,21,21,221.74,4656.54,9,Health & Personal Care,Online,Mobile,Debit Card,10,12,1,0.91,0.447,0.208,Instagram,176.85
1292,25,Female,United States,Los Angeles,75K-100K,Professional,Retired,Single,111,148,855.3,126584.4,7,Books,Online,Mobile,Bank Transfer,12,12,3,0.948,0.396,0.218,Facebook,125.12
1293,56,Female,United States,Los Angeles,50K-75K,Bachelors,Employed,Single,95,13,648.13,8425.69,27,Sports & Fitness,Online,Multiple,Cash on Delivery,11,1,3,0.949,0.359,0.116,,178.88
1294,38,Male,United States,Los Angeles,150K+,PhD,Self-Employed,Divorced,6,86,877.32,75449.52,81,Books,Mobile App,Desktop,Digital Wallet,12,13,1,0.617,0.011,0.149,"Facebook, LinkedIn",13.01
1295,24,Male,United States,San Diego,100K-150K,Masters,Student,Widowed,98,140,466.72,65340.8,1,Toys,Marketplace,Mobile,Bank Transfer,13,8,1,0.292,0.244,0.001,"Instagram, LinkedIn, YouTube",110.71
1296,60,Female,United States,Phoenix,25K-50K,High School,Self-Employed,Widowed,32,13,837.93,10893.09,14,Sports & Fitness,Mobile App,Tablet,Bank Transfer,16,14,4,0.047,0.301,0.007,"Twitter, Instagram",54.35
1297,36,Male,United States,Los Angeles,100K-150K,PhD,Unemployed,Single,33,129,628.89,81126.81,45,Automotive,Online,Tablet,Cash on Delivery,12,0,4,0.717,0.219,0.238,"YouTube, Instagram, TikTok",132.46
1298,35,Male,United States,San Antonio,50K-75K,Bachelors,Self-Employed,Married,19,52,52.28,2718.56,29,Books,Marketplace,Tablet,Cash on Delivery,7,0,4,0.516,0.209,0.012,TikTok,131.4
1299,21,Male,United States,Houston,150K+,Masters,Retired,Married,30,104,137.12,14260.48,323,Health & Personal Care,Marketplace,Tablet,Credit Card,9,13,3,0.597,0.317,0.146,"LinkedIn, TikTok, Instagram",11.8
1300,20,Male,United States,San Diego,75K-100K,High School,Self-Employed,Single,109,174,31.35,5454.9,25,Electronics,Marketplace,Desktop,Debit Card,13,2,3,0.242,0.204,0.176,"Twitter, YouTube",168.93
1301,64,Male,United States,San Antonio,75K-100K,Masters,Retired,Married,102,75,793.06,59479.5,361,Pet Supplies,In-Store,Multiple,Credit Card,0,7,3,0.504,0.358,0.029,"Twitter, YouTube, Facebook",150.41
1302,78,Male,United States,San Antonio,0-25K,Bachelors,Employed,Single,70,63,231.75,14600.25,4,Grocery,In-Store,Tablet,Debit Card,11,2,5,0.895,0.372,0.281,,50.31
1303,49,Male,United States,San Antonio,100K-150K,Bachelors,Retired,Widowed,18,82,530.28,43482.96,4,Beauty,Marketplace,Desktop,Debit Card,2,1,3,0.938,0.005,0.075,"Twitter, Instagram, Facebook",36.11
1304,53,Male,United States,Los Angeles,0-25K,Professional,Retired,Single,104,169,687.72,116224.68,1,Beauty,Marketplace,Tablet,Cash on Delivery,11,9,2,0.112,0.293,0.137,TikTok,172.57
1305,33,Male,United States,San Antonio,150K+,Bachelors,Student,Widowed,28,18,810.13,14582.34,37,Sports & Fitness,Online,Tablet,Debit Card,11,2,5,0.836,0.276,0.275,"Twitter, YouTube",60.7
1306,33,Female,United States,San Diego,25K-50K,Masters,Employed,Single,79,81,599.99,48599.19,54,Toys,Online,Desktop,Cash on Delivery,19,14,1,0.63,0.372,0.274,"YouTube, Facebook",176.14
1307,37,Female,United States,Chicago,25K-50K,Professional,Retired,Single,31,21,540.02,11340.42,87,Grocery,In-Store,Multiple,Cash on Delivery,18,10,2,0.712,0.361,0.144,YouTube,94.72
1308,80,Female,United States,Dallas,50K-75K,Bachelors,Retired,Single,52,4,276.5,1106.0,7,Automotive,Online,Mobile,Credit Card,15,10,1,0.159,0.148,0.083,"Twitter, LinkedIn",155.07
1309,66,Male,United States,Houston,150K+,PhD,Retired,Widowed,34,109,646.87,70508.83,1,Sports & Fitness,In-Store,Mobile,Digital Wallet,7,9,2,0.261,0.409,0.265,"YouTube, Twitter, LinkedIn",97.63
1310,33,Male,United States,Dallas,50K-75K,Professional,Retired,Widowed,4,28,703.35,19693.8,1,Office Supplies,Mobile App,Tablet,Credit Card,5,13,1,0.607,0.217,0.293,"Instagram, Twitter",61.33
1311,60,Male,United States,San Jose,150K+,Masters,Unemployed,Divorced,7,180,637.82,114807.6,77,Home & Kitchen,Marketplace,Mobile,Bank Transfer,15,0,5,0.713,0.188,0.227,,158.97
1312,25,Male,United States,Los Angeles,50K-75K,Masters,Unemployed,Married,39,65,650.69,42294.85,110,Beauty,Marketplace,Multiple,Bank Transfer,6,2,2,0.932,0.067,0.073,Facebook,111.68
1313,46,Male,United States,Philadelphia,0-25K,Bachelors,Employed,Divorced,8,182,14.9,2711.8,2,Books,Online,Desktop,Debit Card,0,3,3,0.157,0.019,0.138,YouTube,102.78
1314,59,Female,United States,Philadelphia,75K-100K,Professional,Unemployed,Widowed,24,11,198.26,2180.86,1,Books,Marketplace,Multiple,Cash on Delivery,7,7,5,0.399,0.497,0.225,Facebook,145.86
1315,37,Female,United States,Houston,150K+,Masters,Student,Married,5,193,36.35,7015.55,1,Home & Kitchen,Mobile App,Mobile,Digital Wallet,8,1,2,0.315,0.015,0.104,"TikTok, Twitter, Facebook",199.31
1316,43,Female,United States,New York,0-25K,Professional,Self-Employed,Divorced,1,95,881.04,83698.8,150,Toys,Marketplace,Desktop,Bank Transfer,18,9,4,0.161,0.247,0.02,Facebook,46.29
1317,31,Female,United States,New York,75K-100K,Masters,Self-Employed,Widowed,82,30,144.31,4329.3,283,Fashion,Mobile App,Multiple,Cash on Delivery,16,2,2,0.87,0.224,0.199,"Instagram, TikTok",110.92
1318,35,Female,United States,Dallas,100K-150K,PhD,Unemployed,Single,79,16,735.69,11771.04,307,Beauty,Marketplace,Mobile,Debit Card,2,1,5,0.802,0.001,0.085,Facebook,38.24
1319,35,Female,United States,San Diego,50K-75K,PhD,Self-Employed,Widowed,58,142,589.47,83704.74,4,Automotive,Mobile App,Desktop,Cash on Delivery,5,11,5,0.413,0.4,0.039,"TikTok, Twitter, YouTube",175.15
1320,18,Male,United States,San Jose,150K+,Masters,Employed,Widowed,71,16,408.49,6535.84,334,Fashion,Marketplace,Multiple,Digital Wallet,8,3,3,0.989,0.345,0.03,"YouTube, Twitter, TikTok",131.21
1321,69,Female,United States,Chicago,25K-50K,Masters,Self-Employed,Widowed,18,159,144.71,23008.89,0,Home & Kitchen,Marketplace,Multiple,Credit Card,13,14,3,0.075,0.152,0.116,"Facebook, Twitter",29.84
1322,37,Female,United States,Phoenix,0-25K,High School,Self-Employed,Widowed,42,117,517.66,60566.22,22,Sports & Fitness,Marketplace,Mobile,Credit Card,11,7,2,0.364,0.119,0.184,TikTok,16.29
1323,21,Male,United States,Dallas,75K-100K,PhD,Unemployed,Widowed,58,56,957.44,53616.64,157,Fashion,Online,Desktop,Debit Card,6,9,2,0.827,0.431,0.276,,158.54
1324,81,Male,United States,Phoenix,25K-50K,High School,Student,Married,117,145,361.07,52355.15,124,Sports & Fitness,Mobile App,Tablet,Digital Wallet,4,11,3,0.215,0.249,0.202,"YouTube, Facebook",84.11
1325,38,Male,United States,Philadelphia,75K-100K,Professional,Self-Employed,Widowed,72,14,647.46,9064.44,30,Electronics,Mobile App,Multiple,Bank Transfer,13,6,4,0.911,0.478,0.165,,185.13
1326,24,Female,United States,San Antonio,25K-50K,Professional,Employed,Divorced,86,28,633.93,17750.04,16,Pet Supplies,Mobile App,Multiple,Digital Wallet,11,4,3,0.439,0.18,0.167,LinkedIn,50.38
1327,80,Male,United States,Phoenix,75K-100K,Professional,Retired,Divorced,65,3,79.04,237.12,0,Office Supplies,Mobile App,Desktop,Debit Card,17,9,4,0.754,0.203,0.081,"TikTok, LinkedIn",13.2
1328,67,Female,United States,Chicago,150K+,Professional,Student,Divorced,85,13,666.41,8663.33,152,Grocery,In-Store,Multiple,Digital Wallet,1,6,4,0.41,0.445,0.099,"TikTok, Twitter",60.36
1329,55,Male,United States,Los Angeles,100K-150K,PhD,Retired,Married,41,196,374.69,73439.24,270,Fashion,Marketplace,Mobile,Cash on Delivery,1,0,5,0.124,0.195,0.015,"Twitter, TikTok, Facebook",117.23
1330,27,Female,United States,Philadelphia,75K-100K,Professional,Student,Widowed,93,71,584.23,41480.33,30,Sports & Fitness,Marketplace,Desktop,Digital Wallet,2,0,2,0.716,0.022,0.184,"TikTok, LinkedIn, YouTube",173.95
1331,62,Male,United States,San Jose,50K-75K,High School,Retired,Married,53,110,28.54,3139.4,27,Automotive,Online,Multiple,Cash on Delivery,0,12,4,0.289,0.289,0.058,"TikTok, Facebook, Twitter",77.92
1332,61,Male,United States,Philadelphia,25K-50K,Professional,Self-Employed,Widowed,99,138,258.36,35653.68,13,Grocery,Marketplace,Multiple,Debit Card,15,11,1,0.801,0.11,0.165,Facebook,194.44
1333,76,Female,United States,San Diego,25K-50K,Masters,Employed,Married,28,37,812.28,30054.36,6,Electronics,Mobile App,Multiple,Digital Wallet,9,4,4,0.711,0.413,0.236,Twitter,140.74
1334,19,Female,United States,Dallas,75K-100K,Masters,Student,Married,89,117,107.23,12545.91,1,Sports & Fitness,Mobile App,Multiple,Digital Wallet,16,7,4,0.429,0.372,0.053,Instagram,31.34
1335,41,Male,United States,Dallas,0-25K,PhD,Employed,Widowed,99,174,470.61,81886.14,7,Electronics,Mobile App,Mobile,Cash on Delivery,15,2,4,0.958,0.13,0.058,"LinkedIn, Facebook",96.18
1336,50,Female,United States,Phoenix,50K-75K,Masters,Retired,Divorced,104,135,238.33,32174.55,61,Health & Personal Care,Marketplace,Tablet,Cash on Delivery,16,14,1,0.167,0.331,0.284,"YouTube, Twitter",162.04
1337,18,Male,United States,Philadelphia,50K-75K,Masters,Retired,Single,102,93,190.33,17700.69,3,Books,In-Store,Tablet,Bank Transfer,3,10,2,0.904,0.418,0.131,"LinkedIn, YouTube",153.49
1338,61,Male,United States,Los Angeles,50K-75K,High School,Self-Employed,Married,117,51,696.34,35513.34,6,Office Supplies,In-Store,Desktop,Credit Card,8,3,5,0.024,0.094,0.064,,45.51
1339,64,Male,United States,Philadelphia,50K-75K,PhD,Employed,Widowed,90,189,407.49,77015.61,2,Electronics,In-Store,Tablet,Credit Card,3,5,5,0.085,0.38,0.206,,126.79
1340,51,Male,United States,Philadelphia,100K-150K,Masters,Unemployed,Divorced,94,197,848.05,167065.85,357,Office Supplies,Mobile App,Multiple,Digital Wallet,11,7,2,0.41,0.434,0.259,TikTok,164.44
1341,68,Male,United States,Phoenix,150K+,High School,Retired,Widowed,41,83,208.91,17339.53,47,Fashion,Online,Desktop,Bank Transfer,13,2,5,0.965,0.197,0.259,"YouTube, Instagram",144.27
1342,58,Male,United States,Philadelphia,0-25K,Masters,Employed,Divorced,42,20,939.17,18783.4,54,Home & Kitchen,In-Store,Desktop,Debit Card,14,12,1,0.684,0.03,0.15,"Facebook, YouTube",101.83
1343,49,Male,United States,San Jose,25K-50K,Bachelors,Self-Employed,Divorced,87,165,454.49,74990.85,59,Automotive,Mobile App,Mobile,Credit Card,13,1,4,0.643,0.081,0.017,TikTok,125.95
1344,23,Female,United States,Phoenix,50K-75K,High School,Unemployed,Divorced,115,53,448.93,23793.29,327,Electronics,Marketplace,Mobile,Bank Transfer,1,10,1,0.726,0.202,0.295,Facebook,64.28
1345,42,Female,United States,Philadelphia,75K-100K,Bachelors,Retired,Divorced,104,90,676.94,60924.6,7,Fashion,In-Store,Mobile,Debit Card,17,7,1,0.475,0.181,0.299,TikTok,80.29
1346,47,Male,United States,San Jose,75K-100K,Bachelors,Retired,Divorced,89,128,223.0,28544.0,0,Home & Kitchen,Marketplace,Mobile,Debit Card,1,4,5,0.867,0.046,0.199,"Facebook, Twitter",197.89
1347,63,Female,United States,New York,50K-75K,PhD,Self-Employed,Single,52,83,32.19,2671.77,0,Grocery,Mobile App,Desktop,Cash on Delivery,4,8,2,0.018,0.422,0.142,YouTube,93.65
1348,49,Female,United States,New York,100K-150K,Professional,Unemployed,Widowed,74,137,137.26,18804.62,271,Electronics,In-Store,Mobile,Bank Transfer,0,0,5,0.187,0.259,0.232,"Facebook, Instagram, Twitter",40.67
1349,68,Male,United States,Dallas,50K-75K,Professional,Self-Employed,Divorced,88,147,408.3,60020.1,1,Health & Personal Care,In-Store,Desktop,Digital Wallet,5,9,4,0.0,0.088,0.203,TikTok,19.35
1350,40,Male,United States,Dallas,25K-50K,Masters,Student,Divorced,96,57,101.84,5804.88,80,Health & Personal Care,Marketplace,Desktop,Cash on Delivery,1,4,3,0.891,0.391,0.151,,27.05
1351,61,Female,United States,Dallas,150K+,PhD,Student,Widowed,95,63,291.01,18333.63,170,Electronics,Online,Multiple,Cash on Delivery,10,10,2,0.905,0.315,0.066,Instagram,160.6
1352,60,Female,United States,Phoenix,150K+,Masters,Self-Employed,Widowed,12,104,610.66,63508.64,27,Home & Kitchen,In-Store,Tablet,Debit Card,16,6,2,0.483,0.277,0.272,"Twitter, Facebook, YouTube",75.5
1353,32,Female,United States,New York,50K-75K,Professional,Self-Employed,Married,59,29,283.78,8229.62,81,Fashion,Online,Tablet,Bank Transfer,1,12,2,0.519,0.228,0.08,"Facebook, Twitter",187.02
1354,57,Male,United States,Philadelphia,0-25K,Professional,Employed,Single,37,178,994.72,177060.16,20,Fashion,Marketplace,Tablet,Debit Card,4,0,5,0.46,0.195,0.165,"TikTok, Facebook, YouTube",144.15
1355,36,Female,United States,Chicago,75K-100K,High School,Unemployed,Widowed,73,160,288.27,46123.2,27,Pet Supplies,In-Store,Multiple,Digital Wallet,14,3,1,0.195,0.36,0.171,"TikTok, Instagram, YouTube",87.1
1356,57,Female,United States,Dallas,150K+,PhD,Self-Employed,Divorced,107,111,724.2,80386.2,0,Automotive,In-Store,Multiple,Credit Card,1,4,5,0.259,0.121,0.048,"YouTube, Twitter, LinkedIn",166.36
1357,47,Female,United States,Los Angeles,100K-150K,Professional,Self-Employed,Single,40,107,286.54,30659.78,5,Office Supplies,Mobile App,Mobile,Digital Wallet,4,12,4,0.802,0.009,0.089,"YouTube, Instagram",112.38
1358,82,Male,United States,Philadelphia,0-25K,Professional,Retired,Married,96,81,234.16,18966.96,7,Office Supplies,Marketplace,Mobile,Debit Card,15,10,2,0.119,0.048,0.134,"Facebook, Twitter",102.57
1359,50,Male,United States,Chicago,150K+,Professional,Employed,Divorced,71,105,800.11,84011.55,174,Sports & Fitness,Mobile App,Desktop,Debit Card,5,11,4,0.559,0.463,0.02,YouTube,76.28
1360,29,Female,United States,Los Angeles,50K-75K,Bachelors,Unemployed,Married,8,11,144.54,1589.94,222,Electronics,Mobile App,Desktop,Debit Card,18,5,4,0.016,0.109,0.143,"Instagram, LinkedIn",164.55
1361,58,Female,United States,New York,25K-50K,Bachelors,Unemployed,Widowed,47,45,481.37,21661.65,225,Automotive,Mobile App,Desktop,Credit Card,1,2,3,0.917,0.319,0.208,Twitter,106.38
1362,59,Female,United States,San Antonio,75K-100K,Bachelors,Student,Married,105,3,596.99,1790.97,40,Books,Mobile App,Mobile,Debit Card,4,8,3,0.369,0.066,0.105,"YouTube, TikTok, LinkedIn",168.43
1363,33,Female,United States,Dallas,150K+,High School,Retired,Divorced,7,23,163.83,3768.09,43,Grocery,In-Store,Tablet,Bank Transfer,6,0,4,0.433,0.223,0.187,Twitter,193.11
1364,55,Male,United States,Phoenix,75K-100K,Masters,Retired,Single,41,52,297.69,15479.88,354,Books,In-Store,Tablet,Cash on Delivery,7,3,3,0.061,0.083,0.171,LinkedIn,150.16
1365,51,Female,United States,Dallas,150K+,Professional,Retired,Married,24,150,569.43,85414.5,336,Office Supplies,Marketplace,Tablet,Credit Card,17,9,3,0.194,0.355,0.229,,126.21
1366,42,Male,United States,Philadelphia,0-25K,Bachelors,Student,Single,46,153,328.33,50234.49,18,Automotive,Marketplace,Tablet,Cash on Delivery,12,2,5,0.346,0.087,0.031,"Instagram, Facebook, LinkedIn",183.08
1367,36,Male,United States,San Antonio,50K-75K,High School,Unemployed,Married,84,177,324.26,57394.02,72,Beauty,Online,Desktop,Bank Transfer,15,2,3,0.665,0.079,0.27,,23.98
1368,60,Male,United States,Los Angeles,50K-75K,PhD,Unemployed,Single,69,188,954.34,179415.92,305,Home & Kitchen,In-Store,Multiple,Credit Card,1,0,3,0.627,0.405,0.088,"Twitter, Facebook, Instagram",38.5
1369,66,Female,United States,Chicago,150K+,PhD,Student,Married,48,53,19.99,1059.47,6,Electronics,Mobile App,Mobile,Debit Card,3,8,1,0.582,0.198,0.008,"Instagram, Facebook, YouTube",130.05
1370,44,Female,United States,San Antonio,0-25K,Bachelors,Retired,Married,92,169,647.89,109493.41,17,Beauty,Mobile App,Tablet,Debit Card,14,9,3,0.866,0.344,0.059,"Twitter, TikTok, LinkedIn",171.14
1371,39,Male,United States,Chicago,50K-75K,Bachelors,Retired,Married,81,143,942.9,134834.7,184,Automotive,Online,Mobile,Digital Wallet,10,1,2,0.298,0.108,0.121,"LinkedIn, TikTok",75.05
1372,23,Female,United States,San Jose,75K-100K,Bachelors,Retired,Single,105,25,623.48,15587.0,3,Beauty,Mobile App,Tablet,Debit Card,8,8,5,0.542,0.453,0.011,"Twitter, TikTok",84.73
1373,20,Female,United States,Los Angeles,50K-75K,PhD,Unemployed,Widowed,49,96,671.07,64422.72,152,Pet Supplies,In-Store,Tablet,Debit Card,9,1,2,0.698,0.305,0.198,"Instagram, Twitter",38.88
1374,28,Male,United States,San Antonio,100K-150K,Professional,Unemployed,Single,11,163,151.56,24704.28,0,Office Supplies,Marketplace,Desktop,Digital Wallet,15,10,2,0.636,0.041,0.209,"TikTok, LinkedIn, Instagram",5.71
1375,28,Male,United States,Houston,50K-75K,Bachelors,Employed,Divorced,87,63,281.11,17709.93,1,Office Supplies,Marketplace,Multiple,Digital Wallet,11,7,3,0.035,0.061,0.186,Instagram,139.2
1376,34,Female,United States,Philadelphia,50K-75K,Professional,Student,Single,9,14,838.66,11741.24,71,Sports & Fitness,Online,Multiple,Cash on Delivery,0,12,5,0.067,0.045,0.239,Instagram,37.6
1377,64,Female,United States,Phoenix,50K-75K,Professional,Unemployed,Widowed,79,171,44.41,7594.11,22,Toys,Online,Mobile,Debit Card,1,12,1,0.572,0.44,0.032,"Twitter, Instagram",110.01
1378,54,Female,United States,Dallas,75K-100K,High School,Unemployed,Married,83,9,283.27,2549.43,325,Pet Supplies,In-Store,Mobile,Credit Card,7,9,1,0.941,0.323,0.187,"YouTube, TikTok",195.31
1379,46,Male,United States,San Diego,150K+,Bachelors,Unemployed,Divorced,106,187,807.25,150955.75,1,Health & Personal Care,Mobile App,Tablet,Cash on Delivery,11,10,2,0.132,0.147,0.288,YouTube,127.83
1380,30,Female,United States,Philadelphia,25K-50K,Bachelors,Retired,Divorced,78,120,515.08,61809.6,0,Books,Online,Desktop,Cash on Delivery,16,5,5,0.442,0.137,0.088,"Instagram, TikTok",129.34
1381,78,Male,United States,Philadelphia,100K-150K,High School,Self-Employed,Widowed,48,8,806.29,6450.32,1,Health & Personal Care,Marketplace,Mobile,Debit Card,14,8,3,0.456,0.054,0.166,,23.14
1382,61,Male,United States,Dallas,150K+,High School,Employed,Married,47,4,269.47,1077.88,319,Health & Personal Care,Mobile App,Desktop,Cash on Delivery,12,1,5,0.609,0.297,0.069,Facebook,192.08
1383,37,Male,United States,New York,50K-75K,PhD,Employed,Married,32,25,356.05,8901.25,1,Beauty,Mobile App,Multiple,Bank Transfer,10,3,3,0.848,0.362,0.162,Instagram,145.1
1384,32,Male,United States,Dallas,0-25K,Professional,Employed,Single,97,94,128.97,12123.18,55,Pet Supplies,Marketplace,Multiple,Cash on Delivery,2,7,5,0.573,0.489,0.292,YouTube,140.45
1385,28,Male,United States,Dallas,50K-75K,Professional,Employed,Single,79,77,491.61,37853.97,313,Books,Online,Multiple,Digital Wallet,15,3,2,0.365,0.213,0.259,"LinkedIn, YouTube",155.13
1386,30,Male,United States,San Jose,25K-50K,Masters,Retired,Married,108,114,124.64,14208.96,1,Home & Kitchen,In-Store,Tablet,Debit Card,15,8,5,0.381,0.102,0.074,Twitter,8.22
1387,44,Male,United States,Chicago,100K-150K,Masters,Retired,Single,68,121,465.3,56301.3,1,Fashion,Online,Mobile,Debit Card,19,6,5,0.742,0.142,0.01,"Facebook, Instagram",104.96
1388,53,Male,United States,Los Angeles,0-25K,Professional,Self-Employed,Widowed,106,199,220.23,43825.77,2,Grocery,Marketplace,Multiple,Bank Transfer,17,10,5,0.243,0.433,0.154,TikTok,106.5
1389,49,Female,United States,San Jose,50K-75K,PhD,Self-Employed,Single,70,129,18.24,2352.96,25,Sports & Fitness,In-Store,Desktop,Digital Wallet,4,11,2,0.36,0.011,0.254,TikTok,174.22
1390,26,Male,United States,Dallas,25K-50K,Professional,Employed,Single,70,34,251.94,8565.96,30,Books,Online,Desktop,Digital Wallet,15,5,5,0.016,0.058,0.212,"Instagram, TikTok",178.17
1391,42,Male,United States,San Jose,0-25K,Masters,Retired,Divorced,55,10,78.73,787.3,51,Office Supplies,Online,Multiple,Debit Card,8,6,5,0.604,0.182,0.174,"Facebook, LinkedIn, TikTok",59.07
1392,34,Male,United States,Los Angeles,75K-100K,Bachelors,Unemployed,Married,53,172,462.14,79488.08,23,Books,Mobile App,Mobile,Digital Wallet,15,3,4,0.438,0.107,0.282,,136.99
1393,77,Male,United States,Dallas,75K-100K,Professional,Student,Married,51,182,546.05,99381.1,86,Office Supplies,In-Store,Tablet,Cash on Delivery,19,0,2,0.201,0.182,0.035,,103.35
1394,55,Male,United States,San Jose,50K-75K,High School,Self-Employed,Divorced,16,111,44.41,4929.51,24,Office Supplies,Marketplace,Desktop,Cash on Delivery,15,13,2,0.867,0.035,0.018,"Twitter, Instagram",166.53
1395,30,Female,United States,San Diego,50K-75K,Masters,Student,Married,57,128,305.8,39142.4,0,Electronics,Online,Tablet,Cash on Delivery,19,9,5,0.341,0.023,0.093,,135.39
1396,77,Female,United States,Houston,0-25K,PhD,Student,Divorced,112,136,935.34,127206.24,189,Office Supplies,In-Store,Mobile,Debit Card,17,10,3,0.746,0.46,0.29,,113.05
1397,53,Male,United States,Chicago,75K-100K,High School,Self-Employed,Divorced,29,170,267.61,45493.7,4,Automotive,Online,Mobile,Credit Card,19,0,2,0.272,0.372,0.143,"Instagram, Facebook",136.51
1398,45,Female,United States,New York,100K-150K,High School,Student,Widowed,33,29,11.93,345.97,1,Grocery,Online,Multiple,Debit Card,18,1,4,0.459,0.221,0.06,"YouTube, Twitter",18.07
1399,25,Male,United States,Houston,50K-75K,Bachelors,Student,Widowed,61,136,425.86,57916.96,26,Fashion,Online,Mobile,Credit Card,17,13,1,0.721,0.229,0.003,Twitter,66.0
1400,27,Female,United States,San Diego,50K-75K,Professional,Employed,Single,5,50,12.11,605.5,0,Electronics,In-Store,Desktop,Credit Card,19,12,5,0.063,0.021,0.189,,193.34
1401,46,Male,United States,Phoenix,75K-100K,Professional,Employed,Single,17,96,791.3,75964.8,1,Pet Supplies,Mobile App,Tablet,Credit Card,3,3,1,0.569,0.382,0.182,"LinkedIn, Facebook, Instagram",188.43
1402,34,Female,United States,Phoenix,50K-75K,High School,Self-Employed,Divorced,81,21,28.15,591.15,86,Sports & Fitness,Online,Tablet,Debit Card,7,4,5,0.79,0.386,0.098,"TikTok, YouTube, LinkedIn",112.53
1403,29,Female,United States,Chicago,0-25K,PhD,Employed,Married,16,1,55.17,55.17,27,Electronics,Online,Tablet,Bank Transfer,15,4,3,0.441,0.07,0.264,,104.45
1404,43,Female,United States,Dallas,50K-75K,Bachelors,Unemployed,Widowed,88,8,430.48,3443.84,6,Grocery,Online,Desktop,Bank Transfer,10,6,1,0.083,0.322,0.231,Facebook,84.48
1405,59,Female,United States,San Antonio,100K-150K,Masters,Retired,Single,51,10,987.2,9872.0,11,Toys,Online,Tablet,Cash on Delivery,4,0,3,0.926,0.095,0.29,"LinkedIn, YouTube, Facebook",102.69
1406,30,Male,United States,Houston,75K-100K,Masters,Self-Employed,Divorced,41,49,514.52,25211.48,74,Toys,Online,Tablet,Credit Card,9,8,4,0.09,0.388,0.026,,171.73
1407,40,Male,United States,San Antonio,75K-100K,Bachelors,Retired,Divorced,38,51,841.47,42914.97,290,Automotive,In-Store,Mobile,Credit Card,5,14,2,0.612,0.195,0.286,"YouTube, LinkedIn, Facebook",150.15
1408,76,Male,United States,San Jose,100K-150K,Masters,Retired,Married,104,107,445.83,47703.81,5,Office Supplies,In-Store,Tablet,Debit Card,9,5,3,0.254,0.364,0.082,"Twitter, TikTok, Instagram",175.99
1409,24,Male,United States,San Jose,50K-75K,PhD,Self-Employed,Married,42,2,575.3,1150.6,10,Grocery,Online,Multiple,Debit Card,19,14,2,0.764,0.478,0.046,,65.59
1410,58,Female,United States,San Jose,100K-150K,Professional,Self-Employed,Widowed,59,131,561.65,73576.15,102,Office Supplies,In-Store,Tablet,Bank Transfer,9,7,4,0.449,0.201,0.038,"Facebook, Twitter",74.7
1411,55,Female,United States,New York,150K+,PhD,Self-Employed,Married,27,48,42.7,2049.6,19,Sports & Fitness,Online,Mobile,Digital Wallet,16,10,1,0.392,0.144,0.046,"Facebook, TikTok, LinkedIn",86.81
1412,32,Male,United States,Phoenix,50K-75K,Professional,Retired,Widowed,49,164,564.84,92633.76,0,Office Supplies,Mobile App,Multiple,Digital Wallet,4,11,3,0.005,0.026,0.196,"Twitter, TikTok, Facebook",82.75
1413,31,Female,United States,Phoenix,25K-50K,Professional,Self-Employed,Single,58,189,244.01,46117.89,14,Pet Supplies,Marketplace,Tablet,Bank Transfer,4,4,1,0.24,0.257,0.098,"Facebook, Instagram",87.81
1414,58,Male,United States,Houston,25K-50K,PhD,Student,Married,9,142,596.6,84717.2,181,Grocery,Marketplace,Multiple,Cash on Delivery,8,13,1,0.821,0.088,0.271,"Instagram, YouTube, LinkedIn",183.53
1415,33,Female,United States,Chicago,100K-150K,Professional,Employed,Widowed,26,117,160.69,18800.73,23,Sports & Fitness,Mobile App,Multiple,Digital Wallet,18,9,5,0.411,0.102,0.101,"TikTok, Facebook, LinkedIn",160.8
1416,62,Female,United States,New York,100K-150K,Professional,Self-Employed,Single,36,45,283.41,12753.45,1,Toys,Marketplace,Mobile,Debit Card,6,13,2,0.39,0.251,0.099,,15.72
1417,42,Male,United States,Chicago,100K-150K,Professional,Unemployed,Married,51,11,848.22,9330.42,151,Electronics,Online,Desktop,Debit Card,10,6,4,0.322,0.442,0.276,"LinkedIn, Facebook, YouTube",118.61
1418,33,Female,United States,Houston,25K-50K,Masters,Employed,Widowed,105,81,705.37,57134.97,5,Health & Personal Care,Marketplace,Tablet,Digital Wallet,0,1,4,0.773,0.029,0.044,"TikTok, LinkedIn",41.83
1419,84,Female,United States,San Diego,0-25K,High School,Self-Employed,Single,7,100,640.07,64007.0,1,Pet Supplies,Marketplace,Tablet,Digital Wallet,19,5,3,0.219,0.065,0.116,"Twitter, Facebook, TikTok",127.27
1420,59,Female,United States,Chicago,0-25K,Professional,Retired,Single,15,28,695.55,19475.4,21,Books,In-Store,Mobile,Credit Card,18,14,3,0.076,0.402,0.179,"Instagram, TikTok, Facebook",142.71
1421,31,Male,United States,San Antonio,25K-50K,Bachelors,Retired,Married,101,124,480.34,59562.16,319,Toys,Mobile App,Mobile,Debit Card,4,3,5,0.15,0.423,0.006,,59.64
1422,55,Female,United States,Dallas,0-25K,Professional,Unemployed,Divorced,44,49,594.94,29152.06,20,Health & Personal Care,In-Store,Desktop,Digital Wallet,11,7,1,0.176,0.347,0.3,"Instagram, Twitter",99.53
1423,20,Male,United States,Houston,0-25K,Bachelors,Student,Married,9,8,458.9,3671.2,191,Electronics,Marketplace,Tablet,Credit Card,3,12,1,0.675,0.221,0.121,"Facebook, TikTok, LinkedIn",25.15
1424,73,Male,United States,Dallas,75K-100K,High School,Employed,Widowed,38,68,627.66,42680.88,7,Automotive,Online,Desktop,Credit Card,10,13,3,0.799,0.473,0.253,,65.31
1425,44,Female,United States,San Antonio,0-25K,Masters,Student,Married,114,69,98.66,6807.54,285,Office Supplies,Marketplace,Mobile,Debit Card,7,12,4,0.018,0.433,0.255,TikTok,150.34
1426,84,Female,United States,Chicago,75K-100K,Masters,Retired,Divorced,74,99,242.2,23977.8,27,Books,Mobile App,Tablet,Credit Card,19,13,3,0.061,0.307,0.111,,180.66
1427,31,Male,United States,San Diego,50K-75K,Professional,Retired,Married,110,195,168.02,32763.9,7,Books,Mobile App,Multiple,Debit Card,9,8,5,0.639,0.404,0.197,"Facebook, TikTok, Twitter",169.32
1428,23,Male,United States,Phoenix,75K-100K,High School,Employed,Single,4,199,131.91,26250.09,0,Toys,Mobile App,Desktop,Bank Transfer,3,0,1,0.726,0.343,0.101,LinkedIn,139.17
1429,47,Female,United States,Houston,75K-100K,Bachelors,Retired,Widowed,20,62,220.02,13641.24,1,Electronics,Online,Desktop,Digital Wallet,5,6,2,0.793,0.288,0.272,,48.34
1430,60,Female,United States,Houston,25K-50K,PhD,Self-Employed,Widowed,11,188,751.7,141319.6,8,Fashion,Mobile App,Tablet,Credit Card,13,9,2,0.097,0.392,0.035,"YouTube, LinkedIn, TikTok",54.12
1431,26,Female,United States,Dallas,150K+,Professional,Self-Employed,Married,94,191,890.19,170026.29,27,Sports & Fitness,Online,Desktop,Bank Transfer,15,7,3,0.771,0.391,0.091,,106.89
1432,45,Male,United States,San Jose,150K+,Masters,Self-Employed,Married,69,129,373.42,48171.18,1,Health & Personal Care,Mobile App,Tablet,Credit Card,9,3,2,0.937,0.31,0.178,"YouTube, Facebook, TikTok",122.06
1433,63,Male,United States,San Diego,50K-75K,Bachelors,Student,Divorced,50,192,761.44,146196.48,167,Office Supplies,Marketplace,Mobile,Digital Wallet,16,0,5,0.274,0.307,0.099,,58.3
1434,32,Male,United States,Philadelphia,75K-100K,Professional,Retired,Married,62,169,82.71,13977.99,46,Health & Personal Care,Mobile App,Mobile,Credit Card,12,3,3,0.2,0.22,0.018,YouTube,42.66
1435,43,Male,United States,Houston,25K-50K,Bachelors,Employed,Widowed,12,31,153.07,4745.17,64,Pet Supplies,In-Store,Desktop,Debit Card,11,3,5,0.483,0.183,0.005,"Instagram, YouTube, Twitter",187.55
1436,21,Female,United States,Dallas,100K-150K,High School,Unemployed,Divorced,61,96,816.26,78360.96,26,Automotive,In-Store,Multiple,Credit Card,1,5,4,0.29,0.313,0.095,Twitter,30.36
1437,72,Male,United States,San Antonio,75K-100K,PhD,Retired,Divorced,96,155,295.87,45859.85,13,Books,Mobile App,Desktop,Bank Transfer,15,9,2,0.721,0.428,0.018,Instagram,87.67
1438,80,Female,United States,San Jose,50K-75K,Masters,Self-Employed,Widowed,101,195,914.74,178374.3,0,Sports & Fitness,Marketplace,Mobile,Digital Wallet,3,7,4,0.31,0.381,0.248,"Twitter, TikTok, Instagram",105.39
1439,27,Male,United States,Philadelphia,150K+,Professional,Self-Employed,Divorced,112,28,163.79,4586.12,0,Fashion,Mobile App,Tablet,Debit Card,1,9,4,0.747,0.338,0.044,"YouTube, LinkedIn, TikTok",50.1
1440,35,Male,United States,Chicago,25K-50K,High School,Retired,Divorced,5,125,986.54,123317.5,7,Grocery,In-Store,Multiple,Cash on Delivery,10,12,5,0.421,0.148,0.026,,186.17
1441,63,Female,United States,Los Angeles,0-25K,Masters,Unemployed,Divorced,60,120,188.37,22604.4,7,Fashion,Online,Desktop,Digital Wallet,16,10,1,0.915,0.048,0.229,"Facebook, Twitter, YouTube",100.43
1442,46,Female,United States,San Jose,150K+,Professional,Self-Employed,Single,114,160,479.09,76654.4,55,Home & Kitchen,In-Store,Mobile,Bank Transfer,9,7,4,0.488,0.276,0.134,,89.45
1443,32,Female,United States,Philadelphia,0-25K,Masters,Self-Employed,Married,12,13,700.01,9100.13,4,Health & Personal Care,In-Store,Desktop,Credit Card,0,0,3,0.955,0.316,0.272,"Facebook, Twitter",32.44
1444,46,Female,United States,San Antonio,25K-50K,High School,Student,Single,12,140,296.36,41490.4,25,Fashion,Marketplace,Multiple,Bank Transfer,11,3,3,0.51,0.187,0.057,"Twitter, LinkedIn, YouTube",198.31
1445,18,Female,United States,Houston,100K-150K,High School,Unemployed,Married,112,18,904.17,16275.06,275,Grocery,In-Store,Desktop,Debit Card,17,4,2,0.246,0.299,0.187,"Twitter, Facebook, LinkedIn",191.58
1446,58,Male,United States,Houston,100K-150K,PhD,Self-Employed,Single,51,122,698.52,85219.44,0,Health & Personal Care,Online,Desktop,Cash on Delivery,15,10,1,0.592,0.339,0.293,TikTok,8.45
1447,51,Female,United States,New York,0-25K,High School,Retired,Widowed,110,80,945.18,75614.4,3,Books,Marketplace,Multiple,Digital Wallet,2,2,4,0.961,0.132,0.233,TikTok,53.07
1448,23,Male,United States,San Jose,100K-150K,Professional,Retired,Single,74,38,560.06,21282.28,1,Automotive,Marketplace,Tablet,Bank Transfer,12,1,4,0.115,0.148,0.202,YouTube,13.3
1449,63,Male,United States,Chicago,150K+,PhD,Retired,Widowed,108,16,671.3,10740.8,69,Automotive,In-Store,Mobile,Bank Transfer,2,7,1,0.767,0.188,0.009,,102.42
1450,27,Male,United States,San Diego,0-25K,High School,Student,Divorced,65,160,739.84,118374.4,0,Fashion,Online,Mobile,Credit Card,6,14,4,0.885,0.065,0.139,,102.04
1451,63,Female,United States,Los Angeles,75K-100K,PhD,Student,Widowed,10,60,896.22,53773.2,56,Home & Kitchen,Online,Mobile,Digital Wallet,17,3,4,0.618,0.119,0.139,LinkedIn,193.16
1452,63,Male,United States,Los Angeles,150K+,Professional,Employed,Widowed,28,62,121.54,7535.48,6,Pet Supplies,Online,Desktop,Credit Card,15,13,4,0.183,0.294,0.019,"Twitter, YouTube, LinkedIn",87.67
1453,49,Female,United States,Chicago,0-25K,Masters,Student,Married,29,117,751.52,87927.84,168,Electronics,Marketplace,Mobile,Credit Card,13,9,1,0.091,0.061,0.233,"LinkedIn, Instagram, TikTok",188.67
1454,21,Male,United States,Chicago,100K-150K,Bachelors,Self-Employed,Single,113,20,385.12,7702.4,7,Toys,Marketplace,Multiple,Digital Wallet,17,6,5,0.938,0.063,0.019,"TikTok, Facebook, YouTube",171.1
1455,84,Female,United States,Dallas,50K-75K,Bachelors,Student,Single,26,163,912.36,148714.68,1,Electronics,Mobile App,Desktop,Cash on Delivery,15,2,3,0.392,0.06,0.133,,35.38
1456,60,Female,United States,New York,50K-75K,PhD,Employed,Married,69,111,172.08,19100.88,1,Pet Supplies,Online,Desktop,Digital Wallet,13,4,3,0.158,0.12,0.273,,156.46
1457,83,Male,United States,San Diego,75K-100K,Masters,Self-Employed,Married,27,74,847.75,62733.5,27,Health & Personal Care,Mobile App,Desktop,Digital Wallet,15,2,4,0.435,0.035,0.154,Facebook,15.66
1458,45,Male,United States,San Antonio,50K-75K,Bachelors,Self-Employed,Divorced,21,8,340.64,2725.12,161,Grocery,In-Store,Multiple,Bank Transfer,10,6,1,0.645,0.326,0.238,"LinkedIn, YouTube, Facebook",78.1
1459,60,Female,United States,San Jose,50K-75K,Professional,Retired,Divorced,67,64,332.36,21271.04,25,Books,Mobile App,Multiple,Digital Wallet,3,4,3,0.599,0.413,0.138,"YouTube, Twitter",150.45
1460,46,Female,United States,Los Angeles,25K-50K,Professional,Employed,Divorced,92,58,306.23,17761.34,1,Beauty,Marketplace,Tablet,Bank Transfer,4,4,4,0.832,0.087,0.117,"LinkedIn, Instagram, Twitter",123.39
1461,43,Male,United States,Philadelphia,25K-50K,High School,Unemployed,Divorced,39,17,553.72,9413.24,206,Office Supplies,In-Store,Desktop,Digital Wallet,18,4,5,0.925,0.072,0.14,"Facebook, Twitter, TikTok",93.17
1462,23,Female,United States,San Jose,0-25K,Bachelors,Retired,Married,115,4,17.45,69.8,11,Fashion,Mobile App,Multiple,Credit Card,17,5,4,0.081,0.234,0.145,"YouTube, Twitter, Facebook",85.66
1463,25,Male,United States,San Jose,0-25K,Bachelors,Employed,Married,44,150,600.2,90030.0,1,Pet Supplies,In-Store,Desktop,Debit Card,1,12,3,0.22,0.26,0.297,"Instagram, Twitter, TikTok",43.66
1464,23,Male,United States,Chicago,75K-100K,Professional,Student,Single,98,146,27.77,4054.42,8,Automotive,Online,Multiple,Debit Card,5,10,1,0.041,0.161,0.172,TikTok,167.93
1465,73,Male,United States,San Diego,100K-150K,Professional,Unemployed,Divorced,27,150,745.45,111817.5,46,Health & Personal Care,Online,Mobile,Bank Transfer,14,4,3,0.67,0.261,0.287,Twitter,110.73
1466,60,Female,United States,Dallas,50K-75K,Professional,Retired,Divorced,39,127,145.34,18458.18,0,Fashion,Marketplace,Mobile,Cash on Delivery,6,1,3,0.023,0.234,0.011,Instagram,87.55
1467,25,Female,United States,Los Angeles,150K+,PhD,Employed,Widowed,26,104,212.42,22091.68,301,Automotive,In-Store,Desktop,Credit Card,15,10,3,0.01,0.354,0.116,,185.71
1468,37,Male,United States,San Antonio,150K+,Professional,Employed,Married,30,165,780.88,128845.2,192,Sports & Fitness,Online,Tablet,Credit Card,18,3,2,0.198,0.242,0.214,,173.3
1469,51,Female,United States,Houston,150K+,Masters,Unemployed,Divorced,31,113,428.39,48408.07,221,Home & Kitchen,Online,Tablet,Credit Card,4,3,4,0.538,0.493,0.246,"Twitter, Facebook",96.62
1470,20,Female,United States,Houston,50K-75K,PhD,Self-Employed,Married,72,169,722.05,122026.45,40,Health & Personal Care,Online,Mobile,Cash on Delivery,9,5,2,0.041,0.378,0.065,,10.04
1471,18,Female,United States,Philadelphia,100K-150K,High School,Unemployed,Married,25,3,443.53,1330.59,257,Automotive,Marketplace,Multiple,Debit Card,8,12,3,0.5,0.361,0.03,,170.23
1472,58,Male,United States,New York,50K-75K,High School,Retired,Divorced,71,82,282.7,23181.4,22,Automotive,Online,Desktop,Bank Transfer,16,14,3,0.727,0.123,0.008,,39.41
1473,27,Female,United States,Los Angeles,100K-150K,Bachelors,Student,Widowed,28,44,653.83,28768.52,242,Health & Personal Care,Mobile App,Tablet,Cash on Delivery,13,2,1,0.86,0.117,0.257,Twitter,115.27
1474,42,Male,United States,Dallas,75K-100K,High School,Unemployed,Divorced,28,35,974.7,34114.5,1,Automotive,In-Store,Tablet,Cash on Delivery,2,11,5,0.032,0.234,0.179,,146.67
1475,52,Male,United States,Los Angeles,25K-50K,Professional,Employed,Married,32,32,329.77,10552.64,27,Beauty,In-Store,Desktop,Credit Card,7,1,5,0.923,0.051,0.156,"YouTube, TikTok, Facebook",141.6
1476,62,Female,United States,Houston,50K-75K,PhD,Retired,Divorced,67,104,768.79,79954.16,0,Fashion,In-Store,Mobile,Bank Transfer,0,6,3,0.29,0.43,0.069,TikTok,134.11
1477,22,Male,United States,San Diego,50K-75K,PhD,Employed,Divorced,93,189,589.03,111326.67,168,Pet Supplies,Marketplace,Mobile,Cash on Delivery,0,11,3,0.351,0.339,0.186,"LinkedIn, Instagram",104.28
1478,46,Male,United States,Phoenix,25K-50K,PhD,Employed,Married,9,65,340.64,22141.6,1,Toys,Online,Desktop,Cash on Delivery,11,10,3,0.337,0.417,0.205,Twitter,64.83
1479,67,Female,United States,Dallas,0-25K,Professional,Unemployed,Married,66,117,606.84,71000.28,0,Office Supplies,Mobile App,Desktop,Cash on Delivery,9,3,2,0.436,0.32,0.046,"LinkedIn, TikTok, Instagram",98.94
1480,59,Female,United States,Phoenix,100K-150K,High School,Unemployed,Married,60,104,328.43,34156.72,0,Sports & Fitness,In-Store,Tablet,Credit Card,10,1,5,0.248,0.07,0.049,Facebook,122.1
1481,70,Female,United States,San Antonio,150K+,Masters,Retired,Divorced,57,143,492.0,70356.0,85,Automotive,Online,Mobile,Debit Card,8,4,5,0.553,0.255,0.227,,64.09
1482,59,Male,United States,Philadelphia,0-25K,PhD,Self-Employed,Married,68,15,214.55,3218.25,1,Home & Kitchen,In-Store,Tablet,Digital Wallet,6,3,4,0.655,0.425,0.089,"Twitter, LinkedIn",190.45
1483,32,Female,United States,San Diego,0-25K,Professional,Self-Employed,Divorced,32,185,441.73,81720.05,53,Books,Mobile App,Mobile,Digital Wallet,14,0,3,0.383,0.492,0.183,"Facebook, YouTube, Instagram",6.41
1484,42,Female,United States,Chicago,75K-100K,High School,Retired,Married,8,159,627.89,99834.51,229,Sports & Fitness,Online,Desktop,Cash on Delivery,7,7,1,0.759,0.066,0.015,YouTube,31.43
1485,33,Male,United States,Dallas,75K-100K,PhD,Retired,Divorced,41,169,479.49,81033.81,30,Beauty,Online,Desktop,Digital Wallet,14,12,4,0.846,0.057,0.029,Twitter,89.49
1486,28,Female,United States,Houston,75K-100K,Masters,Retired,Widowed,61,9,536.86,4831.74,10,Books,Marketplace,Multiple,Debit Card,3,0,4,0.961,0.331,0.078,Instagram,18.53
1487,23,Male,United States,San Jose,0-25K,Bachelors,Employed,Divorced,1,184,291.92,53713.28,348,Toys,In-Store,Multiple,Digital Wallet,13,9,3,0.83,0.248,0.203,"YouTube, LinkedIn",132.81
1488,57,Male,United States,San Antonio,0-25K,Professional,Employed,Widowed,52,14,444.8,6227.2,1,Fashion,Online,Mobile,Bank Transfer,12,3,1,0.719,0.005,0.28,Twitter,9.0
1489,32,Male,United States,Los Angeles,25K-50K,Masters,Self-Employed,Single,66,32,97.5,3120.0,59,Home & Kitchen,Mobile App,Tablet,Cash on Delivery,16,4,3,0.254,0.334,0.216,,47.15
1490,36,Male,United States,Dallas,25K-50K,Masters,Self-Employed,Married,79,124,912.02,113090.48,57,Automotive,Online,Desktop,Cash on Delivery,17,12,1,0.573,0.318,0.251,,59.78
1491,47,Female,United States,Phoenix,0-25K,PhD,Unemployed,Single,34,11,47.47,522.17,7,Sports & Fitness,Online,Desktop,Credit Card,11,14,1,0.452,0.499,0.263,LinkedIn,109.09
1492,28,Female,United States,Chicago,25K-50K,Bachelors,Unemployed,Single,32,64,39.19,2508.16,11,Books,Online,Tablet,Debit Card,11,0,4,0.299,0.153,0.17,"Instagram, YouTube",115.92
1493,62,Female,United States,New York,75K-100K,Masters,Student,Divorced,114,94,330.21,31039.74,60,Health & Personal Care,In-Store,Multiple,Cash on Delivery,9,3,5,0.714,0.048,0.231,"Facebook, Twitter, LinkedIn",199.56
1494,70,Male,United States,Los Angeles,50K-75K,PhD,Retired,Single,31,26,598.75,15567.5,1,Electronics,Mobile App,Tablet,Bank Transfer,16,2,1,0.169,0.003,0.296,"YouTube, Instagram",171.15
1495,29,Female,United States,San Antonio,75K-100K,PhD,Student,Married,28,142,304.85,43288.7,6,Pet Supplies,Online,Mobile,Credit Card,2,10,5,0.92,0.386,0.181,"Facebook, TikTok, LinkedIn",28.43
1496,51,Male,United States,Houston,50K-75K,PhD,Self-Employed,Divorced,83,91,151.62,13797.42,90,Office Supplies,In-Store,Desktop,Cash on Delivery,10,12,2,0.425,0.169,0.208,Facebook,82.36
1497,37,Female,United States,San Antonio,150K+,High School,Employed,Married,1,33,638.82,21081.06,18,Fashion,In-Store,Mobile,Debit Card,2,1,4,0.257,0.12,0.057,"Facebook, LinkedIn",189.36
1498,43,Female,United States,Houston,50K-75K,Bachelors,Retired,Widowed,59,50,143.93,7196.5,53,Beauty,In-Store,Multiple,Bank Transfer,0,2,5,0.351,0.116,0.156,"Facebook, LinkedIn, YouTube",69.12
1499,39,Female,United States,New York,150K+,Masters,Unemployed,Widowed,68,191,970.03,185275.73,38,Electronics,Online,Desktop,Debit Card,0,0,3,0.812,0.344,0.035,"Facebook, TikTok, Twitter",109.66
1500,51,Male,United States,San Antonio,50K-75K,High School,Self-Employed,Divorced,83,178,492.44,87654.32,7,Health & Personal Care,Marketplace,Mobile,Digital Wallet,13,11,4,0.819,0.089,0.03,"Instagram, Facebook",199.65
1501,45,Male,United States,San Diego,0-25K,Professional,Employed,Married,22,177,193.8,34302.6,1,Grocery,Mobile App,Tablet,Credit Card,2,0,2,0.163,0.343,0.021,,36.18
1502,33,Female,United States,Houston,150K+,Professional,Retired,Single,105,59,239.72,14143.48,0,Beauty,Mobile App,Multiple,Digital Wallet,1,14,2,0.597,0.383,0.107,"Instagram, YouTube, TikTok",100.04
1503,31,Male,United States,San Jose,100K-150K,Professional,Self-Employed,Single,45,173,544.91,94269.43,64,Grocery,Marketplace,Tablet,Bank Transfer,3,11,2,0.231,0.046,0.078,"Instagram, Facebook",88.46
1504,80,Female,United States,Los Angeles,50K-75K,Professional,Student,Divorced,2,136,663.45,90229.2,313,Electronics,Mobile App,Multiple,Credit Card,13,6,2,0.615,0.039,0.009,Twitter,144.18
1505,74,Male,United States,Los Angeles,100K-150K,High School,Self-Employed,Married,103,102,112.14,11438.28,84,Sports & Fitness,In-Store,Desktop,Credit Card,0,2,4,0.798,0.408,0.167,"Facebook, TikTok",101.48
1506,56,Female,United States,Chicago,75K-100K,High School,Student,Single,18,100,885.29,88529.0,45,Automotive,Mobile App,Desktop,Cash on Delivery,15,5,5,0.41,0.253,0.096,TikTok,57.3
1507,57,Female,United States,Chicago,25K-50K,Professional,Unemployed,Widowed,58,2,374.8,749.6,81,Sports & Fitness,Online,Multiple,Digital Wallet,14,1,4,0.365,0.457,0.179,"LinkedIn, Instagram",10.06
1508,21,Female,United States,San Jose,0-25K,Masters,Student,Divorced,39,10,990.98,9909.8,20,Books,Mobile App,Multiple,Credit Card,7,9,2,0.919,0.489,0.239,"Twitter, Instagram",53.52
1509,22,Male,United States,San Diego,150K+,PhD,Employed,Single,82,23,847.95,19502.85,6,Beauty,Marketplace,Mobile,Bank Transfer,5,4,3,0.508,0.385,0.024,"LinkedIn, Twitter",142.65
1510,35,Female,United States,Dallas,50K-75K,Masters,Self-Employed,Married,34,103,578.58,59593.74,1,Home & Kitchen,Mobile App,Multiple,Cash on Delivery,13,11,1,0.857,0.171,0.149,,18.42
1511,60,Male,United States,San Antonio,50K-75K,Masters,Employed,Single,36,29,843.62,24464.98,0,Toys,Marketplace,Tablet,Digital Wallet,19,0,1,0.616,0.408,0.24,"Facebook, Twitter",116.88
1512,26,Female,United States,Phoenix,0-25K,High School,Student,Divorced,106,145,154.71,22432.95,1,Home & Kitchen,Online,Multiple,Bank Transfer,19,1,2,0.341,0.309,0.038,"Facebook, Instagram",130.84
1513,31,Female,United States,Houston,75K-100K,Professional,Student,Married,91,153,412.22,63069.66,9,Fashion,Marketplace,Desktop,Debit Card,16,10,2,0.557,0.061,0.107,"TikTok, Twitter",167.76
1514,70,Female,United States,Phoenix,50K-75K,Masters,Self-Employed,Single,39,60,48.49,2909.4,34,Health & Personal Care,Marketplace,Tablet,Cash on Delivery,16,6,3,0.628,0.09,0.109,Instagram,79.26
1515,66,Male,United States,New York,150K+,PhD,Student,Widowed,89,139,712.17,98991.63,359,Beauty,In-Store,Multiple,Digital Wallet,5,1,3,0.967,0.307,0.229,,167.22
1516,55,Male,United States,San Diego,100K-150K,PhD,Self-Employed,Divorced,108,48,294.13,14118.24,15,Office Supplies,In-Store,Tablet,Credit Card,7,14,1,0.514,0.136,0.122,Instagram,181.08
1517,56,Female,United States,Houston,50K-75K,Bachelors,Employed,Widowed,39,87,267.08,23235.96,16,Office Supplies,Mobile App,Multiple,Cash on Delivery,19,13,2,0.24,0.12,0.096,"LinkedIn, TikTok, Instagram",54.16
1518,28,Male,United States,San Jose,0-25K,PhD,Unemployed,Widowed,113,73,636.65,46475.45,0,Electronics,Marketplace,Desktop,Bank Transfer,4,7,2,0.552,0.232,0.089,"Instagram, Facebook",68.73
1519,43,Male,United States,Chicago,100K-150K,Professional,Student,Married,66,26,355.4,9240.4,0,Electronics,Mobile App,Mobile,Digital Wallet,5,4,3,0.591,0.172,0.169,Facebook,163.87
1520,32,Male,United States,Houston,50K-75K,High School,Retired,Divorced,82,198,192.91,38196.18,123,Fashion,Online,Tablet,Credit Card,16,3,2,0.647,0.37,0.259,"Instagram, LinkedIn",24.66
1521,68,Female,United States,Los Angeles,100K-150K,Masters,Self-Employed,Divorced,64,176,303.89,53484.64,22,Fashion,Marketplace,Desktop,Credit Card,3,12,3,0.041,0.294,0.008,TikTok,108.98
1522,36,Female,United States,San Jose,50K-75K,Masters,Employed,Divorced,24,53,56.71,3005.63,335,Grocery,Mobile App,Mobile,Debit Card,3,13,5,0.811,0.16,0.047,TikTok,176.37
1523,22,Male,United States,Philadelphia,150K+,Professional,Self-Employed,Single,105,30,248.67,7460.1,1,Beauty,Mobile App,Multiple,Debit Card,6,14,2,0.603,0.314,0.252,"TikTok, Facebook, YouTube",82.77
1524,38,Male,United States,Los Angeles,50K-75K,Bachelors,Unemployed,Divorced,27,167,575.63,96130.21,2,Automotive,Marketplace,Desktop,Cash on Delivery,16,14,1,0.588,0.359,0.009,"Facebook, LinkedIn, TikTok",32.75
1525,35,Female,United States,San Jose,0-25K,High School,Retired,Divorced,86,124,821.31,101842.44,6,Toys,Online,Tablet,Cash on Delivery,4,12,3,0.395,0.309,0.123,"Twitter, LinkedIn",81.74
1526,29,Female,United States,San Antonio,100K-150K,Professional,Self-Employed,Single,98,101,565.63,57128.63,63,Home & Kitchen,Marketplace,Multiple,Cash on Delivery,5,13,5,0.753,0.331,0.227,TikTok,107.75
1527,29,Female,United States,San Antonio,0-25K,Bachelors,Self-Employed,Single,54,170,822.39,139806.3,77,Grocery,In-Store,Desktop,Cash on Delivery,17,11,3,0.227,0.455,0.06,Twitter,14.48
1528,36,Male,United States,San Diego,0-25K,High School,Retired,Divorced,58,101,770.76,77846.76,1,Office Supplies,Online,Mobile,Credit Card,19,2,4,0.711,0.456,0.229,"LinkedIn, YouTube",108.57
1529,84,Male,United States,Chicago,0-25K,Masters,Unemployed,Widowed,18,24,902.31,21655.44,25,Beauty,In-Store,Mobile,Digital Wallet,13,10,5,0.391,0.467,0.062,"YouTube, Twitter, Instagram",24.37
1530,26,Female,United States,Phoenix,150K+,Masters,Student,Married,34,33,71.29,2352.57,0,Sports & Fitness,In-Store,Tablet,Bank Transfer,11,9,3,0.694,0.436,0.263,YouTube,151.05
1531,68,Female,United States,Dallas,25K-50K,PhD,Retired,Married,66,127,92.07,11692.89,7,Grocery,Online,Mobile,Bank Transfer,6,3,4,0.58,0.409,0.259,,193.61
1532,27,Male,United States,Houston,50K-75K,PhD,Self-Employed,Single,27,63,545.89,34391.07,1,Automotive,Marketplace,Multiple,Bank Transfer,0,4,3,0.018,0.129,0.041,"Twitter, Instagram",151.19
1533,80,Male,United States,San Jose,150K+,Professional,Self-Employed,Widowed,53,151,553.61,83595.11,12,Sports & Fitness,In-Store,Desktop,Debit Card,2,5,2,0.947,0.106,0.213,"LinkedIn, Twitter",20.5
1534,31,Male,United States,Phoenix,0-25K,Masters,Employed,Widowed,114,37,220.28,8150.36,4,Health & Personal Care,Marketplace,Multiple,Debit Card,19,6,3,0.22,0.381,0.183,"TikTok, Facebook",191.92
1535,76,Female,United States,Chicago,50K-75K,High School,Self-Employed,Single,29,101,64.66,6530.66,0,Office Supplies,Mobile App,Mobile,Credit Card,13,14,2,0.834,0.391,0.299,"Instagram, Twitter",140.16
1536,33,Male,United States,Dallas,100K-150K,PhD,Self-Employed,Married,92,81,630.54,51073.74,7,Sports & Fitness,Mobile App,Multiple,Bank Transfer,9,12,2,0.684,0.479,0.199,"YouTube, TikTok, LinkedIn",166.85
1537,60,Male,United States,San Jose,75K-100K,Professional,Self-Employed,Married,5,103,545.06,56141.18,121,Beauty,Mobile App,Multiple,Bank Transfer,12,1,2,0.694,0.158,0.092,"TikTok, Twitter",13.78
1538,65,Female,United States,Phoenix,25K-50K,Masters,Retired,Divorced,70,37,114.42,4233.54,106,Home & Kitchen,Mobile App,Multiple,Bank Transfer,7,11,5,0.888,0.441,0.18,"Twitter, YouTube",120.04
1539,31,Male,United States,Houston,100K-150K,High School,Unemployed,Divorced,28,86,663.81,57087.66,76,Toys,Online,Multiple,Digital Wallet,8,6,2,0.748,0.47,0.216,Twitter,114.6
1540,64,Male,United States,San Diego,25K-50K,High School,Self-Employed,Divorced,99,19,936.94,17801.86,2,Automotive,Online,Multiple,Digital Wallet,1,9,1,0.616,0.327,0.127,Instagram,182.25
1541,51,Male,United States,Dallas,0-25K,Bachelors,Retired,Single,55,114,359.11,40938.54,8,Sports & Fitness,Marketplace,Mobile,Debit Card,18,6,1,0.201,0.15,0.219,"TikTok, YouTube, Instagram",157.77
1542,19,Female,United States,Houston,150K+,Masters,Unemployed,Single,1,107,746.36,79860.52,3,Automotive,Marketplace,Multiple,Cash on Delivery,16,6,1,0.91,0.066,0.184,"LinkedIn, TikTok, Facebook",63.71
1543,72,Male,United States,San Jose,0-25K,PhD,Unemployed,Single,34,184,571.55,105165.2,4,Books,Mobile App,Mobile,Bank Transfer,14,6,4,0.923,0.447,0.111,"Facebook, LinkedIn",131.81
1544,20,Male,United States,Phoenix,75K-100K,Bachelors,Self-Employed,Widowed,6,97,453.98,44036.06,1,Beauty,In-Store,Multiple,Debit Card,12,0,1,0.285,0.148,0.207,,16.44
1545,55,Female,United States,San Jose,25K-50K,Masters,Retired,Divorced,21,177,305.41,54057.57,2,Sports & Fitness,In-Store,Multiple,Digital Wallet,14,5,3,0.826,0.437,0.051,YouTube,83.44
1546,70,Female,United States,San Jose,50K-75K,Bachelors,Student,Married,92,126,202.19,25475.94,48,Pet Supplies,In-Store,Multiple,Cash on Delivery,4,11,2,0.959,0.043,0.085,Facebook,128.54
1547,45,Female,United States,San Antonio,100K-150K,High School,Student,Single,100,199,634.4,126245.6,17,Automotive,In-Store,Multiple,Debit Card,0,0,5,0.723,0.139,0.217,"Facebook, Twitter",184.5
1548,57,Female,United States,Houston,50K-75K,Bachelors,Employed,Married,7,12,508.71,6104.52,1,Sports & Fitness,Mobile App,Tablet,Digital Wallet,11,2,2,0.959,0.187,0.139,TikTok,5.01
1549,84,Male,United States,San Diego,100K-150K,Masters,Student,Widowed,111,133,339.16,45108.28,88,Electronics,In-Store,Multiple,Digital Wallet,17,8,5,0.227,0.267,0.073,,164.71
1550,83,Female,United States,Phoenix,75K-100K,Masters,Retired,Widowed,97,178,986.68,175629.04,28,Electronics,Mobile App,Desktop,Debit Card,4,1,1,0.107,0.213,0.072,,168.18
1551,37,Male,United States,San Diego,150K+,High School,Unemployed,Divorced,16,3,588.42,1765.26,0,Toys,Marketplace,Desktop,Bank Transfer,4,1,1,0.939,0.147,0.005,Twitter,174.27
1552,18,Female,United States,Chicago,100K-150K,High School,Unemployed,Divorced,110,126,43.88,5528.88,241,Health & Personal Care,Marketplace,Desktop,Cash on Delivery,12,8,2,0.411,0.084,0.241,,44.41
1553,46,Male,United States,New York,50K-75K,PhD,Employed,Divorced,37,180,137.55,24759.0,1,Books,Mobile App,Tablet,Cash on Delivery,16,10,3,0.953,0.13,0.25,"Twitter, TikTok",14.77
1554,52,Male,United States,San Diego,75K-100K,High School,Employed,Single,55,130,545.4,70902.0,7,Grocery,Online,Tablet,Debit Card,12,8,2,0.243,0.167,0.077,"Facebook, TikTok, Twitter",55.92
1555,46,Female,United States,San Antonio,75K-100K,High School,Retired,Widowed,10,30,112.71,3381.3,143,Books,Mobile App,Desktop,Digital Wallet,8,8,5,0.083,0.1,0.152,"LinkedIn, YouTube",98.93
1556,24,Male,United States,New York,150K+,High School,Retired,Married,70,19,83.6,1588.4,75,Health & Personal Care,In-Store,Multiple,Credit Card,8,11,2,0.137,0.158,0.215,,47.65
1557,32,Male,United States,San Jose,25K-50K,Professional,Self-Employed,Widowed,36,151,444.55,67127.05,263,Pet Supplies,Online,Multiple,Debit Card,16,1,2,0.416,0.025,0.165,,18.44
1558,48,Male,United States,San Diego,50K-75K,Bachelors,Employed,Widowed,31,142,717.69,101911.98,4,Automotive,Mobile App,Mobile,Digital Wallet,14,14,5,0.945,0.393,0.267,YouTube,23.26
1559,23,Female,United States,New York,150K+,Professional,Employed,Single,60,31,838.08,25980.48,4,Fashion,Online,Desktop,Debit Card,2,1,5,0.504,0.155,0.27,"LinkedIn, YouTube",117.97
1560,21,Male,United States,Dallas,150K+,Bachelors,Self-Employed,Single,54,139,137.23,19074.97,174,Grocery,Marketplace,Multiple,Cash on Delivery,11,6,3,0.72,0.435,0.096,"LinkedIn, YouTube, Twitter",163.36
1561,41,Female,United States,Los Angeles,150K+,Bachelors,Unemployed,Widowed,14,183,392.75,71873.25,80,Fashion,Online,Tablet,Cash on Delivery,16,10,4,0.283,0.297,0.153,"YouTube, Facebook",96.25
1562,23,Female,United States,Los Angeles,150K+,Masters,Employed,Single,35,27,230.35,6219.45,1,Electronics,Marketplace,Mobile,Digital Wallet,10,11,1,0.158,0.398,0.045,,96.98
1563,67,Female,United States,Dallas,150K+,Bachelors,Retired,Married,82,161,640.45,103112.45,167,Toys,Online,Tablet,Credit Card,8,9,1,0.245,0.246,0.292,,38.07
1564,58,Male,United States,San Diego,50K-75K,Professional,Self-Employed,Married,65,116,524.33,60822.28,6,Office Supplies,Mobile App,Multiple,Digital Wallet,3,2,3,0.873,0.222,0.087,,8.97
1565,48,Female,United States,San Jose,150K+,Professional,Employed,Single,23,98,37.81,3705.38,1,Health & Personal Care,In-Store,Desktop,Bank Transfer,4,1,2,0.116,0.196,0.218,,157.4
1566,83,Male,United States,Phoenix,0-25K,Professional,Student,Widowed,101,122,422.99,51604.78,30,Beauty,Marketplace,Desktop,Cash on Delivery,18,6,5,0.759,0.005,0.139,Twitter,195.38
1567,21,Male,United States,Philadelphia,25K-50K,High School,Employed,Married,27,99,119.86,11866.14,182,Fashion,In-Store,Desktop,Bank Transfer,16,13,3,0.447,0.112,0.005,"Facebook, Instagram, LinkedIn",88.85
1568,25,Female,United States,Phoenix,50K-75K,High School,Student,Married,82,142,619.61,87984.62,54,Home & Kitchen,Mobile App,Desktop,Credit Card,0,5,4,0.465,0.047,0.194,Instagram,107.62
1569,68,Female,United States,Houston,150K+,High School,Employed,Single,17,187,232.08,43398.96,0,Health & Personal Care,In-Store,Desktop,Cash on Delivery,1,3,1,0.872,0.116,0.171,LinkedIn,160.67
1570,62,Female,United States,Dallas,75K-100K,Masters,Retired,Single,90,79,473.85,37434.15,194,Grocery,Online,Desktop,Credit Card,2,3,3,0.231,0.076,0.272,,87.02
1571,49,Male,United States,Los Angeles,0-25K,Bachelors,Employed,Divorced,97,167,994.24,166038.08,253,Automotive,Mobile App,Tablet,Bank Transfer,19,13,5,0.821,0.491,0.077,Twitter,10.83
1572,32,Male,United States,Houston,50K-75K,High School,Unemployed,Married,100,20,208.84,4176.8,0,Home & Kitchen,Marketplace,Multiple,Digital Wallet,7,0,4,0.858,0.242,0.225,"LinkedIn, Instagram",67.42
1573,48,Male,United States,New York,150K+,Bachelors,Unemployed,Single,1,176,242.44,42669.44,17,Pet Supplies,In-Store,Desktop,Bank Transfer,11,2,5,0.44,0.478,0.044,"YouTube, Twitter, LinkedIn",84.56
1574,57,Male,United States,Los Angeles,75K-100K,Professional,Retired,Widowed,103,32,127.73,4087.36,9,Office Supplies,Mobile App,Desktop,Bank Transfer,14,11,1,0.207,0.263,0.08,,7.44
1575,18,Male,United States,Chicago,100K-150K,Professional,Employed,Married,50,98,343.91,33703.18,30,Sports & Fitness,Mobile App,Multiple,Credit Card,5,4,4,0.767,0.169,0.023,"Twitter, Instagram",198.33
1576,57,Female,United States,Phoenix,50K-75K,High School,Student,Divorced,12,54,568.12,30678.48,23,Automotive,Mobile App,Desktop,Cash on Delivery,2,14,3,0.013,0.418,0.289,Facebook,164.89
1577,62,Female,United States,San Antonio,75K-100K,High School,Self-Employed,Single,48,48,505.73,24275.04,0,Automotive,Online,Mobile,Credit Card,3,9,3,0.823,0.359,0.022,"Instagram, Twitter",26.41
1578,36,Female,United States,San Antonio,0-25K,PhD,Student,Single,107,132,740.24,97711.68,10,Home & Kitchen,Online,Desktop,Credit Card,11,10,3,0.293,0.494,0.168,,20.02
1579,18,Female,United States,San Antonio,100K-150K,PhD,Retired,Widowed,31,165,904.15,149184.75,4,Books,In-Store,Desktop,Debit Card,0,5,4,0.199,0.352,0.257,"TikTok, Facebook",187.1
1580,58,Male,United States,Los Angeles,75K-100K,High School,Unemployed,Divorced,11,172,26.28,4520.16,180,Office Supplies,Marketplace,Mobile,Bank Transfer,8,9,3,0.023,0.051,0.073,"Instagram, LinkedIn",55.51
1581,59,Male,United States,Houston,75K-100K,Professional,Employed,Married,49,30,629.09,18872.7,243,Fashion,Online,Multiple,Debit Card,4,13,2,0.801,0.484,0.052,"LinkedIn, Facebook",47.68
1582,30,Male,United States,Chicago,150K+,Professional,Retired,Single,60,52,70.88,3685.76,113,Pet Supplies,In-Store,Tablet,Debit Card,1,5,3,0.613,0.365,0.173,TikTok,68.12
1583,64,Male,United States,San Diego,75K-100K,Professional,Self-Employed,Divorced,61,122,932.15,113722.3,8,Home & Kitchen,Marketplace,Tablet,Bank Transfer,16,14,4,0.303,0.118,0.239,"YouTube, Facebook",104.81
1584,41,Male,United States,New York,100K-150K,PhD,Employed,Widowed,80,27,336.42,9083.34,69,Office Supplies,Online,Multiple,Cash on Delivery,10,4,1,0.243,0.384,0.086,"YouTube, Facebook, Twitter",124.88
1585,22,Male,United States,Houston,0-25K,PhD,Retired,Divorced,50,149,160.1,23854.9,12,Books,Mobile App,Multiple,Bank Transfer,7,13,3,0.261,0.05,0.238,"YouTube, Twitter",175.58
1586,48,Male,United States,San Diego,25K-50K,PhD,Retired,Single,34,165,828.51,136704.15,2,Pet Supplies,In-Store,Tablet,Digital Wallet,16,8,2,0.387,0.338,0.18,"LinkedIn, Instagram, Twitter",80.63
1587,60,Female,United States,Dallas,75K-100K,High School,Employed,Married,101,26,915.25,23796.5,8,Office Supplies,Mobile App,Tablet,Digital Wallet,8,2,5,0.672,0.157,0.224,"LinkedIn, TikTok",131.01
1588,25,Female,United States,Phoenix,75K-100K,Professional,Unemployed,Divorced,79,100,309.81,30981.0,15,Fashion,In-Store,Multiple,Digital Wallet,6,0,1,0.385,0.319,0.232,"LinkedIn, Instagram",155.7
1589,21,Male,United States,Dallas,150K+,Masters,Unemployed,Widowed,57,11,502.37,5526.07,240,Books,In-Store,Mobile,Credit Card,19,3,5,0.744,0.199,0.294,"Facebook, YouTube",87.5
1590,51,Female,United States,Houston,75K-100K,Masters,Unemployed,Widowed,73,36,71.73,2582.28,178,Electronics,Marketplace,Desktop,Cash on Delivery,7,3,3,0.971,0.174,0.093,LinkedIn,77.86
1591,56,Female,United States,Philadelphia,100K-150K,Masters,Self-Employed,Single,38,65,177.19,11517.35,185,Office Supplies,Mobile App,Tablet,Bank Transfer,6,9,1,0.005,0.174,0.092,,32.18
1592,82,Male,United States,San Jose,150K+,Masters,Retired,Single,115,25,918.6,22965.0,1,Fashion,Marketplace,Multiple,Bank Transfer,5,12,1,0.285,0.261,0.297,YouTube,19.49
1593,19,Female,United States,Philadelphia,75K-100K,Bachelors,Student,Single,100,97,577.12,55980.64,0,Office Supplies,In-Store,Desktop,Debit Card,9,2,1,0.087,0.238,0.122,LinkedIn,64.85
1594,43,Female,United States,Philadelphia,25K-50K,PhD,Employed,Divorced,2,131,807.3,105756.3,28,Pet Supplies,Marketplace,Desktop,Digital Wallet,10,14,4,0.635,0.148,0.205,,54.08
1595,57,Female,United States,San Jose,150K+,Professional,Unemployed,Married,4,155,852.25,132098.75,1,Electronics,Mobile App,Desktop,Digital Wallet,8,6,2,0.356,0.273,0.2,"Twitter, LinkedIn, Facebook",116.85
1596,30,Male,United States,Dallas,75K-100K,Masters,Student,Single,16,111,994.67,110408.37,0,Health & Personal Care,Online,Multiple,Cash on Delivery,3,5,1,0.584,0.439,0.248,"LinkedIn, YouTube",5.63
1597,43,Male,United States,San Diego,25K-50K,PhD,Employed,Single,44,178,305.28,54339.84,3,Pet Supplies,Mobile App,Desktop,Debit Card,14,4,2,0.832,0.119,0.246,TikTok,111.2
1598,18,Female,United States,Houston,25K-50K,Professional,Retired,Married,27,165,212.93,35133.45,157,Electronics,Marketplace,Tablet,Cash on Delivery,1,9,5,0.339,0.117,0.042,Instagram,49.9
1599,43,Female,United States,Houston,100K-150K,Professional,Student,Widowed,98,164,730.34,119775.76,232,Office Supplies,In-Store,Mobile,Debit Card,11,10,4,0.739,0.338,0.199,LinkedIn,114.97
1600,27,Male,United States,San Antonio,0-25K,High School,Self-Employed,Divorced,82,23,586.99,13500.77,201,Toys,Marketplace,Mobile,Digital Wallet,1,4,3,0.384,0.275,0.002,Facebook,71.71
1601,51,Female,United States,Houston,75K-100K,Professional,Student,Widowed,90,151,447.72,67605.72,30,Health & Personal Care,Marketplace,Multiple,Bank Transfer,8,12,3,0.244,0.373,0.082,"TikTok, Instagram, Facebook",162.65
1602,42,Female,United States,San Antonio,75K-100K,Masters,Retired,Single,56,27,104.48,2820.96,0,Electronics,Mobile App,Tablet,Digital Wallet,17,4,1,0.922,0.245,0.215,"YouTube, Twitter",122.32
1603,19,Male,United States,Chicago,50K-75K,Masters,Employed,Divorced,100,143,395.45,56549.35,74,Toys,In-Store,Desktop,Cash on Delivery,16,14,5,0.103,0.117,0.017,,97.81
1604,29,Male,United States,New York,150K+,Professional,Student,Single,84,5,507.35,2536.75,50,Sports & Fitness,In-Store,Tablet,Debit Card,6,11,5,0.587,0.128,0.207,,170.54
1605,36,Female,United States,Philadelphia,50K-75K,Bachelors,Retired,Single,90,146,363.67,53095.82,0,Sports & Fitness,Online,Tablet,Credit Card,4,4,5,0.455,0.421,0.262,"Facebook, TikTok",26.68
1606,43,Male,United States,Chicago,25K-50K,High School,Unemployed,Divorced,114,8,484.93,3879.44,104,Books,In-Store,Desktop,Cash on Delivery,5,1,3,0.851,0.436,0.096,,167.89
1607,38,Male,United States,Los Angeles,25K-50K,High School,Retired,Widowed,100,53,853.65,45243.45,93,Grocery,In-Store,Multiple,Debit Card,16,14,5,0.067,0.183,0.013,,52.54
1608,59,Female,United States,Phoenix,50K-75K,PhD,Employed,Married,76,117,163.78,19162.26,118,Beauty,Marketplace,Multiple,Digital Wallet,3,11,2,0.334,0.379,0.273,,105.39
1609,66,Male,United States,Philadelphia,50K-75K,PhD,Student,Divorced,107,51,967.89,49362.39,6,Pet Supplies,Marketplace,Tablet,Digital Wallet,14,12,1,0.101,0.013,0.014,"TikTok, LinkedIn, Facebook",60.59
1610,76,Female,United States,San Diego,150K+,High School,Self-Employed,Divorced,62,23,123.2,2833.6,22,Office Supplies,Online,Tablet,Debit Card,18,7,2,0.474,0.106,0.245,"LinkedIn, Facebook, Twitter",113.6
1611,34,Female,United States,Los Angeles,25K-50K,PhD,Self-Employed,Single,21,26,846.92,22019.92,21,Pet Supplies,In-Store,Multiple,Cash on Delivery,15,9,2,0.7,0.448,0.13,TikTok,78.9
1612,19,Female,United States,Phoenix,150K+,Masters,Student,Widowed,34,21,551.81,11588.01,16,Toys,Mobile App,Desktop,Cash on Delivery,16,4,2,0.102,0.322,0.038,Instagram,186.57
1613,35,Male,United States,Chicago,0-25K,Masters,Unemployed,Single,41,53,71.88,3809.64,7,Health & Personal Care,Mobile App,Tablet,Debit Card,0,7,2,0.547,0.258,0.298,"LinkedIn, Instagram, YouTube",55.42
1614,77,Male,United States,Dallas,0-25K,Masters,Retired,Widowed,103,6,514.07,3084.42,243,Automotive,Online,Desktop,Bank Transfer,9,11,5,0.389,0.028,0.116,,186.03
1615,51,Female,United States,San Diego,150K+,High School,Self-Employed,Married,33,107,531.54,56874.78,0,Fashion,Online,Mobile,Digital Wallet,6,6,3,0.218,0.496,0.111,,100.41
1616,20,Female,United States,New York,100K-150K,Masters,Self-Employed,Married,114,54,900.84,48645.36,2,Home & Kitchen,In-Store,Multiple,Bank Transfer,0,0,4,0.784,0.492,0.278,,132.68
1617,36,Male,United States,Chicago,0-25K,Bachelors,Student,Widowed,41,3,466.02,1398.06,306,Home & Kitchen,Marketplace,Desktop,Digital Wallet,11,9,2,0.939,0.417,0.183,"Twitter, Facebook, Instagram",51.9
1618,36,Male,United States,San Diego,100K-150K,Professional,Unemployed,Widowed,16,119,880.65,104797.35,1,Fashion,Mobile App,Mobile,Bank Transfer,16,11,2,0.543,0.218,0.254,"Twitter, Instagram",78.25
1619,28,Male,United States,Philadelphia,0-25K,High School,Employed,Widowed,91,171,749.29,128128.59,224,Sports & Fitness,In-Store,Tablet,Credit Card,9,11,5,0.142,0.02,0.214,"LinkedIn, YouTube, Facebook",16.63
1620,34,Male,United States,Phoenix,100K-150K,Professional,Unemployed,Widowed,119,75,270.67,20300.25,30,Health & Personal Care,Marketplace,Desktop,Debit Card,13,9,2,0.981,0.263,0.032,"YouTube, TikTok",26.69
1621,40,Male,United States,Chicago,25K-50K,PhD,Employed,Married,40,190,972.05,184689.5,197,Home & Kitchen,In-Store,Desktop,Cash on Delivery,10,7,5,0.569,0.486,0.21,"YouTube, LinkedIn",19.69
1622,34,Female,United States,San Antonio,0-25K,PhD,Student,Single,97,6,337.31,2023.86,12,Fashion,In-Store,Tablet,Cash on Delivery,15,1,2,0.686,0.001,0.285,"LinkedIn, TikTok",158.3
1623,61,Male,United States,San Antonio,75K-100K,Masters,Retired,Married,61,47,767.82,36087.54,27,Toys,Mobile App,Desktop,Credit Card,18,9,1,0.573,0.253,0.07,"LinkedIn, TikTok, Instagram",104.02
1624,30,Male,United States,Philadelphia,150K+,PhD,Student,Divorced,118,17,894.27,15202.59,15,Fashion,Marketplace,Multiple,Bank Transfer,10,13,3,0.193,0.238,0.134,YouTube,79.44
1625,34,Female,United States,Houston,25K-50K,Professional,Student,Single,65,5,277.43,1387.15,11,Fashion,Marketplace,Desktop,Digital Wallet,8,4,4,0.723,0.374,0.086,"Instagram, LinkedIn, Facebook",160.44
1626,72,Male,United States,Los Angeles,0-25K,Professional,Employed,Widowed,105,178,977.34,173966.52,83,Automotive,Online,Desktop,Debit Card,11,3,3,0.927,0.354,0.056,"YouTube, TikTok, Facebook",28.63
1627,32,Male,United States,Dallas,50K-75K,High School,Self-Employed,Married,54,37,227.22,8407.14,80,Fashion,Mobile App,Desktop,Cash on Delivery,17,11,4,0.065,0.084,0.225,"YouTube, TikTok, Instagram",121.57
1628,66,Female,United States,Houston,75K-100K,Bachelors,Employed,Married,13,100,521.93,52193.0,29,Books,In-Store,Desktop,Bank Transfer,16,11,2,0.725,0.064,0.148,,132.25
1629,36,Female,United States,San Jose,100K-150K,Masters,Unemployed,Divorced,67,86,807.25,69423.5,21,Fashion,Marketplace,Desktop,Bank Transfer,7,9,3,0.383,0.067,0.274,LinkedIn,11.63
1630,23,Female,United States,Chicago,50K-75K,Bachelors,Unemployed,Single,119,188,268.36,50451.68,8,Books,In-Store,Mobile,Digital Wallet,5,2,5,0.382,0.074,0.117,"Facebook, LinkedIn",149.24
1631,34,Male,United States,San Diego,0-25K,Professional,Student,Divorced,56,79,612.27,48369.33,9,Toys,Marketplace,Mobile,Bank Transfer,7,11,3,0.818,0.226,0.053,Twitter,83.79
1632,55,Female,United States,Los Angeles,150K+,PhD,Employed,Married,61,138,220.09,30372.42,351,Grocery,Marketplace,Multiple,Credit Card,4,10,1,0.1,0.035,0.007,,127.32
1633,22,Male,United States,San Jose,75K-100K,Masters,Unemployed,Widowed,37,141,621.37,87613.17,73,Office Supplies,Online,Tablet,Debit Card,9,12,1,0.078,0.013,0.056,"TikTok, Facebook",160.94
1634,64,Male,United States,New York,75K-100K,High School,Employed,Widowed,37,74,371.1,27461.4,311,Health & Personal Care,Mobile App,Desktop,Debit Card,5,10,4,0.086,0.392,0.144,"TikTok, Instagram",141.89
1635,43,Female,United States,Philadelphia,25K-50K,High School,Employed,Married,34,42,425.91,17888.22,36,Health & Personal Care,Mobile App,Desktop,Credit Card,14,14,4,0.806,0.316,0.08,"TikTok, Instagram",70.39
1636,50,Male,United States,San Jose,25K-50K,Bachelors,Employed,Widowed,100,82,507.84,41642.88,320,Pet Supplies,Mobile App,Desktop,Debit Card,8,13,1,0.507,0.405,0.198,"YouTube, TikTok",177.18
1637,23,Female,United States,Philadelphia,75K-100K,Bachelors,Unemployed,Divorced,94,55,832.34,45778.7,24,Grocery,Marketplace,Tablet,Digital Wallet,1,11,1,0.424,0.411,0.195,,90.13
1638,33,Female,United States,Houston,0-25K,Professional,Self-Employed,Widowed,116,87,984.36,85639.32,6,Pet Supplies,In-Store,Multiple,Debit Card,18,14,5,0.087,0.315,0.126,"YouTube, Instagram, Facebook",94.69
1639,36,Female,United States,Dallas,100K-150K,High School,Retired,Single,97,90,704.47,63402.3,74,Beauty,Online,Tablet,Credit Card,1,3,5,0.435,0.368,0.125,"LinkedIn, TikTok, YouTube",54.47
1640,60,Male,United States,Los Angeles,150K+,Bachelors,Employed,Widowed,44,47,819.37,38510.39,72,Books,Online,Mobile,Credit Card,17,7,2,0.81,0.212,0.043,"Facebook, LinkedIn",25.5
1641,22,Male,United States,New York,150K+,Bachelors,Retired,Widowed,88,84,472.83,39717.72,7,Home & Kitchen,Online,Mobile,Cash on Delivery,0,1,2,0.849,0.17,0.151,"Instagram, Facebook",133.41
1642,26,Female,United States,Philadelphia,75K-100K,PhD,Employed,Married,63,16,650.73,10411.68,7,Office Supplies,Mobile App,Desktop,Credit Card,0,9,3,0.18,0.433,0.274,"LinkedIn, YouTube",93.17
1643,34,Female,United States,Philadelphia,25K-50K,Bachelors,Student,Married,18,66,439.25,28990.5,72,Health & Personal Care,Mobile App,Multiple,Credit Card,13,8,1,0.254,0.262,0.18,"YouTube, Facebook, LinkedIn",110.31
1644,20,Male,United States,Dallas,75K-100K,Masters,Unemployed,Single,42,149,137.8,20532.2,1,Grocery,In-Store,Multiple,Debit Card,10,4,5,0.463,0.255,0.056,,156.95
1645,29,Female,United States,San Antonio,150K+,Professional,Self-Employed,Married,111,51,532.6,27162.6,0,Books,Marketplace,Desktop,Cash on Delivery,11,9,5,0.909,0.183,0.276,,21.13
1646,23,Male,United States,Dallas,100K-150K,Masters,Student,Divorced,112,139,702.25,97612.75,85,Beauty,Online,Multiple,Credit Card,16,8,2,0.034,0.207,0.164,"Twitter, YouTube",151.19
1647,47,Female,United States,San Diego,150K+,PhD,Retired,Widowed,99,27,489.89,13227.03,33,Grocery,Mobile App,Desktop,Digital Wallet,0,1,1,0.823,0.261,0.256,,15.31
1648,28,Female,United States,Los Angeles,25K-50K,PhD,Student,Divorced,5,41,580.48,23799.68,3,Sports & Fitness,Mobile App,Desktop,Digital Wallet,9,2,2,0.646,0.357,0.121,Twitter,140.95
1649,36,Female,United States,Houston,75K-100K,PhD,Student,Single,91,29,314.1,9108.9,289,Toys,Online,Desktop,Bank Transfer,14,9,2,0.419,0.376,0.031,"YouTube, LinkedIn",38.65
1650,63,Female,United States,Phoenix,100K-150K,PhD,Self-Employed,Divorced,94,53,18.95,1004.35,3,Pet Supplies,In-Store,Multiple,Digital Wallet,14,9,5,0.36,0.151,0.019,"TikTok, Facebook",23.77
1651,20,Female,United States,Dallas,0-25K,Masters,Employed,Single,19,44,497.29,21880.76,16,Health & Personal Care,Marketplace,Mobile,Digital Wallet,7,12,1,0.008,0.36,0.192,,127.45
1652,53,Female,United States,Phoenix,100K-150K,Masters,Unemployed,Single,34,83,170.26,14131.58,4,Pet Supplies,Online,Multiple,Bank Transfer,8,14,1,0.483,0.155,0.288,TikTok,42.13
1653,76,Male,United States,San Jose,150K+,Bachelors,Self-Employed,Single,111,167,335.4,56011.8,193,Grocery,In-Store,Mobile,Cash on Delivery,7,9,4,0.42,0.017,0.123,Instagram,195.14
1654,41,Female,United States,Los Angeles,0-25K,Professional,Student,Single,16,0,112.63,0.0,82,Office Supplies,Online,Multiple,Credit Card,11,11,3,0.073,0.231,0.074,"Facebook, Twitter",117.82
1655,20,Female,United States,San Antonio,100K-150K,High School,Student,Single,72,197,135.68,26728.96,36,Home & Kitchen,Mobile App,Tablet,Debit Card,13,0,3,0.895,0.356,0.029,Facebook,198.97
1656,68,Female,United States,San Jose,0-25K,Professional,Self-Employed,Divorced,60,183,443.6,81178.8,42,Health & Personal Care,Mobile App,Mobile,Cash on Delivery,0,2,4,0.22,0.341,0.161,,157.74
1657,66,Male,United States,Philadelphia,0-25K,Bachelors,Self-Employed,Divorced,118,186,715.41,133066.26,15,Books,Marketplace,Desktop,Credit Card,7,14,4,0.187,0.071,0.077,"LinkedIn, YouTube",128.57
1658,80,Male,United States,San Antonio,25K-50K,High School,Self-Employed,Married,61,64,518.24,33167.36,125,Office Supplies,Marketplace,Tablet,Digital Wallet,16,8,1,0.167,0.231,0.159,"Facebook, YouTube",28.19
1659,41,Male,United States,Philadelphia,150K+,PhD,Retired,Divorced,83,136,981.01,133417.36,39,Home & Kitchen,Marketplace,Mobile,Digital Wallet,0,8,3,0.261,0.305,0.284,"Facebook, Instagram, TikTok",131.42
1660,73,Female,United States,Dallas,25K-50K,Masters,Unemployed,Single,39,8,437.22,3497.76,21,Office Supplies,Mobile App,Multiple,Digital Wallet,10,3,5,0.339,0.171,0.171,Twitter,90.59
1661,58,Male,United States,Houston,75K-100K,Masters,Unemployed,Married,37,141,237.86,33538.26,177,Beauty,Online,Multiple,Cash on Delivery,3,1,5,0.315,0.192,0.296,"Instagram, Facebook",98.27
1662,27,Male,United States,Chicago,0-25K,High School,Unemployed,Divorced,18,79,871.98,68886.42,0,Grocery,Mobile App,Multiple,Bank Transfer,19,6,3,0.394,0.264,0.212,YouTube,128.72
1663,20,Female,United States,San Antonio,50K-75K,PhD,Retired,Single,83,62,576.76,35759.12,0,Grocery,Online,Multiple,Cash on Delivery,19,13,3,0.523,0.271,0.103,TikTok,70.69
1664,62,Female,United States,San Antonio,50K-75K,PhD,Employed,Divorced,77,159,251.79,40034.61,1,Home & Kitchen,Online,Mobile,Debit Card,5,7,1,0.517,0.173,0.187,"LinkedIn, Twitter",109.32
1665,79,Male,United States,Phoenix,25K-50K,Professional,Unemployed,Married,82,198,34.66,6862.68,111,Grocery,Online,Multiple,Debit Card,3,4,1,0.634,0.133,0.079,"Facebook, TikTok, YouTube",155.5
1666,38,Male,United States,Houston,75K-100K,High School,Self-Employed,Divorced,82,154,199.52,30726.08,19,Health & Personal Care,Mobile App,Desktop,Credit Card,1,1,1,0.902,0.288,0.163,"Twitter, TikTok",29.15
1667,83,Female,United States,Phoenix,50K-75K,Masters,Student,Married,41,123,929.5,114328.5,215,Beauty,Marketplace,Desktop,Debit Card,8,4,2,0.1,0.421,0.028,,130.69
1668,44,Female,United States,Philadelphia,25K-50K,High School,Employed,Divorced,107,118,901.95,106430.1,219,Pet Supplies,Online,Multiple,Debit Card,16,1,5,0.76,0.278,0.154,,86.63
1669,66,Female,United States,New York,100K-150K,High School,Retired,Single,6,33,299.54,9884.82,0,Automotive,Mobile App,Tablet,Debit Card,4,14,2,0.538,0.335,0.13,"Twitter, Facebook, TikTok",119.74
1670,60,Female,United States,Los Angeles,75K-100K,Bachelors,Unemployed,Widowed,40,136,316.94,43103.84,0,Grocery,Marketplace,Mobile,Digital Wallet,6,0,5,0.616,0.347,0.096,YouTube,177.82
1671,19,Male,United States,Phoenix,25K-50K,PhD,Unemployed,Widowed,83,134,436.04,58429.36,1,Pet Supplies,Mobile App,Mobile,Cash on Delivery,7,8,4,0.89,0.277,0.028,"YouTube, Twitter, Instagram",167.07
1672,60,Female,United States,New York,50K-75K,PhD,Employed,Divorced,97,165,726.44,119862.6,0,Sports & Fitness,Mobile App,Mobile,Credit Card,4,4,1,0.479,0.112,0.011,"LinkedIn, Twitter",114.52
1673,35,Male,United States,Dallas,100K-150K,Masters,Retired,Widowed,10,98,182.79,17913.42,72,Electronics,Marketplace,Multiple,Debit Card,15,8,5,0.836,0.03,0.111,,37.69
1674,69,Male,United States,Philadelphia,100K-150K,Masters,Retired,Divorced,112,35,279.09,9768.15,354,Office Supplies,Mobile App,Mobile,Digital Wallet,4,3,1,0.473,0.295,0.183,"LinkedIn, Instagram",89.49
1675,22,Female,United States,San Diego,25K-50K,Masters,Self-Employed,Single,51,150,95.32,14298.0,7,Electronics,Online,Tablet,Digital Wallet,9,7,1,0.869,0.175,0.283,,133.46
1676,44,Female,United States,New York,150K+,Professional,Retired,Married,56,74,820.52,60718.48,0,Automotive,In-Store,Tablet,Credit Card,12,5,4,0.568,0.447,0.196,Twitter,115.39
1677,27,Female,United States,San Diego,50K-75K,Masters,Employed,Single,103,108,896.65,96838.2,0,Home & Kitchen,Online,Mobile,Cash on Delivery,18,9,4,0.744,0.116,0.076,,63.05
1678,44,Male,United States,Dallas,50K-75K,PhD,Self-Employed,Married,111,66,279.03,18415.98,3,Fashion,Marketplace,Desktop,Credit Card,4,6,1,0.271,0.137,0.011,"TikTok, YouTube",181.98
1679,18,Female,United States,New York,25K-50K,Professional,Employed,Single,20,132,512.35,67630.2,1,Office Supplies,In-Store,Desktop,Credit Card,8,12,5,0.954,0.103,0.049,Facebook,146.54
1680,58,Female,United States,Phoenix,150K+,High School,Employed,Single,89,49,735.01,36015.49,67,Home & Kitchen,Online,Tablet,Cash on Delivery,15,11,3,0.291,0.465,0.267,LinkedIn,184.16
1681,36,Female,United States,Dallas,100K-150K,PhD,Employed,Married,3,152,900.02,136803.04,235,Sports & Fitness,In-Store,Desktop,Credit Card,4,8,3,0.73,0.034,0.2,,161.26
1682,34,Female,United States,Houston,100K-150K,High School,Retired,Married,80,12,525.94,6311.28,11,Electronics,Online,Multiple,Cash on Delivery,4,3,1,0.713,0.017,0.268,,65.05
1683,19,Female,United States,Phoenix,0-25K,Bachelors,Unemployed,Widowed,75,114,350.6,39968.4,1,Books,Online,Mobile,Cash on Delivery,13,1,1,0.933,0.112,0.078,,110.58
1684,36,Female,United States,Houston,25K-50K,High School,Unemployed,Divorced,52,105,595.18,62493.9,14,Health & Personal Care,Mobile App,Tablet,Bank Transfer,4,4,5,0.084,0.484,0.255,"Twitter, YouTube",133.48
1685,75,Female,United States,San Jose,150K+,High School,Retired,Divorced,44,43,641.8,27597.4,41,Grocery,Mobile App,Tablet,Digital Wallet,15,10,4,0.008,0.226,0.145,"Instagram, Twitter, TikTok",100.79
1686,41,Male,United States,Philadelphia,150K+,Professional,Student,Single,55,24,243.21,5837.04,281,Health & Personal Care,In-Store,Multiple,Cash on Delivery,15,7,1,0.781,0.358,0.033,"TikTok, Instagram",153.62
1687,31,Male,United States,Houston,50K-75K,Professional,Unemployed,Divorced,82,7,796.16,5573.12,12,Grocery,In-Store,Multiple,Digital Wallet,13,3,1,0.482,0.272,0.231,Instagram,81.54
1688,26,Female,United States,Houston,50K-75K,Professional,Self-Employed,Single,82,55,562.38,30930.9,317,Electronics,Online,Desktop,Credit Card,11,0,4,0.666,0.451,0.225,"YouTube, Facebook",199.73
1689,81,Male,United States,Dallas,0-25K,Masters,Retired,Single,13,62,930.14,57668.68,5,Toys,Mobile App,Tablet,Debit Card,18,7,1,0.973,0.206,0.058,,48.98
1690,26,Male,United States,Dallas,50K-75K,Masters,Unemployed,Divorced,99,141,364.91,51452.31,176,Beauty,Mobile App,Tablet,Cash on Delivery,10,3,3,0.604,0.489,0.125,"YouTube, Twitter",137.82
1691,47,Male,United States,San Diego,25K-50K,Bachelors,Employed,Divorced,59,35,427.94,14977.9,88,Grocery,In-Store,Tablet,Digital Wallet,17,11,4,0.333,0.215,0.176,"Instagram, Twitter",181.13
1692,32,Male,United States,Los Angeles,150K+,High School,Unemployed,Single,22,78,178.02,13885.56,1,Home & Kitchen,Marketplace,Desktop,Debit Card,16,2,5,0.5,0.412,0.121,YouTube,189.9
1693,63,Female,United States,San Diego,75K-100K,High School,Employed,Widowed,35,11,848.94,9338.34,40,Electronics,Online,Mobile,Credit Card,17,3,2,0.195,0.133,0.021,"YouTube, TikTok",39.28
1694,40,Female,United States,Phoenix,150K+,High School,Unemployed,Divorced,54,5,469.61,2348.05,48,Health & Personal Care,In-Store,Mobile,Cash on Delivery,13,6,5,0.388,0.444,0.265,"LinkedIn, YouTube",74.27
1695,63,Female,United States,Dallas,0-25K,Bachelors,Employed,Widowed,25,22,648.99,14277.78,5,Fashion,Online,Tablet,Digital Wallet,18,14,5,0.297,0.18,0.223,Twitter,142.54
1696,40,Female,United States,San Antonio,75K-100K,Masters,Student,Divorced,15,125,234.5,29312.5,28,Electronics,Marketplace,Mobile,Credit Card,12,14,3,0.978,0.272,0.015,,15.0
1697,60,Male,United States,Houston,0-25K,High School,Self-Employed,Divorced,27,112,876.67,98187.04,1,Fashion,Mobile App,Multiple,Credit Card,4,0,1,0.344,0.044,0.05,Instagram,156.59
1698,51,Male,United States,New York,0-25K,PhD,Student,Widowed,43,171,492.86,84279.06,29,Health & Personal Care,Mobile App,Mobile,Bank Transfer,17,14,2,0.548,0.426,0.083,"Instagram, Twitter",123.16
1699,43,Male,United States,San Antonio,75K-100K,Bachelors,Retired,Divorced,91,67,375.35,25148.45,1,Health & Personal Care,Marketplace,Multiple,Debit Card,12,12,2,0.807,0.299,0.097,"YouTube, LinkedIn, Twitter",117.28
1700,39,Male,United States,Philadelphia,25K-50K,Professional,Self-Employed,Single,66,62,788.82,48906.84,0,Beauty,In-Store,Mobile,Debit Card,1,9,3,0.082,0.113,0.141,Facebook,109.65
1701,39,Male,United States,Houston,150K+,Professional,Student,Married,103,161,948.94,152779.34,3,Electronics,Marketplace,Mobile,Digital Wallet,14,2,1,0.077,0.122,0.068,Instagram,76.77
1702,42,Female,United States,San Diego,100K-150K,Bachelors,Employed,Married,40,133,661.22,87942.26,69,Beauty,Marketplace,Mobile,Debit Card,17,12,3,0.708,0.426,0.2,,196.86
1703,55,Male,United States,Phoenix,50K-75K,Bachelors,Employed,Widowed,16,27,667.58,18024.66,3,Pet Supplies,Mobile App,Desktop,Debit Card,14,0,2,0.69,0.005,0.005,,151.63
1704,28,Female,United States,Houston,50K-75K,High School,Self-Employed,Single,21,19,780.68,14832.92,223,Automotive,Marketplace,Desktop,Digital Wallet,5,9,5,0.9,0.216,0.097,LinkedIn,10.22
1705,19,Female,United States,New York,50K-75K,Bachelors,Self-Employed,Married,39,197,687.15,135368.55,85,Books,Marketplace,Mobile,Debit Card,11,3,4,0.098,0.168,0.204,,123.46
1706,19,Male,United States,New York,25K-50K,High School,Retired,Single,8,16,598.37,9573.92,361,Books,In-Store,Tablet,Cash on Delivery,17,4,3,0.319,0.133,0.148,"TikTok, YouTube, Facebook",117.17
1707,84,Female,United States,New York,25K-50K,PhD,Student,Widowed,45,133,580.39,77191.87,1,Office Supplies,Online,Tablet,Credit Card,9,10,4,0.482,0.11,0.268,"YouTube, Facebook",71.53
1708,60,Female,United States,Phoenix,100K-150K,Masters,Student,Single,17,87,255.87,22260.69,358,Fashion,Mobile App,Multiple,Debit Card,11,10,3,0.942,0.453,0.265,"Facebook, LinkedIn, TikTok",61.54
1709,49,Female,United States,San Diego,150K+,Professional,Employed,Widowed,62,111,26.78,2972.58,22,Books,In-Store,Desktop,Bank Transfer,17,12,3,0.179,0.412,0.124,,94.8
1710,31,Female,United States,Chicago,25K-50K,PhD,Unemployed,Widowed,117,0,41.04,0.0,256,Office Supplies,Marketplace,Multiple,Debit Card,1,8,4,0.859,0.455,0.273,,103.24
1711,27,Female,United States,Dallas,25K-50K,Professional,Employed,Married,103,122,756.93,92345.46,1,Sports & Fitness,Online,Desktop,Cash on Delivery,14,2,3,0.929,0.402,0.114,"Facebook, Instagram, TikTok",84.3
1712,24,Female,United States,San Jose,75K-100K,Masters,Student,Single,19,176,742.66,130708.16,1,Grocery,In-Store,Tablet,Bank Transfer,5,4,4,0.436,0.009,0.256,Facebook,166.09
1713,66,Male,United States,Philadelphia,50K-75K,Professional,Retired,Divorced,53,87,495.19,43081.53,5,Grocery,Marketplace,Mobile,Bank Transfer,12,3,2,0.421,0.287,0.165,"Instagram, TikTok",20.46
1714,32,Female,United States,Phoenix,100K-150K,Bachelors,Employed,Married,72,51,744.53,37971.03,44,Office Supplies,In-Store,Multiple,Digital Wallet,0,13,4,0.036,0.343,0.047,,8.98
1715,54,Male,United States,New York,0-25K,Professional,Self-Employed,Divorced,46,54,49.97,2698.38,30,Electronics,Mobile App,Tablet,Cash on Delivery,7,9,2,0.956,0.157,0.024,"Facebook, Twitter",108.3
1716,63,Male,United States,San Diego,50K-75K,Bachelors,Retired,Single,33,14,357.49,5004.86,0,Health & Personal Care,Mobile App,Desktop,Credit Card,3,8,2,0.762,0.362,0.234,"Instagram, Twitter, Facebook",84.96
1717,30,Female,United States,San Antonio,150K+,Bachelors,Self-Employed,Single,97,76,470.35,35746.6,10,Books,Marketplace,Tablet,Bank Transfer,0,5,1,0.028,0.187,0.086,"Facebook, TikTok, LinkedIn",74.6
1718,50,Male,United States,New York,100K-150K,Masters,Student,Widowed,105,100,588.18,58818.0,0,Books,Marketplace,Mobile,Digital Wallet,7,5,4,0.537,0.45,0.148,,164.78
1719,32,Male,United States,Chicago,150K+,Bachelors,Employed,Single,88,119,968.39,115238.41,9,Automotive,In-Store,Mobile,Debit Card,15,3,2,0.558,0.141,0.101,"Twitter, YouTube",87.78
1720,59,Female,United States,Chicago,0-25K,High School,Unemployed,Widowed,11,98,420.82,41240.36,26,Sports & Fitness,Marketplace,Multiple,Debit Card,10,2,5,0.136,0.406,0.188,"Twitter, YouTube, TikTok",193.68
1721,45,Female,United States,San Antonio,0-25K,PhD,Self-Employed,Single,115,106,516.8,54780.8,1,Electronics,In-Store,Desktop,Debit Card,11,12,2,0.486,0.122,0.253,"LinkedIn, YouTube, Twitter",166.01
1722,56,Female,United States,Philadelphia,100K-150K,Professional,Student,Divorced,26,188,816.91,153579.08,20,Fashion,Marketplace,Tablet,Credit Card,14,1,2,0.483,0.271,0.022,"TikTok, Instagram",10.39
1723,33,Male,United States,San Antonio,150K+,Masters,Employed,Widowed,93,129,258.74,33377.46,109,Home & Kitchen,Online,Mobile,Credit Card,12,5,3,0.547,0.115,0.09,"Facebook, Twitter",153.05
1724,18,Female,United States,Chicago,25K-50K,Bachelors,Self-Employed,Widowed,119,14,891.48,12480.72,5,Beauty,In-Store,Desktop,Digital Wallet,2,12,3,0.799,0.281,0.08,LinkedIn,173.61
1725,30,Male,United States,New York,100K-150K,PhD,Retired,Married,71,49,239.56,11738.44,28,Sports & Fitness,In-Store,Tablet,Cash on Delivery,18,13,1,0.475,0.031,0.154,Twitter,117.84
1726,63,Male,United States,Phoenix,100K-150K,Professional,Student,Widowed,20,114,51.16,5832.24,68,Home & Kitchen,In-Store,Multiple,Bank Transfer,13,14,4,0.925,0.265,0.26,,93.68
1727,30,Female,United States,Dallas,25K-50K,Bachelors,Self-Employed,Single,9,61,106.46,6494.06,23,Automotive,In-Store,Desktop,Credit Card,14,8,3,0.628,0.123,0.179,,52.54
1728,43,Female,United States,Phoenix,100K-150K,PhD,Unemployed,Single,1,163,700.87,114241.81,0,Office Supplies,In-Store,Desktop,Cash on Delivery,13,3,1,0.578,0.353,0.001,Facebook,107.48
1729,48,Male,United States,San Antonio,100K-150K,Masters,Student,Single,22,78,506.13,39478.14,138,Health & Personal Care,Mobile App,Tablet,Credit Card,10,9,5,0.683,0.211,0.081,LinkedIn,6.27
1730,19,Female,United States,Chicago,50K-75K,PhD,Employed,Divorced,113,147,419.49,61665.03,0,Sports & Fitness,In-Store,Tablet,Digital Wallet,5,6,5,0.148,0.108,0.274,Twitter,177.75
1731,43,Female,United States,San Antonio,75K-100K,Masters,Retired,Married,96,133,617.9,82180.7,3,Pet Supplies,Online,Desktop,Digital Wallet,6,2,4,0.918,0.305,0.008,,80.97
1732,59,Male,United States,San Jose,50K-75K,PhD,Unemployed,Single,35,135,730.34,98595.9,21,Grocery,Marketplace,Desktop,Debit Card,12,0,1,0.128,0.428,0.034,YouTube,22.73
1733,23,Female,United States,San Diego,75K-100K,Bachelors,Self-Employed,Widowed,80,48,368.87,17705.76,0,Toys,Online,Tablet,Digital Wallet,19,9,4,0.913,0.396,0.061,"TikTok, LinkedIn, YouTube",140.3
1734,67,Female,United States,Phoenix,50K-75K,Masters,Student,Divorced,94,17,558.74,9498.58,120,Electronics,Online,Tablet,Debit Card,0,7,5,0.018,0.395,0.066,"Instagram, YouTube",161.11
1735,58,Female,United States,Phoenix,50K-75K,Bachelors,Retired,Divorced,76,169,495.1,83671.9,25,Books,Online,Desktop,Debit Card,15,10,3,0.509,0.474,0.018,Twitter,44.99
1736,25,Male,United States,Chicago,50K-75K,Masters,Retired,Widowed,19,119,395.3,47040.7,236,Beauty,In-Store,Desktop,Debit Card,2,12,3,0.086,0.421,0.255,Twitter,195.87
1737,48,Female,United States,San Jose,100K-150K,PhD,Student,Widowed,2,110,720.05,79205.5,8,Automotive,Online,Desktop,Debit Card,7,3,2,0.231,0.149,0.232,"Facebook, Instagram",62.22
1738,18,Male,United States,Philadelphia,25K-50K,Professional,Employed,Married,94,24,273.28,6558.72,1,Sports & Fitness,Mobile App,Multiple,Cash on Delivery,10,4,5,0.562,0.046,0.227,,187.12
1739,24,Female,United States,Philadelphia,0-25K,Professional,Self-Employed,Widowed,119,110,192.18,21139.8,5,Electronics,Online,Mobile,Digital Wallet,10,12,4,0.474,0.412,0.083,"YouTube, TikTok, Facebook",38.76
1740,19,Female,United States,San Diego,0-25K,High School,Self-Employed,Married,80,186,258.9,48155.4,2,Grocery,In-Store,Tablet,Credit Card,8,1,3,0.407,0.288,0.156,"YouTube, Instagram",190.32
1741,32,Male,United States,Phoenix,150K+,Masters,Employed,Married,4,160,904.02,144643.2,28,Automotive,Marketplace,Desktop,Cash on Delivery,14,7,3,0.279,0.123,0.18,"Instagram, Twitter, Facebook",37.6
1742,56,Male,United States,New York,75K-100K,Professional,Student,Single,14,7,82.4,576.8,0,Office Supplies,In-Store,Tablet,Debit Card,13,14,5,0.824,0.22,0.047,Instagram,80.0
1743,30,Female,United States,Philadelphia,0-25K,Masters,Retired,Divorced,109,33,338.22,11161.26,23,Fashion,Marketplace,Tablet,Digital Wallet,1,4,1,0.303,0.04,0.225,Twitter,141.27
1744,64,Female,United States,San Diego,25K-50K,High School,Self-Employed,Married,22,43,418.39,17990.77,22,Automotive,Mobile App,Multiple,Debit Card,9,2,1,0.807,0.485,0.281,,5.76
1745,44,Female,United States,Dallas,75K-100K,Professional,Self-Employed,Single,86,49,415.21,20345.29,26,Pet Supplies,Mobile App,Mobile,Bank Transfer,18,13,5,0.498,0.291,0.049,,93.7
1746,31,Male,United States,Dallas,50K-75K,PhD,Student,Divorced,69,127,10.07,1278.89,254,Books,In-Store,Mobile,Digital Wallet,15,6,5,0.413,0.114,0.089,"Facebook, YouTube",79.35
1747,30,Female,United States,New York,0-25K,Professional,Employed,Divorced,15,14,801.28,11217.92,1,Beauty,Marketplace,Desktop,Credit Card,2,3,5,0.335,0.339,0.015,"LinkedIn, Instagram, Twitter",173.24
1748,71,Female,United States,Chicago,100K-150K,High School,Student,Widowed,87,180,292.47,52644.6,0,Office Supplies,Mobile App,Mobile,Credit Card,2,1,1,0.45,0.228,0.25,,157.67
1749,22,Male,United States,San Diego,25K-50K,Masters,Retired,Widowed,24,65,393.09,25550.85,82,Health & Personal Care,In-Store,Tablet,Bank Transfer,2,12,3,0.6,0.107,0.074,,29.63
1750,24,Male,United States,Dallas,50K-75K,Professional,Employed,Single,97,46,839.08,38597.68,1,Home & Kitchen,Online,Multiple,Digital Wallet,17,10,3,0.583,0.149,0.162,"YouTube, Twitter, Instagram",130.85
1751,83,Male,United States,Dallas,75K-100K,Bachelors,Self-Employed,Divorced,118,185,122.71,22701.35,77,Health & Personal Care,Marketplace,Tablet,Bank Transfer,1,2,5,0.113,0.461,0.131,,160.94
1752,22,Male,United States,New York,100K-150K,PhD,Unemployed,Married,86,45,794.24,35740.8,2,Pet Supplies,Online,Mobile,Debit Card,15,2,3,0.44,0.33,0.166,"Facebook, Twitter, TikTok",54.72
1753,30,Male,United States,Los Angeles,150K+,Bachelors,Retired,Widowed,40,149,644.94,96096.06,6,Home & Kitchen,In-Store,Tablet,Debit Card,9,0,5,0.644,0.124,0.111,"Twitter, TikTok",174.77
1754,62,Female,United States,San Jose,0-25K,Professional,Self-Employed,Divorced,91,85,997.73,84807.05,21,Electronics,Mobile App,Tablet,Credit Card,9,4,1,0.555,0.45,0.164,"Twitter, Facebook, Instagram",181.5
1755,43,Female,United States,Houston,75K-100K,Masters,Employed,Widowed,42,79,988.48,78089.92,3,Beauty,Mobile App,Mobile,Cash on Delivery,4,11,4,0.105,0.372,0.193,"Facebook, LinkedIn",167.21
1756,24,Male,United States,San Antonio,75K-100K,Professional,Retired,Widowed,109,183,467.08,85475.64,185,Fashion,Online,Mobile,Debit Card,1,6,5,0.776,0.407,0.077,,6.23
1757,56,Female,United States,Dallas,0-25K,High School,Student,Single,107,190,837.87,159195.3,199,Books,Mobile App,Mobile,Cash on Delivery,2,0,3,0.345,0.369,0.041,,157.18
1758,40,Male,United States,Philadelphia,50K-75K,PhD,Self-Employed,Divorced,63,140,662.3,92722.0,4,Books,Mobile App,Tablet,Cash on Delivery,2,3,4,0.062,0.409,0.124,"Facebook, Instagram",174.4
1759,28,Male,United States,Houston,100K-150K,Bachelors,Retired,Widowed,113,82,58.11,4765.02,3,Books,In-Store,Tablet,Cash on Delivery,18,2,5,0.705,0.314,0.178,Instagram,116.05
1760,31,Female,United States,Houston,25K-50K,Professional,Student,Divorced,113,168,257.41,43244.88,3,Health & Personal Care,Mobile App,Tablet,Debit Card,4,13,1,0.958,0.29,0.03,"Instagram, Twitter",174.86
1761,26,Male,United States,San Antonio,50K-75K,PhD,Unemployed,Widowed,59,163,156.11,25445.93,8,Pet Supplies,Online,Desktop,Cash on Delivery,12,12,5,0.735,0.229,0.216,"YouTube, Facebook, LinkedIn",75.15
1762,56,Male,United States,Phoenix,150K+,High School,Employed,Married,105,32,470.07,15042.24,29,Automotive,Mobile App,Desktop,Cash on Delivery,5,11,2,0.105,0.389,0.04,LinkedIn,10.34
1763,51,Female,United States,New York,0-25K,High School,Self-Employed,Married,27,196,444.52,87125.92,3,Sports & Fitness,Marketplace,Multiple,Credit Card,6,9,4,0.507,0.393,0.083,"LinkedIn, Instagram",99.3
1764,61,Female,United States,Chicago,150K+,PhD,Employed,Divorced,46,24,685.59,16454.16,1,Fashion,In-Store,Tablet,Digital Wallet,14,1,3,0.071,0.142,0.213,"Twitter, TikTok, Instagram",21.85
1765,30,Male,United States,Los Angeles,25K-50K,Bachelors,Employed,Married,10,78,129.11,10070.58,41,Office Supplies,In-Store,Multiple,Bank Transfer,17,2,5,0.965,0.495,0.06,Twitter,83.38
1766,41,Female,United States,San Antonio,100K-150K,Professional,Retired,Widowed,78,18,954.98,17189.64,132,Sports & Fitness,Marketplace,Multiple,Digital Wallet,17,1,5,0.338,0.107,0.074,"Instagram, Facebook",48.54
1767,23,Male,United States,Dallas,50K-75K,Masters,Student,Divorced,66,8,812.9,6503.2,272,Books,Marketplace,Desktop,Bank Transfer,17,1,3,0.589,0.179,0.149,,72.09
1768,40,Male,United States,Dallas,50K-75K,Bachelors,Retired,Single,28,192,715.97,137466.24,71,Pet Supplies,In-Store,Tablet,Digital Wallet,9,13,5,0.109,0.02,0.215,Instagram,64.03
1769,42,Female,United States,Chicago,75K-100K,High School,Unemployed,Divorced,116,96,861.39,82693.44,0,Beauty,Marketplace,Multiple,Bank Transfer,10,7,2,0.084,0.473,0.163,"Twitter, TikTok",16.66
1770,27,Male,United States,San Diego,0-25K,Professional,Self-Employed,Widowed,116,166,880.44,146153.04,1,Electronics,Online,Tablet,Cash on Delivery,1,14,2,0.172,0.416,0.294,"Facebook, TikTok, Twitter",156.43
1771,50,Female,United States,San Antonio,150K+,Masters,Self-Employed,Married,105,60,900.95,54057.0,37,Automotive,In-Store,Desktop,Bank Transfer,8,4,5,0.616,0.093,0.123,"Facebook, Twitter",78.17
1772,34,Male,United States,Phoenix,150K+,Bachelors,Student,Married,110,22,505.08,11111.76,4,Sports & Fitness,Marketplace,Mobile,Bank Transfer,16,6,3,0.6,0.21,0.233,Facebook,5.71
1773,32,Female,United States,Los Angeles,150K+,Professional,Employed,Widowed,34,59,770.62,45466.58,288,Automotive,Marketplace,Tablet,Debit Card,13,14,1,0.852,0.152,0.019,,99.46
1774,26,Male,United States,San Jose,50K-75K,High School,Unemployed,Single,90,124,600.53,74465.72,40,Automotive,Mobile App,Desktop,Debit Card,4,14,5,0.076,0.356,0.043,TikTok,10.92
1775,19,Female,United States,San Diego,25K-50K,High School,Self-Employed,Married,5,100,301.96,30196.0,69,Beauty,Marketplace,Mobile,Cash on Delivery,3,11,1,0.061,0.133,0.224,LinkedIn,166.62
1776,73,Male,United States,San Diego,75K-100K,Bachelors,Employed,Single,9,18,663.82,11948.76,77,Books,Marketplace,Mobile,Cash on Delivery,11,11,5,0.423,0.414,0.263,LinkedIn,15.7
1777,74,Female,United States,Chicago,100K-150K,Masters,Employed,Single,78,169,566.88,95802.72,0,Sports & Fitness,Online,Multiple,Digital Wallet,7,4,4,0.582,0.397,0.204,LinkedIn,65.18
1778,77,Female,United States,Chicago,75K-100K,PhD,Unemployed,Widowed,48,17,874.07,14859.19,1,Books,In-Store,Multiple,Credit Card,9,9,5,0.483,0.49,0.267,"TikTok, LinkedIn, Instagram",87.98
1779,43,Male,United States,San Jose,75K-100K,Masters,Self-Employed,Single,118,70,996.84,69778.8,83,Sports & Fitness,In-Store,Desktop,Debit Card,0,9,5,0.749,0.408,0.089,"Twitter, Facebook",155.34
1780,52,Male,United States,Los Angeles,50K-75K,PhD,Retired,Single,94,91,762.06,69347.46,66,Electronics,Marketplace,Tablet,Debit Card,8,10,3,0.546,0.263,0.244,"Facebook, LinkedIn",29.25
1781,55,Male,United States,San Diego,0-25K,Bachelors,Employed,Single,32,156,789.86,123218.16,342,Fashion,Mobile App,Tablet,Bank Transfer,4,14,1,0.053,0.257,0.256,,99.82
1782,45,Male,United States,San Antonio,25K-50K,Masters,Student,Married,108,143,588.33,84131.19,243,Fashion,Mobile App,Mobile,Cash on Delivery,14,13,5,0.293,0.104,0.143,LinkedIn,46.65
1783,35,Male,United States,Houston,75K-100K,Professional,Retired,Married,43,103,153.44,15804.32,318,Toys,In-Store,Mobile,Cash on Delivery,5,4,3,0.6,0.338,0.242,,121.83
1784,77,Male,United States,Houston,75K-100K,Masters,Retired,Single,84,90,533.99,48059.1,29,Fashion,In-Store,Desktop,Debit Card,8,6,1,0.34,0.354,0.165,,19.08
1785,30,Male,United States,Dallas,150K+,Professional,Student,Widowed,25,64,142.68,9131.52,189,Automotive,Marketplace,Multiple,Debit Card,5,0,5,0.55,0.076,0.165,"Facebook, TikTok, LinkedIn",185.2
1786,52,Female,United States,Chicago,0-25K,PhD,Self-Employed,Widowed,44,194,67.2,13036.8,168,Sports & Fitness,Marketplace,Tablet,Digital Wallet,12,0,4,0.935,0.13,0.08,"YouTube, LinkedIn",158.76
1787,38,Male,United States,San Antonio,0-25K,Professional,Self-Employed,Divorced,30,5,825.44,4127.2,19,Toys,Online,Desktop,Debit Card,17,10,1,0.706,0.5,0.249,"YouTube, LinkedIn, Facebook",158.99
1788,74,Female,United States,Dallas,75K-100K,High School,Unemployed,Single,52,133,281.23,37403.59,41,Office Supplies,In-Store,Tablet,Cash on Delivery,19,3,3,0.521,0.127,0.059,YouTube,181.23
1789,56,Male,United States,Philadelphia,100K-150K,Masters,Retired,Widowed,86,116,208.77,24217.32,78,Pet Supplies,In-Store,Desktop,Credit Card,15,7,4,0.711,0.03,0.154,YouTube,61.06
1790,28,Male,United States,Chicago,100K-150K,PhD,Employed,Married,33,164,334.79,54905.56,0,Fashion,Online,Tablet,Cash on Delivery,14,9,3,0.947,0.134,0.117,Twitter,76.64
1791,31,Male,United States,Phoenix,50K-75K,Bachelors,Unemployed,Single,94,166,785.0,130310.0,181,Fashion,Online,Tablet,Debit Card,12,0,4,0.387,0.406,0.079,"Facebook, YouTube",176.52
1792,20,Female,United States,San Jose,50K-75K,Masters,Retired,Widowed,105,16,738.93,11822.88,2,Electronics,Marketplace,Desktop,Cash on Delivery,17,12,4,0.6,0.469,0.094,,133.09
1793,53,Male,United States,Los Angeles,50K-75K,PhD,Self-Employed,Divorced,12,170,571.71,97190.7,85,Sports & Fitness,In-Store,Multiple,Debit Card,19,13,3,0.477,0.278,0.265,Facebook,139.87
1794,19,Female,United States,Houston,50K-75K,Professional,Employed,Married,68,141,670.53,94544.73,30,Electronics,Online,Multiple,Bank Transfer,12,6,5,0.456,0.138,0.035,"TikTok, Instagram, YouTube",8.53
1795,82,Male,United States,San Jose,150K+,Masters,Self-Employed,Widowed,101,65,397.43,25832.95,3,Fashion,In-Store,Desktop,Bank Transfer,17,8,2,0.518,0.278,0.112,TikTok,160.09
1796,47,Male,United States,San Diego,75K-100K,Masters,Self-Employed,Divorced,8,109,554.83,60476.47,45,Beauty,Mobile App,Multiple,Bank Transfer,18,8,5,0.016,0.144,0.105,,187.36
1797,49,Female,United States,Phoenix,50K-75K,PhD,Student,Single,60,37,647.1,23942.7,1,Health & Personal Care,Online,Tablet,Cash on Delivery,3,2,2,0.936,0.256,0.001,"Twitter, YouTube, LinkedIn",7.93
1798,40,Male,United States,New York,50K-75K,Professional,Student,Divorced,48,161,889.09,143143.49,335,Health & Personal Care,Online,Mobile,Credit Card,16,4,2,0.981,0.353,0.119,Twitter,56.26
1799,42,Male,United States,San Jose,50K-75K,PhD,Employed,Divorced,21,24,260.63,6255.12,234,Beauty,Online,Desktop,Debit Card,18,4,5,0.118,0.021,0.266,"Facebook, Twitter, Instagram",159.4
1800,25,Male,United States,San Diego,150K+,Professional,Student,Divorced,31,71,746.1,52973.1,0,Books,Online,Multiple,Digital Wallet,13,1,2,0.703,0.244,0.102,,166.67
1801,39,Female,United States,Dallas,75K-100K,Professional,Self-Employed,Divorced,54,31,137.41,4259.71,6,Automotive,In-Store,Desktop,Debit Card,16,1,3,0.449,0.445,0.013,"YouTube, Twitter, TikTok",176.6
1802,38,Female,United States,Chicago,50K-75K,Professional,Unemployed,Single,85,129,696.84,89892.36,1,Electronics,In-Store,Mobile,Credit Card,0,4,1,0.401,0.104,0.265,"Instagram, LinkedIn, Facebook",5.97
1803,41,Female,United States,Chicago,0-25K,PhD,Employed,Single,91,142,961.36,136513.12,44,Automotive,Online,Multiple,Bank Transfer,6,10,2,0.371,0.018,0.273,"YouTube, Facebook, TikTok",185.7
1804,51,Female,United States,San Diego,150K+,Masters,Unemployed,Married,63,173,18.07,3126.11,4,Sports & Fitness,In-Store,Desktop,Debit Card,8,7,5,0.762,0.307,0.12,,101.57
1805,54,Male,United States,Philadelphia,25K-50K,PhD,Retired,Married,44,134,671.19,89939.46,2,Grocery,Online,Multiple,Cash on Delivery,9,9,4,0.795,0.313,0.216,"LinkedIn, TikTok, Instagram",128.59
1806,73,Male,United States,Houston,150K+,Bachelors,Unemployed,Divorced,61,66,684.07,45148.62,0,Beauty,Marketplace,Desktop,Cash on Delivery,17,11,5,0.476,0.481,0.099,Instagram,31.37
1807,41,Female,United States,Chicago,150K+,Professional,Unemployed,Single,90,21,361.85,7598.85,69,Health & Personal Care,Marketplace,Desktop,Debit Card,19,10,2,0.251,0.164,0.254,"YouTube, Instagram, Twitter",6.66
1808,18,Male,United States,Phoenix,25K-50K,Masters,Unemployed,Single,111,164,637.77,104594.28,179,Electronics,In-Store,Desktop,Bank Transfer,10,13,2,0.328,0.422,0.296,"Twitter, TikTok, Instagram",46.04
1809,45,Female,United States,San Jose,150K+,High School,Employed,Married,42,103,207.95,21418.85,84,Home & Kitchen,Online,Multiple,Bank Transfer,7,6,2,0.849,0.404,0.075,"YouTube, Instagram, Twitter",84.29
1810,37,Male,United States,San Diego,150K+,High School,Employed,Married,23,148,954.15,141214.2,215,Office Supplies,Mobile App,Desktop,Credit Card,14,1,3,0.51,0.492,0.268,"LinkedIn, YouTube",52.05
1811,44,Male,United States,Chicago,100K-150K,Masters,Student,Single,105,7,958.31,6708.17,33,Health & Personal Care,In-Store,Multiple,Debit Card,5,4,2,0.462,0.454,0.296,LinkedIn,95.49
1812,69,Female,United States,Phoenix,25K-50K,Masters,Student,Widowed,89,195,780.07,152113.65,51,Toys,Marketplace,Mobile,Bank Transfer,2,2,1,0.313,0.409,0.264,"Facebook, TikTok, Instagram",147.61
1813,19,Female,United States,San Diego,75K-100K,Professional,Self-Employed,Single,111,66,290.7,19186.2,1,Grocery,Mobile App,Multiple,Cash on Delivery,2,1,4,0.652,0.363,0.111,"Instagram, TikTok, Twitter",193.58
1814,47,Male,United States,Philadelphia,50K-75K,High School,Student,Single,81,85,696.14,59171.9,0,Sports & Fitness,Marketplace,Tablet,Debit Card,15,1,2,0.022,0.061,0.258,"Facebook, Twitter, LinkedIn",65.01
1815,46,Female,United States,Philadelphia,150K+,Bachelors,Student,Widowed,23,158,814.03,128616.74,171,Fashion,In-Store,Tablet,Debit Card,1,12,5,0.474,0.073,0.142,TikTok,41.61
1816,24,Male,United States,Chicago,25K-50K,PhD,Employed,Married,77,162,912.18,147773.16,54,Fashion,In-Store,Tablet,Digital Wallet,14,10,5,0.1,0.33,0.171,LinkedIn,101.6
1817,51,Male,United States,New York,0-25K,Masters,Employed,Divorced,1,137,882.81,120944.97,66,Electronics,Online,Multiple,Credit Card,9,8,1,0.232,0.178,0.157,"Instagram, Facebook",109.31
1818,59,Male,United States,Phoenix,0-25K,Bachelors,Retired,Divorced,113,154,856.79,131945.66,5,Health & Personal Care,Online,Mobile,Credit Card,4,10,4,0.334,0.433,0.011,,153.2
1819,54,Male,United States,New York,75K-100K,Professional,Employed,Married,76,181,945.24,171088.44,6,Beauty,Online,Tablet,Debit Card,4,7,1,0.49,0.12,0.058,Facebook,131.84
1820,23,Male,United States,San Antonio,150K+,PhD,Unemployed,Divorced,14,70,998.12,69868.4,1,Sports & Fitness,Online,Desktop,Credit Card,18,5,1,0.547,0.245,0.266,"Facebook, TikTok, Twitter",144.28
1821,84,Female,United States,Houston,0-25K,PhD,Student,Single,2,79,109.01,8611.79,2,Grocery,In-Store,Multiple,Debit Card,4,4,4,0.538,0.42,0.12,Instagram,115.45
1822,22,Male,United States,San Diego,100K-150K,Masters,Employed,Single,57,164,504.93,82808.52,1,Automotive,Marketplace,Multiple,Debit Card,9,11,5,0.012,0.454,0.057,"TikTok, Facebook",92.59
1823,20,Male,United States,San Jose,75K-100K,High School,Student,Single,42,122,341.33,41642.26,0,Fashion,Mobile App,Tablet,Debit Card,15,11,4,0.213,0.063,0.14,"Twitter, YouTube, LinkedIn",26.13
1824,73,Female,United States,Los Angeles,150K+,Masters,Unemployed,Married,116,167,353.98,59114.66,1,Automotive,Marketplace,Mobile,Bank Transfer,6,12,1,0.617,0.392,0.091,"Instagram, TikTok, Twitter",51.11
1825,62,Female,United States,San Diego,100K-150K,Professional,Self-Employed,Divorced,28,27,442.92,11958.84,1,Fashion,Marketplace,Multiple,Digital Wallet,12,13,4,0.196,0.074,0.211,"YouTube, LinkedIn",51.08
1826,39,Female,United States,Phoenix,25K-50K,PhD,Self-Employed,Divorced,109,147,282.98,41598.06,211,Electronics,Online,Multiple,Digital Wallet,5,8,2,0.244,0.023,0.21,"YouTube, Facebook",170.9
1827,58,Male,United States,San Jose,0-25K,Professional,Retired,Divorced,70,174,507.67,88334.58,205,Electronics,Marketplace,Tablet,Cash on Delivery,0,0,4,0.018,0.271,0.19,"LinkedIn, YouTube",65.66
1828,25,Female,United States,Dallas,25K-50K,Professional,Employed,Widowed,33,21,352.59,7404.39,14,Electronics,Mobile App,Desktop,Cash on Delivery,5,2,4,0.327,0.159,0.284,Instagram,101.11
1829,71,Male,United States,Phoenix,75K-100K,Masters,Employed,Divorced,62,89,593.01,52777.89,5,Toys,Marketplace,Desktop,Debit Card,13,9,1,0.937,0.138,0.221,,59.97
1830,77,Female,United States,Chicago,0-25K,Masters,Self-Employed,Single,60,170,344.21,58515.7,25,Grocery,Mobile App,Mobile,Digital Wallet,4,11,2,0.148,0.305,0.118,"Twitter, TikTok, YouTube",91.03
1831,36,Female,United States,San Antonio,75K-100K,Professional,Student,Married,95,93,563.65,52419.45,101,Grocery,Online,Desktop,Digital Wallet,11,1,5,0.285,0.361,0.277,"YouTube, Instagram, TikTok",180.8
1832,84,Female,United States,Chicago,25K-50K,High School,Student,Married,16,38,290.56,11041.28,1,Office Supplies,Marketplace,Multiple,Credit Card,4,10,1,0.431,0.027,0.293,"LinkedIn, YouTube, Instagram",59.96
1833,39,Female,United States,Philadelphia,0-25K,Masters,Unemployed,Married,38,0,875.38,0.0,82,Health & Personal Care,Marketplace,Desktop,Cash on Delivery,11,6,2,0.532,0.131,0.026,"Facebook, YouTube, TikTok",168.48
1834,23,Female,United States,Los Angeles,100K-150K,High School,Unemployed,Single,35,73,317.71,23192.83,2,Pet Supplies,In-Store,Multiple,Cash on Delivery,11,3,4,0.998,0.313,0.094,Instagram,87.46
1835,27,Male,United States,Dallas,50K-75K,Professional,Retired,Divorced,80,3,989.6,2968.8,22,Home & Kitchen,Marketplace,Desktop,Bank Transfer,17,7,2,0.546,0.406,0.155,"YouTube, TikTok, Facebook",56.47
1836,67,Male,United States,Dallas,25K-50K,PhD,Employed,Single,97,32,98.47,3151.04,111,Automotive,In-Store,Tablet,Bank Transfer,11,7,3,0.345,0.232,0.035,,23.34
1837,38,Male,United States,San Diego,100K-150K,Masters,Unemployed,Married,57,181,622.87,112739.47,41,Sports & Fitness,In-Store,Mobile,Bank Transfer,0,7,1,0.539,0.121,0.002,Twitter,156.98
1838,24,Male,United States,New York,100K-150K,Masters,Student,Widowed,75,132,128.04,16901.28,206,Electronics,Mobile App,Tablet,Bank Transfer,5,12,1,0.997,0.261,0.103,"YouTube, LinkedIn",126.67
1839,40,Female,United States,Phoenix,0-25K,Professional,Unemployed,Single,1,195,199.95,38990.25,30,Pet Supplies,Mobile App,Tablet,Cash on Delivery,10,13,2,0.82,0.461,0.023,"YouTube, LinkedIn, Twitter",12.84
1840,26,Female,United States,San Antonio,150K+,Masters,Self-Employed,Married,71,43,142.78,6139.54,1,Electronics,In-Store,Mobile,Cash on Delivery,17,9,4,0.411,0.463,0.196,"LinkedIn, Facebook, Instagram",79.93
1841,75,Female,United States,Houston,75K-100K,Professional,Retired,Single,3,191,17.35,3313.85,55,Automotive,Mobile App,Desktop,Debit Card,8,6,5,0.292,0.387,0.1,"LinkedIn, Facebook, TikTok",179.16
1842,42,Female,United States,Houston,0-25K,High School,Employed,Married,39,10,368.47,3684.7,230,Health & Personal Care,Online,Mobile,Digital Wallet,1,13,4,0.668,0.119,0.253,"LinkedIn, TikTok, Instagram",137.46
1843,52,Male,United States,Philadelphia,75K-100K,High School,Retired,Single,113,38,786.52,29887.76,0,Grocery,Marketplace,Tablet,Bank Transfer,14,9,3,0.635,0.041,0.254,Twitter,127.66
1844,24,Male,United States,San Antonio,100K-150K,Bachelors,Self-Employed,Widowed,38,138,932.45,128678.1,1,Sports & Fitness,Online,Multiple,Debit Card,11,9,2,0.131,0.003,0.272,"LinkedIn, Twitter",104.47
1845,78,Male,United States,San Diego,100K-150K,Professional,Student,Single,106,134,300.95,40327.3,0,Fashion,Marketplace,Multiple,Credit Card,19,4,4,0.074,0.127,0.127,,192.86
1846,48,Female,United States,Chicago,150K+,High School,Retired,Divorced,1,172,487.31,83817.32,1,Grocery,Mobile App,Multiple,Cash on Delivery,6,6,1,0.267,0.273,0.054,,68.5
1847,84,Male,United States,Phoenix,150K+,PhD,Student,Single,79,144,897.3,129211.2,355,Beauty,In-Store,Tablet,Cash on Delivery,0,14,2,0.799,0.402,0.148,,75.85
1848,62,Male,United States,San Diego,100K-150K,Masters,Employed,Single,7,13,683.64,8887.32,22,Pet Supplies,Marketplace,Desktop,Cash on Delivery,4,0,4,0.647,0.098,0.104,Facebook,130.37
1849,41,Female,United States,New York,25K-50K,Masters,Retired,Married,113,150,861.08,129162.0,97,Beauty,Online,Tablet,Cash on Delivery,11,8,1,0.681,0.033,0.194,,54.54
1850,54,Male,United States,New York,75K-100K,Professional,Student,Single,82,121,728.67,88169.07,12,Office Supplies,Mobile App,Desktop,Digital Wallet,16,1,3,0.673,0.003,0.163,"TikTok, LinkedIn",63.11
1851,35,Female,United States,Los Angeles,0-25K,High School,Retired,Widowed,29,50,535.05,26752.5,45,Fashion,Marketplace,Multiple,Credit Card,7,7,2,0.426,0.386,0.237,"Facebook, LinkedIn, Twitter",83.93
1852,67,Male,United States,Phoenix,100K-150K,High School,Self-Employed,Divorced,99,115,711.48,81820.2,4,Electronics,Marketplace,Tablet,Digital Wallet,10,3,4,0.264,0.105,0.124,Instagram,132.24
1853,38,Female,United States,Houston,150K+,Bachelors,Student,Widowed,64,37,132.97,4919.89,2,Health & Personal Care,Marketplace,Multiple,Debit Card,1,10,1,0.321,0.37,0.12,,198.9
1854,37,Male,United States,San Antonio,25K-50K,Professional,Employed,Divorced,119,37,599.29,22173.73,5,Beauty,In-Store,Mobile,Credit Card,9,8,2,0.9,0.224,0.122,"LinkedIn, Instagram",161.22
1855,37,Female,United States,San Antonio,50K-75K,High School,Unemployed,Married,7,152,105.09,15973.68,14,Pet Supplies,Online,Tablet,Digital Wallet,4,8,4,0.433,0.23,0.121,"TikTok, YouTube",26.74
1856,35,Male,United States,Los Angeles,150K+,High School,Retired,Widowed,70,119,697.93,83053.67,21,Health & Personal Care,Marketplace,Multiple,Debit Card,8,3,2,0.872,0.387,0.03,"Instagram, Facebook",165.11
1857,23,Female,United States,Houston,0-25K,Bachelors,Self-Employed,Widowed,24,170,736.13,125142.1,0,Office Supplies,Marketplace,Mobile,Debit Card,19,7,1,0.175,0.156,0.124,"YouTube, LinkedIn, Facebook",147.98
1858,31,Female,United States,Los Angeles,50K-75K,High School,Employed,Married,53,138,693.06,95642.28,230,Office Supplies,In-Store,Multiple,Debit Card,3,14,5,0.177,0.054,0.165,,177.93
1859,52,Female,United States,Philadelphia,0-25K,Professional,Employed,Divorced,115,123,467.01,57442.23,29,Grocery,Marketplace,Multiple,Cash on Delivery,18,0,5,0.667,0.053,0.262,"LinkedIn, Instagram, TikTok",73.03
1860,33,Female,United States,Philadelphia,150K+,Bachelors,Self-Employed,Divorced,56,28,897.9,25141.2,1,Toys,Mobile App,Tablet,Cash on Delivery,14,8,5,0.539,0.207,0.016,"Twitter, YouTube, Instagram",57.62
1861,41,Female,United States,Dallas,75K-100K,PhD,Employed,Divorced,57,5,895.39,4476.95,78,Automotive,In-Store,Mobile,Credit Card,18,12,4,0.207,0.098,0.086,,108.93
1862,60,Male,United States,San Diego,0-25K,Masters,Self-Employed,Divorced,103,100,570.57,57057.0,0,Office Supplies,Online,Multiple,Digital Wallet,14,12,5,0.633,0.379,0.118,LinkedIn,144.55
1863,42,Female,United States,San Diego,100K-150K,Professional,Employed,Divorced,15,40,739.11,29564.4,1,Home & Kitchen,In-Store,Tablet,Debit Card,11,4,1,0.241,0.462,0.095,,112.3
1864,50,Male,United States,San Antonio,100K-150K,High School,Unemployed,Divorced,47,142,32.42,4603.64,1,Sports & Fitness,Online,Multiple,Debit Card,13,4,3,0.717,0.201,0.14,Facebook,127.41
1865,75,Male,United States,Los Angeles,150K+,Professional,Retired,Married,87,74,329.17,24358.58,207,Health & Personal Care,In-Store,Desktop,Credit Card,9,12,5,0.309,0.076,0.154,"Twitter, Instagram",131.79
1866,24,Male,United States,Chicago,100K-150K,PhD,Self-Employed,Widowed,69,104,874.42,90939.68,3,Sports & Fitness,In-Store,Mobile,Debit Card,17,13,2,0.031,0.144,0.225,,17.2
1867,22,Female,United States,Chicago,25K-50K,Masters,Employed,Married,27,128,698.06,89351.68,26,Fashion,Marketplace,Mobile,Bank Transfer,17,6,3,0.262,0.449,0.292,"TikTok, LinkedIn, Instagram",42.21
1868,58,Male,United States,Houston,0-25K,Bachelors,Self-Employed,Divorced,42,150,388.36,58254.0,1,Home & Kitchen,Mobile App,Multiple,Cash on Delivery,2,0,4,0.643,0.321,0.0,Instagram,120.88
1869,44,Female,United States,Chicago,0-25K,PhD,Employed,Married,22,144,806.47,116131.68,0,Grocery,Marketplace,Multiple,Cash on Delivery,15,1,4,0.952,0.257,0.145,YouTube,135.34
1870,63,Female,United States,Phoenix,50K-75K,High School,Retired,Widowed,111,115,807.47,92859.05,91,Health & Personal Care,Mobile App,Mobile,Cash on Delivery,19,2,1,0.138,0.023,0.205,,21.02
1871,30,Female,United States,San Diego,25K-50K,PhD,Student,Married,54,196,275.73,54043.08,35,Automotive,Mobile App,Mobile,Credit Card,19,8,1,0.774,0.354,0.109,"LinkedIn, Facebook",9.34
1872,63,Male,United States,Dallas,50K-75K,Bachelors,Self-Employed,Widowed,77,74,791.77,58590.98,4,Pet Supplies,Marketplace,Desktop,Debit Card,13,2,4,0.922,0.326,0.258,"Twitter, Facebook",64.33
1873,48,Female,United States,Phoenix,150K+,High School,Self-Employed,Divorced,100,88,201.1,17696.8,0,Electronics,Marketplace,Tablet,Bank Transfer,18,3,2,0.599,0.419,0.039,,12.72
1874,62,Female,United States,Philadelphia,75K-100K,High School,Retired,Divorced,48,169,970.3,163980.7,1,Home & Kitchen,In-Store,Tablet,Bank Transfer,16,5,2,0.734,0.038,0.273,"LinkedIn, Instagram",73.58
1875,34,Female,United States,Los Angeles,150K+,High School,Student,Divorced,47,122,158.61,19350.42,38,Home & Kitchen,In-Store,Multiple,Bank Transfer,5,13,1,0.008,0.196,0.102,"Twitter, LinkedIn",67.42
1876,51,Female,United States,Philadelphia,50K-75K,PhD,Self-Employed,Single,58,54,161.31,8710.74,3,Books,In-Store,Tablet,Cash on Delivery,7,11,5,0.813,0.382,0.034,"Twitter, Instagram",15.94
1877,25,Male,United States,Houston,0-25K,High School,Unemployed,Divorced,33,193,202.88,39155.84,34,Sports & Fitness,Online,Tablet,Credit Card,1,2,2,0.294,0.093,0.135,"YouTube, LinkedIn",20.44
1878,31,Male,United States,Los Angeles,100K-150K,Professional,Self-Employed,Widowed,23,48,801.22,38458.56,2,Office Supplies,In-Store,Tablet,Debit Card,7,0,5,0.841,0.238,0.166,"Twitter, LinkedIn",139.11
1879,36,Female,United States,Chicago,50K-75K,Bachelors,Employed,Single,69,114,530.32,60456.48,78,Beauty,Mobile App,Desktop,Debit Card,8,3,4,0.312,0.166,0.085,"TikTok, Instagram",54.6
1880,38,Male,United States,New York,25K-50K,High School,Retired,Divorced,62,140,488.2,68348.0,16,Home & Kitchen,In-Store,Mobile,Credit Card,14,3,4,0.228,0.416,0.017,Twitter,25.69
1881,44,Female,United States,San Diego,0-25K,PhD,Self-Employed,Single,59,61,515.44,31441.84,16,Fashion,In-Store,Tablet,Digital Wallet,18,7,5,0.631,0.076,0.026,,123.1
1882,42,Female,United States,Chicago,75K-100K,Bachelors,Student,Divorced,71,81,270.79,21933.99,261,Sports & Fitness,In-Store,Desktop,Credit Card,9,8,3,0.631,0.491,0.231,,199.02
1883,67,Female,United States,San Diego,75K-100K,High School,Student,Single,68,142,47.03,6678.26,325,Home & Kitchen,Marketplace,Tablet,Digital Wallet,13,13,2,0.873,0.087,0.052,"Instagram, LinkedIn, TikTok",158.74
1884,39,Female,United States,Dallas,100K-150K,PhD,Employed,Divorced,9,17,216.98,3688.66,17,Beauty,Online,Desktop,Debit Card,8,0,1,0.752,0.115,0.094,"Instagram, Twitter, Facebook",87.37
1885,48,Male,United States,San Jose,25K-50K,High School,Retired,Married,110,126,582.79,73431.54,0,Pet Supplies,Online,Desktop,Credit Card,3,10,5,0.893,0.213,0.19,,19.16
1886,27,Female,United States,Houston,25K-50K,High School,Retired,Single,38,56,322.03,18033.68,7,Toys,Mobile App,Tablet,Bank Transfer,7,4,1,0.474,0.402,0.023,,95.69
1887,32,Female,United States,Houston,75K-100K,Professional,Self-Employed,Divorced,69,120,474.92,56990.4,0,Electronics,Mobile App,Multiple,Digital Wallet,16,13,4,0.402,0.417,0.247,"Facebook, YouTube",54.2
1888,36,Female,United States,Phoenix,0-25K,Bachelors,Employed,Widowed,59,180,592.63,106673.4,54,Toys,Mobile App,Mobile,Digital Wallet,6,12,5,0.918,0.487,0.017,TikTok,197.54
1889,73,Female,United States,Phoenix,75K-100K,PhD,Unemployed,Single,61,22,796.94,17532.68,10,Electronics,Online,Desktop,Debit Card,1,14,5,0.008,0.151,0.189,,65.06
1890,21,Female,United States,Los Angeles,100K-150K,PhD,Self-Employed,Married,42,133,622.66,82813.78,195,Automotive,In-Store,Desktop,Debit Card,3,13,1,0.773,0.005,0.253,"Instagram, LinkedIn",36.18
1891,21,Male,United States,San Antonio,150K+,PhD,Retired,Married,46,176,59.33,10442.08,41,Grocery,Marketplace,Tablet,Cash on Delivery,16,1,1,0.938,0.293,0.105,,75.36
1892,32,Female,United States,Chicago,150K+,PhD,Unemployed,Divorced,10,152,431.43,65577.36,218,Pet Supplies,In-Store,Tablet,Bank Transfer,2,3,3,0.886,0.494,0.136,"TikTok, YouTube, LinkedIn",107.07
1893,19,Male,United States,San Antonio,50K-75K,High School,Unemployed,Single,56,146,730.37,106634.02,0,Fashion,In-Store,Desktop,Debit Card,13,3,2,0.227,0.329,0.213,,97.57
1894,59,Female,United States,San Diego,0-25K,Professional,Self-Employed,Divorced,8,78,158.63,12373.14,290,Fashion,Mobile App,Mobile,Debit Card,15,3,1,0.647,0.289,0.0,,57.3
1895,61,Female,United States,San Jose,100K-150K,PhD,Self-Employed,Divorced,39,167,298.61,49867.87,6,Health & Personal Care,Online,Tablet,Cash on Delivery,17,4,3,0.383,0.425,0.277,"YouTube, LinkedIn, Instagram",124.19
1896,62,Male,United States,Phoenix,100K-150K,High School,Student,Married,7,13,508.02,6604.26,5,Electronics,Marketplace,Desktop,Debit Card,16,0,3,0.989,0.455,0.034,Facebook,139.97
1897,22,Female,United States,Philadelphia,100K-150K,High School,Retired,Single,66,141,489.59,69032.19,90,Automotive,In-Store,Mobile,Cash on Delivery,4,4,1,0.757,0.455,0.189,"Facebook, TikTok",89.68
1898,61,Male,United States,Phoenix,50K-75K,High School,Employed,Divorced,88,33,784.48,25887.84,2,Books,Marketplace,Desktop,Credit Card,14,5,4,0.988,0.228,0.032,,110.49
1899,55,Male,United States,Houston,50K-75K,Professional,Retired,Widowed,94,69,17.24,1189.56,25,Health & Personal Care,Mobile App,Tablet,Credit Card,11,10,1,0.948,0.437,0.215,,133.17
1900,42,Female,United States,Dallas,50K-75K,Bachelors,Self-Employed,Widowed,94,140,341.42,47798.8,1,Automotive,Mobile App,Desktop,Digital Wallet,13,13,2,0.198,0.493,0.042,"TikTok, Facebook",151.86
1901,37,Female,United States,San Diego,100K-150K,Professional,Employed,Married,9,12,536.83,6441.96,1,Automotive,Online,Desktop,Cash on Delivery,13,2,2,0.342,0.3,0.13,Twitter,198.34
1902,39,Male,United States,San Antonio,150K+,High School,Retired,Divorced,60,198,425.49,84247.02,18,Automotive,Mobile App,Desktop,Digital Wallet,17,5,2,0.793,0.414,0.213,"Facebook, YouTube",131.15
1903,45,Female,United States,San Jose,150K+,PhD,Employed,Married,101,175,593.84,103922.0,30,Toys,Marketplace,Multiple,Credit Card,2,12,4,0.983,0.446,0.27,"Facebook, YouTube",143.16
1904,42,Male,United States,Chicago,0-25K,High School,Student,Single,41,194,822.34,159533.96,81,Electronics,Mobile App,Tablet,Digital Wallet,9,12,1,0.162,0.372,0.152,,24.34
1905,35,Male,United States,Dallas,0-25K,Professional,Self-Employed,Divorced,66,177,548.64,97109.28,2,Toys,Mobile App,Tablet,Debit Card,11,6,1,0.887,0.046,0.235,"LinkedIn, Twitter",111.64
1906,68,Male,United States,San Antonio,0-25K,PhD,Employed,Single,98,110,882.98,97127.8,185,Beauty,Mobile App,Mobile,Credit Card,5,5,4,0.163,0.428,0.262,Instagram,51.43
1907,63,Female,United States,Philadelphia,100K-150K,PhD,Retired,Single,109,136,567.18,77136.48,105,Beauty,In-Store,Mobile,Digital Wallet,15,4,2,0.305,0.303,0.003,,136.18
1908,54,Female,United States,Chicago,0-25K,Professional,Self-Employed,Widowed,12,120,856.39,102766.8,1,Health & Personal Care,In-Store,Mobile,Digital Wallet,7,13,2,0.681,0.15,0.05,,183.61
1909,38,Male,United States,Philadelphia,25K-50K,Professional,Employed,Married,1,100,784.37,78437.0,22,Books,Mobile App,Desktop,Debit Card,1,10,4,0.853,0.191,0.181,Instagram,181.85
1910,19,Female,United States,San Jose,50K-75K,PhD,Student,Married,82,49,395.76,19392.24,4,Pet Supplies,In-Store,Desktop,Digital Wallet,19,3,2,0.984,0.077,0.129,LinkedIn,198.0
1911,48,Female,United States,San Jose,50K-75K,Masters,Unemployed,Widowed,27,81,653.61,52942.41,2,Office Supplies,Online,Desktop,Credit Card,0,9,5,0.342,0.44,0.039,"Twitter, YouTube",80.92
1912,42,Male,United States,Los Angeles,0-25K,Professional,Student,Widowed,86,192,225.45,43286.4,10,Grocery,Online,Tablet,Debit Card,16,5,2,0.534,0.191,0.183,Facebook,160.83
1913,64,Male,United States,Chicago,25K-50K,Bachelors,Student,Married,19,60,790.05,47403.0,15,Office Supplies,In-Store,Multiple,Bank Transfer,2,1,5,0.237,0.095,0.202,LinkedIn,162.83
1914,65,Female,United States,Chicago,25K-50K,Bachelors,Unemployed,Widowed,111,194,40.91,7936.54,1,Toys,Mobile App,Multiple,Cash on Delivery,2,6,5,0.574,0.03,0.033,"LinkedIn, Facebook, YouTube",142.97
1915,24,Female,United States,San Antonio,25K-50K,High School,Retired,Single,41,24,162.18,3892.32,23,Electronics,Online,Tablet,Digital Wallet,11,2,2,0.551,0.265,0.018,Instagram,43.15
1916,22,Male,United States,San Diego,50K-75K,Bachelors,Unemployed,Widowed,80,45,387.13,17420.85,5,Toys,Marketplace,Multiple,Cash on Delivery,15,1,2,0.069,0.193,0.245,,124.66
1917,66,Male,United States,Houston,75K-100K,High School,Employed,Single,88,178,586.62,104418.36,79,Fashion,Online,Tablet,Cash on Delivery,13,14,4,0.96,0.468,0.019,Facebook,112.67
1918,40,Male,United States,San Diego,150K+,PhD,Employed,Married,86,191,505.54,96558.14,3,Office Supplies,Online,Multiple,Credit Card,13,4,4,0.585,0.27,0.013,"Twitter, Instagram, LinkedIn",114.85
1919,20,Male,United States,San Antonio,100K-150K,PhD,Student,Divorced,21,37,962.56,35614.72,4,Grocery,In-Store,Multiple,Digital Wallet,9,4,3,0.288,0.119,0.016,,192.01
1920,19,Male,United States,New York,0-25K,High School,Self-Employed,Widowed,86,158,562.66,88900.28,7,Home & Kitchen,Mobile App,Multiple,Digital Wallet,17,14,3,0.803,0.142,0.194,,105.62
1921,57,Female,United States,Houston,100K-150K,High School,Retired,Widowed,3,74,199.09,14732.66,1,Pet Supplies,Mobile App,Multiple,Digital Wallet,7,9,4,0.504,0.201,0.053,LinkedIn,137.98
1922,64,Male,United States,Dallas,50K-75K,Bachelors,Student,Widowed,1,66,999.51,65967.66,3,Home & Kitchen,Online,Tablet,Cash on Delivery,9,9,3,0.557,0.497,0.197,"Instagram, TikTok",125.3
1923,52,Male,United States,San Diego,25K-50K,High School,Student,Divorced,45,103,613.99,63240.97,160,Health & Personal Care,In-Store,Tablet,Credit Card,4,14,3,0.92,0.261,0.289,,22.48
1924,38,Female,United States,Phoenix,25K-50K,Masters,Retired,Single,29,21,610.39,12818.19,280,Home & Kitchen,Online,Tablet,Digital Wallet,17,10,5,0.74,0.272,0.295,Twitter,110.26
1925,27,Female,United States,San Antonio,150K+,PhD,Student,Married,9,80,191.19,15295.2,65,Books,Marketplace,Desktop,Credit Card,6,8,5,0.121,0.422,0.019,Twitter,127.3
1926,36,Male,United States,San Diego,150K+,High School,Employed,Divorced,63,95,95.76,9097.2,6,Office Supplies,Mobile App,Desktop,Bank Transfer,13,11,2,0.023,0.215,0.137,"Instagram, YouTube",65.65
1927,40,Male,United States,Los Angeles,0-25K,Bachelors,Unemployed,Divorced,13,170,716.16,121747.2,142,Office Supplies,Marketplace,Mobile,Cash on Delivery,17,14,1,0.671,0.331,0.055,"TikTok, Facebook",60.64
1928,57,Male,United States,Dallas,150K+,High School,Employed,Widowed,14,168,513.29,86232.72,26,Fashion,In-Store,Desktop,Bank Transfer,17,3,5,0.017,0.279,0.032,,36.73
1929,62,Female,United States,San Jose,100K-150K,Professional,Employed,Single,65,94,29.1,2735.4,231,Sports & Fitness,Online,Multiple,Bank Transfer,18,11,3,0.83,0.245,0.142,"Instagram, TikTok",127.46
1930,52,Male,United States,Phoenix,0-25K,High School,Student,Widowed,119,88,332.65,29273.2,14,Office Supplies,Mobile App,Tablet,Digital Wallet,0,5,4,0.473,0.038,0.052,"TikTok, Instagram, YouTube",115.86
1931,82,Female,United States,San Antonio,150K+,Professional,Retired,Married,49,58,617.48,35813.84,10,Grocery,Online,Desktop,Debit Card,1,6,2,0.059,0.348,0.258,LinkedIn,94.21
1932,69,Female,United States,Philadelphia,150K+,High School,Unemployed,Divorced,91,31,14.63,453.53,2,Health & Personal Care,Marketplace,Desktop,Digital Wallet,13,14,2,0.039,0.019,0.286,,180.27
1933,34,Female,United States,San Diego,50K-75K,High School,Employed,Single,56,41,619.66,25406.06,0,Sports & Fitness,Marketplace,Mobile,Debit Card,11,12,2,0.181,0.115,0.224,"Facebook, YouTube",21.2
1934,81,Male,United States,San Diego,100K-150K,Professional,Retired,Widowed,82,138,943.99,130270.62,6,Beauty,Mobile App,Multiple,Cash on Delivery,1,9,4,0.965,0.455,0.103,"YouTube, Facebook",87.55
1935,74,Male,United States,San Diego,100K-150K,PhD,Unemployed,Divorced,65,156,532.17,83018.52,8,Electronics,Marketplace,Tablet,Cash on Delivery,17,11,3,0.559,0.352,0.217,"TikTok, Instagram, Twitter",114.89
1936,52,Male,United States,Los Angeles,50K-75K,Masters,Unemployed,Married,6,121,507.71,61432.91,8,Pet Supplies,Online,Tablet,Debit Card,18,3,5,0.803,0.37,0.143,"YouTube, Twitter, TikTok",172.33
1937,18,Male,United States,New York,75K-100K,Masters,Self-Employed,Widowed,90,49,738.79,36200.71,286,Automotive,Mobile App,Desktop,Debit Card,0,13,1,0.979,0.001,0.042,"Instagram, YouTube, TikTok",161.41
1938,79,Female,United States,San Jose,100K-150K,Professional,Student,Married,63,161,569.2,91641.2,193,Office Supplies,Online,Tablet,Debit Card,1,6,3,0.075,0.345,0.273,,41.64
1939,41,Male,United States,Philadelphia,100K-150K,Bachelors,Student,Divorced,116,7,808.35,5658.45,1,Home & Kitchen,Mobile App,Multiple,Cash on Delivery,4,7,5,0.923,0.461,0.009,YouTube,181.1
1940,23,Female,United States,Phoenix,75K-100K,Bachelors,Retired,Widowed,83,131,695.43,91101.33,15,Sports & Fitness,In-Store,Mobile,Bank Transfer,6,1,3,0.774,0.134,0.212,,15.23
1941,51,Male,United States,Los Angeles,50K-75K,Bachelors,Retired,Widowed,9,117,760.68,88999.56,0,Sports & Fitness,Mobile App,Mobile,Credit Card,13,7,1,0.001,0.007,0.182,,182.48
1942,78,Female,United States,Chicago,0-25K,High School,Unemployed,Single,56,62,255.45,15837.9,8,Grocery,In-Store,Tablet,Credit Card,14,13,2,0.379,0.378,0.094,"Facebook, Instagram, Twitter",146.64
1943,54,Male,United States,Los Angeles,0-25K,Bachelors,Retired,Married,109,169,666.27,112599.63,0,Electronics,Mobile App,Tablet,Credit Card,18,3,1,0.722,0.029,0.088,"Twitter, TikTok, Facebook",37.03
1944,40,Female,United States,Philadelphia,0-25K,Masters,Student,Married,105,85,507.91,43172.35,209,Home & Kitchen,Mobile App,Desktop,Cash on Delivery,3,2,2,0.454,0.142,0.214,"Facebook, LinkedIn, Instagram",33.69
1945,38,Male,United States,Los Angeles,100K-150K,Professional,Student,Married,111,150,272.16,40824.0,122,Electronics,Online,Tablet,Bank Transfer,6,5,2,0.292,0.103,0.02,"Twitter, YouTube",67.32
1946,59,Male,United States,Dallas,75K-100K,High School,Student,Widowed,65,76,722.96,54944.96,35,Books,Marketplace,Desktop,Bank Transfer,7,0,5,0.119,0.078,0.137,,52.24
1947,47,Female,United States,San Diego,50K-75K,High School,Self-Employed,Divorced,62,119,770.35,91671.65,88,Books,Mobile App,Tablet,Cash on Delivery,15,5,3,0.979,0.084,0.159,,140.7
1948,44,Female,United States,San Diego,100K-150K,High School,Unemployed,Single,90,19,420.77,7994.63,14,Electronics,Mobile App,Multiple,Cash on Delivery,10,7,4,0.605,0.188,0.03,,43.02
1949,52,Female,United States,Dallas,50K-75K,Bachelors,Student,Divorced,46,2,89.89,179.78,18,Books,Marketplace,Desktop,Debit Card,14,14,1,0.814,0.327,0.115,,164.55
1950,25,Female,United States,San Jose,75K-100K,Masters,Unemployed,Widowed,4,165,633.41,104512.65,22,Automotive,Online,Mobile,Digital Wallet,14,13,3,0.425,0.204,0.063,Facebook,116.23
1951,60,Male,United States,Philadelphia,150K+,Masters,Student,Widowed,9,117,48.36,5658.12,141,Health & Personal Care,Marketplace,Multiple,Digital Wallet,6,14,5,0.516,0.105,0.25,,38.19
1952,74,Female,United States,Houston,0-25K,PhD,Employed,Single,8,100,484.56,48456.0,27,Sports & Fitness,Online,Multiple,Debit Card,0,3,3,0.909,0.284,0.226,"Instagram, LinkedIn, YouTube",174.95
1953,57,Male,United States,Phoenix,50K-75K,Masters,Employed,Widowed,44,30,117.0,3510.0,148,Home & Kitchen,In-Store,Desktop,Digital Wallet,4,12,2,0.457,0.152,0.089,"Facebook, Twitter, LinkedIn",115.42
1954,42,Female,United States,New York,100K-150K,PhD,Student,Widowed,19,22,32.2,708.4,19,Toys,Marketplace,Mobile,Bank Transfer,18,1,3,0.924,0.361,0.297,"Facebook, YouTube",73.58
1955,57,Male,United States,Philadelphia,150K+,Masters,Student,Divorced,59,158,811.76,128258.08,71,Books,Mobile App,Desktop,Credit Card,16,1,2,0.021,0.223,0.271,"Instagram, LinkedIn",44.31
1956,73,Female,United States,San Jose,0-25K,Professional,Self-Employed,Widowed,71,47,508.69,23908.43,49,Health & Personal Care,In-Store,Tablet,Credit Card,9,10,1,0.903,0.455,0.295,"Instagram, Facebook, TikTok",99.09
1957,59,Female,United States,Chicago,50K-75K,Bachelors,Student,Single,76,26,607.78,15802.28,257,Pet Supplies,Mobile App,Mobile,Bank Transfer,15,12,2,0.999,0.258,0.121,"YouTube, Twitter",10.53
1958,71,Male,United States,Philadelphia,25K-50K,Professional,Unemployed,Divorced,96,166,151.49,25147.34,0,Grocery,In-Store,Desktop,Bank Transfer,17,1,2,0.54,0.106,0.245,TikTok,183.52
1959,49,Female,United States,Los Angeles,50K-75K,Professional,Employed,Married,116,0,384.24,0.0,1,Toys,Marketplace,Multiple,Debit Card,17,13,2,0.179,0.11,0.005,LinkedIn,61.88
1960,79,Female,United States,Dallas,150K+,Bachelors,Employed,Divorced,80,11,986.62,10852.82,7,Fashion,Online,Desktop,Bank Transfer,18,8,1,0.453,0.292,0.149,"Twitter, Facebook, Instagram",76.53
1961,54,Male,United States,Houston,100K-150K,PhD,Retired,Divorced,107,135,900.24,121532.4,63,Fashion,Marketplace,Tablet,Digital Wallet,1,1,2,0.974,0.468,0.2,Facebook,185.6
1962,59,Male,United States,Houston,150K+,High School,Self-Employed,Divorced,76,67,279.17,18704.39,347,Sports & Fitness,Marketplace,Multiple,Bank Transfer,1,13,5,0.816,0.185,0.244,TikTok,31.0
1963,22,Male,United States,Philadelphia,150K+,Bachelors,Self-Employed,Widowed,101,55,643.68,35402.4,179,Beauty,Online,Multiple,Credit Card,7,7,3,0.342,0.01,0.136,"Facebook, YouTube",110.38
1964,61,Male,United States,Chicago,0-25K,PhD,Unemployed,Single,43,33,888.32,29314.56,259,Pet Supplies,Mobile App,Mobile,Digital Wallet,3,3,5,0.074,0.242,0.039,YouTube,24.1
1965,27,Male,United States,New York,25K-50K,Masters,Student,Widowed,29,84,580.47,48759.48,1,Electronics,Marketplace,Desktop,Credit Card,6,0,1,0.856,0.469,0.092,"YouTube, Facebook",51.38
1966,36,Female,United States,Dallas,150K+,Bachelors,Self-Employed,Divorced,92,30,360.86,10825.8,1,Toys,In-Store,Tablet,Debit Card,5,3,4,0.281,0.003,0.0,YouTube,6.97
1967,62,Male,United States,San Jose,0-25K,High School,Unemployed,Widowed,101,87,660.43,57457.41,165,Pet Supplies,Online,Multiple,Cash on Delivery,19,1,5,0.139,0.155,0.289,"LinkedIn, YouTube",9.42
1968,27,Male,United States,Dallas,75K-100K,Bachelors,Unemployed,Widowed,22,62,831.73,51567.26,41,Toys,Online,Multiple,Debit Card,5,13,4,0.819,0.466,0.003,Facebook,183.11
1969,18,Female,United States,San Antonio,75K-100K,Bachelors,Employed,Divorced,30,49,392.42,19228.58,0,Office Supplies,Online,Desktop,Cash on Delivery,15,8,1,0.629,0.183,0.133,Instagram,131.25
1970,26,Male,United States,Chicago,150K+,Bachelors,Retired,Divorced,50,66,558.02,36829.32,77,Pet Supplies,Mobile App,Mobile,Cash on Delivery,1,0,1,0.384,0.212,0.079,Twitter,155.4
1971,21,Female,United States,Philadelphia,75K-100K,Masters,Unemployed,Married,37,193,786.34,151763.62,0,Home & Kitchen,Marketplace,Mobile,Digital Wallet,14,7,4,0.133,0.361,0.199,,118.3
1972,83,Female,United States,San Diego,150K+,Masters,Employed,Married,86,9,939.41,8454.69,1,Grocery,In-Store,Mobile,Digital Wallet,13,14,2,0.26,0.355,0.171,Twitter,108.23
1973,41,Female,United States,San Diego,0-25K,Masters,Employed,Widowed,98,51,552.5,28177.5,35,Beauty,In-Store,Desktop,Digital Wallet,19,10,1,0.595,0.284,0.103,"Twitter, Facebook",23.83
1974,20,Female,United States,San Antonio,100K-150K,Masters,Employed,Divorced,101,56,437.7,24511.2,10,Toys,In-Store,Multiple,Credit Card,6,1,1,0.367,0.492,0.121,"LinkedIn, Facebook",74.98
1975,56,Female,United States,Houston,0-25K,Masters,Self-Employed,Divorced,40,39,282.27,11008.53,53,Electronics,Online,Desktop,Debit Card,7,8,4,0.013,0.175,0.087,YouTube,198.7
1976,27,Male,United States,Phoenix,25K-50K,High School,Self-Employed,Divorced,107,188,505.46,95026.48,5,Grocery,Mobile App,Multiple,Bank Transfer,16,3,4,0.021,0.239,0.282,LinkedIn,188.32
1977,31,Female,United States,San Jose,50K-75K,Professional,Employed,Widowed,66,91,66.21,6025.11,2,Automotive,Mobile App,Tablet,Credit Card,5,7,3,0.362,0.086,0.126,"LinkedIn, Facebook, Twitter",129.08
1978,18,Male,United States,Dallas,0-25K,PhD,Employed,Married,14,31,509.87,15805.97,150,Health & Personal Care,Mobile App,Multiple,Digital Wallet,12,8,5,0.071,0.045,0.238,,10.15
1979,44,Female,United States,San Antonio,0-25K,PhD,Employed,Married,15,96,627.6,60249.6,355,Beauty,Online,Mobile,Bank Transfer,18,13,2,0.498,0.12,0.219,,142.95
1980,27,Female,United States,Philadelphia,75K-100K,High School,Retired,Divorced,27,70,275.85,19309.5,5,Home & Kitchen,Mobile App,Multiple,Debit Card,3,13,5,0.993,0.308,0.14,"TikTok, YouTube, Facebook",62.38
1981,63,Male,United States,Phoenix,100K-150K,High School,Retired,Widowed,88,12,737.68,8852.16,201,Grocery,Mobile App,Tablet,Debit Card,18,5,1,0.232,0.191,0.106,"Instagram, Twitter",38.52
1982,43,Female,United States,San Diego,50K-75K,Professional,Employed,Married,14,150,69.01,10351.5,20,Beauty,In-Store,Desktop,Cash on Delivery,9,9,5,0.171,0.435,0.085,,178.52
1983,40,Female,United States,New York,75K-100K,PhD,Self-Employed,Widowed,4,152,709.12,107786.24,29,Beauty,In-Store,Tablet,Bank Transfer,6,2,4,0.226,0.354,0.216,,156.6
1984,18,Female,United States,Chicago,0-25K,PhD,Employed,Divorced,99,164,508.08,83325.12,152,Home & Kitchen,Marketplace,Desktop,Debit Card,6,0,2,0.507,0.471,0.182,TikTok,173.83
1985,36,Male,United States,Houston,75K-100K,PhD,Self-Employed,Divorced,46,11,663.63,7299.93,62,Pet Supplies,Online,Tablet,Cash on Delivery,11,3,2,0.773,0.296,0.223,Twitter,199.32
1986,23,Male,United States,San Jose,0-25K,Professional,Retired,Widowed,33,12,872.11,10465.32,13,Pet Supplies,Mobile App,Desktop,Digital Wallet,12,8,1,0.093,0.299,0.241,"Instagram, Twitter, YouTube",79.34
1987,22,Female,United States,San Antonio,75K-100K,Bachelors,Retired,Married,27,24,126.14,3027.36,0,Toys,In-Store,Desktop,Credit Card,18,12,3,0.823,0.077,0.051,,24.99
1988,40,Male,United States,San Antonio,25K-50K,Bachelors,Self-Employed,Married,109,0,640.28,0.0,224,Office Supplies,Marketplace,Mobile,Cash on Delivery,12,3,1,0.147,0.074,0.01,,123.43
1989,50,Female,United States,Philadelphia,100K-150K,Bachelors,Self-Employed,Married,7,130,910.93,118420.9,24,Pet Supplies,Mobile App,Tablet,Cash on Delivery,19,3,1,0.965,0.465,0.252,"Twitter, Facebook, Instagram",95.44
1990,50,Male,United States,San Diego,0-25K,High School,Self-Employed,Single,73,57,637.54,36339.78,0,Books,Online,Tablet,Credit Card,8,0,4,0.815,0.327,0.168,Instagram,133.85
1991,52,Male,United States,San Jose,0-25K,PhD,Unemployed,Married,97,82,479.56,39323.92,0,Automotive,Marketplace,Tablet,Digital Wallet,4,5,1,0.473,0.122,0.122,TikTok,77.19
1992,81,Male,United States,San Jose,75K-100K,PhD,Retired,Divorced,102,68,949.54,64568.72,4,Pet Supplies,Online,Desktop,Bank Transfer,5,14,1,0.26,0.104,0.044,"Twitter, LinkedIn",91.83
1993,28,Male,United States,Houston,75K-100K,Bachelors,Employed,Widowed,62,93,712.42,66255.06,1,Books,Marketplace,Mobile,Cash on Delivery,8,5,1,0.01,0.014,0.063,YouTube,128.87
1994,45,Female,United States,Phoenix,25K-50K,Bachelors,Employed,Single,43,76,463.93,35258.68,57,Toys,Mobile App,Mobile,Bank Transfer,5,0,3,0.353,0.393,0.152,"LinkedIn, YouTube, Facebook",132.69
1995,35,Male,United States,San Jose,50K-75K,High School,Employed,Divorced,63,77,920.76,70898.52,21,Automotive,Online,Multiple,Bank Transfer,18,2,2,0.126,0.367,0.048,,139.76
1996,22,Male,United States,San Jose,25K-50K,Bachelors,Self-Employed,Married,50,51,430.92,21976.92,344,Grocery,Marketplace,Mobile,Digital Wallet,0,6,1,0.185,0.415,0.134,"YouTube, Instagram",93.76
1997,40,Female,United States,Los Angeles,100K-150K,Masters,Self-Employed,Divorced,5,70,257.74,18041.8,23,Grocery,Online,Mobile,Cash on Delivery,11,7,4,0.692,0.264,0.233,,156.7
1998,40,Male,United States,New York,0-25K,High School,Student,Widowed,42,15,577.57,8663.55,27,Books,In-Store,Mobile,Digital Wallet,4,12,5,0.061,0.353,0.038,Instagram,161.63
1999,54,Female,United States,San Diego,50K-75K,Bachelors,Self-Employed,Married,56,199,197.4,39282.6,3,Health & Personal Care,Online,Desktop,Digital Wallet,16,7,2,0.905,0.073,0.207,"TikTok, Twitter, Facebook",77.42
2000,34,Female,United States,New York,100K-150K,Masters,Self-Employed,Single,114,52,275.37,14319.24,2,Health & Personal Care,Marketplace,Tablet,Credit Card,2,14,5,0.158,0.363,0.093,YouTube,66.29
2001,67,Female,United States,Los Angeles,100K-150K,High School,Retired,Widowed,97,176,758.43,133483.68,29,Office Supplies,Online,Mobile,Digital Wallet,1,11,4,0.615,0.107,0.071,,44.61
2002,45,Female,United States,Philadelphia,150K+,Bachelors,Retired,Married,52,75,28.73,2154.75,198,Health & Personal Care,Mobile App,Tablet,Digital Wallet,17,0,3,0.227,0.193,0.067,"Instagram, Facebook",71.04
2003,51,Male,United States,Chicago,0-25K,Bachelors,Unemployed,Single,11,68,174.93,11895.24,12,Office Supplies,In-Store,Tablet,Credit Card,1,4,1,0.605,0.022,0.05,"Instagram, LinkedIn, TikTok",186.05
2004,73,Female,United States,Los Angeles,150K+,Bachelors,Self-Employed,Widowed,119,158,148.79,23508.82,15,Electronics,Mobile App,Mobile,Cash on Delivery,18,3,5,0.492,0.046,0.109,Facebook,139.33
2005,45,Female,United States,San Jose,25K-50K,High School,Retired,Widowed,68,70,276.46,19352.2,1,Office Supplies,Online,Mobile,Debit Card,13,7,1,0.898,0.305,0.288,"Facebook, TikTok",50.25
2006,24,Female,United States,New York,75K-100K,Masters,Employed,Married,59,64,731.8,46835.2,112,Sports & Fitness,Mobile App,Mobile,Credit Card,7,14,1,0.923,0.458,0.076,"Facebook, Instagram",162.88
2007,60,Male,United States,San Diego,25K-50K,High School,Student,Divorced,29,187,899.54,168213.98,1,Fashion,Marketplace,Tablet,Debit Card,5,4,3,0.672,0.161,0.095,,149.63
2008,35,Male,United States,Phoenix,25K-50K,Masters,Self-Employed,Married,95,6,708.17,4249.02,26,Toys,Mobile App,Desktop,Debit Card,19,10,5,0.113,0.187,0.076,"Facebook, Instagram",98.56
2009,60,Female,United States,Phoenix,150K+,Bachelors,Employed,Single,54,131,700.82,91807.42,28,Toys,Online,Desktop,Bank Transfer,8,10,2,0.663,0.012,0.224,"Twitter, Facebook",43.32
2010,57,Female,United States,Chicago,150K+,Masters,Unemployed,Single,60,32,463.52,14832.64,25,Beauty,Mobile App,Tablet,Cash on Delivery,0,13,1,0.751,0.438,0.084,"Instagram, Twitter, LinkedIn",184.69
2011,22,Female,United States,New York,25K-50K,High School,Unemployed,Widowed,76,10,300.56,3005.6,55,Health & Personal Care,Marketplace,Desktop,Debit Card,10,10,2,0.601,0.249,0.263,"TikTok, YouTube, Instagram",108.64
2012,59,Female,United States,San Diego,150K+,Masters,Retired,Married,68,117,246.38,28826.46,84,Books,Mobile App,Desktop,Digital Wallet,0,0,3,0.887,0.317,0.124,,195.3
2013,36,Male,United States,San Diego,150K+,High School,Unemployed,Married,34,149,599.56,89334.44,321,Office Supplies,Online,Tablet,Bank Transfer,15,2,3,0.819,0.433,0.128,LinkedIn,114.54
2014,46,Female,United States,Los Angeles,75K-100K,PhD,Employed,Married,15,184,920.32,169338.88,26,Grocery,In-Store,Multiple,Bank Transfer,18,5,5,0.911,0.254,0.221,YouTube,70.14
2015,61,Male,United States,Philadelphia,100K-150K,Bachelors,Employed,Single,4,143,864.44,123614.92,37,Sports & Fitness,In-Store,Mobile,Bank Transfer,7,7,3,0.669,0.473,0.286,"Instagram, YouTube",187.88
2016,40,Male,United States,Dallas,150K+,Masters,Self-Employed,Single,16,112,238.57,26719.84,69,Health & Personal Care,In-Store,Tablet,Bank Transfer,10,10,2,0.451,0.127,0.073,"Facebook, YouTube, Twitter",174.81
2017,30,Male,United States,New York,0-25K,Masters,Employed,Single,16,9,753.49,6781.41,273,Health & Personal Care,Online,Tablet,Debit Card,8,12,2,0.135,0.034,0.054,"Instagram, LinkedIn, Twitter",117.0
2018,18,Male,United States,Houston,25K-50K,Professional,Employed,Divorced,56,95,123.65,11746.75,360,Grocery,Marketplace,Multiple,Bank Transfer,10,12,3,0.603,0.05,0.031,,156.84
2019,63,Female,United States,Los Angeles,75K-100K,Professional,Unemployed,Widowed,84,120,892.28,107073.6,1,Office Supplies,In-Store,Tablet,Debit Card,18,10,1,0.608,0.302,0.168,Instagram,9.79
2020,82,Female,United States,New York,150K+,Professional,Retired,Widowed,76,56,994.09,55669.04,165,Health & Personal Care,Online,Mobile,Cash on Delivery,6,8,4,0.229,0.163,0.005,"TikTok, YouTube",135.42
2021,35,Male,United States,San Antonio,150K+,Bachelors,Employed,Divorced,110,6,34.33,205.98,1,Home & Kitchen,Marketplace,Desktop,Cash on Delivery,11,14,2,0.759,0.22,0.203,,9.51
2022,53,Male,United States,Houston,75K-100K,Professional,Unemployed,Single,70,153,861.38,131791.14,1,Sports & Fitness,Marketplace,Desktop,Cash on Delivery,16,3,2,0.931,0.232,0.035,,182.22
2023,33,Male,United States,Philadelphia,50K-75K,Masters,Employed,Widowed,37,169,558.81,94438.89,17,Electronics,Marketplace,Desktop,Debit Card,11,1,3,0.992,0.099,0.197,Facebook,81.4
2024,62,Male,United States,San Jose,150K+,High School,Student,Widowed,72,7,591.1,4137.7,1,Pet Supplies,Mobile App,Desktop,Debit Card,4,14,3,0.85,0.337,0.067,"TikTok, YouTube",133.61
2025,41,Male,United States,New York,0-25K,High School,Retired,Single,29,188,735.49,138272.12,0,Sports & Fitness,Online,Mobile,Bank Transfer,16,1,3,0.074,0.254,0.18,,101.2
2026,28,Female,United States,San Antonio,50K-75K,High School,Retired,Divorced,34,74,975.14,72160.36,73,Electronics,In-Store,Desktop,Debit Card,6,7,2,0.765,0.074,0.167,"TikTok, Twitter",29.3
2027,39,Female,United States,San Jose,50K-75K,High School,Retired,Divorced,59,3,733.01,2199.03,1,Fashion,Marketplace,Multiple,Cash on Delivery,7,0,4,0.317,0.266,0.217,Facebook,141.69
2028,56,Female,United States,San Antonio,25K-50K,PhD,Self-Employed,Widowed,67,97,843.28,81798.16,0,Automotive,Marketplace,Mobile,Credit Card,17,1,3,0.88,0.393,0.041,LinkedIn,129.26
2029,21,Female,United States,San Antonio,75K-100K,Bachelors,Unemployed,Divorced,24,129,414.29,53443.41,7,Pet Supplies,Online,Tablet,Bank Transfer,8,14,5,0.346,0.041,0.152,"YouTube, TikTok, LinkedIn",147.18
2030,47,Female,United States,Los Angeles,50K-75K,Masters,Self-Employed,Widowed,50,111,263.77,29278.47,34,Electronics,Online,Multiple,Bank Transfer,2,7,1,0.036,0.258,0.079,"Instagram, TikTok, Facebook",79.65
2031,18,Male,United States,San Diego,100K-150K,Bachelors,Student,Single,54,172,574.75,98857.0,27,Grocery,Mobile App,Mobile,Credit Card,17,10,4,0.856,0.252,0.194,"TikTok, YouTube, Facebook",23.84
2032,18,Male,United States,Los Angeles,75K-100K,PhD,Student,Widowed,118,169,960.97,162403.93,78,Sports & Fitness,Mobile App,Tablet,Credit Card,15,2,4,0.103,0.356,0.157,"Instagram, TikTok",138.58
2033,34,Female,United States,Houston,0-25K,Bachelors,Unemployed,Married,61,73,634.71,46333.83,19,Beauty,In-Store,Tablet,Credit Card,6,6,5,0.689,0.073,0.032,,104.59
2034,34,Female,United States,New York,25K-50K,Masters,Employed,Single,28,106,424.29,44974.74,58,Health & Personal Care,Marketplace,Mobile,Digital Wallet,15,7,2,0.853,0.284,0.006,"Instagram, LinkedIn, TikTok",76.15
2035,41,Female,United States,San Antonio,100K-150K,Bachelors,Retired,Widowed,81,5,130.77,653.85,72,Health & Personal Care,Mobile App,Tablet,Debit Card,3,4,3,0.173,0.0,0.061,"Twitter, TikTok",74.79
2036,80,Male,United States,Dallas,75K-100K,Bachelors,Self-Employed,Divorced,68,80,336.82,26945.6,15,Sports & Fitness,Mobile App,Tablet,Credit Card,6,13,5,0.502,0.461,0.071,,5.05
2037,24,Male,United States,San Antonio,75K-100K,Masters,Retired,Widowed,117,126,90.61,11416.86,101,Books,Mobile App,Mobile,Cash on Delivery,10,0,3,0.736,0.258,0.28,"Instagram, Twitter, Facebook",80.33
2038,70,Female,United States,San Antonio,0-25K,High School,Unemployed,Married,109,14,475.38,6655.32,0,Electronics,Online,Desktop,Credit Card,19,11,2,0.83,0.206,0.026,"Twitter, LinkedIn, YouTube",93.72
2039,62,Male,United States,Phoenix,25K-50K,Professional,Unemployed,Divorced,26,139,295.12,41021.68,1,Fashion,Online,Multiple,Debit Card,11,0,1,0.818,0.49,0.242,"Twitter, Instagram",83.63
2040,52,Male,United States,Philadelphia,75K-100K,High School,Unemployed,Single,56,6,143.85,863.1,46,Sports & Fitness,In-Store,Tablet,Cash on Delivery,17,8,3,0.731,0.376,0.225,,42.0
2041,48,Male,United States,Houston,25K-50K,PhD,Retired,Divorced,50,173,773.02,133732.46,60,Fashion,In-Store,Multiple,Bank Transfer,14,10,3,0.996,0.366,0.036,"LinkedIn, TikTok",95.53
2042,55,Male,United States,San Diego,50K-75K,Professional,Self-Employed,Divorced,1,88,490.33,43149.04,36,Pet Supplies,Marketplace,Tablet,Digital Wallet,14,2,1,0.236,0.15,0.053,,68.47
2043,18,Male,United States,Dallas,150K+,PhD,Self-Employed,Single,32,30,392.79,11783.7,47,Health & Personal Care,Online,Mobile,Debit Card,9,1,3,0.211,0.046,0.248,"Twitter, LinkedIn",145.53
2044,39,Male,United States,San Jose,0-25K,Masters,Student,Divorced,47,91,644.82,58678.62,1,Automotive,Mobile App,Mobile,Bank Transfer,6,5,2,0.918,0.159,0.196,YouTube,107.02
2045,22,Female,United States,Dallas,50K-75K,Bachelors,Employed,Widowed,22,4,64.46,257.84,6,Pet Supplies,Online,Tablet,Bank Transfer,2,10,3,0.156,0.033,0.101,TikTok,72.67
2046,59,Male,United States,Chicago,150K+,PhD,Unemployed,Single,88,113,912.12,103069.56,0,Office Supplies,In-Store,Desktop,Credit Card,0,8,2,0.827,0.473,0.029,,33.73
2047,52,Female,United States,San Antonio,100K-150K,Professional,Employed,Divorced,40,133,323.07,42968.31,350,Health & Personal Care,In-Store,Mobile,Credit Card,9,0,2,0.278,0.434,0.174,,99.24
2048,81,Male,United States,San Diego,25K-50K,PhD,Unemployed,Widowed,18,129,780.54,100689.66,6,Electronics,Online,Mobile,Bank Transfer,1,11,5,0.698,0.399,0.212,,173.69
2049,57,Male,United States,Phoenix,75K-100K,High School,Employed,Widowed,98,73,76.89,5612.97,1,Fashion,Mobile App,Mobile,Debit Card,11,11,4,0.435,0.31,0.101,,186.64
2050,57,Male,United States,Phoenix,75K-100K,High School,Unemployed,Divorced,46,28,949.51,26586.28,2,Automotive,In-Store,Desktop,Debit Card,5,1,5,0.306,0.181,0.05,"TikTok, Facebook, Instagram",67.18
2051,37,Female,United States,New York,75K-100K,PhD,Unemployed,Widowed,96,47,563.4,26479.8,93,Fashion,Marketplace,Tablet,Digital Wallet,9,7,3,0.427,0.147,0.246,"Facebook, LinkedIn, Instagram",188.69
2052,43,Female,United States,Los Angeles,50K-75K,Professional,Retired,Widowed,82,91,560.5,51005.5,30,Electronics,Online,Desktop,Digital Wallet,8,14,1,0.069,0.383,0.242,"Twitter, Instagram",7.53
2053,50,Male,United States,Houston,150K+,Bachelors,Employed,Widowed,86,97,906.15,87896.55,14,Books,In-Store,Tablet,Credit Card,1,3,5,0.254,0.454,0.146,TikTok,41.02
2054,54,Female,United States,San Diego,0-25K,Bachelors,Retired,Single,31,55,824.73,45360.15,1,Office Supplies,Mobile App,Multiple,Cash on Delivery,18,3,5,0.399,0.283,0.249,"Twitter, Facebook, LinkedIn",14.55
2055,47,Female,United States,San Jose,0-25K,PhD,Employed,Widowed,57,12,31.55,378.6,2,Sports & Fitness,Marketplace,Mobile,Debit Card,10,3,4,0.111,0.477,0.009,,168.35
2056,29,Male,United States,Chicago,100K-150K,High School,Self-Employed,Widowed,62,56,827.32,46329.92,271,Grocery,Marketplace,Multiple,Debit Card,7,4,2,0.673,0.358,0.272,"LinkedIn, YouTube",82.08
2057,47,Male,United States,Phoenix,150K+,Bachelors,Self-Employed,Divorced,22,10,894.17,8941.7,247,Home & Kitchen,Marketplace,Tablet,Cash on Delivery,8,1,4,0.143,0.395,0.0,"TikTok, YouTube, Twitter",66.74
2058,76,Female,United States,San Diego,100K-150K,Bachelors,Self-Employed,Widowed,59,33,258.5,8530.5,83,Fashion,Marketplace,Desktop,Credit Card,0,8,4,0.053,0.186,0.112,"TikTok, YouTube, Twitter",81.61
2059,43,Female,United States,Los Angeles,0-25K,Masters,Unemployed,Single,59,123,363.09,44660.07,69,Grocery,In-Store,Multiple,Cash on Delivery,2,10,1,0.096,0.329,0.285,YouTube,82.75
2060,40,Male,United States,Philadelphia,50K-75K,High School,Self-Employed,Widowed,116,44,420.76,18513.44,5,Fashion,In-Store,Desktop,Credit Card,15,14,4,0.837,0.256,0.217,,178.3
2061,18,Male,United States,San Antonio,0-25K,Masters,Retired,Married,81,34,725.59,24670.06,15,Automotive,Online,Desktop,Credit Card,6,10,1,0.602,0.407,0.198,LinkedIn,119.53
2062,43,Male,United States,San Antonio,100K-150K,High School,Employed,Widowed,8,20,726.62,14532.4,7,Grocery,In-Store,Tablet,Credit Card,19,4,2,0.48,0.226,0.072,YouTube,66.24
2063,27,Female,United States,Phoenix,25K-50K,Bachelors,Retired,Married,117,134,842.98,112959.32,1,Grocery,Mobile App,Tablet,Debit Card,13,6,4,0.012,0.007,0.211,,146.62
2064,40,Female,United States,Phoenix,50K-75K,High School,Self-Employed,Single,110,86,272.46,23431.56,1,Health & Personal Care,In-Store,Tablet,Credit Card,7,0,4,0.074,0.176,0.255,"YouTube, Instagram",84.4
2065,24,Male,United States,Philadelphia,150K+,Professional,Student,Married,2,120,396.51,47581.2,1,Electronics,Online,Desktop,Bank Transfer,11,5,5,0.285,0.189,0.165,,37.62
2066,50,Male,United States,Phoenix,50K-75K,Professional,Self-Employed,Widowed,70,82,560.2,45936.4,29,Sports & Fitness,In-Store,Multiple,Credit Card,18,12,2,0.682,0.155,0.089,"TikTok, LinkedIn, Instagram",125.14
2067,29,Female,United States,New York,75K-100K,High School,Retired,Married,6,169,675.64,114183.16,0,Electronics,Mobile App,Mobile,Debit Card,16,2,3,0.18,0.171,0.233,TikTok,36.56
2068,62,Female,United States,San Antonio,150K+,Professional,Student,Divorced,58,191,91.95,17562.45,67,Automotive,Mobile App,Mobile,Bank Transfer,6,6,2,0.044,0.311,0.199,"Twitter, YouTube",103.22
2069,45,Male,United States,Houston,0-25K,High School,Retired,Widowed,73,100,699.07,69907.0,54,Home & Kitchen,Online,Multiple,Debit Card,3,7,1,0.249,0.267,0.114,"Instagram, LinkedIn",30.19
2070,57,Female,United States,Los Angeles,50K-75K,Professional,Self-Employed,Single,71,174,32.65,5681.1,1,Home & Kitchen,Online,Multiple,Cash on Delivery,3,4,4,0.771,0.077,0.047,,137.3
2071,58,Male,United States,San Jose,25K-50K,High School,Unemployed,Single,98,154,48.24,7428.96,14,Pet Supplies,Mobile App,Mobile,Credit Card,8,0,3,0.502,0.487,0.205,"TikTok, Twitter",14.77
2072,23,Female,United States,Phoenix,0-25K,PhD,Retired,Married,92,17,257.0,4369.0,20,Toys,Online,Mobile,Bank Transfer,0,8,4,0.525,0.312,0.156,"Instagram, Twitter",60.31
2073,48,Female,United States,San Jose,0-25K,PhD,Student,Divorced,119,150,749.97,112495.5,5,Home & Kitchen,Marketplace,Multiple,Cash on Delivery,5,3,5,0.688,0.484,0.152,"LinkedIn, TikTok, Facebook",190.02
2074,84,Male,United States,New York,0-25K,Bachelors,Unemployed,Single,100,123,690.63,84947.49,228,Beauty,Marketplace,Tablet,Cash on Delivery,14,11,4,0.997,0.382,0.115,,196.19
2075,22,Female,United States,New York,25K-50K,Professional,Unemployed,Divorced,85,150,472.59,70888.5,45,Home & Kitchen,Online,Desktop,Digital Wallet,18,4,2,0.707,0.402,0.195,"Instagram, Twitter, Facebook",179.76
2076,49,Female,United States,Chicago,75K-100K,Bachelors,Unemployed,Divorced,87,74,138.85,10274.9,1,Beauty,Online,Tablet,Debit Card,13,0,5,0.905,0.063,0.198,,89.84
2077,26,Female,United States,Los Angeles,150K+,Professional,Employed,Single,103,186,704.18,130977.48,15,Automotive,Online,Desktop,Digital Wallet,12,9,4,0.162,0.081,0.248,,147.16
2078,79,Female,United States,Dallas,150K+,Masters,Self-Employed,Divorced,36,32,344.19,11014.08,3,Beauty,Mobile App,Desktop,Debit Card,16,3,1,0.861,0.16,0.021,,196.53
2079,47,Female,United States,San Jose,75K-100K,Bachelors,Employed,Widowed,38,54,98.52,5320.08,154,Health & Personal Care,Marketplace,Mobile,Cash on Delivery,6,10,3,0.735,0.016,0.048,TikTok,155.28
2080,80,Male,United States,Dallas,75K-100K,Professional,Self-Employed,Widowed,100,61,409.26,24964.86,327,Electronics,In-Store,Desktop,Bank Transfer,16,11,5,0.17,0.315,0.057,"YouTube, Twitter, Facebook",49.39
2081,40,Male,United States,Phoenix,50K-75K,PhD,Retired,Single,25,43,118.87,5111.41,307,Books,In-Store,Desktop,Cash on Delivery,15,4,1,0.783,0.448,0.12,"Instagram, Twitter, LinkedIn",115.58
2082,60,Female,United States,Los Angeles,75K-100K,PhD,Employed,Single,82,87,627.01,54549.87,20,Home & Kitchen,In-Store,Desktop,Debit Card,11,11,2,0.09,0.367,0.029,,185.75
2083,21,Male,United States,San Jose,100K-150K,Masters,Student,Married,47,36,722.08,25994.88,7,Fashion,In-Store,Multiple,Credit Card,9,10,1,0.591,0.033,0.242,YouTube,20.02
2084,29,Female,United States,San Antonio,25K-50K,Bachelors,Self-Employed,Single,20,170,519.8,88366.0,1,Grocery,Marketplace,Desktop,Cash on Delivery,19,11,5,0.703,0.107,0.272,"Facebook, TikTok",22.54
2085,70,Male,United States,New York,150K+,High School,Employed,Married,109,18,268.85,4839.3,5,Fashion,Marketplace,Mobile,Cash on Delivery,17,13,5,0.615,0.263,0.115,"Facebook, YouTube, Instagram",84.57
2086,20,Male,United States,Los Angeles,50K-75K,High School,Student,Single,104,122,748.86,91360.92,4,Fashion,In-Store,Multiple,Cash on Delivery,2,3,5,0.68,0.38,0.202,"YouTube, LinkedIn",45.58
2087,24,Male,United States,Philadelphia,25K-50K,Masters,Student,Single,82,193,807.06,155762.58,65,Electronics,In-Store,Desktop,Bank Transfer,2,13,4,0.346,0.362,0.186,"TikTok, LinkedIn",49.5
2088,28,Male,United States,San Antonio,100K-150K,Bachelors,Retired,Widowed,20,108,130.17,14058.36,58,Toys,Mobile App,Desktop,Credit Card,14,6,2,0.211,0.453,0.042,Twitter,136.79
2089,48,Female,United States,San Antonio,0-25K,Professional,Unemployed,Single,10,39,106.58,4156.62,1,Toys,Online,Desktop,Digital Wallet,18,7,2,0.839,0.327,0.13,YouTube,49.82
2090,42,Male,United States,Dallas,75K-100K,PhD,Self-Employed,Divorced,80,150,53.62,8043.0,17,Fashion,Mobile App,Tablet,Debit Card,10,0,1,0.992,0.488,0.171,"YouTube, LinkedIn",7.45
2091,51,Female,United States,Los Angeles,50K-75K,Professional,Employed,Single,70,142,886.32,125857.44,9,Home & Kitchen,Marketplace,Desktop,Digital Wallet,6,12,5,0.338,0.291,0.137,,148.96
2092,66,Male,United States,Philadelphia,0-25K,Bachelors,Student,Single,102,169,54.08,9139.52,30,Books,Marketplace,Multiple,Bank Transfer,0,9,3,0.517,0.296,0.228,"Facebook, LinkedIn, TikTok",103.78
2093,23,Female,United States,Philadelphia,75K-100K,PhD,Student,Divorced,90,107,558.7,59780.9,70,Books,Online,Multiple,Credit Card,16,8,2,0.225,0.119,0.077,,160.49
2094,44,Male,United States,Houston,0-25K,Bachelors,Unemployed,Single,83,34,53.52,1819.68,58,Home & Kitchen,Online,Desktop,Bank Transfer,12,11,1,0.913,0.4,0.175,"Facebook, LinkedIn",159.61
2095,20,Female,United States,Chicago,0-25K,Bachelors,Retired,Widowed,75,35,135.68,4748.8,90,Grocery,In-Store,Desktop,Cash on Delivery,8,13,2,0.105,0.426,0.148,"Twitter, Facebook, LinkedIn",117.5
2096,55,Male,United States,San Jose,150K+,PhD,Retired,Married,115,85,258.4,21964.0,7,Toys,Mobile App,Mobile,Bank Transfer,18,9,3,0.746,0.488,0.038,,88.18
2097,38,Male,United States,New York,150K+,Masters,Unemployed,Divorced,84,83,283.52,23532.16,16,Pet Supplies,In-Store,Multiple,Credit Card,9,14,3,0.764,0.429,0.265,"Twitter, Instagram, TikTok",128.07
2098,29,Female,United States,Chicago,50K-75K,Masters,Self-Employed,Widowed,65,121,254.25,30764.25,36,Beauty,Online,Desktop,Cash on Delivery,8,2,3,0.295,0.459,0.194,,43.4
2099,50,Male,United States,Houston,0-25K,Masters,Unemployed,Widowed,60,159,575.5,91504.5,1,Fashion,Online,Multiple,Debit Card,4,2,1,0.225,0.122,0.12,"Facebook, TikTok",140.41
2100,18,Male,United States,Chicago,25K-50K,PhD,Employed,Single,117,136,253.81,34518.16,71,Toys,Marketplace,Multiple,Digital Wallet,16,3,4,0.152,0.333,0.199,Facebook,188.36
2101,40,Male,United States,Los Angeles,50K-75K,Bachelors,Retired,Widowed,96,92,416.74,38340.08,87,Office Supplies,Marketplace,Desktop,Bank Transfer,8,7,4,0.484,0.077,0.216,"Instagram, Twitter",36.67
2102,21,Male,United States,Dallas,100K-150K,Professional,Self-Employed,Widowed,49,0,444.17,0.0,2,Health & Personal Care,In-Store,Desktop,Cash on Delivery,10,3,1,0.912,0.123,0.052,"LinkedIn, Facebook",39.99
2103,74,Male,United States,San Antonio,50K-75K,PhD,Self-Employed,Divorced,88,141,255.01,35956.41,133,Pet Supplies,In-Store,Mobile,Credit Card,13,9,4,0.612,0.203,0.238,,14.67
2104,28,Male,United States,Houston,75K-100K,Bachelors,Unemployed,Single,29,150,386.38,57957.0,1,Automotive,Online,Tablet,Cash on Delivery,18,3,1,0.609,0.435,0.296,"YouTube, Facebook, TikTok",33.78
2105,60,Male,United States,San Antonio,0-25K,High School,Retired,Divorced,40,171,330.99,56599.29,76,Toys,Marketplace,Mobile,Debit Card,19,1,3,0.085,0.114,0.069,"Instagram, YouTube, TikTok",163.4
2106,26,Male,United States,San Diego,25K-50K,Bachelors,Unemployed,Single,70,24,279.0,6696.0,70,Home & Kitchen,In-Store,Desktop,Cash on Delivery,17,4,2,0.842,0.167,0.005,"YouTube, LinkedIn",184.9
2107,26,Male,United States,Houston,100K-150K,Masters,Retired,Divorced,48,56,557.68,31230.08,127,Pet Supplies,Online,Mobile,Bank Transfer,19,3,3,0.798,0.235,0.149,,42.48
2108,22,Female,United States,Philadelphia,150K+,Professional,Employed,Single,34,74,386.76,28620.24,79,Office Supplies,In-Store,Desktop,Debit Card,19,6,2,0.689,0.293,0.059,"TikTok, YouTube",116.08
2109,56,Male,United States,Los Angeles,50K-75K,PhD,Employed,Widowed,28,135,24.65,3327.75,3,Health & Personal Care,In-Store,Multiple,Credit Card,14,1,3,0.714,0.012,0.235,Twitter,7.96
2110,20,Female,United States,Phoenix,0-25K,Bachelors,Self-Employed,Single,92,37,355.38,13149.06,3,Electronics,In-Store,Desktop,Bank Transfer,6,4,4,0.392,0.209,0.297,TikTok,105.7
2111,71,Male,United States,Los Angeles,50K-75K,Masters,Employed,Married,85,118,851.79,100511.22,75,Toys,In-Store,Desktop,Credit Card,14,14,3,0.463,0.111,0.176,,91.37
2112,83,Male,United States,Chicago,50K-75K,Bachelors,Self-Employed,Married,65,102,529.99,54058.98,0,Office Supplies,In-Store,Desktop,Digital Wallet,18,14,5,0.44,0.184,0.197,"TikTok, Facebook",69.34
2113,28,Female,United States,New York,100K-150K,Masters,Employed,Married,63,128,791.57,101320.96,347,Automotive,Online,Multiple,Credit Card,6,5,3,0.088,0.351,0.269,,122.94
2114,48,Male,United States,Houston,100K-150K,High School,Employed,Divorced,18,93,903.74,84047.82,78,Fashion,Online,Desktop,Debit Card,13,2,1,0.519,0.192,0.055,TikTok,26.41
2115,62,Male,United States,Philadelphia,75K-100K,Professional,Unemployed,Single,32,102,737.87,75262.74,151,Office Supplies,Marketplace,Desktop,Credit Card,8,12,5,0.813,0.079,0.072,"Instagram, LinkedIn, Facebook",5.14
2116,69,Female,United States,San Antonio,100K-150K,Bachelors,Self-Employed,Married,34,177,938.0,166026.0,17,Health & Personal Care,Marketplace,Tablet,Cash on Delivery,18,8,1,0.678,0.176,0.129,"Instagram, Twitter, Facebook",107.34
2117,23,Female,United States,Dallas,0-25K,Professional,Retired,Single,43,62,319.28,19795.36,15,Automotive,Mobile App,Desktop,Cash on Delivery,0,7,3,0.493,0.473,0.023,,71.44
2118,41,Male,United States,Phoenix,0-25K,Bachelors,Unemployed,Married,4,91,157.34,14317.94,11,Sports & Fitness,In-Store,Desktop,Debit Card,14,7,2,0.764,0.449,0.228,"Twitter, Instagram",150.79
2119,53,Female,United States,New York,75K-100K,Bachelors,Self-Employed,Single,86,124,791.53,98149.72,29,Grocery,Marketplace,Multiple,Cash on Delivery,10,3,3,0.493,0.277,0.289,Facebook,106.17
2120,63,Male,United States,San Jose,50K-75K,High School,Retired,Widowed,77,14,944.19,13218.66,159,Fashion,Mobile App,Mobile,Credit Card,19,10,2,0.623,0.09,0.068,"TikTok, Instagram",89.35
2121,61,Female,United States,Dallas,150K+,Bachelors,Unemployed,Single,81,131,857.52,112335.12,3,Beauty,Mobile App,Mobile,Digital Wallet,19,5,3,0.83,0.133,0.0,Twitter,171.94
2122,41,Male,United States,San Antonio,0-25K,Bachelors,Retired,Widowed,66,149,724.09,107889.41,20,Automotive,Online,Multiple,Cash on Delivery,4,10,5,0.39,0.007,0.13,"Facebook, YouTube",6.21
2123,23,Male,United States,Dallas,25K-50K,PhD,Student,Widowed,24,168,258.64,43451.52,28,Office Supplies,Mobile App,Mobile,Bank Transfer,13,1,5,0.143,0.348,0.192,"Twitter, Facebook, Instagram",97.68
2124,61,Female,United States,San Jose,150K+,Professional,Unemployed,Single,75,41,38.07,1560.87,77,Toys,Online,Multiple,Debit Card,9,6,5,0.939,0.004,0.098,"YouTube, Twitter",103.42
2125,20,Male,United States,New York,100K-150K,Professional,Employed,Married,36,96,186.6,17913.6,49,Pet Supplies,Mobile App,Desktop,Bank Transfer,14,11,2,0.423,0.215,0.234,"LinkedIn, TikTok",68.01
2126,39,Female,United States,Philadelphia,150K+,Bachelors,Student,Married,9,191,122.55,23407.05,90,Automotive,In-Store,Desktop,Debit Card,4,1,4,0.915,0.338,0.124,,62.09
2127,48,Female,United States,Phoenix,0-25K,Masters,Retired,Widowed,67,191,379.43,72471.13,2,Books,In-Store,Multiple,Credit Card,11,3,2,0.395,0.067,0.23,"YouTube, TikTok, LinkedIn",44.26
2128,69,Female,United States,Houston,0-25K,Masters,Employed,Married,90,25,130.35,3258.75,5,Automotive,Mobile App,Mobile,Debit Card,6,12,1,0.577,0.272,0.035,,189.65
2129,83,Female,United States,New York,75K-100K,Bachelors,Retired,Divorced,104,12,12.97,155.64,1,Automotive,Online,Tablet,Cash on Delivery,16,9,1,0.849,0.303,0.032,"Twitter, TikTok",194.63
2130,21,Male,United States,Dallas,50K-75K,PhD,Unemployed,Single,62,197,201.94,39782.18,4,Fashion,In-Store,Multiple,Bank Transfer,3,11,3,0.742,0.282,0.193,,163.77
2131,48,Female,United States,San Diego,75K-100K,Masters,Employed,Single,13,116,52.75,6119.0,9,Sports & Fitness,In-Store,Desktop,Digital Wallet,19,14,5,0.043,0.406,0.045,"LinkedIn, Twitter, YouTube",101.19
2132,43,Male,United States,San Jose,50K-75K,Masters,Self-Employed,Widowed,41,40,942.21,37688.4,1,Sports & Fitness,Online,Tablet,Debit Card,2,11,1,0.772,0.234,0.161,Facebook,199.24
2133,29,Female,United States,San Jose,50K-75K,Professional,Student,Married,39,142,894.49,127017.58,109,Automotive,Mobile App,Desktop,Cash on Delivery,18,2,4,0.993,0.485,0.019,"YouTube, Instagram",72.97
2134,65,Male,United States,Houston,50K-75K,High School,Retired,Single,34,18,405.14,7292.52,281,Office Supplies,Marketplace,Desktop,Bank Transfer,6,0,1,0.749,0.467,0.081,"TikTok, YouTube, Facebook",145.44
2135,66,Female,United States,New York,0-25K,High School,Unemployed,Divorced,98,174,145.8,25369.2,1,Toys,Mobile App,Desktop,Credit Card,12,0,2,0.139,0.318,0.03,,129.35
2136,18,Male,United States,Houston,25K-50K,Bachelors,Student,Divorced,71,32,347.31,11113.92,45,Health & Personal Care,Mobile App,Multiple,Digital Wallet,5,1,4,0.423,0.176,0.052,,170.57
2137,53,Male,United States,San Jose,25K-50K,Professional,Self-Employed,Married,81,80,59.9,4792.0,67,Fashion,Marketplace,Multiple,Cash on Delivery,17,1,1,0.45,0.199,0.106,Twitter,99.23
2138,53,Female,United States,Los Angeles,150K+,High School,Employed,Divorced,14,150,462.34,69351.0,0,Books,In-Store,Mobile,Bank Transfer,19,1,2,0.498,0.426,0.225,"LinkedIn, Twitter",104.82
2139,37,Male,United States,San Diego,100K-150K,PhD,Retired,Married,10,174,748.95,130317.3,5,Grocery,Online,Mobile,Cash on Delivery,11,5,4,0.411,0.157,0.127,LinkedIn,167.29
2140,76,Male,United States,Dallas,0-25K,Bachelors,Student,Married,114,166,64.1,10640.6,241,Beauty,Online,Tablet,Debit Card,9,10,5,0.592,0.46,0.131,,158.65
2141,54,Male,United States,Chicago,100K-150K,PhD,Self-Employed,Widowed,11,139,208.17,28935.63,0,Beauty,In-Store,Tablet,Debit Card,15,9,1,0.284,0.49,0.216,"Instagram, TikTok",127.02
2142,61,Male,United States,San Jose,100K-150K,Professional,Student,Widowed,2,133,184.0,24472.0,42,Books,Marketplace,Multiple,Credit Card,15,4,1,0.437,0.457,0.26,"Twitter, TikTok, Facebook",177.69
2143,23,Female,United States,New York,0-25K,PhD,Employed,Single,112,109,969.24,105647.16,328,Automotive,In-Store,Tablet,Debit Card,14,4,3,0.799,0.193,0.018,"YouTube, Instagram, TikTok",190.88
2144,27,Female,United States,San Diego,25K-50K,Masters,Self-Employed,Widowed,72,126,677.89,85414.14,5,Automotive,Mobile App,Mobile,Bank Transfer,1,1,5,0.926,0.261,0.269,"Facebook, LinkedIn, Instagram",143.56
2145,63,Female,United States,Los Angeles,150K+,Professional,Student,Married,2,31,470.24,14577.44,5,Sports & Fitness,Marketplace,Desktop,Bank Transfer,5,4,3,0.239,0.403,0.193,"Twitter, Facebook",170.03
2146,21,Male,United States,New York,75K-100K,Masters,Employed,Widowed,47,38,243.51,9253.38,64,Health & Personal Care,In-Store,Multiple,Credit Card,19,12,1,0.588,0.379,0.051,"Twitter, Facebook, LinkedIn",122.65
2147,56,Female,United States,Phoenix,75K-100K,Professional,Unemployed,Married,73,141,868.98,122526.18,4,Health & Personal Care,In-Store,Tablet,Digital Wallet,11,14,5,0.939,0.238,0.092,"Facebook, YouTube, LinkedIn",191.03
2148,43,Male,United States,New York,75K-100K,Professional,Employed,Married,44,62,680.73,42205.26,30,Automotive,Mobile App,Multiple,Cash on Delivery,13,3,2,0.71,0.253,0.156,"TikTok, Twitter, Instagram",27.77
2149,44,Female,United States,Houston,100K-150K,Professional,Student,Single,79,35,281.24,9843.4,90,Books,Marketplace,Multiple,Credit Card,12,4,2,0.869,0.103,0.001,"LinkedIn, Instagram, YouTube",121.68
2150,62,Female,United States,Philadelphia,150K+,PhD,Retired,Single,40,31,997.65,30927.15,54,Pet Supplies,In-Store,Tablet,Debit Card,13,1,5,0.054,0.003,0.05,"Facebook, YouTube",190.22
2151,84,Male,United States,Houston,50K-75K,Masters,Retired,Married,25,105,810.15,85065.75,89,Home & Kitchen,Online,Desktop,Digital Wallet,0,8,4,0.622,0.312,0.123,,66.18
2152,35,Male,United States,San Diego,25K-50K,Masters,Self-Employed,Single,12,199,460.62,91663.38,15,Sports & Fitness,Online,Mobile,Bank Transfer,7,11,4,0.997,0.384,0.21,"YouTube, Instagram, Facebook",74.63
2153,60,Male,United States,San Diego,0-25K,Bachelors,Employed,Widowed,16,72,563.04,40538.88,74,Books,Mobile App,Multiple,Digital Wallet,7,10,4,0.174,0.046,0.054,,99.16
2154,20,Male,United States,San Jose,150K+,PhD,Unemployed,Married,28,9,866.36,7797.24,17,Pet Supplies,Mobile App,Desktop,Digital Wallet,4,9,3,0.712,0.472,0.232,"YouTube, Facebook",86.3
2155,41,Male,United States,San Antonio,150K+,High School,Unemployed,Married,98,117,396.93,46440.81,1,Electronics,Mobile App,Desktop,Bank Transfer,0,1,5,0.194,0.219,0.27,"Facebook, Instagram",23.93
2156,30,Male,United States,Chicago,150K+,Bachelors,Retired,Divorced,51,68,167.69,11402.92,32,Automotive,Online,Desktop,Debit Card,8,6,5,0.674,0.414,0.184,"YouTube, Twitter",118.67
2157,53,Female,United States,San Antonio,150K+,High School,Self-Employed,Married,2,118,918.41,108372.38,78,Toys,Online,Desktop,Credit Card,2,10,3,0.666,0.42,0.128,Instagram,44.57
2158,40,Male,United States,Dallas,150K+,High School,Self-Employed,Widowed,49,20,578.41,11568.2,16,Fashion,Mobile App,Tablet,Bank Transfer,13,0,1,0.069,0.082,0.278,Twitter,155.27
2159,26,Male,United States,San Antonio,100K-150K,Bachelors,Unemployed,Single,91,179,230.21,41207.59,156,Pet Supplies,In-Store,Desktop,Credit Card,2,4,2,0.552,0.205,0.279,"Twitter, YouTube, Facebook",54.45
2160,23,Male,United States,San Jose,100K-150K,High School,Employed,Divorced,21,192,424.27,81459.84,2,Grocery,Mobile App,Tablet,Cash on Delivery,11,9,1,0.233,0.25,0.169,TikTok,100.04
2161,28,Male,United States,Phoenix,0-25K,Bachelors,Self-Employed,Married,105,47,887.57,41715.79,65,Toys,Marketplace,Desktop,Cash on Delivery,5,8,5,0.905,0.207,0.295,"LinkedIn, Facebook, Twitter",82.62
2162,22,Female,United States,Phoenix,50K-75K,Bachelors,Self-Employed,Single,26,81,651.0,52731.0,143,Beauty,Marketplace,Mobile,Credit Card,14,13,1,0.962,0.02,0.036,"TikTok, YouTube",162.27
2163,76,Female,United States,Los Angeles,25K-50K,Bachelors,Retired,Divorced,102,115,309.42,35583.3,249,Home & Kitchen,Online,Multiple,Digital Wallet,12,0,4,0.942,0.018,0.071,YouTube,135.51
2164,60,Male,United States,Philadelphia,0-25K,Professional,Retired,Widowed,63,68,165.19,11232.92,70,Sports & Fitness,Mobile App,Desktop,Digital Wallet,4,3,1,0.805,0.282,0.06,YouTube,24.6
2165,27,Female,United States,Dallas,50K-75K,Bachelors,Unemployed,Married,45,145,14.6,2117.0,0,Books,Online,Desktop,Cash on Delivery,11,3,2,0.587,0.049,0.245,"YouTube, LinkedIn",47.66
2166,38,Female,United States,New York,150K+,High School,Retired,Married,44,121,682.52,82584.92,20,Automotive,Online,Desktop,Digital Wallet,9,2,4,0.683,0.197,0.121,,50.01
2167,26,Male,United States,Houston,100K-150K,High School,Student,Widowed,75,71,104.39,7411.69,61,Health & Personal Care,Mobile App,Desktop,Digital Wallet,15,10,5,0.05,0.462,0.263,"YouTube, LinkedIn",109.61
2168,57,Female,United States,Chicago,25K-50K,High School,Self-Employed,Married,22,9,794.71,7152.39,1,Toys,Mobile App,Multiple,Cash on Delivery,18,2,4,0.036,0.039,0.291,,73.6
2169,37,Male,United States,San Diego,100K-150K,Masters,Self-Employed,Divorced,74,130,416.68,54168.4,306,Electronics,Mobile App,Desktop,Debit Card,3,7,3,0.748,0.276,0.171,YouTube,20.89
2170,68,Male,United States,Los Angeles,50K-75K,Bachelors,Retired,Single,53,114,960.31,109475.34,1,Automotive,In-Store,Mobile,Cash on Delivery,13,13,5,0.179,0.455,0.281,"YouTube, TikTok, Facebook",46.35
2171,71,Female,United States,Philadelphia,100K-150K,PhD,Retired,Widowed,101,184,453.1,83370.4,59,Books,Marketplace,Desktop,Digital Wallet,1,10,1,0.378,0.474,0.052,"Facebook, YouTube, TikTok",48.31
2172,24,Female,United States,Chicago,75K-100K,Masters,Student,Single,60,69,613.78,42350.82,3,Beauty,Online,Tablet,Cash on Delivery,8,0,2,0.235,0.096,0.017,Twitter,19.78
2173,54,Male,United States,San Diego,75K-100K,Bachelors,Retired,Divorced,119,140,999.35,139909.0,179,Grocery,Online,Multiple,Debit Card,18,0,5,0.853,0.131,0.156,"TikTok, Facebook, Instagram",8.6
2174,60,Female,United States,Houston,0-25K,High School,Self-Employed,Divorced,74,97,644.76,62541.72,60,Office Supplies,Online,Tablet,Digital Wallet,14,9,5,0.96,0.165,0.112,Twitter,84.02
2175,63,Male,United States,Dallas,75K-100K,High School,Student,Single,63,188,717.91,134967.08,6,Fashion,Mobile App,Desktop,Bank Transfer,19,14,4,0.371,0.434,0.098,,31.24
2176,52,Male,United States,San Antonio,50K-75K,PhD,Unemployed,Widowed,28,51,19.51,995.01,0,Toys,Marketplace,Mobile,Bank Transfer,16,7,1,0.628,0.07,0.079,"TikTok, LinkedIn, Instagram",23.01
2177,58,Male,United States,Houston,50K-75K,High School,Student,Divorced,105,40,659.84,26393.6,47,Fashion,In-Store,Desktop,Cash on Delivery,6,11,1,0.267,0.401,0.162,"YouTube, Twitter, Instagram",137.5
2178,58,Female,United States,Phoenix,0-25K,Professional,Retired,Widowed,47,6,803.17,4819.02,294,Health & Personal Care,In-Store,Tablet,Debit Card,10,12,5,0.64,0.285,0.097,LinkedIn,27.91
2179,46,Male,United States,San Antonio,50K-75K,Masters,Student,Married,5,3,395.58,1186.74,206,Automotive,Mobile App,Multiple,Cash on Delivery,5,6,4,0.734,0.334,0.153,"Instagram, Twitter, TikTok",147.04
2180,49,Male,United States,Los Angeles,150K+,High School,Employed,Divorced,33,91,397.39,36162.49,57,Automotive,In-Store,Mobile,Digital Wallet,11,6,1,0.104,0.189,0.012,YouTube,120.18
2181,22,Male,United States,Philadelphia,75K-100K,PhD,Retired,Married,1,171,256.7,43895.7,11,Fashion,Marketplace,Multiple,Credit Card,1,8,1,0.588,0.362,0.109,,120.25
2182,47,Female,United States,Philadelphia,50K-75K,PhD,Employed,Widowed,19,182,503.42,91622.44,313,Beauty,Marketplace,Multiple,Cash on Delivery,14,10,2,0.813,0.121,0.134,"TikTok, Twitter",123.04
2183,45,Female,United States,Phoenix,0-25K,Masters,Unemployed,Divorced,91,91,151.94,13826.54,0,Books,In-Store,Multiple,Credit Card,2,8,3,0.585,0.482,0.038,"YouTube, Twitter",117.03
2184,83,Male,United States,Dallas,0-25K,Masters,Unemployed,Divorced,29,194,263.6,51138.4,7,Electronics,Mobile App,Tablet,Debit Card,14,12,3,0.814,0.005,0.169,TikTok,135.78
2185,40,Female,United States,Houston,150K+,Masters,Self-Employed,Divorced,66,128,540.58,69194.24,184,Health & Personal Care,Online,Desktop,Debit Card,9,0,3,0.298,0.294,0.252,,113.72
2186,66,Female,United States,Philadelphia,100K-150K,Professional,Self-Employed,Married,12,128,400.74,51294.72,14,Fashion,In-Store,Desktop,Credit Card,2,1,2,0.738,0.085,0.043,"YouTube, Facebook, TikTok",12.64
2187,44,Female,United States,Houston,150K+,PhD,Unemployed,Single,84,157,883.09,138645.13,26,Automotive,Online,Tablet,Credit Card,19,9,4,0.133,0.002,0.113,Twitter,148.85
2188,40,Male,United States,Houston,0-25K,PhD,Student,Married,41,167,435.56,72738.52,18,Home & Kitchen,In-Store,Mobile,Credit Card,19,9,1,0.687,0.404,0.222,"YouTube, Twitter, Facebook",185.9
2189,35,Male,United States,Chicago,25K-50K,Bachelors,Self-Employed,Married,28,57,687.53,39189.21,41,Fashion,Marketplace,Desktop,Credit Card,15,5,5,0.01,0.444,0.019,,68.7
2190,28,Male,United States,Chicago,150K+,Bachelors,Unemployed,Married,90,112,641.32,71827.84,1,Office Supplies,In-Store,Mobile,Digital Wallet,1,7,3,0.631,0.186,0.185,"TikTok, YouTube, Twitter",50.41
2191,64,Female,United States,Philadelphia,100K-150K,Masters,Unemployed,Single,59,77,145.7,11218.9,107,Pet Supplies,Online,Mobile,Debit Card,7,11,3,0.042,0.227,0.27,"Facebook, YouTube",14.33
2192,40,Female,United States,Dallas,100K-150K,Bachelors,Retired,Single,75,194,585.83,113651.02,41,Books,Online,Tablet,Bank Transfer,15,5,4,0.261,0.211,0.071,LinkedIn,190.55
2193,22,Female,United States,Houston,75K-100K,Masters,Self-Employed,Divorced,28,11,459.36,5052.96,29,Pet Supplies,Marketplace,Mobile,Credit Card,0,4,3,0.955,0.257,0.013,"Facebook, YouTube, Twitter",147.38
2194,23,Male,United States,Dallas,100K-150K,Bachelors,Self-Employed,Married,37,177,304.05,53816.85,1,Beauty,In-Store,Desktop,Credit Card,2,13,2,0.497,0.177,0.054,"Facebook, LinkedIn",88.49
2195,63,Female,United States,Philadelphia,25K-50K,Masters,Employed,Widowed,97,44,385.19,16948.36,120,Sports & Fitness,Marketplace,Desktop,Bank Transfer,9,3,5,0.975,0.199,0.022,,66.52
2196,53,Male,United States,San Antonio,75K-100K,PhD,Self-Employed,Single,27,45,271.78,12230.1,1,Books,Marketplace,Mobile,Debit Card,18,1,3,0.761,0.366,0.196,Twitter,123.33
2197,18,Female,United States,Philadelphia,100K-150K,Bachelors,Unemployed,Widowed,95,84,401.07,33689.88,23,Health & Personal Care,Online,Multiple,Digital Wallet,1,1,2,0.97,0.343,0.096,,93.14
2198,63,Male,United States,Los Angeles,100K-150K,PhD,Student,Married,54,97,248.05,24060.85,0,Sports & Fitness,Marketplace,Multiple,Bank Transfer,14,12,3,0.36,0.454,0.252,,30.34
2199,61,Male,United States,Los Angeles,50K-75K,Professional,Self-Employed,Divorced,28,66,84.39,5569.74,63,Sports & Fitness,In-Store,Desktop,Digital Wallet,16,12,3,0.864,0.088,0.223,Instagram,86.25
2200,40,Male,United States,Houston,150K+,Masters,Self-Employed,Married,33,124,33.78,4188.72,1,Electronics,In-Store,Mobile,Debit Card,11,13,4,0.193,0.21,0.243,"Twitter, LinkedIn",172.84
2201,26,Female,United States,San Diego,75K-100K,High School,Student,Married,86,167,790.75,132055.25,3,Toys,In-Store,Tablet,Bank Transfer,13,12,5,0.824,0.246,0.057,"TikTok, LinkedIn",138.09
2202,69,Female,United States,San Jose,0-25K,Professional,Retired,Widowed,116,22,50.28,1106.16,294,Automotive,Mobile App,Mobile,Debit Card,2,12,4,0.378,0.294,0.105,TikTok,118.36
2203,79,Male,United States,Los Angeles,100K-150K,Masters,Student,Married,67,119,751.97,89484.43,167,Fashion,Online,Desktop,Credit Card,3,7,1,0.856,0.051,0.014,"LinkedIn, YouTube, Twitter",119.94
2204,28,Female,United States,New York,100K-150K,PhD,Unemployed,Divorced,25,109,160.91,17539.19,41,Electronics,Marketplace,Multiple,Digital Wallet,0,6,1,0.923,0.323,0.115,,114.22
2205,33,Female,United States,New York,150K+,Professional,Retired,Single,117,79,855.53,67586.87,6,Books,Marketplace,Desktop,Debit Card,17,3,5,0.355,0.031,0.037,Twitter,172.57
2206,45,Male,United States,Philadelphia,50K-75K,Professional,Retired,Single,71,19,287.05,5453.95,15,Home & Kitchen,Mobile App,Multiple,Digital Wallet,18,14,3,0.866,0.432,0.074,"LinkedIn, TikTok",44.52
2207,18,Female,United States,San Diego,25K-50K,High School,Retired,Single,8,109,872.45,95097.05,0,Toys,In-Store,Tablet,Cash on Delivery,2,1,5,0.639,0.177,0.125,"YouTube, Facebook",30.56
2208,59,Male,United States,Houston,100K-150K,Professional,Retired,Single,103,75,801.74,60130.5,34,Sports & Fitness,Online,Tablet,Debit Card,14,12,1,0.917,0.364,0.107,YouTube,187.81
2209,63,Female,United States,San Antonio,150K+,Masters,Employed,Widowed,32,114,308.59,35179.26,338,Health & Personal Care,Online,Multiple,Debit Card,11,13,4,0.267,0.182,0.24,"Twitter, YouTube",178.04
2210,62,Male,United States,New York,150K+,PhD,Self-Employed,Married,97,81,649.16,52581.96,0,Health & Personal Care,In-Store,Mobile,Digital Wallet,1,10,1,0.361,0.357,0.219,YouTube,80.45
2211,29,Male,United States,Philadelphia,25K-50K,High School,Student,Widowed,75,130,890.12,115715.6,301,Pet Supplies,Marketplace,Tablet,Digital Wallet,19,10,3,0.374,0.483,0.286,,64.28
2212,47,Female,United States,Phoenix,75K-100K,High School,Retired,Married,67,189,319.16,60321.24,193,Pet Supplies,Mobile App,Multiple,Digital Wallet,14,0,1,0.051,0.178,0.189,"TikTok, Twitter",104.16
2213,58,Female,United States,Dallas,75K-100K,PhD,Retired,Married,48,77,928.9,71525.3,84,Electronics,Mobile App,Desktop,Bank Transfer,19,10,2,0.269,0.037,0.095,Twitter,115.45
2214,69,Female,United States,Philadelphia,0-25K,PhD,Retired,Married,79,61,905.1,55211.1,29,Home & Kitchen,In-Store,Desktop,Bank Transfer,1,2,2,0.706,0.001,0.262,"Instagram, Twitter",14.93
2215,42,Female,United States,Phoenix,0-25K,Bachelors,Self-Employed,Divorced,67,13,222.47,2892.11,2,Pet Supplies,Online,Mobile,Digital Wallet,17,14,4,0.343,0.349,0.272,Facebook,59.77
2216,84,Male,United States,San Diego,100K-150K,PhD,Unemployed,Divorced,77,7,103.05,721.35,116,Automotive,Online,Tablet,Digital Wallet,16,1,2,0.892,0.216,0.221,TikTok,121.82
2217,80,Male,United States,San Jose,0-25K,PhD,Retired,Married,69,71,349.74,24831.54,2,Books,Online,Tablet,Bank Transfer,13,0,5,0.656,0.156,0.292,"Twitter, LinkedIn, YouTube",198.85
2218,45,Male,United States,Chicago,50K-75K,Bachelors,Self-Employed,Married,34,30,197.08,5912.4,153,Grocery,Online,Desktop,Cash on Delivery,18,11,3,0.59,0.052,0.073,,100.22
2219,20,Female,United States,San Antonio,150K+,High School,Employed,Widowed,52,90,815.65,73408.5,7,Electronics,In-Store,Multiple,Cash on Delivery,13,1,4,0.163,0.312,0.149,,14.9
2220,20,Male,United States,Chicago,50K-75K,Professional,Student,Widowed,26,55,38.26,2104.3,203,Fashion,Mobile App,Mobile,Cash on Delivery,16,10,1,0.126,0.085,0.216,Facebook,131.34
2221,31,Male,United States,Los Angeles,50K-75K,High School,Unemployed,Single,94,165,407.72,67273.8,1,Toys,Marketplace,Mobile,Debit Card,1,11,5,0.732,0.129,0.05,"LinkedIn, TikTok",138.16
2222,45,Female,United States,New York,50K-75K,Bachelors,Self-Employed,Single,82,199,281.58,56034.42,327,Health & Personal Care,Mobile App,Tablet,Credit Card,8,1,2,0.928,0.372,0.105,"YouTube, LinkedIn",161.63
2223,34,Male,United States,Philadelphia,50K-75K,PhD,Employed,Single,12,30,726.85,21805.5,78,Beauty,Mobile App,Desktop,Digital Wallet,11,1,2,0.392,0.233,0.086,,48.23
2224,57,Male,United States,Houston,0-25K,Professional,Employed,Divorced,30,131,574.29,75231.99,1,Toys,Mobile App,Mobile,Bank Transfer,5,5,2,0.71,0.447,0.223,Facebook,78.5
2225,26,Male,United States,Phoenix,75K-100K,High School,Student,Divorced,89,85,345.48,29365.8,67,Automotive,In-Store,Mobile,Credit Card,5,10,3,0.078,0.048,0.215,"TikTok, Facebook, Twitter",138.04
2226,70,Male,United States,Philadelphia,75K-100K,Masters,Retired,Married,57,97,65.1,6314.7,17,Automotive,Online,Mobile,Credit Card,2,9,3,0.27,0.492,0.122,,45.83
2227,81,Male,United States,Philadelphia,50K-75K,High School,Unemployed,Divorced,78,195,871.37,169917.15,65,Electronics,Marketplace,Desktop,Bank Transfer,18,3,5,0.164,0.398,0.093,"Twitter, LinkedIn, YouTube",36.86
2228,27,Male,United States,Philadelphia,50K-75K,High School,Unemployed,Widowed,33,153,395.1,60450.3,1,Grocery,Mobile App,Desktop,Digital Wallet,6,2,1,0.285,0.198,0.188,"LinkedIn, TikTok, YouTube",167.0
2229,23,Female,United States,Dallas,100K-150K,High School,Retired,Widowed,78,96,268.41,25767.36,0,Electronics,In-Store,Desktop,Digital Wallet,7,3,1,0.193,0.497,0.188,Twitter,161.33
2230,52,Male,United States,Philadelphia,150K+,High School,Student,Divorced,84,134,876.19,117409.46,190,Pet Supplies,In-Store,Mobile,Digital Wallet,12,4,1,0.338,0.182,0.226,"Twitter, TikTok, Facebook",51.44
2231,41,Female,United States,Phoenix,75K-100K,Masters,Student,Single,34,132,436.39,57603.48,7,Office Supplies,In-Store,Desktop,Debit Card,16,6,3,0.98,0.045,0.182,Instagram,187.17
2232,74,Male,United States,San Diego,75K-100K,Bachelors,Retired,Married,80,73,800.31,58422.63,338,Health & Personal Care,Online,Tablet,Debit Card,3,5,4,0.123,0.278,0.27,Instagram,186.53
2233,68,Female,United States,San Jose,0-25K,Professional,Self-Employed,Single,84,13,973.49,12655.37,1,Books,Online,Desktop,Bank Transfer,10,8,4,0.184,0.206,0.172,LinkedIn,48.76
2234,32,Female,United States,San Jose,25K-50K,Professional,Employed,Divorced,11,10,667.07,6670.7,352,Fashion,In-Store,Mobile,Digital Wallet,11,6,3,0.691,0.16,0.269,"Instagram, Facebook, Twitter",142.19
2235,38,Male,United States,Chicago,0-25K,Masters,Employed,Single,9,57,663.82,37837.74,39,Electronics,Online,Mobile,Credit Card,9,14,4,0.145,0.316,0.265,YouTube,81.29
2236,25,Female,United States,Los Angeles,50K-75K,Professional,Retired,Divorced,103,17,277.72,4721.24,1,Pet Supplies,Online,Multiple,Digital Wallet,16,10,4,0.593,0.407,0.299,,118.48
2237,32,Male,United States,New York,100K-150K,Bachelors,Student,Divorced,103,134,100.82,13509.88,162,Sports & Fitness,Marketplace,Tablet,Digital Wallet,4,13,5,0.986,0.261,0.225,,30.29
2238,20,Female,United States,Los Angeles,150K+,High School,Self-Employed,Married,24,29,955.42,27707.18,5,Health & Personal Care,In-Store,Mobile,Credit Card,17,14,1,0.99,0.126,0.274,"Twitter, Instagram, Facebook",188.2
2239,36,Female,United States,Los Angeles,100K-150K,Bachelors,Student,Married,80,181,561.63,101655.03,138,Books,Online,Desktop,Cash on Delivery,3,11,4,0.468,0.261,0.078,"YouTube, Instagram, TikTok",141.16
2240,35,Male,United States,Phoenix,25K-50K,Professional,Student,Widowed,110,199,489.24,97358.76,80,Toys,Mobile App,Tablet,Credit Card,11,1,1,0.662,0.467,0.182,,179.22
2241,82,Female,United States,San Diego,150K+,Professional,Self-Employed,Divorced,87,98,924.01,90552.98,1,Health & Personal Care,Mobile App,Tablet,Bank Transfer,18,8,5,0.831,0.354,0.174,"Instagram, TikTok, LinkedIn",66.39
2242,36,Male,United States,Phoenix,50K-75K,Bachelors,Self-Employed,Single,36,101,445.22,44967.22,119,Sports & Fitness,In-Store,Tablet,Cash on Delivery,7,12,3,0.573,0.202,0.017,,196.64
2243,60,Female,United States,Chicago,150K+,Masters,Unemployed,Widowed,116,193,940.88,181589.84,22,Pet Supplies,Online,Mobile,Digital Wallet,18,10,4,0.35,0.351,0.271,TikTok,8.22
2244,23,Female,United States,Los Angeles,0-25K,High School,Self-Employed,Widowed,38,65,927.24,60270.6,4,Fashion,Mobile App,Mobile,Cash on Delivery,8,2,5,0.36,0.334,0.096,TikTok,135.1
2245,32,Female,United States,New York,150K+,Bachelors,Retired,Married,19,189,576.57,108971.73,0,Pet Supplies,Mobile App,Mobile,Bank Transfer,1,9,4,0.46,0.499,0.279,,172.07
2246,31,Male,United States,Los Angeles,25K-50K,Professional,Self-Employed,Single,61,105,77.2,8106.0,1,Grocery,Mobile App,Desktop,Credit Card,12,9,5,0.765,0.158,0.207,"Facebook, YouTube",59.98
2247,52,Female,United States,Houston,150K+,PhD,Unemployed,Single,95,26,796.78,20716.28,0,Fashion,Online,Multiple,Bank Transfer,9,12,4,0.88,0.183,0.102,Facebook,50.0
2248,36,Male,United States,Houston,50K-75K,Masters,Employed,Married,1,56,939.78,52627.68,1,Electronics,In-Store,Mobile,Digital Wallet,10,14,2,0.289,0.363,0.2,"YouTube, Facebook, Instagram",178.73
2249,61,Male,United States,Los Angeles,50K-75K,High School,Self-Employed,Divorced,86,31,653.01,20243.31,43,Books,Mobile App,Desktop,Cash on Delivery,9,5,1,0.801,0.436,0.148,Facebook,55.34
2250,57,Male,United States,Houston,100K-150K,High School,Student,Widowed,12,173,259.33,44864.09,1,Health & Personal Care,Marketplace,Mobile,Digital Wallet,18,10,1,0.043,0.465,0.113,LinkedIn,48.7
2251,51,Male,United States,Phoenix,0-25K,PhD,Self-Employed,Widowed,52,121,507.14,61363.94,54,Books,In-Store,Desktop,Bank Transfer,16,9,5,0.428,0.009,0.005,,127.75
2252,40,Male,United States,Dallas,75K-100K,PhD,Retired,Widowed,95,10,46.03,460.3,67,Office Supplies,In-Store,Multiple,Debit Card,19,11,1,0.555,0.353,0.233,,79.12
2253,82,Male,United States,Dallas,0-25K,Bachelors,Student,Single,66,118,984.15,116129.7,84,Beauty,In-Store,Tablet,Cash on Delivery,13,3,5,0.044,0.39,0.04,,197.32
2254,43,Male,United States,Dallas,25K-50K,Masters,Student,Married,13,65,187.33,12176.45,8,Pet Supplies,In-Store,Mobile,Bank Transfer,19,6,2,0.327,0.028,0.247,TikTok,45.8
2255,28,Female,United States,Philadelphia,75K-100K,Bachelors,Employed,Divorced,92,22,607.3,13360.6,57,Beauty,In-Store,Multiple,Cash on Delivery,7,0,1,0.597,0.236,0.197,LinkedIn,28.03
2256,35,Male,United States,Chicago,100K-150K,Masters,Self-Employed,Married,6,170,639.28,108677.6,1,Grocery,In-Store,Desktop,Bank Transfer,19,11,2,0.36,0.035,0.123,"Instagram, TikTok, YouTube",168.67
2257,50,Male,United States,San Antonio,100K-150K,High School,Self-Employed,Divorced,64,80,655.98,52478.4,18,Sports & Fitness,Marketplace,Desktop,Credit Card,8,11,1,0.773,0.168,0.042,"Facebook, Twitter, TikTok",114.87
2258,54,Female,United States,Chicago,150K+,Professional,Self-Employed,Divorced,1,74,989.43,73217.82,50,Books,Mobile App,Desktop,Debit Card,1,0,4,0.956,0.044,0.086,,169.31
2259,59,Female,United States,New York,150K+,PhD,Retired,Single,116,143,332.31,47520.33,23,Automotive,In-Store,Mobile,Bank Transfer,18,14,2,0.535,0.396,0.15,,66.21
2260,68,Male,United States,Dallas,50K-75K,PhD,Student,Married,113,162,862.48,139721.76,1,Grocery,Mobile App,Multiple,Credit Card,5,2,4,0.503,0.452,0.268,"Instagram, Facebook",157.66
2261,45,Male,United States,San Jose,25K-50K,Bachelors,Self-Employed,Widowed,69,79,315.88,24954.52,23,Pet Supplies,Marketplace,Desktop,Debit Card,5,5,5,0.149,0.278,0.253,,29.27
2262,25,Male,United States,San Diego,0-25K,Bachelors,Unemployed,Single,72,61,675.22,41188.42,1,Fashion,Mobile App,Tablet,Digital Wallet,4,5,2,0.331,0.124,0.16,YouTube,26.03
2263,56,Female,United States,San Jose,100K-150K,PhD,Retired,Married,46,33,230.97,7622.01,268,Pet Supplies,Mobile App,Desktop,Debit Card,1,3,1,0.902,0.03,0.122,Twitter,162.09
2264,42,Female,United States,Houston,25K-50K,PhD,Employed,Divorced,43,4,943.38,3773.52,70,Toys,Online,Tablet,Digital Wallet,6,7,2,0.482,0.493,0.168,"LinkedIn, Twitter, Instagram",149.99
2265,38,Female,United States,Houston,25K-50K,Masters,Retired,Widowed,72,188,851.29,160042.52,75,Pet Supplies,In-Store,Desktop,Digital Wallet,18,7,5,0.396,0.276,0.048,"YouTube, Instagram, Facebook",56.25
2266,61,Female,United States,San Antonio,50K-75K,Professional,Retired,Divorced,84,20,514.12,10282.4,29,Sports & Fitness,In-Store,Desktop,Debit Card,0,13,1,0.893,0.394,0.278,,129.39
2267,32,Female,United States,Chicago,100K-150K,Masters,Unemployed,Married,34,164,766.1,125640.4,1,Pet Supplies,Mobile App,Tablet,Debit Card,6,5,4,0.317,0.239,0.089,Facebook,118.69
2268,50,Male,United States,Chicago,75K-100K,Professional,Unemployed,Married,10,54,700.97,37852.38,67,Home & Kitchen,Mobile App,Desktop,Bank Transfer,11,0,5,0.596,0.275,0.017,"YouTube, Instagram",76.57
2269,71,Male,United States,San Antonio,75K-100K,Professional,Unemployed,Married,17,187,33.1,6189.7,0,Electronics,Mobile App,Mobile,Digital Wallet,2,6,4,0.799,0.408,0.295,LinkedIn,185.63
2270,24,Male,United States,San Diego,75K-100K,Masters,Employed,Widowed,107,65,296.88,19297.2,34,Grocery,In-Store,Multiple,Bank Transfer,12,11,2,0.824,0.245,0.059,,121.26
2271,76,Female,United States,New York,25K-50K,Professional,Employed,Divorced,95,187,664.94,124343.78,53,Beauty,Marketplace,Multiple,Credit Card,7,4,5,0.203,0.483,0.233,,46.1
2272,19,Female,United States,Dallas,100K-150K,Bachelors,Retired,Single,28,178,252.85,45007.3,4,Fashion,In-Store,Tablet,Digital Wallet,19,0,2,0.097,0.283,0.145,"Twitter, TikTok",184.04
2273,20,Female,United States,Chicago,25K-50K,Bachelors,Self-Employed,Divorced,71,73,567.08,41396.84,59,Health & Personal Care,Mobile App,Desktop,Credit Card,15,4,5,0.424,0.007,0.14,,70.48
2274,67,Female,United States,Phoenix,150K+,Masters,Retired,Married,107,112,430.57,48223.84,105,Electronics,In-Store,Mobile,Bank Transfer,14,12,3,0.369,0.38,0.25,"Twitter, TikTok, YouTube",144.59
2275,33,Female,United States,San Jose,100K-150K,Bachelors,Self-Employed,Divorced,118,26,826.99,21501.74,14,Pet Supplies,In-Store,Mobile,Cash on Delivery,5,13,2,0.289,0.246,0.203,,16.92
2276,23,Female,United States,San Diego,0-25K,Bachelors,Employed,Divorced,63,196,177.71,34831.16,1,Grocery,Marketplace,Mobile,Debit Card,2,2,5,0.86,0.436,0.198,"TikTok, LinkedIn",114.46
2277,60,Female,United States,San Jose,25K-50K,High School,Self-Employed,Single,74,174,458.4,79761.6,40,Home & Kitchen,Marketplace,Mobile,Credit Card,10,1,2,0.913,0.053,0.132,LinkedIn,191.42
2278,37,Female,United States,Phoenix,100K-150K,Professional,Employed,Divorced,112,36,988.76,35595.36,46,Electronics,Mobile App,Tablet,Cash on Delivery,15,9,4,0.3,0.132,0.067,,28.52
2279,62,Female,United States,San Jose,100K-150K,Professional,Self-Employed,Single,50,32,700.25,22408.0,65,Toys,Online,Tablet,Digital Wallet,11,14,2,0.318,0.331,0.282,,22.95
2280,47,Female,United States,Phoenix,150K+,PhD,Self-Employed,Single,97,23,219.2,5041.6,72,Books,In-Store,Multiple,Credit Card,3,4,1,0.119,0.374,0.178,"YouTube, LinkedIn, TikTok",170.75
2281,73,Female,United States,San Jose,100K-150K,Bachelors,Self-Employed,Single,117,40,152.94,6117.6,254,Sports & Fitness,Mobile App,Tablet,Debit Card,10,8,3,0.203,0.48,0.032,Twitter,167.33
2282,57,Female,United States,Houston,0-25K,High School,Employed,Widowed,17,40,120.2,4808.0,57,Books,Marketplace,Tablet,Debit Card,8,5,5,0.2,0.418,0.09,,132.1
2283,64,Male,United States,Phoenix,50K-75K,High School,Employed,Divorced,48,37,741.88,27449.56,0,Health & Personal Care,Online,Multiple,Cash on Delivery,10,2,3,0.052,0.358,0.259,"Instagram, YouTube",179.76
2284,51,Male,United States,Houston,50K-75K,Masters,Self-Employed,Widowed,72,169,540.76,91388.44,223,Beauty,Online,Mobile,Debit Card,7,5,2,0.435,0.448,0.264,"TikTok, Instagram",128.0
2285,78,Female,United States,New York,25K-50K,Professional,Retired,Married,50,115,973.23,111921.45,265,Electronics,In-Store,Mobile,Bank Transfer,10,7,1,0.834,0.411,0.179,,7.31
2286,62,Male,United States,Phoenix,50K-75K,Professional,Self-Employed,Married,24,139,428.12,59508.68,13,Automotive,In-Store,Multiple,Digital Wallet,6,7,3,0.869,0.073,0.056,Instagram,116.35
2287,65,Female,United States,Houston,75K-100K,PhD,Retired,Married,28,78,203.5,15873.0,80,Toys,Online,Tablet,Bank Transfer,18,6,4,0.479,0.297,0.171,,25.0
2288,18,Male,United States,Philadelphia,100K-150K,Professional,Retired,Married,112,166,795.31,132021.46,6,Toys,Online,Mobile,Debit Card,2,0,1,0.382,0.461,0.227,,61.48
2289,77,Female,United States,Los Angeles,25K-50K,Masters,Retired,Married,82,29,471.63,13677.27,218,Health & Personal Care,Online,Tablet,Bank Transfer,2,13,4,0.882,0.109,0.233,Facebook,149.23
2290,25,Female,United States,Houston,100K-150K,High School,Employed,Divorced,49,128,174.83,22378.24,0,Automotive,Mobile App,Tablet,Debit Card,3,0,3,0.683,0.298,0.284,"Instagram, LinkedIn, Twitter",160.75
2291,60,Female,United States,Phoenix,25K-50K,PhD,Self-Employed,Single,27,14,902.58,12636.12,29,Toys,Marketplace,Mobile,Digital Wallet,0,8,2,0.029,0.393,0.175,,80.18
2292,33,Male,United States,San Diego,0-25K,Bachelors,Retired,Widowed,97,28,552.21,15461.88,33,Electronics,Marketplace,Multiple,Cash on Delivery,5,3,5,0.156,0.383,0.231,"Facebook, Instagram, Twitter",118.97
2293,34,Male,United States,Philadelphia,75K-100K,Professional,Student,Single,85,50,912.79,45639.5,45,Fashion,Mobile App,Multiple,Cash on Delivery,0,7,3,0.501,0.338,0.113,"LinkedIn, Instagram, TikTok",21.83
2294,32,Male,United States,Los Angeles,150K+,Bachelors,Self-Employed,Divorced,76,142,187.09,26566.78,1,Automotive,Online,Mobile,Cash on Delivery,15,0,3,0.247,0.061,0.159,"TikTok, YouTube",70.25
2295,46,Female,United States,San Diego,100K-150K,Bachelors,Employed,Married,112,159,492.96,78380.64,1,Electronics,Online,Mobile,Credit Card,18,0,5,0.21,0.199,0.234,,61.12
2296,46,Male,United States,Philadelphia,0-25K,PhD,Self-Employed,Married,71,171,591.95,101223.45,168,Fashion,In-Store,Desktop,Digital Wallet,17,3,1,0.4,0.175,0.032,,115.93
2297,32,Female,United States,Philadelphia,100K-150K,PhD,Student,Divorced,51,104,776.46,80751.84,4,Grocery,Mobile App,Mobile,Digital Wallet,1,7,2,0.261,0.437,0.185,YouTube,46.61
2298,67,Male,United States,Houston,25K-50K,PhD,Employed,Divorced,106,144,381.42,54924.48,54,Toys,Mobile App,Mobile,Digital Wallet,7,12,3,0.069,0.319,0.077,"Facebook, TikTok",188.19
2299,26,Male,United States,San Jose,0-25K,Professional,Self-Employed,Divorced,21,83,623.28,51732.24,4,Pet Supplies,In-Store,Multiple,Digital Wallet,8,6,2,0.919,0.405,0.105,Facebook,195.18
2300,23,Male,United States,Los Angeles,150K+,High School,Unemployed,Single,24,66,945.81,62423.46,39,Beauty,Online,Mobile,Digital Wallet,2,3,5,0.553,0.27,0.259,"Facebook, Twitter",130.34
2301,25,Female,United States,New York,50K-75K,High School,Unemployed,Widowed,38,127,967.61,122886.47,47,Toys,Marketplace,Mobile,Digital Wallet,1,13,1,0.455,0.32,0.243,"YouTube, Instagram, LinkedIn",31.53
2302,33,Female,United States,San Antonio,150K+,Professional,Unemployed,Divorced,10,83,702.91,58341.53,7,Beauty,Online,Mobile,Cash on Delivery,10,5,2,0.471,0.411,0.198,,30.29
2303,31,Female,United States,San Jose,50K-75K,High School,Student,Single,77,183,746.02,136521.66,20,Books,Online,Desktop,Cash on Delivery,4,6,4,0.734,0.223,0.26,"TikTok, Facebook, Twitter",106.87
2304,19,Female,United States,San Jose,0-25K,High School,Self-Employed,Single,68,48,103.92,4988.16,1,Home & Kitchen,Mobile App,Mobile,Credit Card,10,7,2,0.54,0.467,0.29,"TikTok, LinkedIn",181.91
2305,84,Male,United States,New York,75K-100K,Professional,Self-Employed,Widowed,112,192,691.21,132712.32,306,Fashion,In-Store,Multiple,Credit Card,19,11,3,0.949,0.373,0.105,"Instagram, LinkedIn, Twitter",85.14
2306,65,Male,United States,New York,0-25K,Bachelors,Self-Employed,Divorced,69,82,769.59,63106.38,317,Sports & Fitness,Mobile App,Mobile,Debit Card,8,3,2,0.006,0.242,0.07,"TikTok, LinkedIn",52.13
2307,52,Female,United States,Chicago,150K+,Masters,Unemployed,Married,101,185,978.78,181074.3,6,Automotive,In-Store,Desktop,Credit Card,16,9,2,0.969,0.07,0.151,LinkedIn,29.59
2308,65,Female,United States,Houston,50K-75K,High School,Student,Divorced,39,188,392.99,73882.12,273,Fashion,Marketplace,Multiple,Credit Card,0,0,2,0.373,0.326,0.161,"YouTube, Instagram",18.42
2309,23,Female,United States,San Antonio,25K-50K,PhD,Student,Widowed,103,161,332.25,53492.25,0,Automotive,Online,Mobile,Bank Transfer,4,1,4,0.52,0.41,0.134,Instagram,20.54
2310,38,Male,United States,New York,75K-100K,Bachelors,Self-Employed,Divorced,86,126,677.8,85402.8,165,Toys,Online,Multiple,Cash on Delivery,14,10,5,0.591,0.259,0.056,"LinkedIn, TikTok, Instagram",12.21
2311,53,Male,United States,Phoenix,100K-150K,Masters,Retired,Widowed,47,122,233.86,28530.92,60,Fashion,In-Store,Multiple,Cash on Delivery,1,4,5,0.171,0.429,0.193,"TikTok, Facebook",96.62
2312,25,Male,United States,Chicago,100K-150K,High School,Retired,Married,46,165,306.86,50631.9,1,Beauty,Mobile App,Mobile,Debit Card,10,4,5,0.941,0.486,0.097,Twitter,93.37
2313,18,Female,United States,Dallas,150K+,High School,Retired,Married,54,79,154.04,12169.16,1,Grocery,Online,Tablet,Cash on Delivery,9,14,5,0.432,0.29,0.121,Instagram,114.82
2314,19,Male,United States,Philadelphia,150K+,Professional,Unemployed,Widowed,50,60,200.72,12043.2,72,Sports & Fitness,In-Store,Mobile,Bank Transfer,16,13,4,0.641,0.449,0.154,"Instagram, YouTube, Twitter",61.24
2315,71,Female,United States,Philadelphia,50K-75K,Masters,Self-Employed,Single,86,12,253.07,3036.84,0,Health & Personal Care,Marketplace,Tablet,Digital Wallet,2,13,2,0.637,0.193,0.113,"Instagram, TikTok",119.3
2316,48,Male,United States,Phoenix,25K-50K,PhD,Employed,Single,100,48,889.59,42700.32,38,Home & Kitchen,Marketplace,Desktop,Credit Card,5,12,2,0.26,0.369,0.153,"Instagram, YouTube",90.99
2317,76,Female,United States,Los Angeles,75K-100K,Masters,Unemployed,Divorced,79,131,576.69,75546.39,3,Toys,Marketplace,Tablet,Cash on Delivery,1,10,5,0.001,0.297,0.277,,105.59
2318,52,Male,United States,Los Angeles,75K-100K,PhD,Retired,Single,35,196,898.67,176139.32,1,Office Supplies,Marketplace,Mobile,Credit Card,3,6,3,0.597,0.434,0.279,,11.93
2319,30,Male,United States,Dallas,50K-75K,PhD,Employed,Widowed,65,170,753.37,128072.9,328,Beauty,Online,Multiple,Cash on Delivery,7,3,3,0.562,0.4,0.009,LinkedIn,87.82
2320,54,Male,United States,Houston,50K-75K,Bachelors,Self-Employed,Married,3,76,534.74,40640.24,16,Sports & Fitness,Marketplace,Desktop,Credit Card,10,6,2,0.117,0.177,0.128,"TikTok, Facebook",22.01
2321,57,Male,United States,New York,25K-50K,High School,Unemployed,Widowed,51,77,542.62,41781.74,11,Pet Supplies,Mobile App,Desktop,Cash on Delivery,8,12,4,0.707,0.346,0.115,"Twitter, YouTube, Instagram",65.23
2322,27,Female,United States,San Jose,50K-75K,Masters,Student,Divorced,101,68,797.23,54211.64,156,Books,Mobile App,Tablet,Credit Card,0,12,2,0.988,0.379,0.145,"TikTok, LinkedIn, Twitter",30.69
2323,52,Male,United States,San Jose,100K-150K,PhD,Unemployed,Divorced,96,70,293.6,20552.0,1,Grocery,Marketplace,Multiple,Credit Card,5,0,3,0.987,0.229,0.043,YouTube,93.79
2324,48,Female,United States,Philadelphia,75K-100K,Bachelors,Unemployed,Divorced,31,177,999.69,176945.13,19,Fashion,In-Store,Desktop,Credit Card,1,3,4,0.064,0.304,0.23,,184.34
2325,64,Male,United States,San Antonio,100K-150K,PhD,Retired,Married,50,142,24.75,3514.5,165,Automotive,In-Store,Desktop,Digital Wallet,9,5,2,0.239,0.041,0.29,"Facebook, YouTube, Instagram",150.37
2326,68,Male,United States,Chicago,25K-50K,Professional,Self-Employed,Single,33,196,918.63,180051.48,1,Office Supplies,Online,Mobile,Credit Card,15,13,4,0.718,0.405,0.06,"Instagram, TikTok",94.64
2327,46,Female,United States,San Jose,75K-100K,PhD,Student,Widowed,87,52,267.58,13914.16,0,Health & Personal Care,Mobile App,Multiple,Credit Card,18,2,2,0.442,0.139,0.101,"Facebook, YouTube",168.17
2328,40,Female,United States,Houston,150K+,Masters,Unemployed,Divorced,79,101,290.81,29371.81,2,Electronics,Online,Desktop,Debit Card,8,1,5,0.76,0.041,0.234,,177.42
2329,42,Male,United States,San Diego,0-25K,Masters,Student,Single,66,113,868.56,98147.28,7,Electronics,Marketplace,Multiple,Bank Transfer,7,12,5,0.957,0.066,0.161,LinkedIn,167.01
2330,81,Female,United States,Phoenix,50K-75K,Bachelors,Retired,Married,117,27,520.57,14055.39,4,Books,Marketplace,Tablet,Credit Card,18,4,1,0.618,0.387,0.28,,118.87
2331,49,Female,United States,Los Angeles,75K-100K,PhD,Student,Divorced,33,63,354.49,22332.87,3,Toys,Mobile App,Tablet,Bank Transfer,14,1,5,0.079,0.459,0.276,"TikTok, Twitter",131.24
2332,25,Female,United States,Philadelphia,75K-100K,Masters,Student,Widowed,3,84,938.73,78853.32,89,Fashion,Marketplace,Desktop,Credit Card,17,0,5,0.334,0.268,0.159,,156.83
2333,30,Female,United States,Los Angeles,100K-150K,High School,Retired,Single,13,102,226.61,23114.22,303,Grocery,In-Store,Desktop,Bank Transfer,8,11,3,0.384,0.147,0.246,Twitter,92.72
2334,41,Female,United States,San Antonio,150K+,Masters,Unemployed,Single,21,90,406.26,36563.4,0,Health & Personal Care,In-Store,Desktop,Debit Card,13,7,2,0.118,0.139,0.21,Instagram,59.62
2335,34,Female,United States,Phoenix,100K-150K,Bachelors,Student,Divorced,55,112,803.86,90032.32,51,Pet Supplies,Online,Desktop,Cash on Delivery,4,3,1,0.229,0.002,0.062,"TikTok, Instagram, LinkedIn",67.44
2336,26,Male,United States,Phoenix,100K-150K,Professional,Employed,Widowed,19,144,823.09,118524.96,13,Sports & Fitness,Mobile App,Desktop,Cash on Delivery,13,10,2,0.964,0.093,0.236,"YouTube, Instagram, TikTok",104.58
2337,28,Male,United States,Philadelphia,150K+,High School,Unemployed,Widowed,3,131,461.51,60457.81,1,Beauty,Mobile App,Tablet,Cash on Delivery,18,7,2,0.486,0.163,0.097,"TikTok, Facebook",152.12
2338,70,Male,United States,Dallas,25K-50K,Bachelors,Self-Employed,Single,24,95,765.77,72748.15,85,Home & Kitchen,Marketplace,Desktop,Credit Card,3,6,1,0.751,0.414,0.058,"Facebook, LinkedIn, YouTube",160.31
2339,79,Female,United States,Phoenix,150K+,Masters,Unemployed,Married,74,97,60.52,5870.44,5,Electronics,In-Store,Multiple,Cash on Delivery,6,1,1,0.644,0.079,0.132,YouTube,80.47
2340,27,Female,United States,Los Angeles,75K-100K,PhD,Student,Divorced,13,106,657.42,69686.52,5,Fashion,Online,Tablet,Credit Card,12,13,2,0.201,0.138,0.289,"TikTok, YouTube",94.24
2341,56,Female,United States,Chicago,25K-50K,Professional,Student,Single,4,28,347.21,9721.88,29,Electronics,Marketplace,Multiple,Bank Transfer,16,1,3,0.871,0.281,0.136,"Twitter, YouTube, LinkedIn",76.86
2342,38,Female,United States,Dallas,75K-100K,Masters,Retired,Widowed,108,52,700.13,36406.76,3,Beauty,Mobile App,Mobile,Digital Wallet,7,11,4,0.078,0.356,0.067,,73.63
2343,37,Male,United States,Dallas,100K-150K,Masters,Student,Married,34,85,302.82,25739.7,38,Books,Online,Tablet,Credit Card,1,13,2,0.349,0.069,0.294,"Facebook, Twitter, Instagram",33.83
2344,58,Male,United States,Phoenix,100K-150K,Masters,Student,Single,91,194,415.38,80583.72,272,Toys,Mobile App,Tablet,Cash on Delivery,12,0,2,0.834,0.081,0.295,"YouTube, Instagram",40.87
2345,56,Female,United States,Dallas,25K-50K,Professional,Employed,Married,19,86,335.88,28885.68,76,Fashion,Mobile App,Desktop,Credit Card,12,14,5,0.935,0.411,0.243,"YouTube, Facebook, TikTok",162.96
2346,27,Female,United States,Los Angeles,150K+,Masters,Unemployed,Single,99,147,894.78,131532.66,23,Pet Supplies,Marketplace,Desktop,Cash on Delivery,15,7,5,0.804,0.333,0.082,,178.57
2347,42,Female,United States,Los Angeles,100K-150K,Masters,Employed,Single,67,145,542.87,78716.15,291,Office Supplies,Mobile App,Mobile,Cash on Delivery,5,9,3,0.214,0.39,0.268,"Instagram, YouTube",31.46
2348,64,Male,United States,New York,25K-50K,Professional,Employed,Married,26,177,697.93,123533.61,0,Automotive,Marketplace,Tablet,Cash on Delivery,4,6,4,0.454,0.123,0.223,"Instagram, LinkedIn, Facebook",161.01
2349,39,Male,United States,Dallas,0-25K,PhD,Self-Employed,Widowed,13,54,406.21,21935.34,74,Books,Mobile App,Tablet,Bank Transfer,13,5,5,0.57,0.248,0.15,"Facebook, LinkedIn, Instagram",10.01
2350,55,Female,United States,Chicago,100K-150K,Bachelors,Student,Widowed,19,138,66.14,9127.32,86,Grocery,Marketplace,Tablet,Debit Card,7,1,3,0.597,0.011,0.289,,93.77
2351,52,Male,United States,Los Angeles,150K+,PhD,Self-Employed,Widowed,49,154,355.9,54808.6,0,Office Supplies,Online,Tablet,Debit Card,1,13,3,0.208,0.465,0.126,"YouTube, TikTok, Instagram",177.31
2352,51,Female,United States,Chicago,25K-50K,Bachelors,Retired,Married,4,144,463.28,66712.32,28,Fashion,Mobile App,Tablet,Credit Card,12,5,4,0.611,0.393,0.029,"LinkedIn, TikTok, Facebook",97.97
2353,46,Male,United States,Los Angeles,50K-75K,Bachelors,Employed,Widowed,83,44,544.82,23972.08,197,Grocery,Mobile App,Tablet,Debit Card,14,7,1,0.96,0.491,0.054,"Instagram, Twitter",8.03
2354,38,Male,United States,Chicago,25K-50K,Masters,Retired,Single,94,9,711.63,6404.67,1,Pet Supplies,In-Store,Mobile,Cash on Delivery,2,13,4,0.872,0.157,0.243,"Twitter, YouTube, LinkedIn",121.5
2355,53,Male,United States,San Diego,150K+,Professional,Employed,Married,4,178,812.18,144568.04,5,Fashion,Online,Multiple,Digital Wallet,5,10,4,0.659,0.342,0.271,"YouTube, Twitter",165.93
2356,53,Male,United States,Phoenix,75K-100K,High School,Student,Married,56,129,146.59,18910.11,0,Books,Online,Mobile,Debit Card,18,9,2,0.563,0.419,0.239,,54.91
2357,19,Female,United States,New York,100K-150K,High School,Student,Single,57,178,745.63,132722.14,259,Pet Supplies,Mobile App,Tablet,Debit Card,16,6,2,0.584,0.051,0.162,"YouTube, LinkedIn, Twitter",199.34
2358,21,Female,United States,Phoenix,0-25K,Bachelors,Employed,Single,103,164,457.1,74964.4,267,Fashion,Marketplace,Desktop,Debit Card,12,11,2,0.131,0.077,0.004,"TikTok, Instagram, Twitter",23.92
2359,52,Female,United States,Los Angeles,100K-150K,Masters,Retired,Single,2,164,74.17,12163.88,1,Office Supplies,In-Store,Tablet,Bank Transfer,15,13,5,0.498,0.34,0.161,Facebook,15.95
2360,62,Female,United States,San Diego,50K-75K,Professional,Student,Married,80,170,681.12,115790.4,77,Home & Kitchen,Mobile App,Mobile,Debit Card,14,13,4,0.442,0.457,0.272,,104.15
2361,36,Female,United States,Los Angeles,50K-75K,Bachelors,Retired,Divorced,26,44,825.4,36317.6,304,Electronics,Marketplace,Tablet,Bank Transfer,1,4,4,0.887,0.185,0.22,"LinkedIn, TikTok",144.77
2362,47,Male,United States,Phoenix,0-25K,Bachelors,Unemployed,Single,99,28,929.94,26038.32,255,Sports & Fitness,In-Store,Multiple,Debit Card,3,0,1,0.0,0.169,0.185,"LinkedIn, TikTok",60.58
2363,35,Male,United States,San Diego,25K-50K,Bachelors,Retired,Divorced,110,139,308.19,42838.41,353,Office Supplies,Mobile App,Multiple,Credit Card,3,6,5,0.128,0.184,0.173,Facebook,73.8
2364,31,Male,United States,San Antonio,0-25K,PhD,Unemployed,Married,47,175,207.8,36365.0,3,Beauty,Mobile App,Desktop,Credit Card,16,3,1,0.07,0.325,0.263,Facebook,5.26
2365,34,Female,United States,San Diego,75K-100K,Professional,Employed,Single,108,128,760.85,97388.8,24,Sports & Fitness,Mobile App,Multiple,Digital Wallet,15,4,4,0.616,0.456,0.171,,125.49
2366,48,Female,United States,Phoenix,25K-50K,High School,Employed,Divorced,81,152,717.05,108991.6,93,Fashion,Marketplace,Multiple,Debit Card,17,1,5,0.847,0.453,0.173,,72.2
2367,60,Female,United States,Dallas,50K-75K,High School,Employed,Divorced,44,10,483.49,4834.9,268,Electronics,Marketplace,Mobile,Cash on Delivery,9,1,2,0.233,0.418,0.055,"LinkedIn, Facebook",99.74
2368,20,Male,United States,San Jose,75K-100K,Masters,Self-Employed,Single,105,167,744.36,124308.12,181,Home & Kitchen,In-Store,Tablet,Cash on Delivery,18,12,1,0.917,0.053,0.294,,81.37
2369,53,Male,United States,San Jose,100K-150K,Bachelors,Retired,Single,32,52,370.43,19262.36,12,Electronics,Mobile App,Multiple,Debit Card,10,2,5,0.368,0.414,0.155,"Facebook, Instagram",187.72
2370,30,Female,United States,Houston,50K-75K,PhD,Self-Employed,Single,70,91,539.98,49138.18,1,Health & Personal Care,Marketplace,Desktop,Cash on Delivery,17,13,4,0.116,0.462,0.21,TikTok,73.85
2371,58,Male,United States,Houston,100K-150K,PhD,Self-Employed,Married,48,195,719.85,140370.75,11,Books,Online,Desktop,Digital Wallet,1,14,4,0.151,0.045,0.291,"TikTok, YouTube",6.58
2372,23,Male,United States,New York,50K-75K,Bachelors,Employed,Divorced,36,145,953.07,138195.15,18,Health & Personal Care,Mobile App,Multiple,Debit Card,17,14,3,0.9,0.324,0.041,Facebook,74.22
2373,25,Female,United States,San Jose,100K-150K,PhD,Retired,Divorced,55,152,592.22,90017.44,1,Office Supplies,In-Store,Multiple,Debit Card,4,3,5,0.703,0.127,0.071,"LinkedIn, Facebook",67.33
2374,20,Male,United States,New York,150K+,Professional,Self-Employed,Married,66,25,470.73,11768.25,16,Sports & Fitness,Online,Desktop,Credit Card,2,3,1,0.573,0.316,0.064,,114.79
2375,27,Female,United States,San Diego,0-25K,High School,Unemployed,Divorced,34,44,641.75,28237.0,1,Electronics,In-Store,Mobile,Credit Card,0,5,2,0.105,0.121,0.201,"LinkedIn, Twitter, Facebook",199.16
2376,82,Male,United States,Houston,100K-150K,PhD,Student,Widowed,25,93,116.66,10849.38,47,Health & Personal Care,In-Store,Tablet,Bank Transfer,12,1,4,0.892,0.218,0.296,"Facebook, TikTok, Twitter",128.41
2377,22,Male,United States,Dallas,25K-50K,Bachelors,Employed,Single,92,144,615.2,88588.8,29,Sports & Fitness,In-Store,Multiple,Debit Card,16,13,2,0.739,0.039,0.104,"LinkedIn, YouTube",147.03
2378,56,Female,United States,New York,75K-100K,High School,Self-Employed,Single,64,172,106.27,18278.44,53,Home & Kitchen,Mobile App,Desktop,Credit Card,8,8,4,0.947,0.067,0.182,"Facebook, Twitter",120.86
2379,29,Male,United States,San Antonio,50K-75K,Professional,Employed,Widowed,108,173,182.46,31565.58,6,Home & Kitchen,Online,Multiple,Cash on Delivery,10,8,5,0.751,0.264,0.184,"TikTok, Twitter, Instagram",99.85
2380,42,Female,United States,Phoenix,25K-50K,Bachelors,Retired,Single,109,191,17.26,3296.66,144,Electronics,In-Store,Mobile,Debit Card,1,8,4,0.991,0.303,0.248,"YouTube, Facebook",128.21
2381,53,Male,United States,Phoenix,150K+,Masters,Unemployed,Divorced,46,72,454.07,32693.04,47,Automotive,Marketplace,Tablet,Credit Card,19,1,4,0.435,0.037,0.15,"LinkedIn, Twitter",41.68
2382,22,Male,United States,San Jose,150K+,Bachelors,Employed,Widowed,67,95,963.97,91577.15,56,Toys,In-Store,Mobile,Cash on Delivery,6,6,2,0.123,0.27,0.178,"LinkedIn, YouTube",47.72
2383,26,Male,United States,San Antonio,100K-150K,Professional,Retired,Divorced,79,84,169.52,14239.68,27,Automotive,Marketplace,Multiple,Cash on Delivery,0,14,2,0.732,0.163,0.218,"Twitter, YouTube",140.11
2384,62,Female,United States,Chicago,150K+,Masters,Employed,Divorced,69,48,112.02,5376.96,323,Books,Online,Tablet,Bank Transfer,16,9,5,0.946,0.108,0.128,"Twitter, TikTok, Instagram",17.84
2385,66,Female,United States,San Jose,25K-50K,High School,Unemployed,Single,20,137,806.24,110454.88,314,Grocery,Marketplace,Desktop,Bank Transfer,18,0,5,0.273,0.21,0.139,"Instagram, LinkedIn",128.34
2386,33,Male,United States,Dallas,150K+,PhD,Self-Employed,Widowed,88,62,144.97,8988.14,84,Automotive,In-Store,Tablet,Cash on Delivery,1,12,4,0.444,0.37,0.282,,23.41
2387,83,Male,United States,Houston,0-25K,Bachelors,Student,Married,19,143,904.07,129282.01,135,Grocery,Marketplace,Tablet,Cash on Delivery,17,7,1,0.619,0.158,0.027,Twitter,115.34
2388,64,Male,United States,San Antonio,25K-50K,High School,Student,Divorced,86,10,514.8,5148.0,0,Health & Personal Care,In-Store,Multiple,Bank Transfer,12,10,1,0.926,0.003,0.093,,100.2
2389,22,Female,United States,San Diego,150K+,Masters,Unemployed,Married,2,88,947.01,83336.88,25,Health & Personal Care,Marketplace,Multiple,Digital Wallet,13,4,5,0.05,0.242,0.05,"Facebook, Instagram",116.24
2390,57,Female,United States,Chicago,25K-50K,Bachelors,Retired,Single,88,186,195.16,36299.76,310,Fashion,In-Store,Desktop,Bank Transfer,11,6,3,0.901,0.469,0.213,LinkedIn,133.81
2391,64,Male,United States,Philadelphia,0-25K,Professional,Student,Widowed,21,66,425.49,28082.34,5,Electronics,Mobile App,Multiple,Credit Card,16,8,3,0.143,0.357,0.253,YouTube,34.98
2392,76,Female,United States,Chicago,150K+,Professional,Employed,Divorced,36,163,808.23,131741.49,41,Toys,Mobile App,Multiple,Cash on Delivery,15,9,5,0.496,0.389,0.036,"TikTok, Twitter",106.9
2393,28,Female,United States,Philadelphia,25K-50K,PhD,Employed,Single,14,160,538.24,86118.4,0,Electronics,Marketplace,Multiple,Cash on Delivery,2,8,2,0.399,0.237,0.224,"Twitter, TikTok, LinkedIn",110.2
2394,73,Male,United States,Philadelphia,50K-75K,Bachelors,Employed,Widowed,41,199,237.01,47164.99,5,Pet Supplies,Marketplace,Desktop,Debit Card,2,9,3,0.672,0.176,0.167,Twitter,16.75
2395,39,Female,United States,Chicago,50K-75K,Professional,Self-Employed,Single,69,159,632.35,100543.65,210,Books,In-Store,Multiple,Bank Transfer,14,11,4,0.364,0.332,0.055,"TikTok, Instagram",95.3
2396,46,Male,United States,Philadelphia,150K+,Masters,Employed,Married,52,180,415.77,74838.6,182,Toys,Mobile App,Mobile,Cash on Delivery,13,0,3,0.234,0.06,0.229,"Facebook, TikTok, YouTube",75.32
2397,21,Male,United States,San Diego,50K-75K,Bachelors,Student,Divorced,100,49,583.72,28602.28,292,Sports & Fitness,Mobile App,Tablet,Debit Card,7,12,2,0.982,0.164,0.047,Facebook,78.24
2398,52,Female,United States,Dallas,50K-75K,Bachelors,Employed,Married,79,7,851.05,5957.35,23,Pet Supplies,Online,Multiple,Debit Card,3,11,1,0.368,0.157,0.06,,139.85
2399,45,Male,United States,Houston,150K+,High School,Unemployed,Married,103,151,828.61,125120.11,69,Sports & Fitness,Mobile App,Tablet,Digital Wallet,19,7,2,0.992,0.143,0.074,"Instagram, LinkedIn, YouTube",40.83
2400,63,Female,United States,Dallas,100K-150K,Masters,Employed,Married,86,117,450.25,52679.25,190,Home & Kitchen,In-Store,Multiple,Digital Wallet,1,1,1,0.191,0.117,0.189,,13.57
2401,53,Male,United States,Houston,50K-75K,Bachelors,Unemployed,Widowed,76,191,971.67,185588.97,307,Pet Supplies,Online,Tablet,Cash on Delivery,8,3,5,0.688,0.235,0.165,TikTok,74.13
2402,57,Female,United States,Dallas,25K-50K,PhD,Employed,Single,33,150,685.47,102820.5,3,Grocery,Marketplace,Mobile,Cash on Delivery,12,2,5,0.086,0.065,0.105,"YouTube, LinkedIn",11.01
2403,49,Male,United States,San Diego,150K+,High School,Self-Employed,Widowed,14,178,410.66,73097.48,1,Health & Personal Care,Online,Tablet,Cash on Delivery,17,11,3,0.663,0.444,0.027,"TikTok, Instagram, YouTube",173.34
2404,29,Female,United States,Houston,75K-100K,High School,Self-Employed,Widowed,57,43,329.85,14183.55,30,Sports & Fitness,Mobile App,Multiple,Credit Card,8,8,4,0.964,0.178,0.119,,16.93
2405,51,Female,United States,Phoenix,50K-75K,Masters,Retired,Married,51,76,226.08,17182.08,82,Electronics,Marketplace,Mobile,Digital Wallet,16,4,4,0.888,0.479,0.224,,166.77
2406,62,Female,United States,Phoenix,100K-150K,High School,Retired,Single,70,38,501.9,19072.2,1,Beauty,Online,Mobile,Credit Card,12,6,1,0.431,0.357,0.015,"Twitter, YouTube, LinkedIn",191.96
2407,78,Male,United States,Chicago,50K-75K,High School,Student,Divorced,69,170,386.44,65694.8,7,Grocery,Marketplace,Desktop,Cash on Delivery,17,1,4,0.906,0.034,0.277,YouTube,141.34
2408,80,Male,United States,Houston,25K-50K,Masters,Unemployed,Divorced,47,116,544.71,63186.36,3,Office Supplies,Marketplace,Desktop,Debit Card,12,12,1,0.043,0.011,0.226,,119.25
2409,53,Male,United States,Los Angeles,25K-50K,PhD,Retired,Widowed,116,150,407.35,61102.5,108,Sports & Fitness,Marketplace,Multiple,Debit Card,11,10,1,0.656,0.349,0.051,,119.98
2410,39,Male,United States,Dallas,50K-75K,PhD,Student,Widowed,25,45,227.25,10226.25,4,Electronics,Mobile App,Desktop,Cash on Delivery,0,0,5,0.329,0.236,0.073,"TikTok, Twitter",85.56
2411,33,Male,United States,Los Angeles,100K-150K,Bachelors,Employed,Single,65,134,740.57,99236.38,206,Automotive,Marketplace,Multiple,Debit Card,8,7,1,0.201,0.28,0.275,TikTok,84.26
2412,55,Female,United States,New York,0-25K,PhD,Self-Employed,Widowed,116,0,897.37,0.0,8,Books,Online,Mobile,Bank Transfer,18,4,1,0.195,0.039,0.246,LinkedIn,114.79
2413,25,Female,United States,Phoenix,150K+,Bachelors,Retired,Single,119,76,306.31,23279.56,238,Beauty,In-Store,Desktop,Cash on Delivery,2,14,2,0.494,0.402,0.293,"YouTube, Twitter, LinkedIn",167.35
2414,33,Female,United States,San Antonio,150K+,High School,Self-Employed,Widowed,114,195,64.13,12505.35,0,Grocery,Mobile App,Mobile,Cash on Delivery,17,9,2,0.597,0.228,0.287,YouTube,71.66
2415,39,Female,United States,San Antonio,0-25K,Masters,Employed,Single,15,85,743.65,63210.25,13,Grocery,Online,Mobile,Cash on Delivery,11,3,1,0.223,0.028,0.133,"YouTube, LinkedIn, Facebook",138.2
2416,42,Male,United States,Philadelphia,50K-75K,Bachelors,Employed,Widowed,67,12,299.6,3595.2,222,Pet Supplies,Marketplace,Tablet,Bank Transfer,14,4,1,0.734,0.282,0.282,,157.07
2417,62,Female,United States,Philadelphia,0-25K,PhD,Unemployed,Divorced,97,91,253.9,23104.9,63,Grocery,Marketplace,Desktop,Bank Transfer,1,12,5,0.546,0.291,0.114,"TikTok, Instagram",107.27
2418,18,Female,United States,Dallas,150K+,Bachelors,Employed,Single,96,85,879.3,74740.5,45,Electronics,Marketplace,Tablet,Bank Transfer,11,3,2,0.325,0.024,0.09,,93.31
2419,38,Male,United States,San Antonio,75K-100K,Bachelors,Retired,Divorced,9,152,869.24,132124.48,5,Toys,In-Store,Mobile,Digital Wallet,18,0,5,0.376,0.394,0.235,Twitter,70.01
2420,50,Female,United States,Dallas,150K+,Bachelors,Self-Employed,Widowed,17,59,718.12,42369.08,1,Beauty,Online,Tablet,Debit Card,17,7,2,0.775,0.349,0.27,"Instagram, Facebook, Twitter",51.26
2421,22,Female,United States,San Antonio,150K+,High School,Employed,Married,106,122,71.42,8713.24,3,Beauty,In-Store,Multiple,Cash on Delivery,6,10,4,0.899,0.495,0.192,"YouTube, Instagram",116.85
2422,52,Male,United States,Phoenix,75K-100K,Bachelors,Unemployed,Married,90,36,302.99,10907.64,97,Pet Supplies,In-Store,Desktop,Bank Transfer,2,6,1,0.557,0.46,0.149,YouTube,74.38
2423,51,Female,United States,San Diego,25K-50K,High School,Self-Employed,Married,98,109,883.94,96349.46,133,Pet Supplies,Online,Mobile,Digital Wallet,8,9,4,0.543,0.093,0.109,YouTube,90.3
2424,27,Female,United States,San Diego,75K-100K,Bachelors,Student,Married,26,34,694.73,23620.82,6,Fashion,Mobile App,Desktop,Cash on Delivery,2,3,2,0.786,0.129,0.295,"TikTok, Facebook",183.9
2425,45,Female,United States,Los Angeles,100K-150K,Bachelors,Retired,Widowed,49,134,739.79,99131.86,61,Toys,Online,Mobile,Digital Wallet,2,8,1,0.712,0.191,0.21,"YouTube, Facebook, TikTok",130.35
2426,46,Male,United States,Philadelphia,25K-50K,PhD,Employed,Widowed,95,129,946.51,122099.79,1,Office Supplies,Online,Mobile,Bank Transfer,2,4,4,0.136,0.497,0.195,"Twitter, LinkedIn",15.25
2427,50,Female,United States,San Diego,150K+,Masters,Unemployed,Married,68,113,840.94,95026.22,1,Pet Supplies,Online,Desktop,Digital Wallet,4,8,1,0.96,0.213,0.085,"YouTube, TikTok, Instagram",49.23
2428,50,Male,United States,Phoenix,100K-150K,High School,Student,Divorced,83,122,121.78,14857.16,5,Office Supplies,In-Store,Desktop,Cash on Delivery,5,1,5,0.992,0.048,0.076,Twitter,163.37
2429,50,Male,United States,San Antonio,100K-150K,PhD,Self-Employed,Single,7,87,150.59,13101.33,2,Home & Kitchen,Marketplace,Tablet,Cash on Delivery,8,0,4,0.2,0.26,0.233,,51.78
2430,38,Female,United States,Dallas,25K-50K,High School,Employed,Single,18,111,663.39,73636.29,28,Sports & Fitness,Mobile App,Desktop,Bank Transfer,15,5,5,0.557,0.133,0.121,"Facebook, YouTube",122.41
2431,36,Female,United States,New York,50K-75K,PhD,Student,Divorced,29,131,414.62,54315.22,15,Health & Personal Care,In-Store,Desktop,Debit Card,5,3,3,0.354,0.149,0.155,,58.88
2432,58,Female,United States,San Jose,100K-150K,High School,Employed,Widowed,104,124,598.27,74185.48,1,Beauty,Online,Multiple,Bank Transfer,0,3,4,0.036,0.391,0.275,"TikTok, Twitter, Instagram",178.34
2433,78,Female,United States,Los Angeles,50K-75K,High School,Employed,Widowed,27,149,773.75,115288.75,0,Sports & Fitness,Mobile App,Mobile,Debit Card,10,4,5,0.416,0.267,0.07,"Facebook, TikTok, LinkedIn",121.46
2434,24,Male,United States,San Diego,25K-50K,Professional,Student,Widowed,33,14,575.1,8051.4,14,Office Supplies,Mobile App,Mobile,Bank Transfer,8,8,5,0.514,0.242,0.239,"Twitter, YouTube",112.21
2435,59,Male,United States,Houston,0-25K,Bachelors,Student,Widowed,52,68,414.32,28173.76,1,Electronics,Online,Tablet,Bank Transfer,10,13,2,0.708,0.186,0.053,,92.01
2436,82,Female,United States,Chicago,50K-75K,Professional,Unemployed,Widowed,108,152,198.33,30146.16,345,Health & Personal Care,Online,Desktop,Cash on Delivery,2,1,2,0.109,0.04,0.061,"LinkedIn, TikTok, Twitter",62.18
2437,19,Female,United States,Phoenix,75K-100K,High School,Student,Single,105,80,406.65,32532.0,10,Beauty,In-Store,Multiple,Digital Wallet,5,12,3,0.967,0.215,0.066,"Facebook, Twitter, YouTube",165.66
2438,60,Female,United States,San Diego,150K+,Bachelors,Unemployed,Divorced,70,24,980.64,23535.36,0,Fashion,Marketplace,Mobile,Digital Wallet,15,7,2,0.059,0.01,0.026,YouTube,140.02
2439,23,Male,United States,San Antonio,0-25K,Masters,Employed,Single,64,141,357.1,50351.1,13,Automotive,Marketplace,Multiple,Cash on Delivery,7,5,4,0.648,0.463,0.107,Instagram,111.84
2440,80,Male,United States,Phoenix,75K-100K,PhD,Student,Divorced,68,118,548.37,64707.66,2,Grocery,In-Store,Mobile,Digital Wallet,6,13,4,0.28,0.28,0.135,"TikTok, Facebook",7.47
2441,54,Female,United States,Chicago,50K-75K,PhD,Retired,Single,69,11,298.6,3284.6,56,Office Supplies,Online,Desktop,Credit Card,19,14,4,0.626,0.449,0.28,Instagram,80.19
2442,44,Female,United States,Philadelphia,50K-75K,Bachelors,Student,Divorced,2,160,519.05,83048.0,7,Fashion,Online,Tablet,Debit Card,10,4,3,0.347,0.291,0.139,,158.41
2443,49,Female,United States,San Jose,0-25K,Bachelors,Self-Employed,Single,96,185,470.31,87007.35,0,Books,In-Store,Desktop,Cash on Delivery,2,3,2,0.169,0.394,0.255,"LinkedIn, Facebook",14.4
2444,57,Male,United States,Phoenix,0-25K,High School,Student,Married,20,194,546.29,105980.26,23,Books,Online,Multiple,Credit Card,17,12,1,0.612,0.138,0.109,YouTube,7.77
2445,22,Male,United States,Philadelphia,50K-75K,High School,Self-Employed,Single,60,125,659.68,82460.0,35,Sports & Fitness,Mobile App,Tablet,Cash on Delivery,0,14,1,0.023,0.252,0.166,"Facebook, Instagram, YouTube",188.18
2446,34,Male,United States,Phoenix,50K-75K,PhD,Self-Employed,Married,30,129,19.33,2493.57,1,Automotive,Online,Mobile,Debit Card,6,9,3,0.788,0.025,0.169,"YouTube, Twitter, Instagram",58.05
2447,66,Female,United States,Los Angeles,150K+,Bachelors,Unemployed,Widowed,21,136,123.64,16815.04,5,Health & Personal Care,In-Store,Desktop,Bank Transfer,4,2,3,0.718,0.358,0.199,"Instagram, Facebook",119.79
2448,21,Male,United States,Dallas,50K-75K,High School,Employed,Married,16,185,962.27,178019.95,72,Grocery,Online,Desktop,Credit Card,16,12,4,0.729,0.405,0.085,LinkedIn,37.14
2449,51,Female,United States,Los Angeles,100K-150K,High School,Retired,Single,18,63,376.05,23691.15,64,Grocery,Online,Desktop,Debit Card,4,1,3,0.575,0.303,0.001,Instagram,7.75
2450,59,Female,United States,San Diego,0-25K,High School,Student,Divorced,70,44,865.11,38064.84,0,Health & Personal Care,In-Store,Tablet,Cash on Delivery,5,12,5,0.829,0.302,0.055,"Twitter, TikTok, LinkedIn",48.2
2451,54,Female,United States,Houston,75K-100K,Bachelors,Retired,Widowed,72,71,794.47,56407.37,1,Sports & Fitness,Online,Desktop,Bank Transfer,16,12,2,0.149,0.052,0.237,YouTube,87.83
2452,51,Female,United States,Philadelphia,75K-100K,PhD,Student,Divorced,56,168,995.66,167270.88,29,Pet Supplies,Online,Desktop,Credit Card,13,2,5,0.43,0.07,0.065,,133.67
2453,24,Female,United States,Dallas,100K-150K,Masters,Employed,Divorced,98,141,978.27,137936.07,0,Sports & Fitness,In-Store,Tablet,Credit Card,2,2,1,0.056,0.04,0.197,Twitter,139.44
2454,34,Male,United States,New York,100K-150K,Professional,Unemployed,Widowed,89,187,462.48,86483.76,5,Health & Personal Care,In-Store,Desktop,Bank Transfer,13,8,2,0.246,0.432,0.054,"Facebook, TikTok, Twitter",127.61
2455,27,Female,United States,New York,25K-50K,High School,Self-Employed,Single,32,49,852.03,41749.47,1,Home & Kitchen,Online,Desktop,Cash on Delivery,6,3,3,0.762,0.372,0.246,"LinkedIn, Instagram, YouTube",110.07
2456,40,Female,United States,Chicago,100K-150K,Bachelors,Employed,Single,56,193,377.45,72847.85,1,Grocery,Marketplace,Mobile,Digital Wallet,6,1,1,0.493,0.337,0.137,TikTok,115.83
2457,41,Male,United States,San Diego,150K+,Bachelors,Unemployed,Married,51,6,780.5,4683.0,146,Grocery,Online,Mobile,Bank Transfer,16,2,4,0.517,0.241,0.109,LinkedIn,105.35
2458,44,Male,United States,San Jose,100K-150K,Professional,Unemployed,Divorced,27,167,167.99,28054.33,1,Health & Personal Care,Mobile App,Mobile,Digital Wallet,12,11,3,0.146,0.43,0.277,"YouTube, Instagram, LinkedIn",11.66
2459,21,Female,United States,Philadelphia,100K-150K,Masters,Self-Employed,Divorced,75,9,868.34,7815.06,25,Beauty,Mobile App,Desktop,Credit Card,7,13,1,0.243,0.031,0.27,"Twitter, TikTok",112.29
2460,39,Male,United States,Phoenix,100K-150K,PhD,Retired,Single,114,59,549.49,32419.91,0,Beauty,In-Store,Desktop,Cash on Delivery,11,11,2,0.162,0.141,0.256,,119.36
2461,33,Male,United States,New York,75K-100K,Bachelors,Student,Married,77,76,585.4,44490.4,16,Automotive,Online,Desktop,Bank Transfer,19,1,1,0.084,0.241,0.059,,186.93
2462,20,Male,United States,San Antonio,75K-100K,PhD,Self-Employed,Single,71,179,682.32,122135.28,23,Office Supplies,Marketplace,Tablet,Cash on Delivery,10,4,1,0.807,0.414,0.298,"Instagram, YouTube, Facebook",126.06
2463,61,Male,United States,Philadelphia,100K-150K,PhD,Employed,Married,33,33,537.73,17745.09,344,Books,Mobile App,Multiple,Cash on Delivery,11,1,2,0.838,0.364,0.285,,112.27
2464,82,Male,United States,Houston,0-25K,Masters,Self-Employed,Divorced,94,36,69.36,2496.96,115,Electronics,Online,Multiple,Bank Transfer,7,13,1,0.429,0.02,0.054,"YouTube, Twitter, TikTok",139.72
2465,65,Female,United States,Chicago,150K+,Professional,Employed,Married,57,139,399.32,55505.48,7,Home & Kitchen,In-Store,Desktop,Credit Card,12,1,2,0.582,0.433,0.171,TikTok,191.86
2466,20,Female,United States,San Antonio,100K-150K,Masters,Employed,Widowed,91,74,732.52,54206.48,41,Office Supplies,Mobile App,Multiple,Credit Card,2,2,4,0.785,0.192,0.251,YouTube,169.02
2467,63,Male,United States,Philadelphia,50K-75K,High School,Self-Employed,Widowed,111,199,845.87,168328.13,16,Office Supplies,Online,Mobile,Debit Card,14,0,3,0.645,0.107,0.236,,71.01
2468,44,Female,United States,Houston,75K-100K,Bachelors,Employed,Single,86,41,277.76,11388.16,1,Sports & Fitness,Online,Multiple,Debit Card,15,9,5,0.682,0.317,0.112,,161.08
2469,20,Female,United States,New York,150K+,PhD,Student,Single,93,109,355.78,38780.02,270,Electronics,Online,Desktop,Credit Card,15,5,4,0.352,0.458,0.161,"Twitter, YouTube",107.47
2470,23,Female,United States,Dallas,50K-75K,Professional,Student,Divorced,105,70,994.67,69626.9,83,Books,In-Store,Desktop,Credit Card,7,14,1,0.458,0.374,0.257,YouTube,171.43
2471,75,Male,United States,San Antonio,0-25K,Bachelors,Unemployed,Married,5,7,599.77,4198.39,25,Fashion,Online,Multiple,Cash on Delivery,15,9,5,0.252,0.276,0.185,"Twitter, Instagram",7.15
2472,26,Male,United States,Chicago,25K-50K,Masters,Self-Employed,Married,63,119,228.49,27190.31,355,Electronics,In-Store,Desktop,Debit Card,15,13,1,0.635,0.4,0.186,,57.8
2473,55,Male,United States,Los Angeles,50K-75K,PhD,Student,Married,80,60,749.56,44973.6,247,Sports & Fitness,In-Store,Multiple,Bank Transfer,4,6,4,0.192,0.263,0.162,,54.13
2474,29,Male,United States,San Jose,50K-75K,PhD,Retired,Single,25,171,957.17,163676.07,2,Health & Personal Care,In-Store,Multiple,Digital Wallet,7,8,5,0.45,0.302,0.005,"Instagram, Facebook, TikTok",195.21
2475,34,Female,United States,Phoenix,100K-150K,PhD,Student,Single,77,193,934.19,180298.67,174,Toys,In-Store,Mobile,Credit Card,14,8,4,0.095,0.433,0.227,"LinkedIn, Instagram",114.72
2476,23,Male,United States,Phoenix,75K-100K,Bachelors,Student,Married,71,191,307.18,58671.38,6,Office Supplies,Mobile App,Tablet,Cash on Delivery,5,7,3,0.456,0.361,0.076,LinkedIn,154.38
2477,21,Male,United States,San Antonio,25K-50K,High School,Unemployed,Single,106,145,263.74,38242.3,21,Books,Marketplace,Tablet,Digital Wallet,10,5,5,0.138,0.409,0.284,"Instagram, TikTok",115.41
2478,60,Male,United States,Chicago,75K-100K,Masters,Self-Employed,Divorced,61,151,460.91,69597.41,0,Beauty,Mobile App,Mobile,Digital Wallet,16,12,3,0.025,0.369,0.198,,40.1
2479,31,Female,United States,Los Angeles,0-25K,Bachelors,Unemployed,Divorced,43,13,813.69,10577.97,59,Grocery,Online,Multiple,Credit Card,16,3,2,0.119,0.472,0.056,"TikTok, Facebook",199.92
2480,63,Male,United States,Los Angeles,0-25K,Professional,Retired,Divorced,6,109,995.77,108538.93,208,Fashion,Online,Tablet,Credit Card,1,12,2,0.736,0.187,0.133,"Twitter, Facebook, YouTube",39.26
2481,58,Male,United States,Houston,75K-100K,Bachelors,Student,Widowed,115,181,61.88,11200.28,0,Sports & Fitness,Mobile App,Mobile,Cash on Delivery,15,5,2,0.111,0.12,0.022,,165.03
2482,44,Male,United States,Chicago,25K-50K,Bachelors,Unemployed,Single,62,184,730.42,134397.28,170,Automotive,Mobile App,Mobile,Credit Card,18,7,5,0.504,0.457,0.265,,182.58
2483,70,Male,United States,San Antonio,25K-50K,Masters,Unemployed,Married,111,124,684.24,84845.76,2,Toys,In-Store,Multiple,Bank Transfer,10,11,4,0.232,0.059,0.029,TikTok,21.45
2484,44,Female,United States,Houston,150K+,Masters,Employed,Widowed,21,183,26.64,4875.12,0,Toys,Mobile App,Multiple,Cash on Delivery,17,13,1,0.1,0.177,0.036,,81.44
2485,56,Female,United States,Houston,50K-75K,Bachelors,Unemployed,Single,31,150,315.56,47334.0,83,Grocery,Mobile App,Mobile,Cash on Delivery,19,6,4,0.449,0.335,0.021,"TikTok, Facebook",78.46
2486,18,Female,United States,Los Angeles,0-25K,PhD,Employed,Divorced,3,67,462.68,30999.56,28,Sports & Fitness,In-Store,Desktop,Debit Card,2,9,4,0.733,0.268,0.206,LinkedIn,192.46
2487,43,Female,United States,San Diego,100K-150K,Masters,Retired,Single,96,46,711.59,32733.14,1,Toys,Online,Multiple,Bank Transfer,4,5,3,0.441,0.276,0.075,,34.23
2488,41,Female,United States,Philadelphia,0-25K,PhD,Self-Employed,Widowed,78,164,988.71,162148.44,46,Pet Supplies,In-Store,Mobile,Debit Card,7,12,3,0.294,0.188,0.253,"Twitter, TikTok",192.23
2489,81,Male,United States,Philadelphia,150K+,Bachelors,Student,Widowed,16,36,271.23,9764.28,230,Health & Personal Care,Online,Multiple,Cash on Delivery,3,10,3,0.713,0.205,0.191,"TikTok, LinkedIn, YouTube",188.76
2490,60,Male,United States,Los Angeles,0-25K,Masters,Unemployed,Married,2,90,492.8,44352.0,0,Beauty,In-Store,Mobile,Digital Wallet,10,10,5,0.7,0.42,0.063,,152.75
2491,45,Male,United States,Philadelphia,25K-50K,High School,Employed,Widowed,12,72,955.38,68787.36,90,Health & Personal Care,Marketplace,Tablet,Bank Transfer,2,2,4,0.511,0.473,0.043,"TikTok, Instagram, Twitter",33.17
2492,31,Female,United States,San Jose,0-25K,High School,Retired,Single,98,168,175.8,29534.4,24,Home & Kitchen,Mobile App,Desktop,Cash on Delivery,1,11,4,0.652,0.352,0.105,YouTube,119.59
2493,70,Male,United States,San Diego,75K-100K,Masters,Retired,Widowed,95,167,198.66,33176.22,347,Office Supplies,Online,Multiple,Digital Wallet,16,0,1,0.267,0.281,0.031,TikTok,102.41
2494,40,Female,United States,New York,0-25K,High School,Self-Employed,Widowed,10,4,710.06,2840.24,8,Grocery,Online,Desktop,Debit Card,16,1,1,0.473,0.099,0.094,,55.66
2495,39,Male,United States,Philadelphia,100K-150K,Professional,Self-Employed,Single,98,193,581.15,112161.95,3,Automotive,In-Store,Tablet,Credit Card,7,2,1,0.05,0.496,0.08,"YouTube, LinkedIn, Instagram",67.35
2496,69,Male,United States,Phoenix,0-25K,Masters,Student,Widowed,25,81,433.48,35111.88,16,Sports & Fitness,Marketplace,Tablet,Digital Wallet,1,6,1,0.487,0.121,0.121,,147.77
2497,55,Female,United States,Dallas,150K+,Professional,Unemployed,Divorced,30,1,146.15,146.15,0,Books,Mobile App,Tablet,Cash on Delivery,4,1,2,0.544,0.417,0.098,"TikTok, Twitter, YouTube",47.08
2498,68,Female,United States,San Diego,50K-75K,High School,Self-Employed,Married,39,186,429.23,79836.78,17,Automotive,Marketplace,Multiple,Credit Card,0,8,4,0.738,0.237,0.106,,191.9
2499,54,Female,United States,Phoenix,50K-75K,PhD,Employed,Married,103,144,332.82,47926.08,1,Home & Kitchen,Mobile App,Desktop,Credit Card,6,7,4,0.744,0.053,0.147,Facebook,99.74
2500,24,Female,United States,Houston,50K-75K,PhD,Unemployed,Married,34,78,954.98,74488.44,6,Pet Supplies,In-Store,Mobile,Cash on Delivery,14,8,4,0.653,0.406,0.249,"TikTok, Facebook, Instagram",114.32
2501,43,Female,United States,Los Angeles,25K-50K,Bachelors,Unemployed,Single,111,114,67.04,7642.56,4,Home & Kitchen,Marketplace,Tablet,Debit Card,12,4,4,0.069,0.229,0.23,"Twitter, TikTok, YouTube",35.25
2502,20,Male,United States,San Antonio,0-25K,High School,Self-Employed,Single,111,151,608.77,91924.27,1,Home & Kitchen,In-Store,Multiple,Debit Card,2,14,2,0.62,0.469,0.077,"Twitter, TikTok, LinkedIn",37.87
2503,22,Female,United States,Dallas,75K-100K,Masters,Unemployed,Single,81,51,793.14,40450.14,85,Electronics,Online,Desktop,Bank Transfer,15,10,1,0.3,0.415,0.014,,168.43
2504,43,Female,United States,San Jose,25K-50K,Bachelors,Student,Divorced,107,147,989.7,145485.9,144,Books,Mobile App,Desktop,Digital Wallet,14,14,2,0.394,0.422,0.07,Twitter,97.96
2505,64,Female,United States,Dallas,75K-100K,High School,Self-Employed,Married,79,62,284.31,17627.22,36,Fashion,In-Store,Tablet,Debit Card,18,9,4,0.194,0.384,0.121,,164.37
2506,24,Female,United States,Los Angeles,0-25K,Professional,Self-Employed,Married,114,36,659.38,23737.68,28,Health & Personal Care,Online,Multiple,Debit Card,12,0,4,0.035,0.139,0.044,LinkedIn,128.57
2507,67,Male,United States,Los Angeles,150K+,PhD,Student,Single,24,142,663.76,94253.92,305,Office Supplies,In-Store,Mobile,Debit Card,19,11,1,0.79,0.473,0.268,,18.48
2508,60,Female,United States,Los Angeles,0-25K,PhD,Self-Employed,Married,97,131,815.0,106765.0,8,Office Supplies,Mobile App,Tablet,Bank Transfer,18,8,4,0.578,0.018,0.086,Instagram,184.0
2509,35,Female,United States,Philadelphia,100K-150K,Professional,Employed,Married,15,14,567.35,7942.9,0,Toys,In-Store,Multiple,Digital Wallet,3,1,1,0.368,0.431,0.233,,129.53
2510,18,Male,United States,Philadelphia,75K-100K,Professional,Self-Employed,Divorced,40,114,847.65,96632.1,129,Health & Personal Care,Marketplace,Multiple,Cash on Delivery,4,2,5,0.172,0.266,0.235,Instagram,191.54
2511,59,Female,United States,Phoenix,150K+,Professional,Self-Employed,Married,97,62,432.53,26816.86,1,Grocery,In-Store,Multiple,Bank Transfer,18,11,2,0.755,0.29,0.176,LinkedIn,153.98
2512,20,Male,United States,Dallas,0-25K,Bachelors,Self-Employed,Divorced,118,82,54.16,4441.12,21,Health & Personal Care,In-Store,Desktop,Cash on Delivery,14,6,5,0.589,0.202,0.072,"LinkedIn, Instagram",86.37
2513,25,Male,United States,Dallas,100K-150K,Professional,Employed,Widowed,27,29,641.14,18593.06,3,Pet Supplies,In-Store,Desktop,Digital Wallet,4,9,3,0.451,0.205,0.199,YouTube,187.72
2514,22,Male,United States,San Antonio,100K-150K,Bachelors,Unemployed,Married,18,18,835.03,15030.54,4,Toys,Marketplace,Mobile,Cash on Delivery,19,12,1,0.763,0.44,0.036,"Facebook, Instagram",24.17
2515,55,Male,United States,San Jose,150K+,PhD,Unemployed,Married,91,150,927.72,139158.0,287,Sports & Fitness,Mobile App,Mobile,Cash on Delivery,0,3,2,0.711,0.281,0.176,LinkedIn,169.39
2516,21,Male,United States,New York,150K+,Masters,Self-Employed,Married,63,128,226.5,28992.0,0,Toys,Marketplace,Mobile,Cash on Delivery,8,8,3,0.871,0.467,0.005,"Facebook, Twitter, TikTok",118.99
2517,53,Female,United States,Dallas,0-25K,Bachelors,Employed,Single,88,10,693.91,6939.1,26,Automotive,In-Store,Desktop,Bank Transfer,7,5,5,0.314,0.309,0.155,LinkedIn,107.66
2518,58,Male,United States,San Jose,150K+,PhD,Self-Employed,Single,13,87,74.51,6482.37,69,Pet Supplies,Online,Desktop,Cash on Delivery,5,10,4,0.161,0.142,0.085,,38.81
2519,26,Male,United States,San Diego,25K-50K,Professional,Student,Single,49,79,507.89,40123.31,2,Grocery,Online,Desktop,Credit Card,3,11,5,0.459,0.152,0.238,,181.09
2520,52,Female,United States,New York,150K+,Professional,Self-Employed,Divorced,25,63,191.96,12093.48,24,Sports & Fitness,Online,Mobile,Digital Wallet,0,9,3,0.267,0.172,0.013,"Facebook, YouTube",125.53
2521,40,Female,United States,New York,0-25K,High School,Student,Single,19,104,241.77,25144.08,19,Office Supplies,In-Store,Mobile,Debit Card,0,14,1,0.469,0.08,0.271,,23.61
2522,34,Female,United States,New York,150K+,PhD,Unemployed,Single,16,159,359.96,57233.64,18,Office Supplies,Marketplace,Desktop,Cash on Delivery,0,8,2,0.023,0.147,0.098,"LinkedIn, Facebook",8.07
2523,21,Male,United States,Los Angeles,150K+,Bachelors,Employed,Married,86,109,47.19,5143.71,64,Health & Personal Care,Online,Tablet,Digital Wallet,3,13,3,0.437,0.149,0.017,"Instagram, TikTok, Facebook",151.7
2524,51,Female,United States,Chicago,0-25K,Bachelors,Self-Employed,Widowed,53,13,889.56,11564.28,25,Sports & Fitness,In-Store,Tablet,Debit Card,15,7,3,0.246,0.151,0.261,YouTube,173.31
2525,51,Female,United States,Chicago,50K-75K,Masters,Student,Widowed,43,22,732.5,16115.0,4,Beauty,In-Store,Multiple,Bank Transfer,17,11,3,0.096,0.433,0.149,,170.51
2526,18,Female,United States,Philadelphia,150K+,Professional,Employed,Single,51,185,493.44,91286.4,6,Grocery,Marketplace,Desktop,Bank Transfer,18,9,5,0.046,0.196,0.294,"TikTok, YouTube",86.65
2527,51,Male,United States,Philadelphia,0-25K,High School,Retired,Married,24,82,369.8,30323.6,50,Grocery,Online,Mobile,Digital Wallet,6,8,1,0.085,0.014,0.289,,125.75
2528,39,Male,United States,Los Angeles,100K-150K,PhD,Student,Widowed,65,9,150.76,1356.84,318,Automotive,Mobile App,Tablet,Bank Transfer,0,12,4,0.251,0.053,0.224,"Instagram, Twitter",110.02
2529,60,Female,United States,New York,150K+,Masters,Unemployed,Single,74,90,263.96,23756.4,1,Toys,Marketplace,Mobile,Cash on Delivery,9,14,1,0.357,0.417,0.283,,48.55
2530,73,Female,United States,Chicago,75K-100K,Professional,Employed,Married,55,78,225.58,17595.24,17,Beauty,In-Store,Multiple,Cash on Delivery,10,9,1,0.86,0.328,0.211,"Instagram, Facebook",140.67
2531,24,Female,United States,San Diego,75K-100K,PhD,Retired,Widowed,108,21,112.79,2368.59,253,Office Supplies,Marketplace,Tablet,Bank Transfer,12,11,5,0.269,0.049,0.162,"TikTok, Twitter, LinkedIn",156.56
2532,27,Male,United States,Los Angeles,0-25K,High School,Retired,Widowed,1,87,685.43,59632.41,338,Toys,Mobile App,Multiple,Bank Transfer,2,2,5,0.869,0.167,0.039,Twitter,85.86
2533,45,Male,United States,Houston,75K-100K,Masters,Retired,Widowed,38,67,523.82,35095.94,116,Sports & Fitness,Mobile App,Multiple,Bank Transfer,8,3,5,0.562,0.31,0.037,"Facebook, TikTok",88.89
2534,55,Male,United States,Los Angeles,0-25K,High School,Unemployed,Widowed,3,68,362.39,24642.52,88,Sports & Fitness,Online,Mobile,Cash on Delivery,13,1,1,0.124,0.167,0.113,,54.39
2535,58,Female,United States,Los Angeles,0-25K,High School,Retired,Single,33,76,184.14,13994.64,35,Beauty,Marketplace,Multiple,Bank Transfer,3,11,3,0.589,0.255,0.072,"Twitter, Instagram",92.49
2536,55,Male,United States,Houston,50K-75K,Bachelors,Student,Divorced,1,129,775.58,100049.82,12,Health & Personal Care,Online,Multiple,Digital Wallet,8,9,3,0.547,0.473,0.054,"TikTok, Instagram, LinkedIn",170.89
2537,22,Female,United States,San Diego,0-25K,Bachelors,Unemployed,Divorced,44,79,17.98,1420.42,7,Electronics,In-Store,Multiple,Digital Wallet,17,6,1,0.89,0.126,0.268,,141.58
2538,50,Male,United States,Dallas,25K-50K,High School,Student,Single,34,136,917.94,124839.84,0,Toys,In-Store,Multiple,Digital Wallet,7,5,1,0.561,0.17,0.081,"Facebook, LinkedIn, Twitter",102.64
2539,81,Male,United States,Dallas,75K-100K,High School,Employed,Single,77,2,660.86,1321.72,64,Toys,Online,Desktop,Bank Transfer,10,4,1,0.971,0.085,0.178,,67.19
2540,46,Male,United States,Los Angeles,25K-50K,Bachelors,Self-Employed,Widowed,48,1,332.65,332.65,0,Books,In-Store,Desktop,Bank Transfer,9,3,4,0.886,0.212,0.159,"Instagram, LinkedIn, TikTok",143.74
2541,29,Male,United States,San Jose,0-25K,Masters,Employed,Widowed,25,192,310.12,59543.04,21,Office Supplies,Marketplace,Desktop,Digital Wallet,16,7,1,0.307,0.364,0.198,,19.8
2542,35,Female,United States,Chicago,100K-150K,Bachelors,Unemployed,Single,3,103,475.46,48972.38,0,Automotive,Mobile App,Tablet,Digital Wallet,18,13,3,0.162,0.401,0.002,"Instagram, TikTok, LinkedIn",136.6
2543,29,Male,United States,San Diego,100K-150K,Professional,Retired,Widowed,73,180,296.78,53420.4,161,Sports & Fitness,Mobile App,Mobile,Credit Card,17,8,2,0.192,0.466,0.035,,133.24
2544,32,Female,United States,Houston,100K-150K,Professional,Student,Divorced,35,91,923.72,84058.52,34,Fashion,In-Store,Mobile,Credit Card,10,4,4,0.532,0.357,0.279,,114.68
2545,41,Female,United States,Houston,50K-75K,High School,Unemployed,Single,83,159,218.56,34751.04,1,Beauty,In-Store,Multiple,Cash on Delivery,6,14,1,0.2,0.033,0.288,"Facebook, Instagram, YouTube",21.44
2546,53,Female,United States,New York,0-25K,Professional,Retired,Widowed,94,46,87.41,4020.86,2,Sports & Fitness,Marketplace,Multiple,Digital Wallet,1,3,1,0.487,0.277,0.223,,41.07
2547,70,Female,United States,San Antonio,0-25K,Professional,Self-Employed,Married,20,7,805.17,5636.19,1,Toys,Online,Multiple,Cash on Delivery,13,13,5,0.346,0.288,0.072,Facebook,43.98
2548,18,Male,United States,San Antonio,75K-100K,PhD,Unemployed,Single,42,9,314.68,2832.12,26,Automotive,Online,Multiple,Debit Card,17,12,4,0.001,0.263,0.096,LinkedIn,193.14
2549,26,Male,United States,San Jose,150K+,PhD,Retired,Married,35,108,466.48,50379.84,141,Automotive,Online,Tablet,Debit Card,9,7,3,0.437,0.413,0.284,Facebook,197.41
2550,50,Female,United States,San Antonio,150K+,High School,Student,Single,52,87,488.38,42489.06,155,Office Supplies,Online,Multiple,Cash on Delivery,10,3,3,0.298,0.126,0.189,"Twitter, Facebook, YouTube",83.2
2551,82,Male,United States,Los Angeles,25K-50K,High School,Unemployed,Widowed,79,102,186.43,19015.86,72,Beauty,Marketplace,Desktop,Cash on Delivery,1,1,4,0.246,0.133,0.288,"YouTube, Twitter",55.51
2552,59,Male,United States,Chicago,50K-75K,Professional,Retired,Widowed,118,109,360.67,39313.03,9,Office Supplies,Marketplace,Tablet,Digital Wallet,15,11,4,0.327,0.138,0.078,,60.37
2553,45,Male,United States,Phoenix,100K-150K,PhD,Unemployed,Married,51,96,206.04,19779.84,256,Grocery,In-Store,Tablet,Bank Transfer,4,8,5,0.796,0.436,0.229,"TikTok, Twitter, LinkedIn",37.61
2554,18,Female,United States,San Antonio,100K-150K,PhD,Employed,Widowed,28,66,967.36,63845.76,144,Electronics,Marketplace,Desktop,Digital Wallet,3,7,1,0.769,0.254,0.226,"YouTube, TikTok",185.51
2555,18,Male,United States,Phoenix,0-25K,Bachelors,Self-Employed,Widowed,8,126,418.27,52702.02,0,Books,Marketplace,Multiple,Debit Card,7,11,4,0.179,0.439,0.076,"Instagram, YouTube",47.08
2556,71,Female,United States,Phoenix,50K-75K,High School,Student,Single,17,120,391.2,46944.0,4,Health & Personal Care,Marketplace,Multiple,Digital Wallet,14,14,4,0.234,0.48,0.201,Twitter,189.87
2557,56,Male,United States,New York,150K+,High School,Retired,Married,5,14,639.29,8950.06,261,Health & Personal Care,Mobile App,Mobile,Credit Card,13,12,2,0.872,0.263,0.14,,98.63
2558,37,Female,United States,San Antonio,25K-50K,PhD,Employed,Divorced,91,20,11.93,238.6,0,Automotive,Marketplace,Mobile,Bank Transfer,1,2,3,0.271,0.343,0.19,"LinkedIn, Twitter",12.05
2559,66,Male,United States,Houston,100K-150K,High School,Employed,Widowed,118,144,908.19,130779.36,214,Health & Personal Care,In-Store,Desktop,Debit Card,14,8,4,0.889,0.347,0.204,,7.8
2560,50,Female,United States,San Jose,50K-75K,Masters,Self-Employed,Widowed,29,43,120.26,5171.18,155,Beauty,Marketplace,Multiple,Credit Card,3,13,3,0.239,0.374,0.1,"Twitter, YouTube",94.05
2561,22,Female,United States,Chicago,0-25K,Bachelors,Retired,Widowed,117,75,330.92,24819.0,0,Pet Supplies,Online,Tablet,Bank Transfer,13,8,1,0.802,0.447,0.125,"Twitter, LinkedIn",91.13
2562,58,Female,United States,Houston,50K-75K,Professional,Employed,Single,107,11,918.22,10100.42,78,Automotive,Marketplace,Mobile,Debit Card,17,0,3,0.133,0.495,0.076,,192.23
2563,55,Male,United States,Philadelphia,75K-100K,Bachelors,Self-Employed,Married,36,175,792.21,138636.75,193,Sports & Fitness,In-Store,Multiple,Digital Wallet,14,12,3,0.459,0.157,0.245,"Instagram, LinkedIn, Twitter",163.42
2564,59,Female,United States,Houston,0-25K,High School,Retired,Married,95,87,845.67,73573.29,365,Automotive,In-Store,Desktop,Cash on Delivery,2,14,3,0.293,0.146,0.091,,29.78
2565,24,Female,United States,San Antonio,50K-75K,PhD,Self-Employed,Married,40,159,165.19,26265.21,281,Grocery,In-Store,Mobile,Credit Card,8,13,2,0.253,0.096,0.299,TikTok,97.7
2566,44,Female,United States,Los Angeles,25K-50K,High School,Unemployed,Single,19,50,538.74,26937.0,54,Pet Supplies,Marketplace,Desktop,Digital Wallet,9,2,4,0.714,0.355,0.138,"YouTube, Twitter, Facebook",13.94
2567,24,Male,United States,Houston,150K+,Masters,Student,Married,2,138,555.21,76618.98,21,Beauty,Marketplace,Desktop,Cash on Delivery,7,3,1,0.988,0.031,0.24,,109.83
2568,66,Female,United States,New York,100K-150K,PhD,Retired,Widowed,34,196,53.93,10570.28,2,Grocery,Mobile App,Desktop,Digital Wallet,5,12,5,0.225,0.34,0.292,,77.93
2569,72,Male,United States,Philadelphia,100K-150K,Masters,Student,Single,18,169,952.54,160979.26,28,Grocery,Online,Desktop,Cash on Delivery,9,3,5,0.862,0.165,0.207,"TikTok, Instagram",162.89
2570,26,Female,United States,Los Angeles,50K-75K,Masters,Employed,Married,77,117,557.46,65222.82,43,Health & Personal Care,In-Store,Tablet,Digital Wallet,7,1,5,0.486,0.024,0.048,,101.22
2571,44,Female,United States,Houston,25K-50K,Professional,Retired,Married,33,177,932.92,165126.84,0,Grocery,Marketplace,Tablet,Credit Card,5,9,5,0.813,0.288,0.119,"Twitter, LinkedIn, Instagram",159.06
2572,21,Male,United States,Phoenix,50K-75K,Masters,Unemployed,Widowed,16,197,934.3,184057.1,4,Fashion,Marketplace,Desktop,Credit Card,6,4,5,0.171,0.385,0.089,"Facebook, LinkedIn",55.24
2573,21,Male,United States,San Diego,150K+,Bachelors,Unemployed,Married,116,66,778.11,51355.26,237,Books,Marketplace,Multiple,Cash on Delivery,17,13,5,0.284,0.371,0.223,,183.48
2574,53,Male,United States,San Jose,75K-100K,High School,Self-Employed,Divorced,11,148,961.57,142312.36,25,Books,Mobile App,Multiple,Debit Card,19,7,1,0.22,0.01,0.143,TikTok,91.77
2575,30,Male,United States,San Diego,25K-50K,High School,Student,Divorced,52,138,932.13,128633.94,240,Grocery,Mobile App,Multiple,Debit Card,13,3,2,0.323,0.335,0.226,"TikTok, LinkedIn, YouTube",159.36
2576,40,Female,United States,Los Angeles,100K-150K,Bachelors,Student,Single,1,197,868.87,171167.39,1,Grocery,Mobile App,Tablet,Bank Transfer,0,4,2,0.121,0.031,0.268,,99.84
2577,48,Male,United States,San Jose,25K-50K,High School,Self-Employed,Single,56,18,774.9,13948.2,286,Sports & Fitness,In-Store,Desktop,Bank Transfer,17,2,1,0.625,0.169,0.014,"TikTok, YouTube",192.69
2578,18,Male,United States,Dallas,25K-50K,Professional,Self-Employed,Widowed,57,148,242.05,35823.4,14,Electronics,Mobile App,Tablet,Debit Card,9,3,5,0.403,0.5,0.216,,48.08
2579,48,Female,United States,San Antonio,25K-50K,High School,Self-Employed,Married,100,72,311.07,22397.04,303,Grocery,In-Store,Tablet,Cash on Delivery,18,13,2,0.708,0.172,0.235,Instagram,100.64
2580,48,Female,United States,San Diego,25K-50K,PhD,Unemployed,Single,116,58,95.49,5538.42,65,Toys,Online,Mobile,Debit Card,13,11,5,0.352,0.384,0.157,Twitter,169.19
2581,51,Male,United States,San Jose,75K-100K,PhD,Employed,Married,35,144,450.44,64863.36,25,Sports & Fitness,Marketplace,Desktop,Bank Transfer,16,12,5,0.01,0.393,0.178,"LinkedIn, Twitter",198.58
2582,30,Female,United States,Phoenix,0-25K,Bachelors,Self-Employed,Widowed,31,17,414.29,7042.93,10,Sports & Fitness,Marketplace,Desktop,Bank Transfer,1,10,3,0.96,0.077,0.042,"Twitter, TikTok, Facebook",184.54
2583,22,Female,United States,San Jose,75K-100K,Professional,Employed,Widowed,54,111,468.31,51982.41,1,Home & Kitchen,In-Store,Multiple,Bank Transfer,0,10,5,0.775,0.362,0.216,LinkedIn,137.23
2584,24,Female,United States,Chicago,150K+,PhD,Employed,Married,84,190,412.77,78426.3,33,Health & Personal Care,Mobile App,Multiple,Bank Transfer,5,9,3,0.194,0.321,0.289,TikTok,91.07
2585,22,Female,United States,San Jose,50K-75K,Professional,Student,Single,91,2,806.17,1612.34,248,Office Supplies,Marketplace,Tablet,Bank Transfer,13,5,5,0.496,0.422,0.224,LinkedIn,161.07
2586,49,Female,United States,New York,25K-50K,PhD,Student,Divorced,99,199,195.28,38860.72,7,Office Supplies,Online,Multiple,Bank Transfer,17,6,3,0.494,0.311,0.169,"Twitter, LinkedIn",17.12
2587,35,Female,United States,Chicago,150K+,Masters,Self-Employed,Divorced,99,188,731.61,137542.68,19,Sports & Fitness,Mobile App,Mobile,Bank Transfer,0,14,3,0.948,0.127,0.015,Instagram,25.07
2588,36,Male,United States,San Diego,100K-150K,Professional,Employed,Single,96,185,857.72,158678.2,235,Home & Kitchen,Online,Multiple,Credit Card,1,7,1,0.817,0.004,0.22,Twitter,67.33
2589,55,Female,United States,San Antonio,100K-150K,Masters,Self-Employed,Widowed,79,58,932.36,54076.88,8,Beauty,In-Store,Multiple,Credit Card,14,10,4,0.241,0.39,0.145,"Twitter, Facebook",126.6
2590,76,Female,United States,New York,50K-75K,Professional,Employed,Married,66,87,878.85,76459.95,149,Sports & Fitness,Online,Desktop,Debit Card,11,13,5,0.224,0.052,0.134,"YouTube, Facebook",16.67
2591,26,Female,United States,Philadelphia,75K-100K,PhD,Unemployed,Single,81,85,118.42,10065.7,363,Health & Personal Care,In-Store,Tablet,Credit Card,13,5,5,0.159,0.016,0.1,,59.44
2592,26,Female,United States,Chicago,50K-75K,Bachelors,Student,Divorced,116,58,991.12,57484.96,1,Home & Kitchen,Online,Tablet,Digital Wallet,14,2,2,0.661,0.264,0.207,"TikTok, Instagram",129.08
2593,61,Female,United States,Chicago,50K-75K,High School,Student,Widowed,112,114,463.67,52858.38,16,Toys,Marketplace,Desktop,Bank Transfer,17,12,1,0.652,0.497,0.13,"Twitter, LinkedIn",121.33
2594,18,Female,United States,New York,150K+,Masters,Unemployed,Divorced,80,67,363.99,24387.33,50,Beauty,Online,Desktop,Credit Card,7,11,2,0.431,0.128,0.124,"Instagram, YouTube, Facebook",187.5
2595,83,Female,United States,Phoenix,100K-150K,Masters,Self-Employed,Widowed,43,140,150.53,21074.2,1,Office Supplies,Online,Mobile,Cash on Delivery,7,0,3,0.439,0.216,0.125,Instagram,197.47
2596,36,Female,United States,San Diego,100K-150K,PhD,Self-Employed,Married,61,170,593.5,100895.0,1,Electronics,In-Store,Multiple,Bank Transfer,16,13,5,0.195,0.232,0.273,"Facebook, LinkedIn, TikTok",51.92
2597,30,Female,United States,Philadelphia,75K-100K,Bachelors,Employed,Widowed,119,159,702.19,111648.21,21,Electronics,Marketplace,Tablet,Credit Card,13,4,1,0.516,0.421,0.095,,131.7
2598,28,Female,United States,San Jose,75K-100K,High School,Retired,Divorced,34,0,394.39,0.0,4,Automotive,Online,Mobile,Cash on Delivery,6,4,3,0.021,0.255,0.121,,177.3
2599,19,Male,United States,Los Angeles,50K-75K,Professional,Self-Employed,Single,73,155,769.21,119227.55,3,Grocery,Marketplace,Desktop,Digital Wallet,9,7,3,0.221,0.082,0.075,"YouTube, Instagram, LinkedIn",132.85
2600,82,Male,United States,Philadelphia,50K-75K,Bachelors,Retired,Divorced,72,72,721.28,51932.16,201,Office Supplies,Online,Multiple,Cash on Delivery,0,3,4,0.203,0.295,0.004,Facebook,72.86
2601,18,Male,United States,San Jose,25K-50K,High School,Self-Employed,Divorced,20,15,669.08,10036.2,170,Grocery,Mobile App,Mobile,Digital Wallet,7,9,1,0.411,0.257,0.299,"Instagram, Twitter, Facebook",152.18
2602,81,Male,United States,Dallas,100K-150K,PhD,Unemployed,Widowed,58,15,22.72,340.8,256,Beauty,Marketplace,Mobile,Cash on Delivery,10,12,3,0.802,0.14,0.248,"Facebook, Instagram, LinkedIn",62.19
2603,47,Female,United States,San Jose,25K-50K,Bachelors,Retired,Single,6,33,114.23,3769.59,1,Beauty,In-Store,Tablet,Debit Card,12,8,4,0.294,0.078,0.271,"TikTok, YouTube",146.39
2604,37,Male,United States,Chicago,0-25K,PhD,Self-Employed,Single,111,4,432.0,1728.0,0,Grocery,In-Store,Multiple,Digital Wallet,3,1,2,0.416,0.391,0.085,"YouTube, Facebook",116.35
2605,45,Female,United States,Dallas,75K-100K,High School,Self-Employed,Divorced,13,9,53.18,478.62,11,Fashion,Marketplace,Tablet,Debit Card,2,2,4,0.446,0.41,0.1,"Instagram, YouTube",86.57
2606,21,Female,United States,New York,150K+,High School,Unemployed,Widowed,6,107,353.86,37863.02,3,Pet Supplies,Online,Tablet,Bank Transfer,15,13,4,0.547,0.184,0.253,Facebook,77.08
2607,34,Male,United States,Houston,150K+,High School,Employed,Divorced,111,27,692.73,18703.71,22,Office Supplies,In-Store,Mobile,Debit Card,7,6,4,0.287,0.37,0.008,"Instagram, Facebook, LinkedIn",197.72
2608,70,Male,United States,Philadelphia,100K-150K,Professional,Employed,Single,33,165,451.72,74533.8,63,Beauty,Mobile App,Multiple,Debit Card,11,5,3,0.489,0.065,0.156,"Facebook, YouTube, TikTok",118.22
2609,47,Female,United States,San Antonio,50K-75K,PhD,Employed,Divorced,16,98,734.71,72001.58,22,Office Supplies,In-Store,Mobile,Credit Card,2,0,2,0.372,0.377,0.252,LinkedIn,130.71
2610,43,Female,United States,San Jose,75K-100K,Professional,Student,Single,88,183,793.04,145126.32,286,Automotive,Mobile App,Mobile,Credit Card,0,1,1,0.143,0.057,0.06,TikTok,11.14
2611,78,Female,United States,Los Angeles,50K-75K,PhD,Student,Single,109,25,482.47,12061.75,5,Beauty,Mobile App,Desktop,Cash on Delivery,10,3,1,0.743,0.186,0.073,,143.03
2612,53,Female,United States,Phoenix,150K+,Masters,Self-Employed,Widowed,107,45,680.73,30632.85,292,Health & Personal Care,Online,Mobile,Cash on Delivery,6,9,4,0.71,0.484,0.055,,15.33
2613,78,Male,United States,Houston,75K-100K,Bachelors,Student,Widowed,118,127,294.26,37371.02,193,Books,Marketplace,Desktop,Credit Card,3,13,4,0.654,0.149,0.057,"YouTube, TikTok",97.59
2614,48,Male,United States,San Jose,150K+,Bachelors,Retired,Widowed,20,125,905.26,113157.5,1,Books,Mobile App,Multiple,Debit Card,2,4,5,0.181,0.437,0.099,,140.77
2615,19,Male,United States,Dallas,150K+,High School,Unemployed,Married,54,11,734.09,8074.99,1,Electronics,Mobile App,Desktop,Credit Card,9,7,5,0.657,0.265,0.226,"TikTok, YouTube",89.66
2616,20,Female,United States,Houston,0-25K,Masters,Unemployed,Divorced,84,78,752.78,58716.84,0,Sports & Fitness,Online,Mobile,Credit Card,4,9,4,0.001,0.001,0.008,"LinkedIn, Twitter",128.42
2617,52,Female,United States,San Jose,100K-150K,High School,Employed,Widowed,56,188,881.81,165780.28,0,Health & Personal Care,Online,Mobile,Cash on Delivery,9,7,3,0.844,0.098,0.275,,36.59
2618,50,Male,United States,Phoenix,0-25K,Bachelors,Unemployed,Married,98,135,259.29,35004.15,121,Toys,Marketplace,Mobile,Bank Transfer,3,14,4,0.553,0.484,0.193,LinkedIn,168.59
2619,79,Male,United States,New York,25K-50K,Bachelors,Self-Employed,Divorced,53,98,677.22,66367.56,13,Books,Online,Desktop,Credit Card,8,6,1,0.276,0.195,0.234,"Instagram, TikTok, Twitter",26.52
2620,28,Female,United States,Los Angeles,150K+,Masters,Employed,Widowed,68,146,583.84,85240.64,30,Health & Personal Care,Online,Multiple,Bank Transfer,19,9,1,0.457,0.289,0.168,"LinkedIn, YouTube",31.1
2621,32,Female,United States,San Diego,25K-50K,Professional,Student,Single,3,32,749.08,23970.56,4,Health & Personal Care,Online,Tablet,Cash on Delivery,2,4,5,0.356,0.442,0.259,"LinkedIn, TikTok, Twitter",25.53
2622,54,Male,United States,Philadelphia,50K-75K,Bachelors,Employed,Widowed,96,50,319.05,15952.5,0,Grocery,In-Store,Multiple,Digital Wallet,16,5,5,0.373,0.414,0.187,TikTok,135.0
2623,25,Female,United States,San Diego,0-25K,Professional,Retired,Married,65,139,317.82,44176.98,74,Home & Kitchen,In-Store,Desktop,Bank Transfer,4,0,4,0.536,0.497,0.042,TikTok,124.51
2624,64,Male,United States,San Jose,75K-100K,Bachelors,Retired,Widowed,22,21,12.14,254.94,2,Home & Kitchen,Mobile App,Mobile,Cash on Delivery,5,10,5,0.929,0.44,0.034,"Twitter, TikTok, YouTube",133.44
2625,44,Male,United States,Dallas,75K-100K,Professional,Self-Employed,Divorced,113,87,443.87,38616.69,112,Fashion,Mobile App,Desktop,Digital Wallet,12,1,3,0.043,0.163,0.294,"Twitter, LinkedIn, Facebook",34.21
2626,32,Female,United States,Philadelphia,0-25K,PhD,Employed,Married,99,79,745.5,58894.5,17,Home & Kitchen,Marketplace,Tablet,Digital Wallet,3,2,5,0.898,0.311,0.063,TikTok,194.21
2627,80,Male,United States,Philadelphia,150K+,PhD,Employed,Widowed,8,116,108.08,12537.28,246,Pet Supplies,Mobile App,Multiple,Bank Transfer,9,4,1,0.323,0.024,0.197,,118.25
2628,53,Male,United States,San Diego,25K-50K,PhD,Self-Employed,Divorced,103,103,651.73,67128.19,228,Sports & Fitness,Marketplace,Tablet,Digital Wallet,4,0,3,0.527,0.146,0.019,YouTube,42.35
2629,32,Female,United States,Philadelphia,100K-150K,Masters,Self-Employed,Single,80,9,881.84,7936.56,1,Toys,Online,Tablet,Debit Card,15,3,3,0.58,0.066,0.056,Twitter,104.21
2630,23,Female,United States,San Antonio,75K-100K,Masters,Student,Married,76,74,546.17,40416.58,0,Electronics,Online,Desktop,Cash on Delivery,12,0,4,0.016,0.136,0.181,"TikTok, Facebook, LinkedIn",145.98
2631,43,Male,United States,Chicago,100K-150K,Bachelors,Self-Employed,Married,106,87,288.62,25109.94,17,Grocery,Mobile App,Desktop,Bank Transfer,16,12,4,0.829,0.329,0.011,LinkedIn,166.22
2632,22,Female,United States,Dallas,150K+,Masters,Retired,Single,16,71,502.48,35676.08,320,Beauty,Mobile App,Tablet,Cash on Delivery,15,1,3,0.85,0.416,0.089,"YouTube, LinkedIn",48.24
2633,61,Male,United States,Phoenix,100K-150K,Bachelors,Retired,Divorced,20,147,144.28,21209.16,36,Pet Supplies,Mobile App,Tablet,Digital Wallet,6,4,4,0.259,0.013,0.157,,45.71
2634,48,Female,United States,Dallas,100K-150K,Professional,Retired,Widowed,79,92,635.84,58497.28,0,Sports & Fitness,Mobile App,Multiple,Cash on Delivery,4,0,4,0.054,0.49,0.026,"LinkedIn, TikTok, Twitter",46.3
2635,32,Female,United States,San Diego,100K-150K,Masters,Retired,Widowed,63,38,451.8,17168.4,1,Health & Personal Care,In-Store,Mobile,Digital Wallet,0,1,4,0.423,0.162,0.146,LinkedIn,105.62
2636,46,Male,United States,San Antonio,50K-75K,PhD,Unemployed,Divorced,69,65,749.96,48747.4,2,Automotive,Online,Tablet,Cash on Delivery,16,13,5,0.94,0.195,0.151,"Facebook, YouTube",168.4
2637,32,Male,United States,San Jose,50K-75K,High School,Self-Employed,Divorced,38,44,870.31,38293.64,14,Office Supplies,Online,Multiple,Bank Transfer,1,9,2,0.012,0.363,0.012,,184.41
2638,19,Male,United States,Los Angeles,150K+,Bachelors,Self-Employed,Divorced,80,4,750.36,3001.44,86,Electronics,Marketplace,Multiple,Cash on Delivery,3,10,1,0.087,0.308,0.026,"Facebook, Twitter, LinkedIn",62.81
2639,66,Female,United States,San Jose,150K+,Professional,Retired,Divorced,26,119,143.63,17091.97,9,Automotive,Marketplace,Desktop,Digital Wallet,6,7,4,0.652,0.485,0.19,"LinkedIn, Twitter",190.17
2640,84,Male,United States,Phoenix,100K-150K,Bachelors,Employed,Single,61,103,366.53,37752.59,22,Beauty,Mobile App,Desktop,Cash on Delivery,17,3,5,0.34,0.224,0.27,"Twitter, Instagram, YouTube",61.75
2641,45,Female,United States,New York,25K-50K,PhD,Unemployed,Divorced,8,30,107.87,3236.1,10,Grocery,Marketplace,Multiple,Credit Card,13,6,3,0.35,0.34,0.079,Facebook,9.89
2642,50,Female,United States,Los Angeles,75K-100K,Professional,Employed,Widowed,58,180,937.2,168696.0,5,Fashion,Online,Desktop,Bank Transfer,13,0,3,0.366,0.215,0.287,Instagram,7.94
2643,82,Male,United States,Los Angeles,75K-100K,Bachelors,Employed,Divorced,49,15,385.2,5778.0,32,Grocery,Mobile App,Desktop,Credit Card,15,14,5,0.548,0.002,0.267,"Instagram, YouTube, LinkedIn",114.38
2644,28,Male,United States,Dallas,0-25K,Bachelors,Retired,Single,5,135,239.26,32300.1,2,Health & Personal Care,In-Store,Tablet,Bank Transfer,9,6,3,0.996,0.173,0.178,"YouTube, Twitter",128.22
2645,58,Female,United States,Philadelphia,75K-100K,Masters,Retired,Single,22,145,925.33,134172.85,15,Health & Personal Care,Marketplace,Multiple,Cash on Delivery,12,4,4,0.466,0.227,0.107,,73.29
2646,18,Female,United States,San Antonio,100K-150K,Bachelors,Retired,Married,90,23,323.94,7450.62,6,Sports & Fitness,Mobile App,Desktop,Cash on Delivery,5,4,4,0.213,0.368,0.205,Twitter,148.07
2647,45,Female,United States,Los Angeles,50K-75K,High School,Self-Employed,Widowed,56,134,702.72,94164.48,4,Office Supplies,Online,Multiple,Digital Wallet,14,5,2,0.781,0.371,0.241,"LinkedIn, Facebook",92.8
2648,54,Female,United States,San Jose,25K-50K,Professional,Student,Married,71,165,41.9,6913.5,5,Health & Personal Care,Mobile App,Multiple,Bank Transfer,19,5,2,0.382,0.279,0.149,"Instagram, TikTok",80.99
2649,83,Female,United States,Houston,75K-100K,Masters,Self-Employed,Widowed,15,143,495.1,70799.3,21,Health & Personal Care,Marketplace,Mobile,Credit Card,5,10,4,0.301,0.269,0.233,Instagram,186.97
2650,33,Female,United States,Philadelphia,0-25K,Masters,Student,Married,41,174,289.12,50306.88,328,Office Supplies,Mobile App,Desktop,Cash on Delivery,18,5,2,0.961,0.154,0.176,"Instagram, LinkedIn",130.58
2651,44,Female,United States,Los Angeles,25K-50K,PhD,Self-Employed,Divorced,86,28,822.89,23040.92,1,Sports & Fitness,In-Store,Desktop,Bank Transfer,2,3,2,0.447,0.372,0.259,,12.8
2652,69,Female,United States,New York,50K-75K,Bachelors,Employed,Divorced,89,176,253.31,44582.56,1,Electronics,Marketplace,Desktop,Debit Card,0,9,2,0.221,0.366,0.072,Twitter,41.18
2653,20,Female,United States,Philadelphia,25K-50K,Masters,Student,Widowed,65,37,320.27,11849.99,73,Health & Personal Care,Mobile App,Multiple,Debit Card,7,1,1,0.36,0.205,0.297,"Instagram, LinkedIn, Facebook",156.85
2654,38,Male,United States,San Diego,0-25K,PhD,Retired,Single,116,25,496.19,12404.75,29,Grocery,In-Store,Tablet,Digital Wallet,1,2,2,0.847,0.146,0.082,"TikTok, YouTube, Twitter",177.2
2655,61,Male,United States,Houston,50K-75K,High School,Self-Employed,Single,112,57,475.88,27125.16,0,Health & Personal Care,Mobile App,Multiple,Cash on Delivery,7,1,1,0.039,0.033,0.16,"Twitter, LinkedIn",103.64
2656,63,Female,United States,Chicago,150K+,High School,Unemployed,Married,49,118,684.63,80786.34,0,Automotive,Mobile App,Mobile,Credit Card,3,6,2,0.02,0.43,0.27,"Twitter, TikTok, Facebook",185.22
2657,60,Male,United States,Houston,150K+,PhD,Unemployed,Divorced,36,131,624.22,81772.82,10,Books,Marketplace,Mobile,Digital Wallet,10,2,4,0.025,0.168,0.278,"TikTok, Facebook, YouTube",62.15
2658,46,Female,United States,San Diego,50K-75K,Professional,Unemployed,Divorced,63,47,67.91,3191.77,107,Health & Personal Care,Mobile App,Desktop,Debit Card,12,11,4,0.564,0.404,0.183,"Instagram, YouTube, LinkedIn",59.69
2659,37,Female,United States,San Diego,100K-150K,Professional,Retired,Widowed,98,6,211.46,1268.76,7,Sports & Fitness,In-Store,Desktop,Bank Transfer,15,14,1,0.097,0.174,0.145,Instagram,82.02
2660,70,Female,United States,Houston,50K-75K,Professional,Employed,Single,112,28,504.24,14118.72,9,Toys,Mobile App,Multiple,Debit Card,13,0,3,0.043,0.131,0.114,"Facebook, LinkedIn",181.56
2661,68,Female,United States,San Jose,100K-150K,Professional,Self-Employed,Single,117,92,43.1,3965.2,255,Fashion,Mobile App,Tablet,Credit Card,7,10,5,0.681,0.116,0.11,"YouTube, TikTok",85.38
2662,37,Male,United States,Los Angeles,0-25K,High School,Retired,Widowed,103,59,802.15,47326.85,6,Books,Mobile App,Mobile,Digital Wallet,7,3,3,0.18,0.199,0.058,,169.23
2663,43,Male,United States,Philadelphia,25K-50K,High School,Employed,Single,29,124,563.44,69866.56,30,Health & Personal Care,In-Store,Tablet,Debit Card,14,9,5,0.678,0.258,0.079,"Facebook, LinkedIn",159.6
2664,54,Female,United States,San Jose,50K-75K,PhD,Student,Divorced,54,179,234.1,41903.9,4,Electronics,Mobile App,Mobile,Digital Wallet,8,11,3,0.95,0.369,0.189,"Instagram, TikTok",24.08
2665,56,Male,United States,Philadelphia,25K-50K,Bachelors,Self-Employed,Widowed,112,168,44.75,7518.0,55,Home & Kitchen,Marketplace,Desktop,Digital Wallet,8,14,2,0.114,0.134,0.245,,44.82
2666,22,Female,United States,San Antonio,0-25K,PhD,Student,Divorced,72,158,700.49,110677.42,16,Fashion,Mobile App,Desktop,Credit Card,0,7,4,0.915,0.158,0.217,"TikTok, Instagram",85.92
2667,40,Female,United States,San Antonio,0-25K,High School,Retired,Widowed,90,100,285.94,28594.0,269,Home & Kitchen,Online,Mobile,Bank Transfer,14,12,3,0.412,0.431,0.002,"LinkedIn, Twitter",98.86
2668,20,Female,United States,San Diego,25K-50K,Professional,Unemployed,Divorced,42,105,212.7,22333.5,1,Beauty,Marketplace,Multiple,Credit Card,5,12,1,0.982,0.026,0.2,Instagram,104.01
2669,27,Male,United States,Houston,0-25K,High School,Student,Married,99,148,729.06,107900.88,5,Pet Supplies,Marketplace,Mobile,Cash on Delivery,9,11,3,0.709,0.184,0.269,"Instagram, YouTube, LinkedIn",172.93
2670,36,Female,United States,San Jose,50K-75K,Professional,Student,Divorced,87,9,214.96,1934.64,263,Automotive,In-Store,Tablet,Cash on Delivery,16,4,1,0.213,0.335,0.126,"Twitter, Instagram",193.19
2671,44,Male,United States,Chicago,150K+,Bachelors,Self-Employed,Single,48,129,330.46,42629.34,1,Fashion,Mobile App,Tablet,Debit Card,5,13,2,0.213,0.101,0.185,"Facebook, LinkedIn",68.92
2672,23,Female,United States,San Antonio,0-25K,Masters,Employed,Married,81,197,447.64,88185.08,61,Grocery,In-Store,Multiple,Cash on Delivery,16,7,5,0.291,0.374,0.256,,70.15
2673,28,Female,United States,Dallas,100K-150K,Professional,Self-Employed,Single,35,93,751.07,69849.51,1,Grocery,In-Store,Multiple,Bank Transfer,2,5,1,0.962,0.247,0.163,"Facebook, YouTube",121.7
2674,30,Female,United States,San Antonio,50K-75K,Masters,Self-Employed,Divorced,93,173,179.45,31044.85,5,Fashion,Mobile App,Desktop,Credit Card,15,1,1,0.888,0.107,0.124,"TikTok, YouTube, LinkedIn",170.9
2675,45,Male,United States,San Jose,50K-75K,PhD,Student,Divorced,92,98,676.42,66289.16,5,Home & Kitchen,Marketplace,Mobile,Cash on Delivery,15,12,2,0.111,0.034,0.263,"Facebook, Twitter, LinkedIn",42.35
2676,21,Male,United States,San Jose,25K-50K,Bachelors,Retired,Widowed,52,124,705.06,87427.44,326,Home & Kitchen,Online,Tablet,Bank Transfer,16,3,4,0.78,0.35,0.239,"Twitter, Facebook",171.34
2677,19,Male,United States,San Jose,25K-50K,Professional,Student,Divorced,74,34,188.75,6417.5,176,Beauty,Mobile App,Tablet,Debit Card,19,14,5,0.684,0.35,0.213,,27.66
2678,26,Female,United States,Dallas,75K-100K,Bachelors,Employed,Widowed,108,185,852.74,157756.9,75,Health & Personal Care,Marketplace,Tablet,Digital Wallet,0,3,1,0.123,0.319,0.051,"TikTok, LinkedIn, Instagram",117.42
2679,46,Female,United States,San Antonio,100K-150K,Bachelors,Employed,Divorced,79,129,218.61,28200.69,187,Automotive,Mobile App,Tablet,Bank Transfer,15,14,3,0.554,0.461,0.068,"Instagram, Facebook",45.4
2680,43,Male,United States,San Antonio,100K-150K,Bachelors,Student,Married,107,7,699.8,4898.6,6,Sports & Fitness,Marketplace,Tablet,Bank Transfer,2,5,2,0.656,0.085,0.009,Facebook,111.46
2681,47,Female,United States,San Antonio,75K-100K,PhD,Employed,Single,119,122,790.89,96488.58,120,Sports & Fitness,Online,Tablet,Cash on Delivery,19,14,3,0.518,0.194,0.223,TikTok,20.95
2682,32,Male,United States,San Antonio,75K-100K,Professional,Retired,Divorced,88,17,222.66,3785.22,81,Electronics,In-Store,Multiple,Debit Card,16,2,1,0.448,0.128,0.006,Instagram,63.3
2683,18,Female,United States,Chicago,100K-150K,Professional,Self-Employed,Divorced,108,109,106.83,11644.47,89,Electronics,Mobile App,Tablet,Digital Wallet,7,9,4,0.222,0.083,0.235,Twitter,57.71
2684,58,Female,United States,New York,0-25K,High School,Self-Employed,Divorced,30,175,40.31,7054.25,33,Electronics,Mobile App,Desktop,Debit Card,9,6,1,0.353,0.163,0.157,Instagram,105.45
2685,49,Male,United States,San Jose,25K-50K,High School,Unemployed,Divorced,17,83,404.67,33587.61,194,Automotive,Marketplace,Multiple,Debit Card,4,10,4,0.7,0.372,0.263,"YouTube, TikTok",107.45
2686,18,Male,United States,Phoenix,50K-75K,Bachelors,Employed,Divorced,29,114,603.29,68775.06,1,Books,Mobile App,Tablet,Debit Card,15,11,5,0.026,0.44,0.221,,41.77
2687,57,Female,United States,Houston,0-25K,Masters,Retired,Widowed,61,169,572.67,96781.23,20,Home & Kitchen,In-Store,Tablet,Credit Card,16,9,3,0.903,0.336,0.246,Twitter,98.89
2688,20,Male,United States,Dallas,50K-75K,Professional,Self-Employed,Divorced,52,158,25.47,4024.26,5,Office Supplies,Marketplace,Tablet,Credit Card,16,14,5,0.634,0.183,0.243,YouTube,188.56
2689,25,Male,United States,San Jose,100K-150K,Professional,Retired,Single,70,79,550.41,43482.39,6,Toys,Mobile App,Multiple,Debit Card,8,14,2,0.157,0.479,0.279,,145.25
2690,26,Male,United States,Los Angeles,0-25K,Professional,Retired,Widowed,55,68,171.53,11664.04,2,Pet Supplies,Marketplace,Tablet,Bank Transfer,13,9,5,0.815,0.426,0.221,,23.55
2691,32,Male,United States,Chicago,150K+,Masters,Student,Married,69,132,801.66,105819.12,315,Fashion,Mobile App,Multiple,Debit Card,13,13,5,0.934,0.199,0.203,"YouTube, Facebook",7.42
2692,79,Male,United States,Houston,150K+,High School,Self-Employed,Divorced,31,55,531.68,29242.4,0,Beauty,Marketplace,Tablet,Credit Card,4,3,2,0.682,0.316,0.245,"Facebook, TikTok, YouTube",152.21
2693,20,Female,United States,Philadelphia,0-25K,Masters,Unemployed,Married,76,130,991.25,128862.5,45,Beauty,Online,Multiple,Bank Transfer,17,3,4,0.599,0.069,0.186,"TikTok, Facebook",96.53
2694,29,Male,United States,San Jose,0-25K,PhD,Unemployed,Widowed,19,125,867.15,108393.75,23,Fashion,In-Store,Multiple,Cash on Delivery,15,7,4,0.615,0.474,0.021,,7.95
2695,31,Male,United States,New York,25K-50K,PhD,Student,Married,81,15,680.81,10212.15,90,Books,In-Store,Desktop,Cash on Delivery,6,14,1,0.928,0.015,0.273,,128.07
2696,47,Male,United States,San Jose,75K-100K,Masters,Self-Employed,Married,64,2,150.02,300.04,0,Sports & Fitness,In-Store,Mobile,Cash on Delivery,15,13,3,0.907,0.455,0.29,"Facebook, LinkedIn, Instagram",82.69
2697,43,Female,United States,Dallas,100K-150K,Bachelors,Retired,Divorced,4,135,755.86,102041.1,164,Sports & Fitness,Mobile App,Mobile,Debit Card,1,3,4,0.153,0.204,0.118,"Instagram, Twitter",97.77
2698,41,Female,United States,Los Angeles,0-25K,Professional,Unemployed,Widowed,80,129,396.38,51133.02,1,Fashion,In-Store,Tablet,Credit Card,19,1,2,0.317,0.057,0.205,"Twitter, LinkedIn",41.5
2699,62,Female,United States,Phoenix,0-25K,PhD,Retired,Married,113,134,717.21,96106.14,22,Beauty,Mobile App,Desktop,Digital Wallet,15,11,1,0.575,0.061,0.262,"YouTube, Twitter, Instagram",90.56
2700,27,Male,United States,New York,25K-50K,Masters,Self-Employed,Single,21,33,741.35,24464.55,6,Beauty,In-Store,Desktop,Credit Card,18,2,5,0.665,0.085,0.039,Twitter,137.06
2701,35,Male,United States,Phoenix,25K-50K,Bachelors,Self-Employed,Divorced,4,37,477.95,17684.15,3,Electronics,Online,Multiple,Credit Card,13,10,1,0.423,0.071,0.105,YouTube,33.09
2702,78,Female,United States,Philadelphia,0-25K,High School,Self-Employed,Divorced,17,89,229.3,20407.7,60,Electronics,Online,Desktop,Debit Card,3,3,2,0.309,0.2,0.212,,179.49
2703,29,Female,United States,San Jose,0-25K,Professional,Unemployed,Divorced,23,185,983.58,181962.3,80,Home & Kitchen,Online,Desktop,Debit Card,7,11,3,0.82,0.091,0.283,Twitter,195.47
2704,62,Male,United States,Chicago,0-25K,High School,Employed,Single,54,16,497.93,7966.88,25,Grocery,Marketplace,Tablet,Bank Transfer,19,8,5,0.456,0.1,0.077,"LinkedIn, Twitter, Instagram",177.31
2705,24,Female,United States,Philadelphia,75K-100K,High School,Unemployed,Widowed,115,142,165.52,23503.84,286,Grocery,Marketplace,Mobile,Cash on Delivery,8,11,5,0.772,0.297,0.252,"Twitter, Instagram",164.23
2706,50,Female,United States,New York,150K+,Bachelors,Retired,Widowed,105,169,114.82,19404.58,18,Pet Supplies,Marketplace,Tablet,Digital Wallet,19,2,5,0.74,0.077,0.021,"LinkedIn, Twitter, Instagram",177.36
2707,39,Male,United States,Chicago,50K-75K,Professional,Student,Single,24,110,35.23,3875.3,0,Grocery,In-Store,Multiple,Credit Card,5,14,1,0.434,0.028,0.007,"TikTok, Facebook, Twitter",7.94
2708,57,Female,United States,Phoenix,75K-100K,Professional,Employed,Married,72,165,690.17,113878.05,5,Books,In-Store,Multiple,Bank Transfer,12,2,2,0.77,0.004,0.258,"LinkedIn, Instagram, Twitter",118.06
2709,21,Female,United States,Houston,0-25K,High School,Unemployed,Single,48,147,562.65,82709.55,1,Automotive,In-Store,Desktop,Bank Transfer,0,11,5,0.011,0.329,0.183,Instagram,169.77
2710,18,Female,United States,San Jose,100K-150K,High School,Student,Married,37,121,654.12,79148.52,1,Grocery,Mobile App,Tablet,Debit Card,3,10,1,0.281,0.143,0.209,Twitter,12.93
2711,71,Male,United States,Philadelphia,100K-150K,PhD,Student,Divorced,71,160,184.91,29585.6,1,Office Supplies,Marketplace,Mobile,Digital Wallet,1,12,3,0.698,0.338,0.169,LinkedIn,105.43
2712,44,Male,United States,San Jose,25K-50K,High School,Self-Employed,Widowed,56,48,11.37,545.76,1,Pet Supplies,Marketplace,Mobile,Bank Transfer,2,14,5,0.727,0.427,0.192,"TikTok, Instagram",16.93
2713,81,Male,United States,Dallas,25K-50K,Bachelors,Employed,Divorced,83,67,432.12,28952.04,295,Automotive,Marketplace,Multiple,Bank Transfer,3,3,3,0.69,0.474,0.161,,90.38
2714,19,Female,United States,San Diego,50K-75K,Bachelors,Retired,Married,8,123,420.58,51731.34,7,Automotive,Mobile App,Multiple,Credit Card,15,8,3,0.812,0.375,0.182,Facebook,72.6
2715,64,Male,United States,Dallas,50K-75K,Professional,Unemployed,Divorced,86,42,525.33,22063.86,52,Sports & Fitness,In-Store,Mobile,Debit Card,5,1,5,0.481,0.178,0.075,,131.06
2716,62,Female,United States,San Jose,25K-50K,PhD,Unemployed,Divorced,72,173,748.0,129404.0,298,Grocery,Marketplace,Mobile,Bank Transfer,15,8,5,0.844,0.469,0.294,"Instagram, YouTube, TikTok",92.3
2717,42,Female,United States,Philadelphia,75K-100K,Professional,Unemployed,Widowed,51,146,28.74,4196.04,106,Grocery,Online,Tablet,Cash on Delivery,0,6,5,0.557,0.475,0.136,"Facebook, Instagram",93.4
2718,31,Male,United States,Phoenix,50K-75K,Masters,Unemployed,Divorced,78,130,244.79,31822.7,3,Beauty,In-Store,Multiple,Bank Transfer,3,0,3,0.308,0.162,0.196,,100.48
2719,69,Male,United States,San Jose,50K-75K,Bachelors,Employed,Widowed,1,47,576.7,27104.9,25,Office Supplies,Marketplace,Desktop,Debit Card,18,1,2,0.571,0.498,0.249,Instagram,85.4
2720,19,Male,United States,San Diego,0-25K,PhD,Unemployed,Widowed,33,197,701.74,138242.78,10,Electronics,In-Store,Desktop,Bank Transfer,18,11,2,0.283,0.215,0.132,LinkedIn,110.22
2721,55,Male,United States,San Diego,100K-150K,PhD,Retired,Married,38,168,281.51,47293.68,1,Health & Personal Care,Mobile App,Tablet,Bank Transfer,16,4,3,0.472,0.268,0.043,"LinkedIn, Instagram",198.93
2722,18,Male,United States,Phoenix,100K-150K,Professional,Retired,Divorced,75,15,202.14,3032.1,112,Beauty,Online,Desktop,Digital Wallet,6,9,2,0.699,0.167,0.143,"YouTube, Twitter, TikTok",109.51
2723,23,Female,United States,Dallas,25K-50K,High School,Retired,Married,52,147,89.91,13216.77,87,Grocery,Mobile App,Desktop,Credit Card,16,4,5,0.917,0.117,0.171,"LinkedIn, Facebook, YouTube",86.28
2724,62,Male,United States,Philadelphia,25K-50K,Masters,Student,Widowed,51,136,932.97,126883.92,2,Health & Personal Care,Marketplace,Desktop,Digital Wallet,5,6,1,0.501,0.151,0.062,"TikTok, Twitter, Facebook",165.86
2725,24,Male,United States,Chicago,75K-100K,Bachelors,Employed,Widowed,65,106,725.29,76880.74,15,Automotive,Marketplace,Desktop,Bank Transfer,1,10,3,0.697,0.118,0.275,,35.14
2726,61,Female,United States,San Antonio,50K-75K,Bachelors,Unemployed,Single,7,196,207.59,40687.64,1,Office Supplies,In-Store,Desktop,Cash on Delivery,13,7,5,0.457,0.428,0.26,"TikTok, Facebook",98.58
2727,67,Male,United States,Chicago,75K-100K,PhD,Retired,Divorced,81,1,968.81,968.81,207,Home & Kitchen,Mobile App,Mobile,Bank Transfer,11,13,1,0.432,0.307,0.176,"Twitter, Instagram",119.11
2728,54,Male,United States,Philadelphia,75K-100K,Professional,Retired,Divorced,65,18,810.16,14582.88,328,Beauty,Mobile App,Multiple,Cash on Delivery,13,12,1,0.813,0.41,0.249,,67.73
2729,72,Female,United States,Philadelphia,0-25K,Professional,Employed,Divorced,30,93,31.23,2904.39,1,Electronics,Mobile App,Tablet,Digital Wallet,13,2,4,0.041,0.071,0.222,YouTube,118.6
2730,45,Male,United States,Philadelphia,25K-50K,Masters,Retired,Single,98,40,51.66,2066.4,33,Grocery,Online,Desktop,Credit Card,19,10,1,0.758,0.167,0.045,,123.91
2731,19,Female,United States,Philadelphia,100K-150K,Masters,Student,Widowed,57,173,806.38,139503.74,3,Home & Kitchen,Online,Desktop,Cash on Delivery,3,11,5,0.691,0.135,0.16,,7.29
2732,35,Female,United States,Chicago,150K+,Bachelors,Unemployed,Divorced,83,103,592.32,61008.96,3,Books,Online,Mobile,Debit Card,14,11,2,0.104,0.388,0.024,,87.37
2733,35,Male,United States,Houston,100K-150K,PhD,Retired,Widowed,103,51,757.76,38645.76,210,Beauty,Marketplace,Tablet,Bank Transfer,3,12,2,0.621,0.142,0.085,"TikTok, Twitter, LinkedIn",6.06
2734,18,Male,United States,Houston,50K-75K,High School,Retired,Divorced,18,126,745.85,93977.1,75,Sports & Fitness,Mobile App,Mobile,Digital Wallet,13,6,4,0.707,0.129,0.161,Facebook,31.96
2735,80,Male,United States,San Jose,50K-75K,Bachelors,Retired,Single,15,198,733.8,145292.4,86,Health & Personal Care,Mobile App,Mobile,Cash on Delivery,9,4,5,0.426,0.416,0.227,"Instagram, YouTube, Twitter",158.7
2736,38,Female,United States,Philadelphia,0-25K,High School,Unemployed,Married,35,177,879.02,155586.54,75,Books,In-Store,Multiple,Digital Wallet,3,7,5,0.6,0.408,0.272,Facebook,71.82
2737,22,Male,United States,Philadelphia,0-25K,PhD,Student,Single,87,179,259.84,46511.36,49,Books,In-Store,Desktop,Cash on Delivery,3,4,4,0.748,0.191,0.217,"Facebook, Instagram",25.16
2738,21,Male,United States,Los Angeles,0-25K,Bachelors,Self-Employed,Single,30,162,831.0,134622.0,26,Grocery,In-Store,Desktop,Digital Wallet,7,0,2,0.687,0.341,0.255,"Facebook, TikTok",91.95
2739,34,Male,United States,San Antonio,25K-50K,High School,Unemployed,Widowed,33,76,865.79,65800.04,0,Grocery,Mobile App,Tablet,Digital Wallet,6,13,3,0.744,0.396,0.157,"TikTok, Instagram",137.58
2740,41,Female,United States,Los Angeles,75K-100K,PhD,Retired,Divorced,73,175,419.78,73461.5,3,Health & Personal Care,Marketplace,Mobile,Debit Card,0,3,3,0.189,0.201,0.041,YouTube,165.76
2741,28,Male,United States,San Antonio,0-25K,Masters,Retired,Married,55,119,454.68,54106.92,17,Toys,Mobile App,Desktop,Credit Card,5,5,5,0.923,0.312,0.065,"Facebook, Instagram, Twitter",177.04
2742,26,Female,United States,San Antonio,0-25K,High School,Unemployed,Married,92,157,175.0,27475.0,30,Beauty,Mobile App,Desktop,Digital Wallet,19,4,5,0.271,0.172,0.203,"YouTube, LinkedIn, TikTok",49.59
2743,66,Female,United States,San Diego,25K-50K,Bachelors,Self-Employed,Married,48,157,897.61,140924.77,6,Beauty,In-Store,Desktop,Digital Wallet,1,12,1,0.003,0.13,0.11,,49.4
2744,23,Male,United States,Houston,150K+,Masters,Student,Married,79,186,13.2,2455.2,189,Sports & Fitness,Online,Tablet,Bank Transfer,3,5,3,0.856,0.251,0.007,"Instagram, Facebook",62.12
2745,33,Male,United States,San Jose,100K-150K,Masters,Student,Married,78,119,211.21,25133.99,223,Fashion,Marketplace,Tablet,Debit Card,18,12,2,0.446,0.141,0.108,Twitter,85.12
2746,46,Male,United States,San Jose,150K+,PhD,Unemployed,Divorced,58,46,659.72,30347.12,30,Grocery,Online,Tablet,Credit Card,6,11,1,0.395,0.362,0.298,,68.23
2747,22,Male,United States,Los Angeles,100K-150K,High School,Unemployed,Divorced,67,65,72.1,4686.5,1,Fashion,Marketplace,Tablet,Credit Card,14,1,4,0.656,0.095,0.004,,165.95
2748,81,Male,United States,Chicago,50K-75K,High School,Employed,Divorced,39,97,772.96,74977.12,16,Home & Kitchen,Online,Tablet,Bank Transfer,6,4,3,0.029,0.298,0.171,"Facebook, Twitter, LinkedIn",17.0
2749,52,Male,United States,San Jose,150K+,Bachelors,Unemployed,Divorced,118,19,578.12,10984.28,0,Sports & Fitness,Marketplace,Tablet,Credit Card,4,8,2,0.241,0.39,0.273,"Facebook, Twitter, Instagram",174.42
2750,33,Female,United States,Dallas,50K-75K,High School,Self-Employed,Divorced,58,95,70.54,6701.3,17,Office Supplies,In-Store,Multiple,Debit Card,9,9,5,0.384,0.203,0.096,,36.11
2751,33,Male,United States,San Jose,150K+,Professional,Unemployed,Married,93,58,113.11,6560.38,3,Toys,Mobile App,Desktop,Cash on Delivery,3,5,2,0.749,0.056,0.174,,11.74
2752,70,Male,United States,New York,150K+,High School,Self-Employed,Divorced,7,40,288.46,11538.4,223,Pet Supplies,In-Store,Desktop,Cash on Delivery,2,14,2,0.779,0.292,0.09,"TikTok, YouTube, Twitter",162.76
2753,67,Male,United States,Phoenix,150K+,Bachelors,Student,Married,17,114,367.32,41874.48,34,Office Supplies,Mobile App,Mobile,Digital Wallet,2,5,1,0.583,0.232,0.043,,195.87
2754,32,Female,United States,Dallas,25K-50K,Bachelors,Unemployed,Widowed,59,54,300.85,16245.9,6,Grocery,Marketplace,Mobile,Digital Wallet,3,14,1,0.188,0.42,0.253,Instagram,101.58
2755,37,Female,United States,San Diego,75K-100K,High School,Employed,Married,17,199,274.28,54581.72,141,Fashion,In-Store,Tablet,Bank Transfer,9,9,1,0.211,0.335,0.111,"Instagram, Twitter, YouTube",28.65
2756,73,Male,United States,Houston,25K-50K,Bachelors,Retired,Single,56,12,993.75,11925.0,10,Health & Personal Care,Marketplace,Tablet,Digital Wallet,3,13,4,0.944,0.045,0.106,"Twitter, Instagram",44.01
2757,25,Female,United States,Chicago,75K-100K,Bachelors,Unemployed,Divorced,41,32,389.55,12465.6,3,Pet Supplies,Marketplace,Mobile,Cash on Delivery,11,11,4,0.737,0.343,0.053,"LinkedIn, Twitter",106.95
2758,71,Male,United States,New York,25K-50K,PhD,Employed,Divorced,56,197,957.59,188645.23,5,Health & Personal Care,Mobile App,Mobile,Debit Card,0,2,5,0.563,0.182,0.003,LinkedIn,83.53
2759,24,Male,United States,Chicago,0-25K,Masters,Employed,Widowed,9,150,177.03,26554.5,1,Toys,Online,Multiple,Cash on Delivery,4,6,3,0.64,0.309,0.181,,198.98
2760,57,Female,United States,San Diego,50K-75K,Professional,Self-Employed,Single,95,111,858.76,95322.36,97,Fashion,Online,Desktop,Credit Card,15,13,4,0.017,0.264,0.241,"YouTube, LinkedIn, Twitter",159.62
2761,47,Male,United States,Los Angeles,100K-150K,PhD,Employed,Married,14,100,941.26,94126.0,203,Pet Supplies,Mobile App,Mobile,Debit Card,10,14,3,0.977,0.378,0.139,"Facebook, LinkedIn",121.38
2762,48,Male,United States,New York,75K-100K,Masters,Retired,Single,9,66,941.9,62165.4,7,Books,In-Store,Multiple,Digital Wallet,14,2,1,0.68,0.373,0.229,Instagram,83.32
2763,31,Female,United States,San Diego,150K+,Masters,Unemployed,Married,102,19,492.76,9362.44,2,Grocery,In-Store,Multiple,Cash on Delivery,13,10,1,0.13,0.13,0.141,,117.62
2764,35,Female,United States,Phoenix,150K+,PhD,Unemployed,Widowed,57,58,280.92,16293.36,22,Health & Personal Care,Online,Desktop,Cash on Delivery,6,1,1,0.229,0.105,0.245,YouTube,80.93
2765,33,Female,United States,Phoenix,25K-50K,Masters,Retired,Divorced,38,185,539.88,99877.8,0,Toys,Marketplace,Desktop,Debit Card,2,0,1,0.407,0.05,0.189,"Twitter, YouTube, Facebook",93.75
2766,20,Female,United States,Phoenix,75K-100K,Professional,Employed,Divorced,77,117,796.62,93204.54,358,Books,Online,Mobile,Cash on Delivery,7,5,5,0.539,0.386,0.08,,143.18
2767,36,Female,United States,Philadelphia,50K-75K,PhD,Unemployed,Single,48,95,83.4,7923.0,1,Books,Online,Tablet,Debit Card,16,9,4,0.97,0.066,0.189,,135.43
2768,75,Male,United States,Phoenix,0-25K,Masters,Employed,Divorced,103,1,607.87,607.87,1,Toys,Mobile App,Mobile,Bank Transfer,13,12,1,0.011,0.471,0.19,"YouTube, Facebook",183.12
2769,46,Male,United States,Los Angeles,75K-100K,High School,Employed,Divorced,63,113,816.54,92269.02,124,Electronics,Marketplace,Mobile,Credit Card,19,7,1,0.689,0.041,0.299,,122.46
2770,63,Male,United States,Phoenix,25K-50K,High School,Student,Married,61,8,446.46,3571.68,84,Electronics,In-Store,Multiple,Credit Card,5,11,5,0.414,0.331,0.264,"Twitter, YouTube",118.56
2771,39,Male,United States,San Diego,150K+,PhD,Retired,Married,90,178,568.27,101152.06,175,Electronics,Mobile App,Mobile,Credit Card,10,7,5,0.574,0.114,0.106,,181.3
2772,21,Male,United States,Dallas,75K-100K,High School,Self-Employed,Single,97,6,532.06,3192.36,7,Beauty,Marketplace,Mobile,Cash on Delivery,19,1,2,0.969,0.0,0.235,"LinkedIn, Facebook",194.89
2773,76,Female,United States,Chicago,0-25K,High School,Retired,Single,69,163,191.23,31170.49,5,Automotive,In-Store,Multiple,Credit Card,9,1,3,0.473,0.375,0.276,"Twitter, YouTube",46.23
2774,81,Female,United States,Philadelphia,75K-100K,High School,Student,Divorced,88,147,914.8,134475.6,1,Automotive,Marketplace,Multiple,Credit Card,0,11,4,0.266,0.344,0.109,"LinkedIn, Twitter, TikTok",58.44
2775,18,Female,United States,Chicago,50K-75K,PhD,Unemployed,Widowed,81,167,529.58,88439.86,85,Home & Kitchen,Online,Multiple,Digital Wallet,3,4,3,0.632,0.035,0.061,,90.7
2776,19,Female,United States,San Jose,150K+,High School,Unemployed,Married,97,88,678.16,59678.08,58,Beauty,Marketplace,Desktop,Debit Card,14,2,1,0.897,0.001,0.075,"TikTok, Twitter",126.81
2777,80,Male,United States,Los Angeles,150K+,Professional,Self-Employed,Widowed,57,27,210.15,5674.05,65,Pet Supplies,Online,Multiple,Cash on Delivery,6,13,1,0.442,0.444,0.178,,23.85
2778,66,Female,United States,Los Angeles,25K-50K,High School,Employed,Widowed,30,28,632.74,17716.72,0,Books,Online,Tablet,Debit Card,9,12,5,0.603,0.44,0.108,,184.72
2779,22,Male,United States,San Jose,150K+,Bachelors,Retired,Married,64,20,309.72,6194.4,3,Toys,Marketplace,Desktop,Bank Transfer,7,1,2,0.706,0.171,0.14,"TikTok, Instagram, Facebook",63.98
2780,27,Male,United States,Philadelphia,25K-50K,High School,Student,Married,85,7,411.45,2880.15,346,Electronics,Online,Mobile,Cash on Delivery,4,9,3,0.16,0.123,0.178,"TikTok, YouTube, Twitter",147.48
2781,60,Female,United States,Chicago,0-25K,Bachelors,Employed,Divorced,66,129,633.14,81675.06,83,Home & Kitchen,Online,Tablet,Digital Wallet,6,11,1,0.406,0.478,0.129,"TikTok, Instagram, YouTube",139.5
2782,57,Male,United States,Philadelphia,50K-75K,High School,Employed,Single,97,183,188.77,34544.91,30,Home & Kitchen,Online,Mobile,Bank Transfer,0,13,1,0.02,0.128,0.145,,188.49
2783,62,Female,United States,Dallas,75K-100K,High School,Unemployed,Single,106,23,851.77,19590.71,6,Office Supplies,Online,Desktop,Debit Card,0,2,1,0.632,0.254,0.159,"Facebook, Instagram, Twitter",122.63
2784,41,Male,United States,San Diego,150K+,PhD,Self-Employed,Married,17,25,399.96,9999.0,76,Home & Kitchen,Marketplace,Multiple,Digital Wallet,19,7,1,0.832,0.047,0.008,TikTok,164.13
2785,29,Female,United States,San Diego,150K+,PhD,Unemployed,Divorced,73,175,943.24,165067.0,187,Electronics,Mobile App,Multiple,Digital Wallet,17,5,2,0.26,0.467,0.162,"Instagram, YouTube, Facebook",134.8
2786,23,Male,United States,Chicago,0-25K,Masters,Retired,Divorced,82,118,998.03,117767.54,327,Beauty,In-Store,Tablet,Cash on Delivery,10,1,3,0.229,0.35,0.033,,33.05
2787,41,Female,United States,Los Angeles,100K-150K,Bachelors,Self-Employed,Single,112,198,868.26,171915.48,72,Books,Marketplace,Tablet,Credit Card,8,14,5,0.235,0.019,0.25,TikTok,7.8
2788,63,Male,United States,San Diego,150K+,Masters,Employed,Divorced,59,120,494.41,59329.2,0,Beauty,In-Store,Mobile,Credit Card,1,8,5,0.117,0.445,0.108,LinkedIn,61.41
2789,19,Female,United States,San Antonio,0-25K,Bachelors,Employed,Divorced,46,26,921.33,23954.58,276,Fashion,Marketplace,Multiple,Credit Card,4,8,4,0.663,0.181,0.098,"Facebook, YouTube, TikTok",36.01
2790,37,Male,United States,Philadelphia,25K-50K,Professional,Unemployed,Divorced,98,48,21.25,1020.0,0,Sports & Fitness,Online,Multiple,Cash on Delivery,9,12,2,0.868,0.208,0.041,,81.79
2791,58,Female,United States,San Antonio,25K-50K,Bachelors,Self-Employed,Single,23,12,417.34,5008.08,2,Toys,Mobile App,Multiple,Cash on Delivery,14,9,1,0.463,0.22,0.228,Facebook,13.88
2792,19,Male,United States,San Antonio,25K-50K,Bachelors,Self-Employed,Married,45,128,42.0,5376.0,29,Grocery,Marketplace,Mobile,Cash on Delivery,15,5,2,0.254,0.456,0.127,"TikTok, Facebook, Twitter",75.23
2793,33,Female,United States,Houston,50K-75K,PhD,Retired,Married,52,4,202.22,808.88,7,Beauty,In-Store,Desktop,Digital Wallet,10,10,1,0.625,0.423,0.276,,66.45
2794,69,Male,United States,Phoenix,25K-50K,Bachelors,Employed,Married,5,142,470.74,66845.08,328,Toys,Marketplace,Desktop,Credit Card,14,3,4,0.406,0.459,0.243,,49.87
2795,72,Male,United States,Houston,100K-150K,High School,Retired,Widowed,62,71,963.03,68375.13,101,Health & Personal Care,In-Store,Multiple,Digital Wallet,16,11,3,0.976,0.115,0.226,,89.58
2796,33,Female,United States,Los Angeles,100K-150K,Bachelors,Retired,Widowed,35,32,49.3,1577.6,4,Health & Personal Care,In-Store,Tablet,Credit Card,10,0,1,0.327,0.492,0.273,"LinkedIn, TikTok",161.31
2797,59,Female,United States,New York,25K-50K,Professional,Self-Employed,Single,56,18,254.55,4581.9,1,Toys,Marketplace,Desktop,Cash on Delivery,2,9,5,0.588,0.152,0.232,"TikTok, Instagram, YouTube",40.39
2798,36,Female,United States,San Antonio,0-25K,Bachelors,Student,Married,99,130,885.28,115086.4,9,Fashion,Mobile App,Tablet,Credit Card,4,8,2,0.221,0.461,0.084,Twitter,154.66
2799,24,Female,United States,Dallas,50K-75K,PhD,Retired,Divorced,88,144,250.14,36020.16,2,Beauty,Mobile App,Mobile,Debit Card,15,12,4,0.997,0.093,0.088,"TikTok, Instagram",55.96
2800,22,Female,United States,Chicago,0-25K,Masters,Student,Single,119,43,658.87,28331.41,0,Toys,Marketplace,Desktop,Cash on Delivery,19,3,3,0.571,0.043,0.093,"Twitter, YouTube",49.15
2801,70,Female,United States,New York,25K-50K,Professional,Employed,Divorced,42,41,32.14,1317.74,0,Automotive,Online,Mobile,Credit Card,19,12,5,0.226,0.402,0.229,,28.57
2802,22,Male,United States,Houston,75K-100K,Professional,Self-Employed,Married,53,36,18.67,672.12,43,Grocery,In-Store,Desktop,Credit Card,14,6,2,0.493,0.085,0.201,Facebook,136.71
2803,57,Male,United States,Dallas,0-25K,Masters,Unemployed,Divorced,36,181,628.0,113668.0,26,Automotive,Mobile App,Mobile,Credit Card,13,7,5,0.804,0.331,0.074,"Instagram, TikTok, YouTube",96.1
2804,36,Female,United States,Chicago,25K-50K,Bachelors,Student,Single,92,193,720.26,139010.18,81,Grocery,Marketplace,Multiple,Digital Wallet,6,5,4,0.426,0.214,0.298,Instagram,19.96
2805,63,Female,United States,Philadelphia,150K+,Masters,Retired,Widowed,85,82,648.54,53180.28,1,Grocery,Mobile App,Multiple,Cash on Delivery,12,4,3,0.269,0.159,0.244,Facebook,197.16
2806,52,Female,United States,San Antonio,75K-100K,High School,Student,Widowed,92,58,94.69,5492.02,1,Electronics,Online,Mobile,Digital Wallet,12,12,1,0.464,0.388,0.035,,135.52
2807,46,Female,United States,San Jose,75K-100K,Masters,Student,Widowed,47,12,212.87,2554.44,136,Home & Kitchen,In-Store,Multiple,Credit Card,3,1,5,0.112,0.232,0.143,"LinkedIn, Twitter, Instagram",5.67
2808,21,Male,United States,San Jose,0-25K,PhD,Self-Employed,Married,76,170,59.55,10123.5,44,Fashion,Mobile App,Multiple,Bank Transfer,12,6,2,0.096,0.102,0.002,YouTube,54.26
2809,36,Female,United States,Los Angeles,50K-75K,PhD,Retired,Widowed,4,57,484.05,27590.85,4,Health & Personal Care,Mobile App,Mobile,Digital Wallet,5,2,3,0.99,0.023,0.234,,189.7
2810,76,Female,United States,San Antonio,25K-50K,PhD,Self-Employed,Divorced,86,134,475.27,63686.18,72,Books,Mobile App,Multiple,Debit Card,1,2,5,0.915,0.389,0.152,"TikTok, Twitter, YouTube",66.48
2811,33,Male,United States,San Diego,75K-100K,PhD,Employed,Widowed,42,39,292.14,11393.46,13,Pet Supplies,In-Store,Mobile,Debit Card,0,7,2,0.101,0.019,0.298,,78.9
2812,81,Male,United States,Philadelphia,25K-50K,Bachelors,Self-Employed,Widowed,11,176,407.92,71793.92,69,Fashion,Marketplace,Mobile,Cash on Delivery,14,8,3,0.029,0.087,0.134,,19.75
2813,57,Male,United States,Phoenix,0-25K,High School,Student,Single,70,44,268.65,11820.6,40,Pet Supplies,In-Store,Tablet,Credit Card,17,5,5,0.233,0.063,0.204,Instagram,20.01
2814,49,Female,United States,San Antonio,100K-150K,Masters,Retired,Divorced,102,150,924.98,138747.0,349,Grocery,Mobile App,Multiple,Debit Card,19,3,2,0.581,0.293,0.094,Facebook,139.24
2815,84,Female,United States,Houston,50K-75K,High School,Employed,Married,92,100,201.21,20121.0,290,Grocery,Online,Multiple,Digital Wallet,3,5,4,0.919,0.034,0.226,,55.55
2816,36,Male,United States,Chicago,150K+,High School,Self-Employed,Married,41,142,191.61,27208.62,7,Books,Marketplace,Desktop,Cash on Delivery,8,1,5,0.369,0.324,0.091,Facebook,179.19
2817,75,Male,United States,Phoenix,50K-75K,High School,Student,Married,97,135,267.99,36178.65,14,Health & Personal Care,Mobile App,Desktop,Digital Wallet,17,12,1,0.989,0.224,0.281,LinkedIn,193.73
2818,35,Female,United States,New York,25K-50K,Masters,Unemployed,Single,38,37,845.51,31283.87,0,Sports & Fitness,Online,Mobile,Cash on Delivery,3,13,2,0.934,0.242,0.096,"YouTube, Instagram, LinkedIn",187.9
2819,33,Female,United States,San Jose,150K+,PhD,Student,Single,62,85,274.96,23371.6,4,Books,In-Store,Multiple,Debit Card,10,14,1,0.029,0.43,0.042,TikTok,88.75
2820,44,Female,United States,San Antonio,75K-100K,PhD,Student,Divorced,66,57,452.68,25802.76,166,Sports & Fitness,Marketplace,Desktop,Credit Card,17,14,5,0.043,0.209,0.118,"TikTok, Instagram, Facebook",117.7
2821,61,Male,United States,Chicago,75K-100K,Bachelors,Retired,Divorced,42,143,769.71,110068.53,7,Electronics,In-Store,Multiple,Credit Card,18,10,2,0.965,0.327,0.246,TikTok,109.66
2822,50,Female,United States,Houston,0-25K,Bachelors,Employed,Married,99,47,613.07,28814.29,311,Pet Supplies,Online,Tablet,Cash on Delivery,17,13,3,0.929,0.134,0.204,"TikTok, YouTube",148.54
2823,79,Female,United States,New York,75K-100K,Professional,Employed,Single,84,130,943.75,122687.5,27,Automotive,In-Store,Mobile,Digital Wallet,1,11,4,0.804,0.343,0.214,"Twitter, Facebook",179.94
2824,54,Male,United States,Phoenix,25K-50K,Professional,Employed,Single,59,65,871.74,56663.1,27,Grocery,In-Store,Mobile,Bank Transfer,10,6,5,0.49,0.383,0.156,Twitter,100.39
2825,31,Female,United States,Chicago,50K-75K,PhD,Self-Employed,Divorced,103,195,639.41,124684.95,63,Grocery,Online,Mobile,Bank Transfer,9,8,4,0.435,0.376,0.278,LinkedIn,175.56
2826,84,Female,United States,San Diego,25K-50K,Professional,Self-Employed,Single,69,188,898.02,168827.76,1,Beauty,In-Store,Multiple,Credit Card,10,11,3,0.402,0.166,0.084,LinkedIn,28.9
2827,75,Female,United States,San Antonio,150K+,Masters,Student,Married,99,87,864.57,75217.59,5,Toys,Online,Tablet,Debit Card,5,6,5,0.067,0.03,0.148,,149.01
2828,78,Male,United States,San Antonio,75K-100K,Masters,Employed,Single,72,151,298.95,45141.45,5,Automotive,Online,Multiple,Debit Card,7,5,5,0.059,0.456,0.12,"Facebook, Twitter",11.48
2829,39,Female,United States,Dallas,25K-50K,High School,Retired,Single,91,195,594.99,116023.05,0,Beauty,In-Store,Tablet,Cash on Delivery,10,5,2,0.633,0.172,0.06,"LinkedIn, Facebook, Twitter",26.29
2830,71,Female,United States,Los Angeles,150K+,High School,Self-Employed,Widowed,69,101,172.57,17429.57,112,Toys,Marketplace,Tablet,Bank Transfer,15,11,3,0.797,0.316,0.244,Twitter,96.37
2831,66,Male,United States,Dallas,25K-50K,PhD,Retired,Divorced,117,171,692.86,118479.06,16,Electronics,Online,Multiple,Bank Transfer,7,7,2,0.954,0.026,0.256,YouTube,123.58
2832,64,Female,United States,San Diego,50K-75K,Professional,Retired,Divorced,25,69,937.24,64669.56,0,Automotive,Online,Tablet,Credit Card,0,10,4,0.448,0.013,0.031,Instagram,183.38
2833,31,Male,United States,Dallas,0-25K,High School,Self-Employed,Widowed,100,21,513.44,10782.24,1,Health & Personal Care,Online,Mobile,Debit Card,11,9,4,0.789,0.21,0.026,Twitter,94.4
2834,59,Male,United States,Phoenix,50K-75K,High School,Employed,Divorced,115,101,392.81,39673.81,60,Pet Supplies,In-Store,Multiple,Credit Card,17,6,1,0.123,0.45,0.219,Facebook,57.51
2835,51,Male,United States,New York,50K-75K,High School,Retired,Divorced,59,33,982.96,32437.68,1,Books,In-Store,Desktop,Digital Wallet,12,7,2,0.629,0.087,0.213,,132.56
2836,37,Male,United States,Phoenix,50K-75K,Professional,Retired,Widowed,59,24,277.63,6663.12,14,Fashion,Mobile App,Multiple,Debit Card,19,13,4,0.033,0.026,0.292,"YouTube, LinkedIn, Twitter",59.36
2837,33,Female,United States,Los Angeles,0-25K,PhD,Self-Employed,Divorced,106,171,694.95,118836.45,61,Pet Supplies,Mobile App,Mobile,Credit Card,3,14,2,0.69,0.067,0.097,"Twitter, YouTube",40.24
2838,48,Female,United States,San Antonio,100K-150K,Masters,Student,Single,10,174,623.32,108457.68,9,Toys,Mobile App,Desktop,Debit Card,0,6,1,0.584,0.478,0.104,,167.57
2839,39,Male,United States,Los Angeles,150K+,PhD,Student,Single,43,29,737.62,21390.98,156,Pet Supplies,Online,Mobile,Debit Card,0,13,2,0.255,0.13,0.119,YouTube,71.93
2840,22,Female,United States,New York,50K-75K,PhD,Retired,Single,116,167,451.83,75455.61,17,Sports & Fitness,In-Store,Mobile,Bank Transfer,1,9,1,0.933,0.023,0.167,"Twitter, YouTube, Facebook",87.01
2841,43,Male,United States,Dallas,25K-50K,Bachelors,Unemployed,Divorced,55,190,380.24,72245.6,2,Books,In-Store,Tablet,Credit Card,6,13,5,0.085,0.021,0.119,TikTok,10.12
2842,59,Male,United States,Phoenix,50K-75K,High School,Unemployed,Widowed,103,60,265.06,15903.6,22,Pet Supplies,Marketplace,Mobile,Bank Transfer,5,1,1,0.385,0.341,0.281,"Facebook, Twitter",160.89
2843,65,Female,United States,San Antonio,150K+,PhD,Self-Employed,Widowed,97,180,578.67,104160.6,241,Toys,In-Store,Tablet,Credit Card,11,6,5,0.988,0.092,0.091,,179.24
2844,42,Female,United States,Chicago,0-25K,Professional,Employed,Widowed,44,189,250.41,47327.49,0,Pet Supplies,In-Store,Multiple,Debit Card,1,5,2,0.07,0.004,0.274,,173.3
2845,31,Male,United States,Dallas,50K-75K,Bachelors,Student,Widowed,104,41,254.64,10440.24,221,Beauty,Mobile App,Mobile,Bank Transfer,12,4,3,0.333,0.041,0.278,,86.82
2846,44,Female,United States,Houston,75K-100K,PhD,Unemployed,Widowed,36,127,710.19,90194.13,4,Home & Kitchen,Marketplace,Mobile,Cash on Delivery,15,4,2,0.451,0.161,0.12,"YouTube, LinkedIn, Twitter",66.96
2847,47,Male,United States,San Antonio,50K-75K,Bachelors,Unemployed,Divorced,110,18,366.68,6600.24,1,Electronics,Mobile App,Mobile,Cash on Delivery,15,13,3,0.462,0.066,0.281,Facebook,109.5
2848,37,Female,United States,Phoenix,25K-50K,High School,Self-Employed,Single,55,185,557.14,103070.9,1,Sports & Fitness,Marketplace,Tablet,Bank Transfer,6,5,3,0.92,0.388,0.168,"Twitter, LinkedIn, Instagram",48.96
2849,33,Female,United States,Houston,150K+,Professional,Employed,Single,60,142,508.25,72171.5,1,Sports & Fitness,In-Store,Multiple,Bank Transfer,10,2,2,0.548,0.229,0.14,"Twitter, TikTok",52.12
2850,68,Female,United States,San Antonio,150K+,PhD,Unemployed,Widowed,100,165,466.18,76919.7,10,Beauty,Online,Tablet,Debit Card,12,14,5,0.242,0.436,0.245,"YouTube, Facebook, Instagram",58.07
2851,32,Male,United States,Houston,100K-150K,Bachelors,Unemployed,Divorced,109,36,848.62,30550.32,3,Books,Mobile App,Tablet,Cash on Delivery,15,0,4,0.116,0.021,0.3,,57.04
2852,72,Male,United States,San Antonio,150K+,Bachelors,Retired,Widowed,68,129,917.22,118321.38,1,Toys,In-Store,Mobile,Digital Wallet,6,2,1,0.946,0.114,0.027,"Twitter, Instagram",60.87
2853,30,Male,United States,San Diego,50K-75K,Masters,Self-Employed,Married,34,23,517.67,11906.41,1,Automotive,Mobile App,Mobile,Cash on Delivery,11,3,2,0.419,0.027,0.255,"Twitter, YouTube",154.78
2854,27,Male,United States,San Diego,25K-50K,PhD,Employed,Single,3,150,554.59,83188.5,0,Office Supplies,Mobile App,Tablet,Debit Card,2,6,4,0.296,0.348,0.055,Twitter,167.68
2855,80,Female,United States,Philadelphia,75K-100K,High School,Self-Employed,Widowed,76,180,472.14,84985.2,1,Pet Supplies,In-Store,Tablet,Cash on Delivery,16,11,5,0.134,0.163,0.281,Facebook,163.14
2856,27,Female,United States,Dallas,150K+,High School,Employed,Widowed,84,105,711.37,74693.85,1,Automotive,Mobile App,Tablet,Bank Transfer,0,13,5,0.503,0.055,0.065,TikTok,161.67
2857,41,Female,United States,Dallas,0-25K,Bachelors,Self-Employed,Widowed,81,81,471.77,38213.37,1,Office Supplies,Marketplace,Mobile,Bank Transfer,13,3,5,0.656,0.479,0.227,Twitter,80.13
2858,68,Female,United States,San Diego,100K-150K,PhD,Retired,Married,22,43,530.15,22796.45,0,Fashion,In-Store,Desktop,Digital Wallet,1,2,3,0.284,0.345,0.004,LinkedIn,153.17
2859,24,Male,United States,Chicago,50K-75K,PhD,Self-Employed,Divorced,46,119,706.14,84030.66,58,Automotive,Mobile App,Multiple,Cash on Delivery,0,13,2,0.398,0.11,0.292,YouTube,26.03
2860,50,Female,United States,San Jose,25K-50K,PhD,Self-Employed,Divorced,103,197,114.51,22558.47,67,Home & Kitchen,In-Store,Desktop,Credit Card,2,0,1,0.205,0.444,0.192,Instagram,94.13
2861,27,Female,United States,Los Angeles,75K-100K,Bachelors,Self-Employed,Married,93,177,535.54,94790.58,32,Beauty,Online,Tablet,Bank Transfer,16,14,5,0.977,0.057,0.002,"Twitter, LinkedIn, YouTube",167.0
2862,48,Male,United States,Chicago,25K-50K,PhD,Self-Employed,Married,95,21,327.76,6882.96,4,Grocery,Online,Mobile,Credit Card,1,8,2,0.482,0.317,0.275,,146.64
2863,53,Male,United States,San Diego,0-25K,PhD,Employed,Divorced,99,101,979.4,98919.4,157,Automotive,In-Store,Desktop,Cash on Delivery,3,2,5,0.514,0.376,0.199,"Facebook, YouTube, LinkedIn",165.85
2864,60,Female,United States,Dallas,50K-75K,Professional,Student,Widowed,36,41,961.92,39438.72,5,Sports & Fitness,Mobile App,Multiple,Cash on Delivery,18,14,3,0.258,0.463,0.072,"LinkedIn, Facebook",37.35
2865,25,Female,United States,Phoenix,100K-150K,Bachelors,Retired,Divorced,23,181,673.66,121932.46,14,Home & Kitchen,Online,Desktop,Debit Card,0,7,5,0.749,0.353,0.134,"Instagram, Facebook, LinkedIn",116.09
2866,44,Male,United States,San Diego,0-25K,Professional,Unemployed,Married,84,79,158.99,12560.21,0,Pet Supplies,Marketplace,Desktop,Digital Wallet,14,2,1,0.704,0.275,0.187,,20.67
2867,61,Male,United States,Dallas,50K-75K,Bachelors,Self-Employed,Divorced,58,142,589.47,83704.74,23,Fashion,Online,Multiple,Credit Card,1,7,3,0.143,0.342,0.152,"TikTok, Facebook",58.51
2868,38,Male,United States,San Diego,50K-75K,High School,Unemployed,Married,65,179,845.8,151398.2,4,Beauty,Marketplace,Desktop,Cash on Delivery,5,0,4,0.488,0.174,0.003,LinkedIn,114.1
2869,51,Female,United States,San Diego,25K-50K,Masters,Self-Employed,Single,49,127,477.2,60604.4,76,Books,Mobile App,Multiple,Digital Wallet,15,9,1,0.586,0.032,0.169,"LinkedIn, YouTube, TikTok",155.3
2870,61,Female,United States,Houston,150K+,Bachelors,Retired,Single,111,170,675.17,114778.9,101,Health & Personal Care,Mobile App,Multiple,Debit Card,11,8,2,0.363,0.336,0.024,Facebook,82.11
2871,53,Male,United States,Dallas,75K-100K,High School,Employed,Single,94,54,871.28,47049.12,86,Electronics,In-Store,Desktop,Debit Card,0,0,4,0.252,0.048,0.258,"Twitter, Facebook, LinkedIn",9.1
2872,24,Female,United States,Los Angeles,0-25K,Bachelors,Student,Single,60,48,698.69,33537.12,9,Fashion,Online,Mobile,Credit Card,2,9,4,0.822,0.292,0.114,"LinkedIn, TikTok, YouTube",37.68
2873,48,Male,United States,Phoenix,25K-50K,Bachelors,Unemployed,Married,79,15,646.24,9693.6,49,Automotive,Marketplace,Tablet,Debit Card,2,8,1,0.486,0.333,0.047,,62.81
2874,19,Male,United States,San Diego,25K-50K,PhD,Self-Employed,Widowed,8,163,118.69,19346.47,216,Toys,Marketplace,Tablet,Debit Card,11,1,4,0.436,0.2,0.152,,175.39
2875,75,Male,United States,New York,150K+,High School,Self-Employed,Married,64,42,426.68,17920.56,1,Pet Supplies,In-Store,Tablet,Bank Transfer,10,3,4,0.916,0.486,0.041,,109.97
2876,60,Male,United States,San Jose,50K-75K,Masters,Retired,Married,68,70,841.41,58898.7,38,Automotive,Online,Mobile,Digital Wallet,9,0,2,0.663,0.35,0.192,"LinkedIn, Facebook, YouTube",77.49
2877,47,Male,United States,Houston,75K-100K,High School,Retired,Single,28,134,423.18,56706.12,3,Pet Supplies,Online,Desktop,Credit Card,9,10,1,0.81,0.231,0.192,"Twitter, Instagram, Facebook",117.45
2878,54,Female,United States,New York,25K-50K,Bachelors,Unemployed,Married,40,150,245.55,36832.5,2,Fashion,Online,Tablet,Credit Card,4,0,3,0.016,0.043,0.144,"Twitter, YouTube, Instagram",21.34
2879,74,Male,United States,Dallas,75K-100K,Professional,Employed,Divorced,16,89,972.05,86512.45,6,Sports & Fitness,Marketplace,Desktop,Credit Card,1,4,4,0.763,0.192,0.006,LinkedIn,186.2
2880,34,Female,United States,Dallas,150K+,Masters,Retired,Divorced,4,34,436.55,14842.7,0,Pet Supplies,Marketplace,Multiple,Digital Wallet,7,6,1,0.791,0.032,0.251,,102.21
2881,28,Female,United States,Philadelphia,50K-75K,Masters,Self-Employed,Married,53,187,527.19,98584.53,91,Beauty,Marketplace,Desktop,Debit Card,7,6,4,0.241,0.318,0.019,,158.37
2882,19,Male,United States,Chicago,150K+,Professional,Employed,Divorced,3,27,885.8,23916.6,1,Books,Online,Multiple,Bank Transfer,6,8,5,0.054,0.259,0.254,TikTok,113.26
2883,47,Male,United States,Houston,150K+,PhD,Unemployed,Single,41,52,356.3,18527.6,1,Grocery,Mobile App,Multiple,Digital Wallet,7,9,2,0.195,0.138,0.079,LinkedIn,42.69
2884,18,Male,United States,Philadelphia,150K+,Bachelors,Retired,Single,100,127,304.02,38610.54,18,Toys,In-Store,Tablet,Cash on Delivery,16,8,5,0.979,0.168,0.17,LinkedIn,59.79
2885,29,Female,United States,Philadelphia,75K-100K,PhD,Unemployed,Widowed,85,194,910.64,176664.16,77,Fashion,Online,Tablet,Credit Card,0,13,5,0.559,0.081,0.284,LinkedIn,20.4
2886,35,Male,United States,Philadelphia,25K-50K,Masters,Student,Widowed,58,180,369.7,66546.0,0,Pet Supplies,In-Store,Desktop,Digital Wallet,9,4,4,0.69,0.011,0.155,,60.47
2887,52,Male,United States,Dallas,100K-150K,Bachelors,Retired,Divorced,89,124,443.52,54996.48,144,Electronics,Online,Desktop,Debit Card,0,8,1,0.089,0.344,0.253,"Facebook, LinkedIn",6.69
2888,30,Male,United States,San Diego,100K-150K,Professional,Employed,Widowed,43,178,166.73,29677.94,262,Office Supplies,In-Store,Tablet,Cash on Delivery,12,3,5,0.989,0.361,0.152,,81.41
2889,46,Male,United States,Dallas,75K-100K,Professional,Self-Employed,Widowed,42,194,297.19,57654.86,0,Books,Online,Multiple,Credit Card,12,9,5,0.699,0.388,0.127,"Instagram, Facebook",127.93
2890,46,Female,United States,Dallas,50K-75K,High School,Employed,Single,6,16,981.12,15697.92,298,Grocery,Mobile App,Multiple,Digital Wallet,2,11,5,0.904,0.059,0.216,,77.16
2891,36,Female,United States,Chicago,25K-50K,High School,Employed,Single,12,183,462.75,84683.25,17,Electronics,In-Store,Desktop,Debit Card,11,6,2,0.351,0.442,0.134,YouTube,60.5
2892,49,Female,United States,Los Angeles,25K-50K,Bachelors,Unemployed,Single,69,70,301.03,21072.1,20,Beauty,Online,Desktop,Debit Card,15,2,2,0.064,0.2,0.119,"YouTube, Instagram, LinkedIn",190.55
2893,70,Male,United States,Dallas,75K-100K,Bachelors,Unemployed,Married,72,32,511.22,16359.04,1,Beauty,In-Store,Desktop,Credit Card,17,0,2,0.038,0.462,0.059,Twitter,32.51
2894,50,Female,United States,New York,50K-75K,Masters,Self-Employed,Single,14,45,119.57,5380.65,85,Electronics,Marketplace,Mobile,Cash on Delivery,18,0,3,0.056,0.35,0.005,"Instagram, YouTube, Twitter",129.45
2895,73,Male,United States,Philadelphia,25K-50K,Professional,Unemployed,Single,116,151,618.99,93467.49,2,Sports & Fitness,Mobile App,Multiple,Bank Transfer,11,3,2,0.523,0.403,0.13,Facebook,185.25
2896,52,Male,United States,New York,150K+,PhD,Unemployed,Widowed,56,1,305.35,305.35,65,Beauty,Online,Multiple,Debit Card,15,11,2,0.199,0.074,0.014,Facebook,66.51
2897,45,Male,United States,San Jose,50K-75K,Bachelors,Retired,Widowed,17,27,880.87,23783.49,28,Beauty,Online,Mobile,Digital Wallet,8,0,5,0.601,0.492,0.149,"Twitter, YouTube",60.86
2898,39,Female,United States,Phoenix,0-25K,Bachelors,Self-Employed,Single,82,54,705.23,38082.42,210,Automotive,Marketplace,Tablet,Credit Card,3,0,1,0.145,0.367,0.118,"YouTube, Twitter",77.15
2899,22,Female,United States,Philadelphia,75K-100K,Masters,Retired,Widowed,95,14,552.15,7730.1,4,Pet Supplies,In-Store,Tablet,Bank Transfer,19,10,4,0.01,0.441,0.161,LinkedIn,179.24
2900,83,Female,United States,Dallas,0-25K,High School,Self-Employed,Widowed,107,183,866.03,158483.49,6,Beauty,Marketplace,Mobile,Digital Wallet,11,0,5,0.037,0.215,0.2,"TikTok, Twitter, Facebook",184.14
2901,79,Female,United States,Chicago,0-25K,High School,Self-Employed,Widowed,12,53,324.28,17186.84,1,Office Supplies,Online,Tablet,Digital Wallet,9,6,3,0.536,0.181,0.228,"LinkedIn, Instagram",146.96
2902,79,Female,United States,Phoenix,0-25K,Professional,Unemployed,Widowed,70,67,717.42,48067.14,1,Sports & Fitness,Online,Desktop,Credit Card,3,11,1,0.695,0.299,0.166,YouTube,198.56
2903,45,Male,United States,Dallas,25K-50K,High School,Self-Employed,Divorced,87,133,539.88,71804.04,197,Toys,In-Store,Mobile,Cash on Delivery,5,4,3,0.83,0.306,0.106,LinkedIn,44.3
2904,18,Male,United States,Philadelphia,150K+,Masters,Employed,Divorced,76,194,946.29,183580.26,0,Pet Supplies,Marketplace,Desktop,Digital Wallet,18,4,5,0.117,0.017,0.109,,46.49
2905,65,Female,United States,Dallas,25K-50K,Bachelors,Self-Employed,Married,81,106,992.22,105175.32,0,Beauty,Mobile App,Desktop,Credit Card,12,3,2,0.861,0.297,0.045,Twitter,150.6
2906,72,Male,United States,San Jose,25K-50K,PhD,Unemployed,Widowed,45,127,602.97,76577.19,269,Home & Kitchen,In-Store,Multiple,Credit Card,14,2,1,0.102,0.354,0.226,,8.98
2907,70,Male,United States,Dallas,0-25K,Masters,Unemployed,Single,108,123,893.77,109933.71,56,Health & Personal Care,Marketplace,Mobile,Bank Transfer,1,8,1,0.276,0.181,0.186,"Facebook, Instagram, TikTok",90.43
2908,18,Male,United States,San Diego,75K-100K,PhD,Self-Employed,Divorced,52,184,485.3,89295.2,224,Fashion,In-Store,Tablet,Bank Transfer,17,3,1,0.826,0.422,0.206,"TikTok, Facebook",128.48
2909,75,Female,United States,Houston,25K-50K,Bachelors,Unemployed,Widowed,50,42,391.55,16445.1,9,Electronics,In-Store,Desktop,Cash on Delivery,11,2,2,0.524,0.407,0.153,,55.95
2910,60,Female,United States,Chicago,0-25K,Masters,Self-Employed,Married,9,111,214.7,23831.7,4,Health & Personal Care,In-Store,Desktop,Credit Card,15,12,4,0.694,0.17,0.044,"LinkedIn, YouTube",85.53
2911,40,Male,United States,San Jose,100K-150K,Masters,Retired,Single,29,114,870.08,99189.12,33,Health & Personal Care,In-Store,Multiple,Debit Card,1,9,5,0.387,0.084,0.27,LinkedIn,82.23
2912,71,Female,United States,San Diego,150K+,PhD,Employed,Single,69,40,911.82,36472.8,5,Automotive,In-Store,Tablet,Credit Card,3,9,1,0.807,0.426,0.156,Twitter,192.26
2913,60,Female,United States,Los Angeles,50K-75K,High School,Unemployed,Married,29,144,755.63,108810.72,7,Fashion,Online,Mobile,Credit Card,6,9,2,0.574,0.02,0.066,"YouTube, Facebook",115.87
2914,62,Female,United States,Houston,75K-100K,PhD,Employed,Widowed,9,66,504.66,33307.56,11,Fashion,Mobile App,Tablet,Debit Card,17,13,5,0.098,0.262,0.177,"YouTube, Facebook, LinkedIn",198.76
2915,54,Female,United States,New York,150K+,High School,Student,Divorced,9,198,966.9,191446.2,151,Automotive,Marketplace,Desktop,Credit Card,5,4,5,0.595,0.335,0.201,"YouTube, Facebook",94.61
2916,43,Male,United States,San Jose,100K-150K,Masters,Employed,Single,10,41,183.69,7531.29,105,Health & Personal Care,In-Store,Multiple,Cash on Delivery,6,12,4,0.694,0.023,0.034,"Instagram, LinkedIn",24.29
2917,19,Male,United States,San Diego,50K-75K,Bachelors,Self-Employed,Married,109,98,269.45,26406.1,77,Automotive,Online,Mobile,Debit Card,13,10,2,0.912,0.351,0.075,"YouTube, Twitter",89.74
2918,56,Male,United States,Houston,100K-150K,Bachelors,Employed,Divorced,113,21,362.37,7609.77,1,Beauty,Online,Mobile,Bank Transfer,17,13,1,0.064,0.315,0.0,TikTok,55.38
2919,42,Male,United States,San Jose,100K-150K,Masters,Unemployed,Single,86,105,707.65,74303.25,178,Beauty,In-Store,Desktop,Bank Transfer,3,7,5,0.849,0.056,0.218,"LinkedIn, TikTok, Twitter",95.12
2920,52,Male,United States,Los Angeles,150K+,PhD,Unemployed,Single,48,134,448.39,60084.26,80,Grocery,In-Store,Tablet,Debit Card,12,5,2,0.114,0.162,0.203,,86.64
2921,22,Female,United States,Houston,0-25K,Masters,Student,Widowed,6,48,890.01,42720.48,236,Sports & Fitness,In-Store,Desktop,Digital Wallet,4,1,2,0.387,0.006,0.189,TikTok,89.16
2922,40,Male,United States,San Diego,150K+,PhD,Self-Employed,Widowed,78,127,817.81,103861.87,101,Grocery,Online,Multiple,Digital Wallet,9,1,2,0.861,0.259,0.092,"Instagram, Twitter, LinkedIn",60.59
2923,21,Female,United States,San Diego,150K+,Professional,Student,Single,69,184,830.16,152749.44,357,Home & Kitchen,Mobile App,Tablet,Credit Card,18,5,3,0.587,0.035,0.071,"Instagram, Twitter",82.88
2924,42,Female,United States,Los Angeles,50K-75K,Masters,Employed,Single,88,29,734.54,21301.66,12,Health & Personal Care,In-Store,Mobile,Debit Card,6,6,2,0.624,0.047,0.239,"Twitter, YouTube, LinkedIn",183.64
2925,47,Male,United States,Dallas,50K-75K,Professional,Unemployed,Married,88,23,133.79,3077.17,3,Fashion,Marketplace,Multiple,Debit Card,7,14,2,0.082,0.061,0.006,,128.43
2926,67,Female,United States,San Diego,150K+,High School,Retired,Widowed,35,176,759.23,133624.48,6,Automotive,Marketplace,Tablet,Cash on Delivery,15,10,2,0.377,0.024,0.095,"Facebook, Twitter, Instagram",118.14
2927,21,Female,United States,New York,25K-50K,High School,Self-Employed,Widowed,54,77,856.39,65942.03,0,Beauty,Online,Tablet,Credit Card,8,5,1,0.264,0.363,0.285,"Instagram, Facebook",147.87
2928,28,Male,United States,Chicago,0-25K,Professional,Unemployed,Divorced,92,139,177.05,24609.95,157,Beauty,Online,Multiple,Cash on Delivery,8,14,4,0.02,0.042,0.008,,106.11
2929,35,Female,United States,San Diego,0-25K,Masters,Employed,Divorced,55,52,204.7,10644.4,70,Home & Kitchen,Marketplace,Multiple,Debit Card,7,4,3,0.766,0.041,0.169,"LinkedIn, TikTok",8.07
2930,53,Female,United States,New York,150K+,High School,Employed,Divorced,25,69,152.96,10554.24,0,Grocery,Online,Desktop,Credit Card,6,14,2,0.915,0.496,0.026,,121.89
2931,26,Female,United States,Philadelphia,100K-150K,PhD,Retired,Widowed,66,179,210.99,37767.21,7,Pet Supplies,Marketplace,Multiple,Debit Card,7,7,3,0.2,0.057,0.123,"Instagram, LinkedIn, Twitter",79.88
2932,55,Female,United States,San Antonio,0-25K,Bachelors,Self-Employed,Widowed,57,145,43.94,6371.3,27,Books,Online,Tablet,Cash on Delivery,8,8,2,0.803,0.336,0.013,Twitter,89.24
2933,39,Female,United States,San Antonio,50K-75K,Bachelors,Employed,Married,69,192,138.37,26567.04,2,Pet Supplies,Marketplace,Mobile,Credit Card,11,14,5,0.753,0.068,0.019,"Instagram, LinkedIn",21.9
2934,25,Male,United States,Phoenix,75K-100K,PhD,Student,Married,80,196,975.48,191194.08,43,Beauty,Mobile App,Multiple,Cash on Delivery,3,8,5,0.417,0.021,0.072,"LinkedIn, YouTube, TikTok",138.91
2935,24,Female,United States,Houston,150K+,High School,Retired,Divorced,39,88,182.24,16037.12,70,Pet Supplies,Marketplace,Mobile,Bank Transfer,15,10,5,0.274,0.296,0.07,,52.68
2936,23,Female,United States,San Jose,100K-150K,Masters,Self-Employed,Divorced,80,158,362.88,57335.04,56,Books,Marketplace,Tablet,Bank Transfer,9,10,4,0.376,0.155,0.258,,139.26
2937,33,Female,United States,Dallas,75K-100K,Bachelors,Student,Widowed,66,64,825.26,52816.64,255,Automotive,Marketplace,Mobile,Cash on Delivery,17,3,3,0.216,0.077,0.149,YouTube,173.73
2938,54,Female,United States,Dallas,0-25K,PhD,Self-Employed,Married,113,60,443.91,26634.6,1,Pet Supplies,In-Store,Desktop,Cash on Delivery,3,10,1,0.747,0.001,0.091,Twitter,82.54
2939,70,Male,United States,Chicago,75K-100K,Masters,Student,Divorced,82,160,944.71,151153.6,260,Office Supplies,Marketplace,Desktop,Debit Card,11,13,2,0.278,0.235,0.231,"YouTube, Twitter, TikTok",62.96
2940,59,Male,United States,Houston,75K-100K,High School,Employed,Married,3,18,186.63,3359.34,164,Toys,Mobile App,Multiple,Cash on Delivery,6,7,2,0.502,0.184,0.032,"LinkedIn, Facebook, Instagram",168.38
2941,33,Male,United States,San Jose,75K-100K,Masters,Employed,Married,103,165,928.89,153266.85,5,Health & Personal Care,Marketplace,Desktop,Digital Wallet,18,12,3,0.88,0.005,0.095,YouTube,194.56
2942,50,Male,United States,San Diego,0-25K,High School,Employed,Single,19,51,953.62,48634.62,103,Pet Supplies,In-Store,Mobile,Cash on Delivery,10,5,3,0.016,0.419,0.123,"Facebook, YouTube",119.13
2943,25,Male,United States,Dallas,0-25K,Professional,Self-Employed,Widowed,79,34,851.19,28940.46,76,Books,Online,Tablet,Digital Wallet,1,4,4,0.958,0.177,0.013,"YouTube, LinkedIn, TikTok",136.82
2944,65,Male,United States,New York,75K-100K,Professional,Unemployed,Widowed,86,43,476.56,20492.08,279,Health & Personal Care,Marketplace,Mobile,Cash on Delivery,10,0,4,0.023,0.499,0.056,"Twitter, YouTube, Instagram",158.41
2945,21,Male,United States,Los Angeles,25K-50K,Bachelors,Self-Employed,Divorced,71,82,264.48,21687.36,13,Pet Supplies,Marketplace,Mobile,Cash on Delivery,18,14,1,0.494,0.189,0.042,,63.23
2946,67,Male,United States,San Jose,25K-50K,High School,Student,Widowed,103,153,430.03,65794.59,18,Beauty,Online,Desktop,Credit Card,13,7,4,0.273,0.185,0.288,,15.56
2947,69,Male,United States,Philadelphia,100K-150K,Bachelors,Retired,Married,66,102,934.84,95353.68,22,Grocery,Mobile App,Multiple,Digital Wallet,18,10,5,0.5,0.442,0.037,"TikTok, Facebook, LinkedIn",87.96
2948,68,Female,United States,Houston,0-25K,High School,Unemployed,Single,50,100,700.13,70013.0,1,Sports & Fitness,In-Store,Tablet,Cash on Delivery,17,0,2,0.211,0.459,0.293,"YouTube, Facebook, Twitter",118.18
2949,27,Female,United States,Phoenix,50K-75K,Bachelors,Retired,Widowed,36,88,806.22,70947.36,307,Grocery,Online,Mobile,Debit Card,5,5,1,0.535,0.109,0.109,"LinkedIn, YouTube, TikTok",82.95
2950,58,Female,United States,San Antonio,100K-150K,Bachelors,Employed,Widowed,7,75,839.96,62997.0,17,Beauty,Mobile App,Mobile,Debit Card,7,8,2,0.676,0.178,0.023,"Twitter, LinkedIn",104.67
2951,44,Female,United States,New York,100K-150K,High School,Retired,Single,60,116,251.17,29135.72,263,Automotive,Mobile App,Tablet,Debit Card,12,5,5,0.708,0.355,0.041,,25.19
2952,27,Male,United States,San Jose,25K-50K,PhD,Self-Employed,Divorced,90,146,535.11,78126.06,1,Sports & Fitness,Online,Mobile,Bank Transfer,7,11,2,0.688,0.438,0.041,"Facebook, LinkedIn",130.97
2953,37,Female,United States,Philadelphia,0-25K,PhD,Student,Single,108,63,621.5,39154.5,72,Electronics,Mobile App,Tablet,Digital Wallet,2,9,5,0.258,0.396,0.229,,73.0
2954,34,Male,United States,Philadelphia,100K-150K,Professional,Student,Single,104,7,406.28,2843.96,44,Office Supplies,Marketplace,Tablet,Debit Card,16,5,1,0.514,0.237,0.245,"Twitter, LinkedIn, Facebook",125.62
2955,34,Female,United States,Chicago,100K-150K,High School,Self-Employed,Divorced,104,165,669.69,110498.85,96,Automotive,Mobile App,Mobile,Digital Wallet,11,6,3,0.391,0.331,0.066,"Instagram, TikTok",168.18
2956,57,Male,United States,San Jose,150K+,Masters,Employed,Widowed,107,91,973.32,88572.12,1,Grocery,Mobile App,Tablet,Bank Transfer,13,1,4,0.348,0.185,0.198,"YouTube, Twitter",116.21
2957,53,Female,United States,Dallas,50K-75K,High School,Self-Employed,Widowed,70,122,443.43,54098.46,13,Fashion,Online,Mobile,Credit Card,1,3,5,0.431,0.342,0.142,"Facebook, TikTok",22.75
2958,18,Female,United States,San Diego,25K-50K,Masters,Employed,Widowed,88,94,695.78,65403.32,149,Toys,Marketplace,Tablet,Debit Card,19,1,5,0.085,0.453,0.077,,181.34
2959,34,Female,United States,Los Angeles,50K-75K,PhD,Unemployed,Single,72,174,231.66,40308.84,89,Books,In-Store,Tablet,Cash on Delivery,17,6,4,0.156,0.416,0.151,Twitter,110.42
2960,76,Female,United States,San Jose,25K-50K,PhD,Retired,Single,21,188,497.05,93445.4,4,Books,Online,Desktop,Bank Transfer,7,2,3,0.354,0.099,0.203,,57.12
2961,47,Male,United States,San Antonio,25K-50K,Bachelors,Self-Employed,Divorced,67,124,149.73,18566.52,104,Beauty,Online,Multiple,Digital Wallet,7,3,2,0.828,0.492,0.031,"Facebook, Instagram",37.4
2962,79,Female,United States,Houston,100K-150K,Masters,Self-Employed,Divorced,108,199,846.87,168527.13,27,Automotive,Online,Mobile,Debit Card,17,12,4,0.164,0.488,0.06,Twitter,24.59
2963,34,Male,United States,New York,75K-100K,High School,Self-Employed,Single,15,13,657.11,8542.43,1,Home & Kitchen,Online,Multiple,Credit Card,19,7,3,0.038,0.108,0.103,"YouTube, Facebook, TikTok",83.56
2964,58,Male,United States,Phoenix,25K-50K,Professional,Self-Employed,Married,13,48,334.88,16074.24,20,Fashion,In-Store,Desktop,Cash on Delivery,12,8,5,0.132,0.027,0.173,TikTok,52.61
2965,59,Male,United States,San Antonio,25K-50K,Masters,Student,Married,5,119,298.86,35564.34,24,Beauty,Online,Tablet,Digital Wallet,7,12,4,0.764,0.19,0.265,Instagram,62.28
2966,67,Female,United States,Dallas,0-25K,Bachelors,Retired,Married,37,44,138.74,6104.56,164,Pet Supplies,Marketplace,Mobile,Digital Wallet,15,6,2,0.005,0.453,0.105,YouTube,197.83
2967,77,Female,United States,San Jose,0-25K,Masters,Retired,Widowed,1,108,602.61,65081.88,196,Home & Kitchen,In-Store,Desktop,Debit Card,4,0,3,0.359,0.082,0.005,YouTube,89.68
2968,19,Female,United States,Phoenix,150K+,Masters,Self-Employed,Widowed,76,129,416.83,53771.07,11,Beauty,Mobile App,Desktop,Digital Wallet,0,5,2,0.253,0.491,0.201,"Facebook, Twitter, LinkedIn",135.75
2969,44,Female,United States,Los Angeles,150K+,Professional,Student,Divorced,7,1,270.86,270.86,30,Electronics,Marketplace,Desktop,Debit Card,11,2,3,0.221,0.249,0.027,,174.39
2970,29,Female,United States,Chicago,0-25K,Masters,Self-Employed,Single,43,79,260.58,20585.82,29,Beauty,Online,Mobile,Debit Card,9,3,3,0.575,0.053,0.294,YouTube,132.62
2971,78,Female,United States,San Jose,150K+,High School,Self-Employed,Single,38,66,523.5,34551.0,171,Health & Personal Care,In-Store,Desktop,Cash on Delivery,11,0,3,0.701,0.453,0.168,,21.54
2972,28,Female,United States,Dallas,75K-100K,PhD,Unemployed,Widowed,49,83,381.87,31695.21,90,Office Supplies,Marketplace,Multiple,Digital Wallet,15,13,1,0.704,0.079,0.292,"Twitter, TikTok, Instagram",177.95
2973,20,Male,United States,Dallas,50K-75K,High School,Retired,Widowed,49,168,279.47,46950.96,6,Office Supplies,Marketplace,Multiple,Credit Card,0,3,5,0.011,0.309,0.148,"YouTube, LinkedIn",69.58
2974,22,Female,United States,Philadelphia,150K+,Professional,Self-Employed,Widowed,65,99,309.76,30666.24,1,Automotive,Online,Mobile,Digital Wallet,3,4,5,0.593,0.319,0.261,Twitter,88.17
2975,47,Male,United States,San Diego,150K+,Masters,Student,Married,57,179,45.37,8121.23,0,Automotive,Online,Desktop,Credit Card,5,10,2,0.485,0.295,0.095,Facebook,140.54
2976,83,Female,United States,Phoenix,150K+,High School,Unemployed,Single,57,174,852.47,148329.78,7,Fashion,Marketplace,Multiple,Bank Transfer,5,14,5,0.715,0.394,0.287,TikTok,104.05
2977,31,Female,United States,Philadelphia,150K+,Masters,Retired,Single,94,100,353.75,35375.0,69,Home & Kitchen,In-Store,Mobile,Cash on Delivery,12,6,4,0.843,0.319,0.117,,83.34
2978,31,Male,United States,Dallas,25K-50K,Professional,Retired,Single,103,146,240.47,35108.62,1,Grocery,Marketplace,Multiple,Debit Card,13,1,1,0.688,0.274,0.098,,189.24
2979,82,Female,United States,Philadelphia,75K-100K,Masters,Unemployed,Married,30,123,505.85,62219.55,27,Automotive,Mobile App,Mobile,Digital Wallet,0,6,5,0.609,0.224,0.285,Instagram,193.01
2980,35,Female,United States,Philadelphia,100K-150K,Masters,Retired,Divorced,32,128,902.56,115527.68,58,Automotive,Mobile App,Mobile,Cash on Delivery,4,0,3,0.148,0.114,0.08,"YouTube, Instagram",122.84
2981,41,Male,United States,Phoenix,25K-50K,Masters,Employed,Widowed,116,169,361.23,61047.87,26,Home & Kitchen,Online,Mobile,Digital Wallet,11,9,2,0.735,0.153,0.108,,158.21
2982,76,Female,United States,San Antonio,25K-50K,PhD,Self-Employed,Married,88,126,736.08,92746.08,5,Automotive,In-Store,Desktop,Cash on Delivery,12,5,4,0.033,0.276,0.038,,138.39
2983,44,Male,United States,San Antonio,25K-50K,High School,Retired,Divorced,23,95,117.23,11136.85,29,Automotive,In-Store,Multiple,Credit Card,10,11,2,0.555,0.205,0.181,"Twitter, LinkedIn, Instagram",77.39
2984,27,Male,United States,San Antonio,150K+,PhD,Student,Widowed,115,113,814.49,92037.37,1,Home & Kitchen,Marketplace,Desktop,Debit Card,8,6,5,0.224,0.416,0.156,,108.36
2985,49,Male,United States,Houston,50K-75K,PhD,Student,Divorced,111,176,638.5,112376.0,1,Health & Personal Care,Online,Desktop,Digital Wallet,8,8,5,0.735,0.057,0.153,,25.73
2986,34,Female,United States,Houston,25K-50K,Bachelors,Retired,Married,93,88,269.26,23694.88,3,Toys,Marketplace,Multiple,Cash on Delivery,18,8,3,0.933,0.233,0.231,"Twitter, TikTok",134.62
2987,23,Male,United States,San Diego,25K-50K,High School,Self-Employed,Divorced,21,12,515.75,6189.0,1,Grocery,Online,Desktop,Debit Card,14,5,4,0.331,0.407,0.024,"LinkedIn, Instagram, TikTok",174.83
2988,79,Male,United States,Houston,75K-100K,Professional,Unemployed,Divorced,41,146,683.83,99839.18,141,Sports & Fitness,Mobile App,Mobile,Debit Card,16,14,1,0.05,0.5,0.168,"Facebook, TikTok, Instagram",178.16
2989,45,Female,United States,San Jose,150K+,High School,Retired,Divorced,93,188,801.03,150593.64,121,Sports & Fitness,Mobile App,Tablet,Credit Card,8,6,4,0.5,0.327,0.081,YouTube,175.45
2990,43,Male,United States,San Antonio,25K-50K,High School,Student,Single,71,184,432.03,79493.52,20,Pet Supplies,Online,Mobile,Debit Card,6,11,2,0.746,0.103,0.18,"YouTube, TikTok, Twitter",29.95
2991,81,Male,United States,San Diego,75K-100K,Masters,Retired,Married,22,194,424.85,82420.9,1,Toys,Marketplace,Tablet,Credit Card,5,6,2,0.179,0.153,0.117,"TikTok, LinkedIn",44.42
2992,38,Male,United States,Phoenix,25K-50K,Bachelors,Retired,Widowed,38,96,858.26,82392.96,13,Automotive,Online,Mobile,Cash on Delivery,7,9,5,0.464,0.227,0.244,"TikTok, Twitter",168.56
2993,30,Female,United States,Philadelphia,150K+,PhD,Unemployed,Divorced,111,145,889.47,128973.15,60,Automotive,Marketplace,Desktop,Digital Wallet,5,13,2,0.665,0.361,0.022,"TikTok, Instagram",175.95
2994,36,Female,United States,Houston,100K-150K,PhD,Student,Widowed,107,61,116.12,7083.32,0,Beauty,In-Store,Desktop,Bank Transfer,18,0,5,0.873,0.186,0.24,"Twitter, YouTube, TikTok",63.6
2995,77,Male,United States,Houston,0-25K,High School,Employed,Married,63,141,805.83,113622.03,6,Pet Supplies,In-Store,Desktop,Bank Transfer,4,0,1,0.344,0.33,0.276,"YouTube, TikTok, Twitter",114.31
2996,58,Female,United States,New York,0-25K,Masters,Retired,Single,103,75,592.56,44442.0,131,Beauty,Online,Mobile,Bank Transfer,1,12,5,0.213,0.337,0.015,"Facebook, Instagram, LinkedIn",112.73
2997,80,Male,United States,San Antonio,50K-75K,PhD,Retired,Divorced,46,50,31.97,1598.5,0,Pet Supplies,In-Store,Tablet,Cash on Delivery,15,7,4,0.147,0.231,0.07,TikTok,170.86
2998,26,Male,United States,San Jose,150K+,Bachelors,Unemployed,Married,18,77,189.37,14581.49,40,Sports & Fitness,Mobile App,Multiple,Bank Transfer,18,14,4,0.324,0.187,0.087,Twitter,195.24
2999,36,Male,United States,Los Angeles,0-25K,Masters,Unemployed,Divorced,12,184,814.89,149939.76,27,Books,In-Store,Tablet,Bank Transfer,4,4,4,0.003,0.106,0.1,"Instagram, YouTube, LinkedIn",189.48
3000,25,Female,United States,Dallas,25K-50K,Professional,Self-Employed,Widowed,106,158,566.98,89582.84,0,Fashion,Mobile App,Multiple,Debit Card,4,1,5,0.415,0.075,0.28,"YouTube, Twitter, Facebook",84.78
3001,37,Male,United States,Chicago,75K-100K,PhD,Retired,Divorced,52,41,208.58,8551.78,23,Automotive,Marketplace,Desktop,Credit Card,6,8,2,0.719,0.237,0.204,"Facebook, TikTok, Twitter",160.78
3002,45,Male,United States,Phoenix,25K-50K,Professional,Unemployed,Single,103,41,103.15,4229.15,155,Fashion,Marketplace,Mobile,Cash on Delivery,9,0,2,0.159,0.272,0.293,"Twitter, Facebook",153.83
3003,34,Female,United States,San Antonio,0-25K,High School,Employed,Divorced,10,26,792.27,20599.02,2,Electronics,Online,Tablet,Cash on Delivery,10,13,1,0.489,0.353,0.12,TikTok,87.5
3004,37,Female,United States,Phoenix,75K-100K,High School,Retired,Widowed,13,182,340.52,61974.64,1,Home & Kitchen,Mobile App,Desktop,Cash on Delivery,17,10,2,0.363,0.123,0.071,"Instagram, Facebook, YouTube",40.59
3005,82,Female,United States,San Diego,150K+,High School,Self-Employed,Married,92,1,350.33,350.33,6,Pet Supplies,Marketplace,Mobile,Credit Card,4,8,5,0.491,0.401,0.188,"YouTube, Instagram, Twitter",21.81
3006,57,Male,United States,Chicago,150K+,Bachelors,Unemployed,Single,30,185,776.42,143637.7,47,Toys,Mobile App,Tablet,Debit Card,14,10,1,0.144,0.077,0.166,"Facebook, LinkedIn, Instagram",174.27
3007,56,Female,United States,Dallas,75K-100K,Masters,Unemployed,Single,96,59,651.76,38453.84,15,Pet Supplies,In-Store,Tablet,Cash on Delivery,14,14,1,0.588,0.444,0.296,,172.9
