date,SP500_SPY_PCT_CHG,NASDAQ100_QQQ_PCT_CHG,SILVER_SIVR_PCT_CHG,OIL_USO_PCT_CHG,PLATINUM_PPLT_PCT_CHG,PALLADIUM_PALL_PCT_CHG,GOLD_GLD_PCT_CHG,USD_CHF_PCT_CHG,EUR_USD_PCT_CHG,CPI_MOM_PCT_CHG,GDP_QOQ_PCT_CHG,US_INTEREST_RATE_FED_FUNDS_DIFF,FRED_INFLATION_RATE_YOY
1/8/2010,,,,,,,,-1.111003768,0.509278638,0.341747357,-3.658818208,-0.03,2.62111
1/15/2010,-0.81173082,-1.503759398,-0.378787879,-6.181285121,,,-0.457933016,0.205158265,-0.152703547,0.341747357,-3.658818208,0.03,2.62111
1/22/2010,-3.898275255,-3.685932388,-7.278652906,-5.364583333,-3.351014041,,-3.328522461,1.452666472,-1.744873132,0.341747357,-3.658818208,0.01,2.62111
1/29/2010,-1.666514055,-3.102355072,-5.155243117,-1.926252064,-2.847365702,-3.705773672,-1.129047308,1.873918893,-1.924437527,0.341747357,-3.658818208,0,2.62111
2/5/2010,-0.679765341,0.444028979,-6.176652254,-1.20650954,-1.628231541,-3.85030483,-1.20800302,1.150834827,-1.327369788,0.024920738,-3.658818208,0.01,2.15134
2/12/2010,1.293830864,1.81479758,2.172481896,3.124112468,2.317254425,4.065851833,2.254489874,0.270446703,-0.343617488,0.024920738,-3.658818208,0,2.15134
2/19/2010,2.869307664,2.445155393,4.832474227,7.656293032,1.26774513,5.129434324,2.270179372,0.009300595,-0.146724378,0.024920738,-3.658818208,-0.01,2.15134
2/26/2010,-0.359906424,-0.156145438,0.921942225,-0.690713738,0.462932777,-1.436388509,-0.036539691,-0.176694876,0.110204981,0.024920738,-3.658818208,0,2.15134
3/5/2010,3.169586419,3.753351206,5.298416565,2.65327151,2.297507788,10.43256997,1.261080143,0.027948575,-0.029355644,0.410628354,-3.658818208,0.01,2.28617
3/12/2010,1.059080963,1.981050818,-1.388085599,-0.853199498,1.852556782,-2.995391705,-2.580994495,-1.499487753,1.064454559,0.410628354,-3.658818208,0.03,2.28617
3/19/2010,0.441711415,0.274493243,-0.469208211,-0.784611491,0.143204186,0.993305981,0.305697082,0.349848714,-1.7287717,0.410628354,-3.658818208,0.02,2.28617
3/26/2010,0.525998103,1.073910297,-0.294637596,-0.943877551,-0.771226455,-2.544366047,0.286294791,0.34862904,-0.901766576,0.410628354,-3.658818208,0,2.28617
4/2/2010,1.04649168,0.333333333,5.437352246,6.206541334,4.538331348,7.32777534,1.537894834,0.424288139,-0.022218931,0.173688491,3.295732593,-0.02,2.20677
4/9/2010,1.485568761,1.806478405,2.69058296,-0.169738118,3.429873478,4.905968929,3.065481589,0.424288139,-0.022218931,0.173688491,3.295732593,0.03,2.20677
4/16/2010,-0.158929318,1.019783806,-3.27510917,-1.384503279,-2.023305699,3.448947779,-2.111932418,-0.356774012,0.022223868,0.173688491,3.295732593,0,2.20677
4/23/2010,2.052613941,1.998788613,2.821670429,0.862068966,2.857988166,5.970992654,1.752966559,1.036464713,-0.873944601,0.173688491,3.295732593,0.02,2.20677
4/30/2010,-2.462851983,-2.538598575,2.14050494,0.927960928,-0.161134442,-2.595094205,1.917130489,0.484938916,-0.702331142,0.173688491,3.295732593,-0.01,2.20677
5/7/2010,-6.354683949,-7.773546585,-1.289629232,-12.14614082,-4.22927354,-6.386861314,2.522538141,2.812064965,-4.048156509,0.077519735,3.295732593,0,2.00355
5/14/2010,2.363832464,3.347280335,4.790419162,-4.131093363,3.230852536,2.670565302,1.775598207,2.283805741,-3.089711418,0.077519735,3.295732593,0,2.00355
5/21/2010,-4.197032224,-4.453441296,-8.571428571,-7.296753806,-12.48397249,-17.7235618,-4.278474703,1.438531462,1.715487943,0.077519735,3.295732593,0,2.00355
5/28/2010,0.238291632,1.694915254,4.261363636,5.481871707,2.823654768,5.965155186,3.177399757,0.826518183,-2.299124901,0.077519735,3.295732593,0,2.00355
6/4/2010,-2.331535156,-1.112938596,-5.340599455,-3.992479215,-2.195595855,-7.121080139,0.259923789,0.310639399,-2.564937709,-0.097626708,3.295732593,-0.01,1.12156
6/11/2010,2.677401236,0.903697954,4.663212435,4.742962056,1.525726773,4.68933177,0.687977179,-1.178494624,1.211766672,-0.097626708,3.295732593,0,1.12156
6/18/2010,1.869073669,3.296703297,5.115511551,3.447268478,3.597844946,9.339305711,2.349804183,-3.525417827,2.27891999,-0.097626708,3.295732593,-0.01,1.12156
6/25/2010,-3.454757003,-3.680851064,-0.485609628,0.70601525,-1.366240635,-2.171446129,-0.056989335,-1.416583957,-0.104948737,-0.097626708,3.295732593,0,1.12156
7/2/2010,-5.25632706,-6.185111553,-6.45310561,-8.581043186,-4.251244734,-9.799015492,-3.478331704,-2.773201538,1.422337159,0.021104306,0.971755955,-0.03,1.34078
7/9/2010,5.636007828,5.062396986,1.630129286,5.337423313,1.913266667,6.314081509,-0.1097139,-0.48009037,0.725099602,0.021104306,0.971755955,0.03,1.34078
7/16/2010,-1.204149685,-0.627521291,-1.438053097,-0.524170064,-1.380193223,-2.620087336,-1.427847246,-0.643208475,2.278300767,0.021104306,0.971755955,-0.01,1.34078
7/23/2010,3.51584474,3.879115922,1.346801347,3.600702576,1.976651632,3.968609865,-0.497128653,0.390327494,-0.208832856,0.021104306,0.971755955,0.02,1.34078
7/30/2010,-0.126800109,-0.5427703,-0.775193798,-0.141282848,2.022895798,7.138235928,-0.516840382,-1.289710763,1.147108975,0.021104306,0.971755955,0,1.34078
8/6/2010,1.922553732,2.073783017,2.790178571,2.433503113,0.165763468,-1.771336554,2.034808209,-0.201748487,1.754789272,0.138066428,0.971755955,0,1.15018
8/13/2010,-3.630216211,-4.362703165,-1.927252986,-6.657458564,-3.440264783,-2.256147541,0.763747454,1.164805545,-3.976203027,0.138066428,0.971755955,-0.01,1.15018
8/20/2010,-0.72015511,0.447227191,-0.747301412,-2.485942587,-0.794304736,-0.396234722,1.035876705,-1.655723665,-0.360756019,0.138066428,0.971755955,0.01,1.15018
8/27/2010,-0.623081931,-1.892252894,6.157836029,1.881638847,1.591362126,6.082929909,0.866883388,-0.570875665,0.44077135,0.138066428,0.971755955,0,1.15018
9/3/2010,3.771289538,4.402087588,4.013323456,-1.429848079,1.209980706,4.682539683,0.702421287,-1.128843908,1.050074446,0.058173623,0.971755955,0,1.11831
9/10/2010,0.532058797,1.282329928,-0.090918275,2.055001511,-0.785162687,-1.876421531,-0.106679796,0.31496063,-1.737107406,0.058173623,0.971755955,0,1.11831
9/17/2010,0.905992106,2.993562232,4.499494439,-3.316553154,4.565948023,4.500676067,2.31044114,-0.932103611,3.030542183,0.058173623,0.971755955,0,1.11831
9/24/2010,2.071295226,3.469111366,3.628447025,2.297090352,2.342031679,3.401109057,1.724310978,-2.674061602,3.293757181,0.058173623,0.971755955,0.02,1.11831
10/1/2010,-0.182894966,-1.308900524,2.941176471,6.676646707,1.95982958,2.127279228,1.752308785,-0.936196194,2.276603634,0.124519889,2.060878468,-0.01,1.1667
10/8/2010,1.68397173,1.50989594,4.943310658,1.459444289,1.241642789,2.223000175,2.133271275,-1.119671289,1.073085847,0.124519889,2.060878468,-0.01,1.1667
10/15/2010,0.995366398,3.497487437,4.580812446,-1.881051176,-0.327240566,0.582191781,1.534254899,-0.405152711,0.265423242,0.124519889,2.060878468,-0.01,1.1667
10/22/2010,0.552251487,0.291318703,-4.132231405,0.056385678,-1.286639652,0.221314266,-2.954817475,1.867111714,-0.164556056,0.124519889,2.060878468,0.01,1.1667
10/29/2010,0.118293198,1.045701007,6.163793103,-0.90166244,1.564091808,9.529471717,2.227703692,0.583657588,-0.071664039,0.124519889,2.060878468,0,1.1667
11/5/2010,3.569921512,2.855500192,8.363784003,7.051464316,3.920816616,6.110421836,2.83516815,-2.188740711,0.616752725,0.042064642,2.060878468,0.01,1.08454
11/12/2010,-2.05345502,-2.161356437,-2.547770701,-3.134130146,-5.146912704,-0.628471207,-1.972429975,2.071190674,-2.423378475,0.042064642,2.060878468,-0.02,1.08454
11/19/2010,0.074875208,-0.076175966,4.728950404,-3.427474637,-0.622530827,3.015149287,-1.114518663,1.152238197,-0.160701242,0.042064642,2.060878468,0.01,1.08454
11/26/2010,-1.238673206,0.571755289,-1.945668135,2.129471891,-1.192627394,-3.626499143,0.688350983,1.068548387,-3.131401814,0.042064642,2.060878468,0.01,1.08454
12/3/2010,3.442760943,2.084517718,9.172594534,6.505421184,4.761033894,13.11111111,3.726241454,-2.912427688,1.314199396,0.171844079,2.060878468,0,1.43779
12/10/2010,1.29384002,1.160200483,-2.160493827,-1.696684939,-2.659295898,-4.2043222,-1.928007532,0.739675365,-1.431340391,0.171844079,2.060878468,-0.02,1.43779
12/17/2010,-0.144601542,0.045875768,1.857693656,0.398300584,1.327116212,1.025430681,-0.892118634,-1.203344891,-0.264710331,0.171844079,2.060878468,-0.01,1.43779
12/24/2010,1.045856798,0.407190022,0.309704061,3.094419466,0.707964602,1.448098525,0.342771982,-0.691577209,-0.50049291,0.171844079,2.060878468,0.03,1.43779
12/31/2010,0.119426752,-0.515143765,5.420240137,0.051308363,3.169302871,6.536686233,3.015000743,-2.931088244,2.012041765,0.171844079,2.060878468,-0.01,1.43779
1/7/2011,1.105367793,2.589056188,-6.801171494,-3.41025641,-2.174777128,-6.561365591,-3.705305652,3.565692258,-3.586103848,0.476323005,-3.728374338,-0.03,1.70078
1/14/2011,1.698914582,2.022552354,-1.187150838,3.318290417,4.62201068,5.976949879,-0.666267405,-0.41356493,3.727237505,0.476323005,-3.728374338,0.01,1.70078
1/21/2011,-0.719257541,-2.315789474,-3.356890459,-3.622816033,0.739114128,2.857865453,-1.25103625,-0.52948505,1.740624533,0.476323005,-3.728374338,0,1.70078
1/28/2011,-0.506348835,0.089798851,1.718464351,0.186616902,-1.831254303,-0.344234079,-0.572388003,-1.690846467,-0.07342683,0.476323005,-3.728374338,0,1.70078
2/4/2011,2.685562167,2.951731563,4.061826024,-0.638637573,2.799496662,-0.037009623,1.059256985,1.337721626,-0.198398119,0.493136503,-3.728374338,0,2.1249
2/11/2011,1.494471979,1.85620915,2.797927461,-3.454740225,-2.062868369,-0.259163273,0.503190035,1.927710843,-0.257694007,0.493136503,-3.728374338,0,2.1249
2/18/2011,1.066786868,0.496235455,8.938172043,0.859916782,1.52680263,4.605295719,2.33331444,-2.929386371,1.077729387,0.493136503,-3.728374338,-0.02,2.1249
2/25/2011,-1.635322976,-1.838923889,2.375077113,9.130913091,-1.536772777,-7.052116108,1.457794845,-1.68360864,0.401665084,0.493136503,-3.728374338,0,2.1249
3/4/2011,0.105796116,0.550737207,6.598373004,6.678427419,2.006688963,2.761516925,1.431025447,-0.441572429,1.731160896,0.975107203,-3.728374338,0,2.61924
3/11/2011,-1.230467276,-2.548842024,0.960994912,-3.874320813,-3.584699454,-6.79876161,-0.810907786,0.551709217,-0.607750608,0.975107203,-3.728374338,0,2.61924
3/18/2011,-2.354020177,-3.61125863,-2.099664054,0.688129762,-3.049195194,-3.826733989,0.108522645,-3.098440022,2.007049853,0.975107203,-3.728374338,-0.01,2.61924
3/25/2011,2.770820288,4.389348026,6.062339148,2.953380522,1.414708289,3.122409505,0.643203006,2.120572888,-0.669957687,0.975107203,-3.728374338,0,2.61924
4/1/2011,1.408987053,1.09078114,1.294149366,2.347083926,1.095227116,2.840300107,-0.043084877,0.402261361,1.03656372,0.643942954,2.314086776,-0.01,3.07723
4/8/2011,-0.217799474,-0.887573964,8.14479638,4.586518416,2.508837952,3.178738927,3.204022989,-1.862479697,1.742674443,0.643942954,2.314086776,-0.03,3.07723
4/15/2011,-0.617191028,-0.526777875,5.020920502,-3.189368771,-1.234842585,-3.75,0.9675623,-1.566810107,-0.345327716,0.643942954,2.314086776,-0.01,3.07723
4/22/2011,1.31778249,2.983230362,8.835247246,1.967513155,1.599459338,0.209891119,1.165115477,-0.739827374,0.900963338,0.643942954,2.314086776,0.02,3.07723
4/29/2011,1.980864105,1.268426466,2.842377261,1.30132376,3.032150776,3.351223982,3.836718005,-2.247317899,1.717150903,0.643942954,2.314086776,-0.01,3.07723
5/6/2011,-1.634537858,-1.032498307,-26.44472362,-13.90919158,-4.955076128,-10.15832806,-4.640021002,1.478743068,-3.295293403,0.470418753,2.314086776,-0.01,3.45897
5/13/2011,-0.119225037,-0.102616727,-0.113862795,1.46642655,-1.008207857,-0.648526716,0.227116311,1.593806922,-1.473360799,0.470418753,2.314086776,0,3.45897
5/20/2011,-0.320799761,-1.104262969,-0.655457395,0.076064909,0.652508679,3.717894139,1.277209366,-1.703272075,0.326009922,0.470418753,2.314086776,0,3.45897
5/27/2011,-0.074844697,-0.579935947,8.2616179,0.608056752,1.454380184,3.09207826,1.498406672,-3.214774282,1.087877932,0.470418753,2.314086776,0.01,3.45897
6/3/2011,-2.314433376,-1.880550235,-4.53100159,-0.125912868,0.711165864,3.251493033,0.347361389,-1.802120141,2.278127184,-0.107096706,2.314086776,0,3.50232
6/10/2011,-2.162245054,-3.034605146,-0.194282542,-1.487644982,0.706144009,3.688946015,-0.652376514,1.091519731,-1.981415687,-0.107096706,2.314086776,0,3.50232
6/17/2011,-0.431034483,-1.555636896,-0.945494994,-6.245200921,-3.759938163,-8.144291558,0.469043152,0.68818225,-0.32064687,-0.107096706,2.314086776,-0.01,3.50232
6/24/2011,-0.188902007,1.096858152,-4.435710275,-2.238602239,-4.136308875,-2.118758435,-2.454315059,-1.814753712,-0.797202797,-0.107096706,2.314086776,0.01,3.50232
7/1/2011,5.606813343,6.491357117,-1.116333725,3.741971516,1.992818671,3.543361368,-0.909339532,1.728276524,2.375581559,0.088604567,0.502422503,-0.02,3.57988
7/8/2011,0.358422939,1.934035572,8.288770053,1.749663526,0.967552661,2.596537949,3.670737597,-1.285983955,-1.78337809,0.088604567,0.502422503,0,3.57988
7/15/2011,-2.016369048,-1.998983568,7.023319616,0.873015873,1.401100657,0.77871512,3.294509151,-2.54571531,-0.806225463,0.088604567,0.502422503,-0.01,3.57988
7/22/2011,2.194547802,3.025064823,2.127659574,2.098085497,1.845377959,3.052157115,0.592783505,0.55187638,1.448865644,0.088604567,0.502422503,-0.01,3.57988
7/29/2011,-3.901025412,-2.684563758,-0.552208835,-3.878756743,-0.950987564,2.361909523,1.389956444,-4.207830223,0.306534764,0.088604567,0.502422503,0,3.57988
8/5/2011,-7.152246192,-7.189655172,-3.811206461,-9.273115981,-3.397341211,-10.10865584,2.185861394,-2.342755284,-0.83344909,0.27575889,0.502422503,0.06,3.755
8/12/2011,-1.63224517,-0.483002043,2.072946733,-2.120765832,4.798870854,0.475349722,5.081916538,1.395045632,-0.231124807,0.27575889,0.502422503,-0.03,3.755
8/19/2011,-4.639349814,-6.608176218,9.254498715,-3.340355101,4.208754209,-0.270343336,5.871624404,0.977240581,1.038961039,0.27575889,0.502422503,0.01,3.755
8/26/2011,4.731889205,6.196282231,-2.964705882,3.206724782,-2.353257943,2.06017891,-1.3781606,2.686871259,0.729521295,0.27575889,0.502422503,-0.01,3.755
9/2/2011,-0.101720776,0.282326369,4.219204656,1.478129713,2.773948051,2.443559097,3.250126782,-2.219742063,-2.007173403,0.151846212,0.502422503,0,3.81262
9/9/2011,-1.637675011,-0.187687688,-3.722661703,0.624256837,-2.699077055,-5.353901996,-1.38508388,12.06087508,-3.878369818,0.151846212,0.502422503,-0.01,3.81262
9/16/2011,4.830917874,6.412185032,-2.875785404,0.856720827,-1.251861247,-1.082043556,-2.584394023,-1.052512449,0.995899238,0.151846212,0.502422503,0.01,3.81262
9/23/2011,-6.566820276,-4.311715851,-23.93630256,-8.933801992,-11.28671954,-13.79811687,-9.220019315,3.431316482,-2.124419954,0.151846212,0.502422503,0,3.81262
9/30/2011,-0.343491281,-3.065558633,-3.434739941,-1.929880991,-5.369845766,-3.62219902,-1.088861076,0.398097976,-0.837099044,0.151846212,0.502422503,-0.01,3.81262
10/7/2011,2.262483429,3.010097161,4.573170732,5.083633978,-1.809473124,-2.733333333,0.708591674,2.092741491,-0.074704916,-0.206268263,2.308618302,-0.01,3.52227
10/14/2011,5.92861464,7.601257629,3.530936184,5.711610487,4.102303523,5.9287183,2.65108682,-3.711295717,3.730562201,-0.206268263,2.308618302,0,3.52227
10/21/2011,1.142204455,-1.512547267,-2.753441802,-0.059049306,-2.66441053,-1.34260757,-2.374541004,-1.176470588,0.122522523,-0.206268263,2.308618302,0,3.52227
10/28/2011,3.734774542,2.862129145,12.48391248,6.440177253,8.87865152,7.591408428,6.331494483,-2.188208617,1.828390441,-0.206268263,2.308618302,0,3.52227
11/4/2011,-2.426127527,-1.934170343,-3.003432494,1.193449903,-0.626381724,-1.03626943,0.725150336,2.526950272,-2.523681606,-0.084356133,2.308618302,0.01,3.45143
11/11/2011,0.940388907,0.08650519,1.621940431,4.799780581,0.432579409,0.261780105,1.820310214,1.729790842,-0.311842773,-0.084356133,2.308618302,0,3.45143
11/18/2011,-3.694931312,-4.235090752,-6.993615786,-1.020675216,-3.384198868,-8.53939487,-3.644515981,1.833740831,-1.629564964,-0.084356133,2.308618302,0,3.45143
11/25/2011,-4.623708805,-4.548736462,-3.806552262,-1.745108408,-3.700165584,-5.810243493,-2.517599332,1.506056968,-2.129862446,-0.084356133,2.308618302,0,3.45143
12/2/2011,7.323362558,7.072617247,4.832954914,5.032292788,1.044904438,13.58530932,3.929008568,-0.935383292,1.193894514,-0.246651638,2.308618302,0,3.06207
12/9/2011,0.953067436,0.706464147,-1.113861386,-1.357929798,-1.943844492,5.995919008,-2.013897067,0.130236596,-0.059737157,-0.246651638,2.308618302,0,3.06207
12/16/2011,-3.538278461,-3.788144511,-7.947434293,-5.792207792,-6.380990522,-8.722049459,-6.712740385,1.419900282,-2.562761506,-0.246651638,2.308618302,-0.01,3.06207
12/23/2011,3.947693067,2.223842508,-1.801495581,6.120760959,0.527591616,6.018818949,0.695741802,0.064123116,0.030672494,-0.246651638,2.308618302,0,3.06207
12/30/2011,-0.704169634,-0.445791726,-4.742125303,-0.987269421,-2.255319149,-1.208875287,-2.763738724,0.2563281,-0.682253737,-0.246651638,2.308618302,0.01,3.06207
1/6/2012,1.760956175,3.546480387,3.597383721,2.912621359,0.53693223,-5.669144981,3.427857096,1.725790988,-1.852423588,0.440019143,-2.104321479,-0.03,3.00877
1/13/2012,0.884817164,0.640027677,3.191862504,-2.702702703,6.23556582,3.67816092,1.31043257,-0.345585925,-0.338156653,0.440019143,-2.104321479,0.02,3.00877
1/20/2012,2.413846631,2.732897903,8.37185588,-0.995807128,3.050271739,6.069052898,1.764410398,-1.839007987,2.02004261,0.440019143,-2.104321479,0.02,3.00877
1/27/2012,-0.098522167,1.054040489,5.573503121,1.376389624,5.577163953,1.893328555,4.257419633,-2.34450273,2.219815918,0.440019143,-2.104321479,0,3.00877
2/3/2012,2.063419815,2.731788079,-0.861556744,-1.853785901,-0.087418046,2.373974209,-0.787121974,0.624862969,-0.453995157,0.440297355,-2.104321479,0,2.89818
2/10/2012,-0.133789208,0.684931507,-0.509439616,1.143921256,2.368601962,-0.443744632,-0.298258172,-0.174310927,0.304043782,0.440297355,-2.104321479,0.02,2.89818
2/17/2012,1.525751712,1.528611445,-0.78313253,4.550236718,-1.636141636,-2.803738318,0.125643173,0.327403689,-0.40163686,0.440297355,-2.104321479,0.01,2.89818
2/24/2012,0.381203724,0.835566767,6.587735276,5.685534591,4.928003972,4.038461538,2.916641769,-2.556292832,2.32062695,0.440297355,-2.104321479,-0.03,2.89818
3/2/2012,0.277514058,1.422764228,-1.822842495,-2.951678172,-0.970069798,-0.00853121,-3.420406315,2.009377093,-1.844140393,0.759455862,-2.104321479,0,2.58288
3/9/2012,0.18935256,0.231231694,-1.508558167,0.784890851,-0.668976227,-1.086400091,0.023987015,0.536222368,-0.606060606,0.759455862,-2.104321479,0.02,2.58288
3/16/2012,1.984444283,2.306982467,-5.00736377,-0.14602093,-0.793746242,-0.776308223,-3.053193324,-0.359203222,0.419207317,0.759455862,-2.104321479,0.01,2.58288
3/23/2012,-0.463292944,0.629885749,-1.054263566,-0.828661955,-2.751848709,-5.780933063,0.144389337,-0.830238147,0.705882353,0.759455862,-2.104321479,0.03,2.58288
3/30/2012,0.830648049,0.912771329,0.438733939,-3.588105186,0.797806033,-0.861141012,0.36345537,-0.693985459,0.527585167,0.759455862,-2.104321479,-0.01,2.58288
4/6/2012,-0.724380371,0.251665433,-1.934477379,0.076472088,-2.188968588,-1.116798511,-2.350111029,1.674986134,-1.821862348,0.30210295,1.539552168,-0.02,2.27316
4/13/2012,-1.895700694,-2.259303012,-0.636334712,-0.280183393,-1.289669996,-0.17254902,1.604446971,0.272747109,-0.15273005,0.30210295,1.539552168,0.02,2.27316
4/20/2012,0.590637305,-0.77050914,0.51232789,0.61302682,-0.204944281,4.682589566,-0.814423376,-1.18594277,1.108986616,0.30210295,1.539552168,0.01,2.27316
4/27/2012,1.768756796,2.375152253,-1.083147499,0.583904544,-0.487742267,1.065746022,1.153315783,-0.19819423,0.264750378,0.30210295,1.539552168,-0.02,2.27316
5/4/2012,-2.414701902,-3.777513385,-3.252818035,-5.880868248,-2.85050948,-4.529927224,-1.183541951,1.279788173,-1.305167861,-0.117347937,1.539552168,0.01,1.73794
5/11/2012,-1.01459854,-0.803709428,-4.560585885,-2.762134621,-4.122411046,-7.809583074,-3.706026212,1.198257081,-1.245986852,-0.117347937,1.539552168,0.02,1.73794
5/18/2012,-4.328589337,-5.250856965,-0.837111964,-5.046883618,-0.699300699,0.506243672,0.64469914,1.151776103,-1.091415744,-0.117347937,1.539552168,-0.01,1.73794
5/25/2012,1.819022661,2.072027627,-0.703482237,-0.609933198,-1.638544136,-2.199462727,-1.209964413,2.064488667,-2.081702927,-0.117347937,1.539552168,0.01,1.73794
6/1/2012,-2.982588948,-2.676010955,0.035423309,-8.153126826,0.779754732,3.351072961,3.156929526,0.708998019,-0.639386189,-0.146639688,1.539552168,-0.01,1.65387
6/8/2012,3.854556804,4.073896274,0.495750708,1.177219217,-0.59084195,-0.086375868,-1.758730159,-0.67294751,0.579150579,-0.146639688,1.539552168,0.01,1.65387
6/15/2012,0.781367393,0.190870049,0.070472163,-0.534591195,3.58027312,2.676641729,2.009952821,-0.979779029,1.055662188,-0.146639688,1.539552168,0.01,1.65387
6/22/2012,-0.506933055,0.571519289,-5.931690141,-4.837179893,-3.395040645,-2.801165803,-3.294475418,0.494736842,-0.522317189,-0.146639688,1.539552168,0,1.65387
6/29/2012,1.978120785,1.278610892,1.963661409,5.747508306,0.876820817,-4.497751124,1.670597484,-0.691316644,0.715990453,-0.146639688,1.539552168,0,1.65387
7/6/2012,-0.448199853,-0.06234414,-1.321585903,-0.754005655,-0.399551381,-1.06401535,-0.953669695,3.069296488,-2.993680885,-0.162978586,0.712795573,-0.04,1.41751
7/13/2012,0.191896081,-1.154086089,0.558035714,3.450459006,-0.97825322,1.181241185,0.279747577,0.306999591,-0.309421057,-0.162978586,0.712795573,0.04,1.41751
7/20/2012,0.53038674,1.349005996,0.184979652,4.651162791,-0.938166311,-1.428820352,-0.304917607,0.775351969,-0.72694601,-0.162978586,0.712795573,0.01,1.41751
7/27/2012,1.619403532,0.98855764,1.772525849,-1.549707602,-0.258286698,0.530316422,2.518383549,-1.326179389,1.37403324,-0.162978586,0.712795573,-0.04,1.41751
8/3/2012,0.483126622,1.125327578,-0.03628447,1.188001188,-0.683354913,-0.05275189,-1.263171258,-0.461680517,0.527554582,0.556515818,0.712795573,0,1.68593
8/10/2012,1.06925009,1.920731707,1.161524501,2.289404168,-0.065184327,0.774102745,1.047894568,0.649350649,-0.791215889,0.556515818,0.712795573,0,1.68593
8/17/2012,0.951434252,2.183667365,-0.071761751,3.156384505,5.290621829,4.608938547,-0.292658099,-0.26625704,0.268554688,0.556515818,0.712795573,-0.01,1.68593
8/24/2012,-0.471233647,-0.043911007,9.263913824,-0.751043115,4.914647577,7.426568758,3.34992343,-1.478591231,1.550198847,0.556515818,0.712795573,0,1.68593
8/31/2012,-0.247332344,-0.190364621,3.417679921,0.588565022,-0.590473691,-4.085754233,1.389146138,-0.521104742,0.511508951,0.556515818,0.712795573,0,1.68593
9/7/2012,2.245678663,1.863262911,6.037496028,-0.027862914,3.491288279,4.324586978,2.569723542,-1.100052383,1.900445293,0.446221227,0.712795573,0.01,1.94972
9/14/2012,2.016212846,1.080224687,3.026670662,2.675585284,7.126458772,6.38099674,1.994775588,-1.970338983,2.512680453,0.446221227,0.712795573,0.01,1.94972
9/21/2012,-0.930453681,-0.042747221,-0.436300175,-6.378935939,-4.259308867,-3.998832458,0.093131548,0.76723579,-1.263606607,0.446221227,0.712795573,0.01,1.94972
9/28/2012,-1.30252965,-2.252316465,-0.087642419,-1.072774717,1.585525089,-4.454241411,-0.040707141,0.761394102,-0.878883664,0.446221227,0.712795573,-0.01,1.94972
10/5/2012,1.507258457,0.597929124,0,-2.256740914,2.576814788,3.150357995,0.424690209,-1.0749255,1.337792642,-0.038892514,1.459393212,-0.02,2.15568
10/12/2012,-2.223894895,-3.334299797,-2.894736842,1.949025487,-3.031207113,-3.455190498,-1.483026301,0.398063475,-0.583314145,-0.038892514,1.459393212,0.02,2.15568
10/19/2012,0.349919519,-1.49970006,-4.245709124,-1.941176471,-2.042951203,-1.486020131,-1.817005763,-0.610801543,0.532695129,-0.038892514,1.459393212,0.01,2.15568
10/26/2012,-1.422693354,-0.502436054,-0.094339623,-4.649070186,-4.466360952,-5.011198526,-0.622866383,0.765498652,-0.668100138,-0.038892514,1.459393212,0,2.15568
11/2/2012,0.148567386,-0.275439939,-3.556814605,-1.384083045,-0.118358759,0.939047294,-2.006870367,0.567087524,-0.726710475,-0.473808669,1.459393212,0.01,1.79602
11/9/2012,-2.40180842,-2.669940157,5.352480418,1.212121212,0.835418038,1.167117727,3.210332103,0.883072667,-1.027957324,-0.473808669,1.459393212,-0.01,1.79602
11/16/2012,-1.295599305,-1.781491408,-1.115241636,0.622754491,-0.071163225,2.875773282,-1.156000477,-0.305842649,0.24392163,-0.473808669,1.459393212,0,1.79602
11/23/2012,3.651829581,4.173354735,5.701441103,1.229030682,4.292434339,6.712172924,2.248613456,-1.851264149,1.852433281,-0.473808669,1.459393212,0,1.79602
11/30/2012,0.565970994,1.386748844,-1.926206065,0.742574257,-1.371922571,2.38349071,-2.098932846,0,0.069358816,-0.473808669,1.459393212,0,1.79602
12/7/2012,0.182905382,-1.32218845,-1.057721366,-3.163390663,0.381097561,1.926366679,-0.532971996,0.679025652,-0.477474008,-0.269306449,1.459393212,0,1.7595
12/14/2012,-0.217681343,-0.369628831,-2.657299939,0.888043134,0.607441154,0.890251022,-0.626646081,-1.777111658,1.833939488,-0.269306449,1.459393212,0,1.7595
12/21/2012,0.48557354,0.788375328,-6.840288673,1.729016033,-4.817610063,-3.558512947,-2.315237921,-0.228882834,0.205167173,-0.269306449,1.459393212,0.01,1.7595
12/28/2012,-1.932908467,-2.17791411,0.202088245,2.101359703,-1.195982556,2.549872506,0.130979854,-0.218483723,0.227496777,-0.269306449,1.459393212,0,1.7595
1/4/2013,4.527601228,4.468485419,0.564705882,2.542372881,2.654985622,-1.257861635,-0.062289772,1.204291658,-1.142468034,0.295730419,-2.708963181,-0.02,1.68406
1/11/2013,0.478240077,0.945520036,0.808877599,0.531286895,4.351791531,2.266330914,0.386437297,-1.200778884,2.112352671,0.295730419,-2.708963181,0.01,1.68406
1/18/2013,0.856734888,-0.282485876,4.542440318,2.084556665,2.160069921,2.75202781,1.260399851,2.255556772,-0.217358717,0.295730419,-2.708963181,-0.02,1.68406
1/25/2013,1.29441111,-0.10436857,-1.966381224,0.028760426,1.778293816,2.410487736,-1.496106444,-0.781668273,1.081649516,0.295730419,-2.708963181,0,1.68406
2/1/2013,0.65890183,0.985074627,1.8764154,1.638872915,-0.522365656,2.161046111,0.497976969,-2.039715087,1.352455971,0.819002953,-2.708963181,0,2.01814
2/8/2013,0.370272415,0.487732782,-1.079707844,-1.838755304,1.720787059,-0.134734573,0.074326417,1.0466013,-2.016276853,0.819002953,-2.708963181,0,2.01814
2/15/2013,0.204216074,-0.352993087,-5.32905297,0.057636888,-2.320641306,0.053966541,-3.595964597,0.47972089,-0.052379527,0.819002953,-2.708963181,0,2.01814
2/22/2013,-0.144632174,-0.901845018,-3.458799593,-3.225806452,-4.06390475,-2.157497303,-1.791217257,0.846354167,-1.272740885,0.819002953,-2.708963181,0.01,2.01814
3/1/2013,0.144841662,0.358956791,-0.667369161,-2.55952381,-2.171848287,-2.590959206,-0.346473165,1.377232623,-1.266398726,0.261450858,-2.708963181,0,1.51875
3/8/2013,2.18920518,2.062926684,1.343705799,0.946854001,1.838187702,8.771929825,0.177118866,0.955211208,-0.145929339,0.261450858,-2.708963181,0,1.51875
3/15/2013,0.250900669,-0.378071834,-0.802512212,1.664145234,-0.749968222,-1.287721124,0.845393229,-1.419259882,0.576878702,0.261450858,-2.708963181,0,1.51875
3/22/2013,-0.14759674,0.116771274,-0.105522336,0.029761905,-0.525102459,-1.620766899,1.005837624,0.298602965,-0.672988682,0.261450858,-2.708963181,0.01,1.51875
3/29/2013,0.687660668,0.55401662,-1.172535211,3.391847664,-0.714561607,1.433163675,-0.694310511,0.925039872,-1.301201109,0.261450858,-2.708963181,-0.01,1.51875
4/5/2013,-0.963809281,-1.607945484,-3.765988527,-4.230215827,-2.385398431,-5.955367754,-1.074642325,-1.443320691,1.326156486,-0.103963948,2.288703787,-0.03,1.13881
4/12/2013,2.345965455,3.063615331,-4.18363569,-2.253605769,-2.916619617,-2.822240944,-5.798049866,-0.908605024,0.908461005,-0.103963948,2.288703787,0.03,1.13881
4/19/2013,-2.090680101,-2.645124392,-11.32148377,-3.504457424,-4.228243021,-4.146799595,-5.890934352,0.71197411,-0.411993591,-0.103963948,2.288703787,0,1.13881
4/26/2013,1.775147929,2.173593773,3.093681917,5.511309334,3.471924561,0.693397648,4.015649221,0.996143959,-0.183865778,-0.103963948,2.288703787,0,1.13881
5/3/2013,1.978008089,3.665373006,0.67624683,2.687198068,1.505109086,1.841317365,0.837413952,-0.859051861,0.65239082,0.178040777,2.288703787,-0.02,1.39039
5/10/2013,1.264175497,1.289517471,-1.217464316,0.382240517,-0.625765202,1.881522858,-1.752410444,2.267864784,-0.930303492,0.178040777,2.288703787,0.01,1.39039
5/17/2013,2.160210513,1.711156742,-6.793030174,0.205038079,-2.354551677,4.427932477,-6.110315186,1.694560669,-1.185344828,0.178040777,2.288703787,-0.02,1.39039
5/24/2013,-0.976398706,-1.197846568,0.904630761,-2.455422391,-0.12617412,-1.684190166,2.052338445,-1.203456079,0.732201277,0.178040777,2.288703787,-0.02,1.39039
5/31/2013,-1.125158793,-0.217953957,-0.76818798,-2.277494756,0.014037058,3.015739179,0.119617225,-0.520562207,0.471698113,0.178040777,2.288703787,-0.01,1.39039
6/7/2013,0.825940655,0.19112628,-2.641165756,4.753143208,3.115789474,1.27411126,-0.477897252,-2.09314495,1.716308782,0.239970809,2.288703787,0,1.71579
6/14/2013,-0.983009709,-1.512467639,2.104770814,1.697892272,-3.572886893,-3.663793103,0.862845138,-1.539283805,0.976089588,0.239970809,2.288703787,0,1.71579
6/21/2013,-2.518691016,-2.559490869,-9.115895557,-4.346574554,-4.883901475,-7.242729306,-6.977609165,1.454782325,-1.723491945,0.239970809,2.288703787,0.01,1.71579
6/28/2013,0.84868297,1.192673577,-2.116935484,2.858862474,-2.737998071,-2.547482665,-4.75009996,1.0058855,-0.724361418,0.239970809,2.288703787,0,1.71579
7/5/2013,1.620745543,1.838080539,-4.016477858,6.963136337,-0.732377174,3.588553751,-0.856351272,2.129462867,-1.482334869,0.039399753,1.523033893,-0.01,1.88547
7/12/2013,2.754263281,3.747588867,5.63304721,2.735229759,6.025207501,5.300880991,5.114742993,-1.887966805,1.832072971,0.039399753,1.523033893,0.01,1.88547
7/19/2013,0.990985613,-0.942895086,-1.929913662,2.369542066,1.159756451,3.587634714,0.789494884,-0.528652992,0.589496249,0.039399753,1.523033893,-0.01,1.88547
7/26/2013,-0.035467281,1.045716584,2.485758674,-3.22496749,0.143307538,-2.915811088,2.933418592,-1.318027211,1.035086384,0.039399753,1.523033893,0,1.88547
8/2/2013,1.088049199,2.122860555,-0.960080849,1.961838216,1.284058386,0.564015792,-1.879173785,0.010771219,0.007532957,0.120293156,1.523033893,0,1.53881
8/9/2013,-0.959344838,-0.623619592,3.265306122,-0.922509225,3.599600437,1.570386988,0.39569484,-0.613893376,0.444410967,0.120293156,1.523033893,0,1.53881
8/16/2013,-2.055401335,-1.313897241,13.1916996,2.154828412,1.820593249,3.119823302,4.508907457,0.390117035,-0.052493438,0.120293156,1.523033893,-0.01,1.53881
8/23/2013,0.476391485,1.569848314,3.448275862,-1.171875,0.696558195,-1.820615797,1.749886861,-0.518134715,0.397659064,0.120293156,1.523033893,0.01,1.53881
8/30/2013,-1.7824991,-1.565149341,-2.320675105,1.39657444,-1.157222666,-3.981456231,-0.207561156,0.716145833,-1.218145131,0.120293156,1.523033893,-0.01,1.53881
9/6/2013,1.460433853,1.934543527,1.641468683,2.286902287,-1.675413807,-3.308719114,-0.349130887,1.034259858,-0.310183084,0.116300449,1.523033893,0,1.09473
9/13/2013,1.981450253,1.468867802,-6.289842754,-1.295731707,-2.949428591,0.734322221,-4.718598584,-0.863723608,0.85755483,0.116300449,1.523033893,0,1.09473
9/20/2013,0.820882301,1.184985908,-2.494331066,-2.77992278,-1.396135947,1.968216941,0.109529025,-2.097450791,1.745673439,0.116300449,1.523033893,0,1.09473
9/27/2013,-1.060215558,0.10761537,-0.093023256,-2.144559174,-0.693649886,1.930225908,0.789309159,-0.549329818,0,0.116300449,1.523033893,0,1.09473
10/4/2013,-0.011840625,0.417351714,-0.139664804,0.946969697,-2.210700655,-4.138027774,-1.891912848,0.209898365,0.251442094,-0.257528326,2.226172393,0,0.8768
10/11/2013,0.811178874,-0.23929471,-1.911421911,-1.500938086,-1.266568483,1.624231782,-3.105982771,0.529158858,-0.08114488,-0.257528326,2.226172393,0,0.8768
10/18/2013,2.425701868,3.699027901,2.80418251,-0.816326531,4.810560859,4.247660187,3.466557912,-1.140475929,1.011443337,-0.257528326,2.226172393,0.02,0.8768
10/25/2013,0.894546706,0.925249574,2.958853444,-3.100137174,1.188358358,-0.027624309,2.845880962,-1.053799224,0.88437363,-0.257528326,2.226172393,-0.01,0.8768
11/1/2013,0.147769253,-0.144752714,-3.008531657,-3.37202718,-0.063291139,-0.027631943,-2.690479841,2.219730942,-2.296602188,-0.204242419,2.226172393,-0.01,1.23287
11/8/2013,0.612905056,-0.265764677,-1.75,-0.348677078,-0.788121877,2.487562189,-2.103977944,0.998025883,-0.867566365,-0.204242419,2.226172393,0,1.23287
11/15/2013,1.556771392,1.695736434,-3.402129865,-0.382240517,-0.234059153,-3.465480043,0.032990288,-0.65153654,0.942478869,-0.204242419,2.226172393,0,1.23287
11/22/2013,0.422104971,0.035731301,-4.312195122,0.472255018,-3.86037253,-2.612096662,-3.539253539,-0.918133129,0.459429418,-0.204242419,2.226172393,0.01,1.23287
11/29/2013,0.105082683,2.071675199,0.530179445,-1.703877791,-1.294091548,0.631095812,0.650433622,-0.055157198,0.213911632,-0.204242419,2.226172393,0,1.23287
12/6/2013,-0.033149171,0.314942261,-2.3331643,4.751942618,-0.494456098,2.180729761,-1.781275891,-1.556291391,0.868541145,-0.00858115,2.226172393,-0.01,1.51284
12/13/2013,-1.564054383,-1.337209302,0.850990919,-1.169757489,0.090347839,-2.385269912,0.700126529,-0.31393654,0.262697023,-0.00858115,2.226172393,0.01,1.51284
12/20/2013,1.937005221,1.944608132,-1.718510281,2.424942263,-2.030991425,-2.429265504,-2.881554699,0.697334383,-0.524017467,-0.00858115,2.226172393,0,1.51284
12/27/2013,1.261291033,1.179190751,3.562074384,1.014656144,3.255528256,1.786760398,1.017767811,-0.457947057,0.570676032,-0.00858115,2.226172393,0,1.51284
1/3/2014,-0.522164808,-1.005484461,0.758725341,-5.831473214,2.55056514,2.330935252,1.852800546,1.526032316,-1.163974975,0.372024767,-3.993244258,-0.01,1.55776
1/10/2014,0.683470939,0.761772853,-0.301204819,-1.659259259,1.68950765,1.982564679,0.813144438,-0.243147657,0.603562491,0.372024767,-3.993244258,0,1.55776
1/17/2014,-0.27153253,0.664375716,0.755287009,1.506477855,1.026811181,0.579070729,0.557126227,0.797695546,-0.958443079,0.372024767,-3.993244258,-0.01,1.55776
1/24/2014,-2.586582444,-1.297223487,-1.949025487,2.641733452,-1.729249012,-1.809458533,1.124617547,-1.72565399,1.041589717,0.372024767,-3.993244258,0,1.55776
1/31/2014,-0.396891945,-0.541849205,-3.567787971,0.636205899,-3.562450621,-4.090464889,-1.799002371,1.308578459,-1.396402983,0.372024767,-3.993244258,0,1.55776
2/7/2014,0.841845325,1.193926046,4.492600423,2.413793103,0.558576004,0.917030568,1.732034308,-0.905277103,1.067694817,0.369790865,-3.993244258,0,1.12047
2/14/2014,2.415405165,2.875143184,7.182599899,0.757575758,3.318026959,3.591518823,4.076287141,-0.590463458,0.440173135,0.369790865,-3.993244258,-0.01,1.12047
2/21/2014,-0.070644495,0.13361541,1.557338367,2.172096909,0,0.501253133,0.338183248,-0.526728679,0.328683076,0.369790865,-3.993244258,0,1.12047
2/28/2014,1.305128066,0.455910152,-3.206319703,0.136276915,1.082437276,0.443336104,0.031352877,-0.935105904,0.444088526,0.369790865,-3.993244258,0.01,1.12047
3/7/2014,1.057491009,0.210316582,-1.104176668,0.108873163,2.482093469,5.117241379,1.151857076,-0.170590242,0.550844386,0.644004413,-3.993244258,0,1.61269
3/14/2014,-1.912249017,-2.054567547,2.669902913,-3.398586188,-0.878831915,-1.023487731,3.106359904,-0.626566416,0.273913357,0.644004413,-3.993244258,0.01,1.61269
3/21/2014,0.833965125,0.37216646,-5.200945626,0.872502111,-2.289863167,2.479119714,-3.478587528,1.169322481,-0.848249587,0.644004413,-3.993244258,0,1.61269
3/28/2014,-0.381310419,-2.191011236,-2.563591022,2.176339286,-1.957702201,-2.416558862,-3.043512104,0.498583569,-0.326252447,0.644004413,-3.993244258,0,1.61269
4/4/2014,0.490592485,-0.781160253,0.583538084,-0.518842163,2.973327503,2.078693393,0.810854207,0.608862329,-0.305498982,0.329675445,2.93342672,0,2.01513
4/11/2014,-2.623390558,-2.6166493,0.203562341,2.058742794,0.346779901,1.74025974,1.083061241,-1.837946879,1.298701299,0.329675445,2.93342672,0,2.01513
4/18/2014,2.688557104,2.484841279,-1.675977654,1.291016676,-2.98328514,-1.199897881,-1.717482077,0.822011645,-0.547392682,0.329675445,2.93342672,0.01,2.01513
4/25/2014,-0.053650947,-0.011600928,0.309917355,-2.814657461,0.72695551,1.963824289,0.54509018,-0.24912241,0.166570104,0.329675445,2.93342672,0.01,2.01513
5/2/2014,0.950131515,1.508295626,-1.184346035,-0.846994536,1.086893764,0.139381652,-0.294985251,-0.351912816,0.274745138,0.349260984,2.93342672,-0.01,2.16695
5/9/2014,-0.053174519,-0.788661561,-1.511203752,0.303113805,-0.589721988,-1.164114893,-0.767631537,0.979722032,-0.850818372,0.349260984,2.93342672,0,2.16695
5/16/2014,0.047882528,1.048387097,1.005291005,2.28021978,2.384372307,1.638714633,0.322320709,0.575361011,-0.429059705,0.349260984,2.93342672,-0.01,2.16695
5/23/2014,1.223078968,2.474062251,0.366684128,2.551705614,0.757575758,2.053155309,0.008032129,0.459899047,-0.474729769,0.349260984,2.93342672,0.01,2.16695
5/30/2014,1.22406094,1.591010236,-3.183716075,-1.309586171,-1.559454191,0.654159467,-3.276845233,-0.156319786,0.051368606,0.349260984,2.93342672,0,2.16695
6/6/2014,1.401287108,1.653707151,1.110512129,-0.185774947,-0.065275813,1.042305334,0.149464419,-0.089465444,0.051342233,0.186212694,2.93342672,0,2.05898
6/13/2014,-0.639778892,-0.538677009,3.486884197,4.014889657,-1.357109344,-3.665048544,1.94842882,0.738750839,-0.747745766,0.186212694,2.93342672,0,2.05898
6/20/2014,0.93236491,0.487435009,5.924781041,0.511247444,1.700265442,0.881834215,2.878985036,-0.666666667,0.450550262,0.186212694,2.93342672,0.01,2.05898
6/27/2014,-0.061243238,1.056375984,0.680933852,-0.864699898,1.410835214,2.322677323,0.126482213,-0.391498881,0.345588235,0.186212694,2.93342672,0,2.05898
7/3/2014,1.2154019,2.08,0.628019324,-1.872755259,1.697273233,2.233341469,0.394757619,0.415496912,-0.373708507,-0.039019396,1.859259517,0,1.97424
7/10/2014,-0.80221998,-0.449320794,1.392222756,-2.849673203,0.629274966,1.611555449,1.27398553,-0.246029971,0.06619594,-0.039019396,1.859259517,-0.01,1.97424
7/18/2014,0.559483241,0.892201113,-2.698863636,1.506996771,-1.40021751,0.610902256,-2.057772946,0.706278027,-0.59536935,-0.039019396,1.859259517,0,1.97424
7/25/2014,0.005057913,0.64502705,-0.827250608,0.132555673,-0.992692679,0.046707146,-0.268770316,0.723589001,-0.665483585,-0.039019396,1.859259517,0,1.97424
8/1/2014,-2.640097107,-2.139756047,-1.815505397,-4.183214191,-0.933017686,-1.797385621,-1.121701871,0.077365164,-0.029775197,-0.167051417,1.859259517,0,1.7151
8/8/2014,0.384415584,0.242949192,-1.5992004,-0.193423598,0.892606129,-0.237699073,1.455217881,-0.022087245,-0.148920328,-0.167051417,1.859259517,0,1.7151
8/15/2014,1.283378183,2.634351949,-1.929913662,-1.882613511,-1.295715778,3.597807958,-0.560266265,-0.364520049,-0.089485459,-0.167051417,1.859259517,0,1.7151
8/22/2014,1.772940936,1.694045175,-0.632314863,-1.354401806,-2.357258804,-0.666973321,-1.827339161,1.297117517,-1.141961487,-0.167051417,1.859259517,0,1.7151
8/29/2014,0.763090517,0.737001514,0.010944397,2.288329519,0.108420672,1.991201667,0.543875315,0.470613987,-0.845602114,-0.167051417,1.859259517,0,1.7151
9/5/2014,0.199292512,0.110242534,-1.406982804,-2.4049217,-0.953068592,-1.827468785,-1.453253674,1.405228758,-1.385821975,0.075256882,1.859259517,-0.01,1.68405
9/12/2014,-0.984535826,-0.410451497,-2.959830867,-1.489971347,-2.91587695,-6.104751994,-3.0149107,0.247072725,0.077214115,0.075256882,1.859259517,0.01,1.68405
9/19/2014,0.788429669,0.502613591,-3.867102397,0.552646888,-2.357711368,-2.881418545,-1.0897111,0.803686241,-1.018439935,0.075256882,1.859259517,0,1.68405
9/26/2014,-1.39511709,-1.200240048,-1.699716714,1.706682094,-2.683789603,-4.082667681,-0.025621317,1.116190071,-1.138046613,0.075256882,1.859259517,0,1.68405
10/3/2014,-0.69732188,-0.617533914,-4.668587896,-3.953356086,-5.87909917,-2.723066755,-2.09294379,1.67157275,-1.348261452,-0.251227781,2.013901976,0,1.60954
10/10/2014,-3.042947283,-3.799531425,3.325272068,-4.708320995,2.953572328,3.560266341,2.600122153,-1.034019233,0.919117647,-0.251227781,2.013901976,0,1.60954
10/17/2014,-1.086386061,-1.524777637,-0.468110006,-2.889993785,-0.259320873,-3.844639811,1.19057743,-1.264235712,1.037459412,-0.251227781,2.013901976,0,1.60954
10/24/2014,4.223483844,6.043010753,-0.411522634,-1.184,-0.62954787,3.588973799,-0.537860324,0.71957672,-0.697601505,-0.251227781,2.013901976,0,1.60954
10/31/2014,2.662526091,2.818900831,-5.903187721,-0.809585492,-1.160111897,1.554472402,-4.807773553,1.113679344,-1.168205857,-0.251227781,2.013901976,0,1.60954
11/7/2014,0.833085391,0.197238659,-2.634880803,-2.840352595,-1.564971281,-2.386820599,0.275164211,0.342892768,-0.53510103,-0.539941794,2.013901976,-0.01,1.23152
11/14/2014,0.442608439,1.594488189,3.350515464,-3.125,-0.372093023,-1.182724252,1.327786138,-0.704152428,0.546009314,-0.539941794,2.013901976,0.01,1.23152
11/21/2014,1.194672934,0.629722922,0.935162095,0.936524454,1.179865886,3.214093599,0.803704027,1.127333403,-1.054144705,-0.539941794,2.013901976,0.01,1.23152
11/28/2014,0.251596671,2.060267642,-5.781964175,-12.09621993,-2.290268456,2.175895765,-2.842534015,-0.588835838,0.492332526,-0.539941794,2.013901976,0,1.23152
12/5/2014,0.386100386,-0.594283558,5.1527806,-2.423768569,2.001373744,-0.726855394,2.069396129,1.562240664,-1.333226247,-0.567010091,2.013901976,0,0.65312
12/12/2014,-3.418269231,-2.571645474,4.240051372,-12.13942308,0.411612697,1.541425819,2.604212182,-1.60970727,1.424501425,-0.567010091,2.013901976,0.02,0.65312
12/19/2014,2.802528747,1.607090679,-5.442583732,0.136798906,-2.67415542,-1.201771031,-2.24853079,2.164434756,-1.882022472,-0.567010091,2.013901976,0,0.65312
12/26/2014,0.92969204,0.690184049,-0.189753321,-5.373406193,1.550387597,1.613316261,0.05227847,0,0,-0.567010091,2.013901976,0.01,0.65312
1/2/2015,-1.444060641,-1.999238385,-1.584283904,-4.282964389,-1.12807464,-2.835181452,-0.653139423,1.762942641,-1.873134023,-0.470589237,-3.125605149,-0.01,-0.22993
1/9/2015,-0.574404907,-0.310860696,4.121056021,-8.094519859,2.341940465,0.933731034,2.787517532,1.198202696,-1.338723794,-0.470589237,-3.125605149,-0.01,-0.22993
1/16/2015,-1.282741738,-1.754044046,7.668521954,0.273522976,2.933780386,-5.704741102,4.485758144,-15.28663049,-2.255848731,-0.470589237,-3.125605149,0.01,-0.22993
1/23/2015,1.656499529,3.412021424,3.273980471,-7.255864703,-0.016286645,2.207385202,1.3956905,2.530952631,-3.161925507,-0.470589237,-3.125605149,0.01,-0.22993
1/30/2015,-2.693077036,-3.030884328,-5.506674082,4.823529412,-1.938426454,-0.213304893,-0.627867665,4.601840282,0.739081147,-0.470589237,-3.125605149,-0.01,-0.22993
2/6/2015,3.058410629,2.007912957,-2.942336329,9.259259259,-1.337209302,1.71008684,-3.896314297,0.592956202,0.209110483,0.434304492,-3.125605149,-0.03,-0.08703
2/13/2015,2.057893457,3.665276835,3.032140691,0.770416025,-1.49844263,0.866938132,-0.556304788,0.58622216,0.601264424,0.434304492,-3.125605149,0.03,-0.08703
2/20/2015,0.695967204,1.403049294,-6.003531489,-4.94393476,-3.478335185,-1.679906238,-2.288523479,0.718042288,0.015820699,0.434304492,-3.125605149,0,-0.08703
2/27/2015,-0.27456921,-0.009224241,2.003757044,-2.949061662,2.001062511,5.125827815,0.763358779,1.652830913,-1.694304571,0.434304492,-3.125605149,0,-0.08703
3/6/2015,-1.50004747,-0.913284133,-4.051565378,0.773480663,-2.473958333,-0.11339297,-3.701790634,3.300136283,-3.048317168,0.595172161,-3.125605149,-0.03,-0.02203
3/13/2015,-0.804819277,-1.927194861,-1.85540627,-7.894188596,-3.649310191,-3.002018163,-0.876095119,1.991110029,-3.185653036,0.595172161,-3.125605149,0.03,-0.02203
3/20/2015,2.225137249,3.028289349,7.177314211,-2.202963078,1.886374134,-2.093628088,2.426046176,-3.023880597,2.966666667,0.595172161,-3.125605149,-0.01,-0.02203
3/27/2015,-2.219476261,-2.773426702,1.453682866,4.32136336,0.125122402,-4.635409749,1.311966188,-1.278460102,0.758451649,0.595172161,-3.125605149,0.01,-0.02203
4/3/2015,0.340235248,-0.379075057,-1.258992806,2.450408401,1.231549398,0.849582173,0.191204589,-1.06012576,0.642585028,0.203287325,2.94661932,-0.01,-0.10403
4/10/2015,1.743848091,2.501902588,-1.578627808,4.840546697,1.798014134,4.074022925,0.595072866,2.84258627,-3.344734802,0.203287325,2.94661932,0.01,-0.10403
4/17/2015,-0.995048562,-1.614849188,-1.295496607,7.767517653,-0.184622144,1.021762208,-0.315609748,-2.766059591,1.965687755,0.203287325,2.94661932,0,-0.10403
4/24/2015,1.779273864,4.273181775,-3.375,-0.856854839,-4.155210983,-2.06226192,-2.205882353,0.192241026,0.596014845,0.203287325,2.94661932,0.01,-0.10403
5/1/2015,-0.439404678,-1.347928352,2.97542044,3.711235384,0.707265546,0.348712446,0.026536931,-2.251090421,3.001978012,0.509723203,2.94661932,0,0.03503
5/8/2015,0.427107062,-0.330123796,1.695979899,0.098039216,0.784385261,3.38144881,0.787053414,-0.245631724,-0.033941299,0.509723203,2.94661932,-0.01,0.03503
5/15/2015,0.387487005,0.81884258,6.3001853,0.489715965,2.316742081,-0.814479638,3.123629025,-1.562365591,2.233738385,0.509723203,2.94661932,0.01,0.03503
5/22/2015,0.25889663,0.812192006,-2.556653109,-1.315789474,-1.963559172,-1.016684046,-1.642133923,3.047614886,-3.845481559,0.509723203,2.94661932,0,0.03503
5/29/2015,-0.86858538,-0.380193718,-1.972570066,0.296296296,-2.869000361,-0.974453516,-1.297577855,-0.29998834,-0.101799673,0.509723203,2.94661932,0,0.03503
6/5/2015,-0.648858577,-0.681508405,-3.705776437,-2.018709995,-1.458294631,-2.873404255,-1.630148992,-0.110574776,1.055428176,0.350287,2.94661932,-0.03,0.17957
6/12/2015,0.076274014,-0.503202196,-0.827542641,1.859296482,-0.122537468,-2.29903942,0.882038489,-1.203831825,1.353225051,0.350287,2.94661932,0.03,0.17957
6/19/2015,0.419187348,1.048275862,0.834448054,-1.233349778,-0.792751982,-4.077914798,1.669168948,-1.313308698,0.825256949,0.350287,2.94661932,0,0.17957
6/26/2015,-0.431668327,-0.564200564,-1.854074542,-0.1998002,-0.532724505,-4.163623083,-2.223766505,1.871179039,-1.659030837,0.350287,2.94661932,0,0.17957
7/3/2015,-1.229156741,-1.208016839,-1.007305378,-5.255255255,0.172149962,2.210365854,-0.710732054,0.711575969,-0.418395047,0.006704716,0.942191275,-0.01,0.22569
7/10/2015,0.077175381,-0.277906438,-0.130039012,-6.656101426,-4.821558144,-6.099925429,-0.24158912,-0.164932218,0.32928475,0.006704716,0.942191275,0.01,0.22569
7/17/2015,2.405051089,5.517882025,-4.557291667,-3.848330504,-3.039324947,-5.114358323,-2.54731366,2.394935144,-2.901825747,0.006704716,0.942191275,0,0.22569
7/24/2015,-2.132065703,-2.192094375,-1.637107776,-5.650382578,-1.35526588,1.138098427,-3.037275656,0.164463412,1.403768009,0.006704716,0.942191275,0,0.22569
7/31/2015,1.207078965,0.765076508,0.27739251,-2.7448534,-0.20975354,-2.16799432,-0.398671096,0.396973854,0.003642987,0.006704716,0.942191275,0,0.22569
8/7/2015,-1.202185792,-1.464939705,0.414937759,-6.60679923,-2.406621125,-1.725596346,-0.266844563,1.793810165,-0.17030345,-0.141627628,0.942191275,-0.02,0.2413
8/14/2015,0.692574067,0.181307225,3.03030303,-3.914835165,3.230558658,2.874849372,2.102245581,-0.81754675,1.298156308,-0.141627628,0.942191275,0.03,0.2413
8/21/2015,-5.602789454,-7.33870238,0.334224599,-5.432451751,3.134779887,-2.208835341,4.005615349,-3.02135556,2.518011527,-0.141627628,0.942191275,0.01,0.2413
8/28/2015,0.814653646,3.14453125,-4.530313125,12.47165533,-0.227583068,-2.772073922,-2.186628273,1.687246279,-1.79029481,-0.141627628,0.942191275,0,0.2413
9/4/2015,-3.337683196,-3.275894717,-0.069783671,1.344086022,-2.677514193,-0.739176346,-1.113155474,1.000124756,-0.275496878,-0.155675658,0.942191275,-0.02,0.00884
9/11/2015,2.1548367,3.337901331,0.209497207,-2.851458886,-2.269713507,1.352836879,-1.237324402,-0.340710242,1.704188716,-0.155675658,0.942191275,0.01,0.00884
9/18/2015,-0.701433364,-0.208392536,3.763066202,-0.204778157,0.92730761,2.793765198,2.873021854,-0.029952799,-0.273392715,-0.155675658,0.942191275,0,0.00884
9/25/2015,-1.274570025,-2.306597057,-0.470114171,0.683994528,-3.474495723,9.242682097,0.549400238,1.172641802,-1.025822427,-0.155675658,0.942191275,0,0.00884
10/2/2015,1.10437082,1.05907501,1.079622132,0.339673913,-3.785557987,5.092614229,-0.746744377,-0.842481491,0.134024303,-0.044968375,1.229342743,-0.02,0.12762
10/9/2015,3.246153846,2.422843957,3.805073431,8.259986459,7.687059359,1.60094871,1.724928893,-0.98661174,1.320603194,-0.044968375,1.229342743,0.01,0.12762
10/16/2015,0.963592112,1.492537313,1.479099678,-4.815509694,3.600844773,-1.911292676,1.461170741,-0.901791101,-0.067811537,-0.044968375,1.229342743,0,0.12762
10/23/2015,2.090815172,4.310025897,-1.457541191,-6.241787122,-1.488125573,-0.565223858,-0.880078229,2.659669378,-2.92844994,-0.044968375,1.229342743,0,0.12762
10/30/2015,0.197571318,0.48767512,-2.016720257,3.784162579,-1.748577341,-2.468212416,-1.97309417,0.962079154,-0.036314117,-0.044968375,1.229342743,-0.01,0.12762
11/6/2015,1.014764584,1.288273185,-4.898794991,-3.916272789,-4.433340354,-8.128834356,-4.757548033,1.838987342,-2.501135228,-0.211068038,1.229342743,-0.02,0.43632
11/13/2015,-3.570748429,-4.312222319,-3.589371981,-8.222066058,-8.551064958,-13.02170284,-0.518731988,0.028836784,0.339058832,-0.211068038,1.229342743,0.02,0.43632
11/20/2015,3.34254962,4.224326293,-0.643526439,-0.995405819,-0.650680805,3.915547025,-0.453843183,1.223718873,-1.207760861,-0.211068038,1.229342743,0,0.43632
11/27/2015,0.119440065,-0.148497554,-0.360230548,0.773395205,-2.073984233,-1.939416328,-1.784848191,1.138216173,-0.512126594,-0.211068038,1.229342743,0,0.43632
12/4/2015,0.028631418,0.726095705,3.253796095,-4.374520338,5.288580629,3.503484649,2.735802469,-3.312132835,2.780663808,-0.341709644,1.229342743,0,0.63872
12/11/2015,-3.692395764,-3.77800938,-4.201680672,-11.15569823,-4.43477238,-4.791264786,-0.874831763,-1.259364894,0.962156996,-0.341709644,1.229342743,0.01,0.63872
12/18/2015,-0.92133941,-0.866504197,1.023391813,-3.703703704,2.080256032,2.662221984,-1.0377267,0.891985354,-1.125017066,-0.341709644,1.229342743,0.01,0.63872
12/24/2015,2.829717028,2.512974597,1.736613603,6.003752345,2.652839744,0.167566561,0.989807918,-0.491950361,1.013541504,-0.341709644,1.229342743,0.23,0.63872
12/31/2015,-0.880007779,-0.648370193,-3.555476529,-2.654867257,0.82227182,0.687732342,-1.54294032,1.318015581,-1.044381664,-0.341709644,1.229342743,-0.01,0.63872
1/8/2016,-5.861578457,-7.017700697,1.031703306,-10.90909091,-0.967027846,-12.20232601,4.159274591,-0.517948205,0.560856111,0.165310221,-3.281754169,-0.09,1.2375
1/15/2016,-2.141517299,-3.047783867,-1.167883212,-10.30612245,-5.917647059,-0.946173255,-1.514004542,0.61110441,-0.04853791,0.165310221,-3.281754169,0.09,1.2375
1/22/2016,1.44294766,2.905593019,1.772525849,5.460750853,0.287607853,1.719380174,0.883935434,1.468531469,-1.105002749,0.165310221,-3.281754169,0,1.2375
1/29/2016,1.679613689,0.346921075,1.45137881,4.099244876,4.70074813,0.271285476,1.856380952,0.586787437,0.311301351,0.165310221,-3.281754169,0.02,1.2375
2/5/2016,-2.978525707,-5.771631614,5.579399142,-7.668393782,4.704060974,0.582726327,5.021823445,-3.025468355,3.002678489,0.082307653,-3.281754169,-0.04,0.84728
2/12/2016,-0.702314445,-0.101916021,4.742547425,-6.509539843,4.811191993,4.096834264,5.377492877,-1.390865506,0.913729253,0.082307653,-3.281754169,0.04,0.84728
2/19/2016,2.877350908,3.682921853,-2.587322122,2.641056423,-1.421595225,-4.35301133,-0.659006421,1.326550457,-1.133819087,0.082307653,-3.281754169,0,0.84728
2/26/2016,1.609375,1.771130572,-4.108897742,2.69005848,-3.104359313,-3.054862843,-0.399727845,0.684896912,-1.756183492,0.082307653,-3.281754169,0,0.84728
3/4/2016,2.737198216,2.165715943,5.240561726,9.908883827,7.36196319,14.74812433,2.928870293,-0.409346751,0.667825451,0.430600014,-3.281754169,-0.02,0.89162
3/11/2016,1.162500624,0.776000757,-0.184234768,5.595854922,-1.894179894,3.343919298,-0.93744815,-1.181709197,1.344965467,0.430600014,-3.281754169,0,0.89162
3/18/2016,0.798974157,0.826368673,1.647989453,2.84592738,0.949196419,2.576825741,0.326605812,-1.221327352,1.049139168,0.430600014,-3.281754169,0,0.89162
3/24/2016,-0.616498679,-0.102449474,-3.566796368,-4.007633588,-2.275884176,-2.476848384,-2.896494157,0.781282252,-0.940633597,0.430600014,-3.281754169,0.01,0.89162
4/1/2016,1.870815282,2.89017341,-0.739071957,-7.264413519,0.874699322,-1.788941091,0.515774091,-1.94881668,2.0693362,0.474106798,2.724279603,0,1.17263
4/8/2016,-1.169534119,-1.232330555,2.051476616,7.511898126,0.953826144,-4.563017479,1.28281878,-0.507593006,0.008776549,0.474106798,2.724279603,-0.02,1.17263
4/15/2016,1.60391198,1.504587156,5.756527627,2.193419741,1.685634529,5.417389628,-0.43063413,1.501154734,-0.889863975,0.474106798,2.724279603,0.02,1.17263
4/22/2016,0.572721147,-1.500361533,4.456999372,4.975609756,2.829690635,6.528895391,-0.025440977,1.136622195,-0.693313027,0.474106798,2.724279603,0,1.17263
4/29/2016,-1.263339235,-2.991374564,5.107572115,5.018587361,6.427764658,3.261802575,4.885910595,-1.968524067,2.079302382,0.474106798,2.724279603,0,1.17263
5/6/2016,-0.295642902,-0.132425274,-1.600352203,-3.008849558,0.279787747,-2.759767249,-0.380105135,1.409288158,-0.431497576,0.4045791,2.724279603,-0.03,1.07848
5/13/2016,-0.466653704,-0.075771927,-2.556653109,3.740875912,-2.645757168,-2.461959309,-1.193375548,0.312708944,-0.825503768,0.4045791,2.724279603,0.03,1.07848
5/20/2016,0.356514944,0.91943128,-3.577817531,3.342128408,-2.717659848,-5.830850131,-1.643250349,1.514576647,-0.759840778,0.4045791,2.724279603,0,1.07848
5/27/2016,2.311548007,3.437588053,-1.833024119,1.957446809,-4.510361642,-3.840963452,-3.416590093,0.465675381,-0.984036153,0.4045791,2.724279603,0,1.07848
6/3/2016,0.019025875,-0.063561246,1.344370527,-1.335559265,0.553191489,2.884243128,2.819581387,-1.964668148,2.28649617,0.328436617,2.724279603,-0.01,1.07929
6/10/2016,-0.099866844,-1.017626749,5.613228072,0.423011844,1.057977148,-1.448730009,2.405787349,-1.136375291,-1.005922888,0.328436617,2.724279603,0.01,1.07929
6/17/2016,-1.689912886,-2.248944373,0.706297822,-1.769165965,-2.235134003,-2.520045819,1.815344176,-0.481352767,0.27203869,0.328436617,2.724279603,0,1.07929
6/24/2016,-1.588223901,-2.065921683,1.636469901,-2.229845626,1.226106976,3.368585977,1.661960468,1.357225506,-1.455802819,0.328436617,2.724279603,0.01,1.07929
7/1/2016,3.286754576,3.634097229,10.92581944,3.333333333,7.838781339,10.11746874,1.904610745,0.103874199,0.181739662,-0.16181364,1.066919335,0.02,0.86836
7/8/2016,1.300495427,2.054034049,2.540176257,-8.064516129,3.786541103,2.357192017,1.643174208,0.977048102,-0.77233947,-0.16181364,1.066919335,-0.01,0.86836
7/15/2016,1.495415001,1.359927471,-0.540444894,1.477377655,-1.228733459,4.572197008,-2.819491266,-0.066134202,-0.207258575,-0.16181364,1.066919335,0.01,0.86836
7/22/2016,0.653291943,1.654740608,-2.252314074,-5.186533212,-0.516746411,5.915447677,-0.386313466,0.498880065,-0.463445824,-0.16181364,1.066919335,0,0.86836
7/29/2016,-0.055238446,1.390233172,3.692147686,-6.333973129,5.925355906,3.521019882,2.081519588,-1.844797893,1.822323462,-0.16181364,1.066919335,0,0.86836
8/5/2016,0.488209285,1.345135815,-3.259779338,1.024590164,-0.027243008,-1.861897083,-1.108699023,1.146672997,-0.841163311,0.091843011,1.066919335,-0.04,1.05532
8/12/2016,0.128334403,0.359650625,0.051840332,6.490872211,-1.889363248,-1.46399761,-0.117600941,-0.581632653,0.733688295,0.091843011,1.066919335,0.04,1.05532
8/19/2016,0.036619976,0.051194539,-1.968911917,8,-0.78696417,3.411158278,0.447409733,-1.505696397,1.457584906,0.091843011,1.066919335,0,1.05532
8/26/2016,-0.57197767,-0.409346751,-3.43551797,-3.439153439,-3.798058977,-3.093388066,-1.500351645,1.820493315,-1.14790287,0.091843011,1.066919335,0,1.05532
9/2/2016,0.497031617,0.291145744,3.995621237,-6.484018265,-0.834125521,-1.882602118,0.412534708,0.153515505,-0.384100045,0.240399586,1.066919335,-0.01,1.54864
9/9/2016,-2.33090626,-2.424863388,-1.636842105,3.41796875,-0.029443383,0.145554123,0.142213795,-0.340282036,0.654591105,0.240399586,1.066919335,0.01,1.54864
9/16/2016,0.04219805,2.633881694,-1.546364171,-5.571293673,-4.549902153,-0.574287914,-1.333333333,0.44603033,-0.60935412,0.240399586,1.066919335,0,1.54864
9/23/2016,1.227913952,0.886691108,4.619565217,1.9,3.710917478,4.71158462,2.071005917,-1.029991221,0.622053314,0.240399586,1.066919335,0,1.54864
9/30/2016,0.143525163,0.329586749,-2.545454545,7.26202159,-2.342591677,2.626457418,-1.574618096,0.192876961,0.127382861,0.240399586,1.066919335,0,1.54864
10/7/2016,-0.582524272,-0.210579515,-8.742004264,3.659652333,-6.153846154,-7.400469194,-4.695956702,0.617665225,-0.358531356,0.124674851,1.932879895,-0.05,1.68592
10/14/2016,-0.892857143,-1.122647084,-0.292056075,0.970873786,-3.062985332,-3.081232493,-0.317354268,1.227747084,-2.089285714,0.124674851,1.932879895,0.05,1.68592
10/21/2016,0.403528529,0.862216152,0.527240773,0.34965035,-0.333778371,-4.11046885,1.231568365,0.410349707,-0.749589641,0.124674851,1.932879895,0.01,1.68592
10/28/2016,-0.67296009,-0.888700804,1.398601399,-4.094076655,5.168564412,-0.502344273,0.620706778,-0.631127574,0.893070435,0.124674851,1.932879895,0,1.68592
11/4/2016,-1.877293686,-2.946199829,3.448275862,-9.355131698,1.751406432,0.976270616,2.311235401,-2.045198999,1.493488753,-0.155546087,1.932879895,-0.01,1.68433
11/11/2016,3.773675378,1.891772987,-5.677222222,-2.104208417,-5.685374504,7.933153445,-5.860599727,2.114788004,-2.629878869,-0.155546087,1.932879895,0.01,1.68433
11/18/2016,0.961094169,1.312607945,-4.465163946,5.629477994,-2.389116248,7.612723904,-1.665243382,2.278596385,-2.467770621,-0.155546087,1.932879895,0,1.68433
11/25/2016,1.38215103,1.261506989,-0.678175092,0.096899225,-1.382436261,2.181087674,-2.205818498,0.390118323,0.048185486,-0.155546087,1.932879895,0,1.68433
12/2/2016,-0.830624774,-2.609427609,1.303538175,11.13262343,2.60829599,0.014042971,-0.417369683,-0.356054404,0.676160616,0.032732139,1.932879895,-0.01,2.0508
12/9/2016,3.109067735,3.284356093,0.980392157,-0.348432056,-1.713325868,-1.02499298,-1.551631889,0.604782832,-0.966156386,0.032732139,1.932879895,0.01,2.0508
12/16/2016,-0.64897797,0.083682008,-4.42961165,0.961538462,1.093767802,-5.688750177,-2.128623188,0.940583831,-1.028623387,0.032732139,1.932879895,0,2.0508
12/23/2016,0.297724849,0.501672241,-2.349206349,0.086580087,-3.527555505,-5.069193742,-0.111059695,0.004873532,-0.030624354,0.032732139,1.932879895,0.25,2.0508
12/30/2016,-0.965841124,-1.430948419,1.365409623,1.384083045,0.946261682,3.327523372,1.55656444,-0.828460039,0.670112962,0.032732139,1.932879895,0,2.0508
1/6/2017,1.646311457,2.911883862,3.399615138,-0.341296928,7.556995718,11.25594234,1.952376608,-0.01965602,0.152149106,0.582772789,-4.355651116,-0.06,2.51039
1/13/2017,-0.070419436,1.008775527,1.923076923,-2.311643836,1.61394448,-0.744314266,2.201342282,-0.84242603,1.024496772,0.582772789,-4.355651116,0.06,2.51039
1/20/2017,-0.136533803,0.073075674,1.643335362,-0.175284838,-0.762388818,4.888209971,0.73548726,-0.756396657,0.555456348,0.582772789,-4.355651116,0,2.51039
1/27/2017,0.983505337,2.068965517,0.179640719,0.087796313,0.746905676,-6.566927049,-1.355932203,-0.253720907,-0.010281335,0.582772789,-4.355651116,0,2.51039
2/3/2017,0.161593222,-0.095389507,2.032277346,1.228070175,1.874602838,1.827972226,2.326196141,-0.595858036,0.77117939,0.314611739,-4.355651116,-0.01,2.81036
2/10/2017,0.946193425,1.35264163,2.870533099,-0.346620451,0.727726375,4.592262733,1.265822785,0.935916422,-1.33019183,0.314611739,-4.355651116,0.01,2.81036
2/17/2017,1.546369487,1.907677814,0.284738041,-0.956521739,-0.608937971,-0.495077169,0.068027211,0.066872941,-0.227507756,0.314611739,-4.355651116,0,2.81036
2/24/2017,0.701858863,0.346660504,1.930721181,0.614574188,2.026998962,-1.120368402,1.716519375,0.391992579,-0.582315694,0.314611739,-4.355651116,0,2.81036
3/3/2017,0.709639267,0.583448488,-2.284122563,-1.483420593,-2.841672434,0.365111562,-1.829573935,-0.008941878,0.636906454,0.081279787,-4.355651116,-0.01,2.4412
3/10/2017,-0.306182367,0.282399634,-5.017103763,-8.857395926,-5.510161324,-3.651306925,-2.37426602,0.386522391,0.48784163,0.081279787,-4.355651116,0.01,2.4412
3/17/2017,-0.277672599,0.228327879,2.040816327,0.388726919,2.294900222,4.153265278,1.978730823,-1.180837375,0.597938144,0.081279787,-4.355651116,0,2.4412
3/24/2017,-1.337383454,-0.804920647,2.058823529,-2.323330106,0.162566381,4.041353383,1.598427216,-0.750222863,0.570161546,0.081279787,-4.355651116,0.25,2.4412
3/31/2017,0.803899769,1.33966164,2.536023055,5.450941526,-1.633845488,-1.367918441,-0.11778563,1.223155175,-1.222788328,0.081279787,-4.355651116,0,2.4412
4/7/2017,-0.22906592,-0.309714458,-1.180438449,3.007518797,0.46199538,0.129530289,0.623315364,0.618145563,-0.689299447,0.296553337,4.147547435,-0.04,2.17622
4/13/2017,-1.143707483,-1.189664318,3.014789534,1.551094891,2.046863024,-0.442969332,2.628494894,-0.317082838,0.209641626,0.296553337,4.147547435,0.04,2.17622
4/21/2017,0.894585179,1.656441718,-3.092214246,-7.277628032,-0.085193682,-0.19687623,-0.236541599,-1.053677932,1.063920013,0.296553337,4.147547435,0,2.17622
4/28/2017,1.487701948,2.587507544,-4.102564103,-0.775193798,-2.588058419,4.116254603,-1.25909574,-0.180831826,1.572086605,0.296553337,4.147547435,0,2.17622
5/5/2017,0.680443548,1.13978969,-4.872251931,-5.6640625,-3.637967148,-1.515725654,-3.113355966,-0.634057971,0.934527962,0.085472183,4.147547435,-0.03,1.85634
5/12/2017,-0.300375469,0.770684892,0.374765771,3.002070393,0.709300995,-1.167115557,-0.153833006,1.368378406,-0.627557981,0.085472183,4.147547435,0.03,1.85634
5/19/2017,-0.280358189,-0.548340548,2.42688239,5.326633166,2.124275815,-5.644951985,2.199777454,-2.72878968,2.54438953,0.085472183,4.147547435,0,1.85634
5/26/2017,1.426713105,2.452118398,2.855407047,-1.908396947,2.12458287,4.249759318,0.954773869,-0.143810991,-0.240985362,0.085472183,4.147547435,0,1.85634
6/2/2017,1.017748542,1.586177595,1.122268163,-4.085603113,-0.70798388,6.094986807,0.887672142,-0.925830676,0.912588351,0.090711101,4.147547435,-0.01,1.64057
6/9/2017,-0.311258549,-2.425763279,-1.752336449,-3.752535497,-1.382185169,4.924148222,-0.879861853,0.58249403,-0.753612909,0.090711101,4.147547435,0.01,1.64057
6/16/2017,-0.316338688,-1.307329619,-3.091557669,-2.634351949,-1.245828699,-1.327328751,-0.995520159,0.411887975,-0.092013579,0.090711101,4.147547435,0,1.64057
6/23/2017,0.201945269,2.23669924,0.122699387,-4.112554113,-0.022527596,-1.348907038,0.075414781,-0.257016552,-0.006259109,0.090711101,4.147547435,0.25,1.64057
6/30/2017,-0.547032452,-2.548853016,-0.551470588,7.223476298,-0.461919784,-1.762545214,-1.180607887,-1.164708308,2.181883216,0.090711101,4.147547435,0,1.64057
7/7/2017,0.128205128,0.087183958,-6.223043746,-4.210526316,-1.992076967,-0.680636318,-2.3216404,0.594431119,-0.253784895,-0.068992264,1.178034813,-0.04,1.72511
7/14/2017,1.42497212,3.164924506,2.431011827,5.384615385,1.813142395,2.420763664,1.292505205,0,0.55536059,-0.068992264,1.178034813,0.04,1.72511
7/21/2017,0.537546832,1.400225162,3.271327774,-2.606882169,1.440562613,-1.486354776,2.13239702,-1.93862741,1.724935217,-0.068992264,1.178034813,0,1.72511
7/28/2017,0.012151653,-0.18735688,1.366459627,8.886509636,0.02236386,4.192431363,1.199060875,2.380801353,0.789089973,-0.068992264,1.178034813,0,1.72511
8/4/2017,0.202502936,-0.132091212,-2.634803922,-0.393313668,3.219675797,-0.462908012,-0.861711824,0.435761343,0.178708195,0.29944523,1.178034813,-0.01,1.92812
8/11/2017,-1.329776484,-1.079011486,5.034612964,-1.382033564,2.079497455,2.229906988,2.624320936,-1.176180293,0.442575603,0.29944523,1.178034813,0.01,1.92812
8/18/2017,-0.577584794,-0.612244898,-0.359496705,-0.2002002,-0.732095491,3.114429021,-0.399055298,0.35684561,-0.542113142,0.29944523,1.178034813,0,1.92812
8/25/2017,0.762226525,0.523967995,0.060132291,-2.20661986,-0.598546387,0.554298643,0.359771055,-0.84488353,1.394557823,0.29944523,1.178034813,0,1.92812
9/1/2017,1.341184167,2.838627879,3.786057692,-0.820512821,3.430107527,5.478681516,2.704904677,0.786216126,-0.561891983,0.529490589,1.178034813,0,2.18057
9/8/2017,-0.508392511,-1.226027397,1.737116387,0.620475698,0.19752573,-4.596843003,1.515151515,-1.960580913,1.501222906,0.529490589,1.178034813,-0.01,2.18057
9/15/2017,1.058480006,1.282851397,-2.276607854,4.830421377,-4.077609463,-1.520402459,-1.906696882,1.528938737,-0.774407977,0.529490589,1.178034813,0.01,2.18057
9/22/2017,0.100325053,-1.19129125,-3.494467094,0.392156863,-3.699296917,-0.056760132,-1.824265116,0.981710177,0.077040312,0.529490589,1.178034813,0,2.18057
9/29/2017,0.717607441,0.782982262,-1.870850935,1.85546875,-2.010558239,1.828714221,-1.346965271,-0.036120829,-1.154715087,0.529490589,1.178034813,0,2.18057
10/6/2017,1.249850734,1.519422482,0.676506765,-4.410354746,0.068775791,-1.662018963,-0.403026814,1.059238917,-0.737323288,-0.06320421,2.398483663,-0.04,2.02076
10/13/2017,0.22801431,0.460517405,3.665241295,4.012036108,3.367697595,7.180127042,2.25452143,-0.518960445,0.801644223,-0.06320421,2.398483663,0.04,2.02076
10/20/2017,0.847224946,0.249426992,-2.06246317,0.578592093,-2.160904255,-1.439305747,-1.784848974,1.052577531,-0.312185382,-0.06320421,2.398483663,0,2.02076
10/27/2017,0.233363152,1.701297828,-1.143200963,3.93096836,-0.894778571,-0.354343391,-0.583833566,1.35155734,-1.502164135,-0.06320421,2.398483663,0,2.02076
11/3/2017,0.287144465,1.342237503,0.121728545,3.136531365,0.4,2.715517241,-0.231596361,0.35594325,-0.008616233,0.002432469,2.398483663,-0.01,2.17249
11/10/2017,-0.139291933,0.267501794,0.243161094,2.146690519,0.865110985,-0.146873689,0.422815453,-0.515536018,0.499784576,0.002432469,2.398483663,0.01,2.17249
11/17/2017,-0.0891162,0.175689745,2.243784112,-0.61295972,2.471504345,-0.042025636,1.428217617,-0.681904915,1.06747835,0.002432469,2.398483663,0,2.17249
11/24/2017,0.969518343,1.500487171,-1.423487544,3.876651982,-1.145374449,0.010510826,-0.439524662,-1.00915112,1.217391304,0.002432469,2.398483663,0,2.17249
12/1/2017,1.574742664,-1.132727505,-3.429602888,-1.017811705,-0.12254902,2.406726222,-0.596795291,-0.328917127,-0.284133769,-0.058783228,2.398483663,0,2.12993
12/8/2017,0.397035469,0.135931128,-3.676012461,-1.542416452,-5.465699944,-1.405993432,-2.557776133,1.720727645,-1.080095149,-0.058783228,2.398483663,-0.01,2.12993
12/15/2017,0.376633648,1.906916613,1.293661061,-0.261096606,0.507374631,1.779952118,0.590817016,-0.252886534,-0.166544874,-0.058783228,2.398483663,0.01,2.12993
12/22/2017,0.375220442,-0.177608627,1.692209451,1.745200698,2.723644048,1.482920843,1.476757845,-0.25049746,0.944761256,-0.058783228,2.398483663,0.25,2.12993
12/29/2017,-0.242981571,-1.023066658,3.736263736,3.001715266,1.108571429,2.33800262,2.240780552,-1.362968964,1.129848229,-0.058783228,2.398483663,0.01,2.12993
1/5/2018,2.458217792,3.95480226,1.513317191,2.497918401,4.430880524,2.806499261,1.358673676,0.011292591,0.266800067,0.544774545,-3.527026856,-0.05,2.15132
1/12/2018,1.645819618,1.587203557,0.298151461,4.549147035,2.619331096,2.614942529,1.300566504,-0.804762882,1.43938134,0.544774545,-3.527026856,0.05,2.15132
1/19/2018,0.895941278,1.124688431,-1.367419738,-1.165501166,1.803607214,-1.58685709,-0.425330813,-0.404611118,0.167225451,0.544774545,-3.527026856,0,2.15132
1/26/2018,2.200349488,2.759408441,2.290536468,4.088050314,-0.041442188,-1.270985488,1.305173232,-3.007948465,1.660460739,0.544774545,-3.527026856,0,2.15132
2/2/2018,-3.883732291,-3.697419996,-4.655274013,-1.510574018,-2.415008292,-4.380824287,-1.311782619,-0.342795929,0.278529109,0.453468997,-3.527026856,-0.01,2.26347
2/9/2018,-5.064440007,-5.169795274,-1.668726823,-9.049079755,-2.53850239,-6.440269266,-1.281746974,0.956680641,-1.649674882,0.453468997,-3.527026856,0.01,2.26347
2/16/2018,4.439770554,5.675848815,2.262727844,4.384485666,4.370095902,7.227233677,2.556704336,-1.382027257,1.301881402,0.453468997,-3.527026856,0,2.26347
2/23/2018,0.585844532,1.945926285,-0.98340504,3.150242326,-0.991959904,-0.130195293,-1.422319475,1.052665673,-0.94271211,0.453468997,-3.527026856,0,2.26347
3/2/2018,-2.049433949,-1.296307308,-0.062073246,-3.132341425,-2.974056106,-5.044123546,-0.594577454,0.117525134,0.18708313,0.22611259,-3.527026856,-0.01,2.33095
3/9/2018,3.638323175,4.319537322,0.434782609,0.808407437,-0.293478261,0.052803886,0.119626764,1.508958776,-0.094178777,0.22611259,-3.527026856,0.01,2.33095
3/16/2018,-1.674615412,-1.235851236,-1.546072975,0.641539695,-1.471710455,-0.126662445,-0.748765334,0.04100041,-0.165780877,0.22611259,-3.527026856,0,2.33095
3/23/2018,-5.889861415,-7.314933926,1.193467337,5.816733068,-0.154901527,-1.934051997,2.415730337,-0.493905002,0.548636549,0.22611259,-3.527026856,0.01,2.33095
3/29/2018,1.97636117,1.022017538,-1.055245189,-1.430722892,-1.761968085,-2.435607285,-1.426220516,0.665328968,-0.238010427,0.22611259,-3.527026856,0.25,2.33095
4/6/2018,-1.303439103,-2.185724099,0.062735257,-4.430863254,-1.692047377,-5.169557053,0.476985452,0.573856483,-0.328653737,0.397509156,3.04991988,0,2.471
4/13/2018,2.090713076,3.026240184,1.630094044,8.313349321,1.594951234,9.295282469,0.838673946,0.305631761,0.372888256,0.397509156,3.04991988,0.01,2.471
4/20/2018,0.550631718,0.5763153,2.899444787,1.47601476,-0.372712898,4.561440904,-0.643389565,1.34047421,-0.339868433,0.397509156,3.04991988,0,2.471
4/27/2018,-0.018753985,-0.129390018,-3.417266187,-0.145454545,-1.405736311,-5.626337784,-0.892363579,1.314533756,-1.31364761,0.397509156,3.04991988,0.01,2.471
5/4/2018,-0.202581032,1.715096551,-0.186219739,2.62199563,-0.563412671,-0.453612701,-0.764940239,1.266079206,-1.373195876,0.415891693,3.04991988,0,2.78192
5/11/2018,2.56747613,2.784011646,0.995024876,1.135557133,1.491674376,2.354345232,0.369359242,-0.015003001,-0.142158297,0.415891693,3.04991988,0,2.78192
5/18/2018,-0.557082646,-1.180219521,-1.416256158,1.263157895,-4.010481941,-2.459190163,-2.072,-0.24508578,-1.437005401,0.415891693,3.04991988,0,2.78192
5/25/2018,0.302215015,1.349576018,0.374765771,-5.197505198,1.62611276,1.227993914,0.653541377,-0.762133975,-1.018700244,0.415891693,3.04991988,0,2.78192
6/1/2018,0.532794415,1.779401367,-0.684505289,-3.143274854,0.315346882,2.393988191,-0.584368152,-0.162691997,0.075536481,0.15938757,3.04991988,0,2.80755
6/8/2018,1.677631579,0.984138011,2.318295739,0.150943396,0.267784375,0.985531558,0.424524451,-0.343120882,0.934058394,0.15938757,3.04991988,0,2.80755
6/15/2018,-0.381034545,1.456088053,-1.163502756,-1.657874906,-1.915931259,-2.169850498,-1.357613202,1.29697339,-1.34860678,0.15938757,3.04991988,0,2.80755
6/22/2018,-0.862411143,-0.937959091,-0.743494424,7.432950192,-1.515330887,-3.480844742,-0.824130542,-0.959523547,0.384184684,0.15938757,3.04991988,0.2,2.80755
6/29/2018,-1.259372498,-2.093315081,-2.247191011,7.417974322,-2.46423849,-0.384826828,-1.404354329,0.255112371,0.260005492,0.15938757,3.04991988,0.02,2.80755
7/6/2018,1.526098496,2.307020099,-0.383141762,-0.664010624,-1.146167119,-0.253863135,0.17699115,-0.102997011,0.533212369,0.006746326,1.042642406,-0.01,2.85412
7/13/2018,1.514051267,2.277774614,-1.41025641,-3.27540107,-1.583343723,-1.405333628,-1.051657412,1.223087031,-0.526978938,0.006746326,1.042642406,0,2.85412
7/20/2018,0.032189992,-0.345192361,-1.820546164,-2.211472011,-0.38003547,-4.646464646,-0.892781226,-0.951667665,0.288421215,0.006746326,1.042642406,0,2.85412
7/27/2018,0.622139588,-0.765405889,-0.132450331,1.201413428,0.457782299,3.578154426,-0.626286891,0.214745884,-0.503498891,0.006746326,1.042642406,0,2.85412
8/3/2018,0.774642883,1.384979169,-0.397877984,-0.349162011,0.075949367,-1.5,-0.785634119,0,-0.806244103,0.055554233,1.042642406,0,2.64292
8/10/2018,-0.155148096,0.244335851,-0.665778961,-1.331464611,-0.39210726,-0.31149054,-0.200139227,0.079476861,-1.327280588,0.055554233,1.042642406,0,2.64292
8/17/2018,0.670998729,-0.365610459,-3.351206434,-2.769886364,-4.749206349,0.104154612,-2.232103932,0.091476593,0.223458792,0.055554233,1.042642406,0,2.64292
8/24/2018,0.859468182,1.456688536,0,5.405405405,0.013331556,2.624277457,1.810398644,-1.246359345,1.6088135,0.055554233,1.042642406,0.01,2.64292
8/31/2018,0.973879169,2.285181938,-2.080443828,1.94040194,-0.426552919,5.091810296,-0.569376314,-1.50413408,-0.189312452,0.055554233,1.042642406,0,2.64292
9/7/2018,-0.933484895,-2.968122154,-2.337110482,-2.923181509,-0.642570281,-0.525243863,-0.246674302,0.056788849,-0.404345202,0.116202518,1.042642406,-0.01,2.33206
9/14/2018,1.140472879,1.590193805,-0.652646846,1.540616246,1.859337106,-0.150862069,-0.185463216,-0.072235695,0.62759152,0.116202518,1.042642406,0.01,2.33206
9/21/2018,0.38160066,-0.152182184,1.459854015,3.172413793,3.981481481,7.651629614,0.415855601,-0.995507823,1.056380435,0.116202518,1.042642406,0,2.33206
9/28/2018,-0.434946402,1.132219259,2.302158273,3.743315508,-1.577407455,2.365914787,-0.643228478,2.356291266,-1.254745731,0.116202518,1.042642406,0,2.33206
10/5/2018,-0.99752339,-3.035685451,0.070323488,1.095360825,0.982292878,-0.332974243,0.922312877,1.06491389,-0.664655172,0.176676346,1.532263322,0.26,2.49203
10/12/2018,-4.124105344,-3.236192062,-0.140548138,-3.632887189,1.727889415,-0.510956077,1.25659051,0.105873456,0.308950004,0.176676346,1.532263322,0,2.49203
10/19/2018,0.108715347,-0.745754933,0.070372977,-2.645502646,-0.79265224,1.432098765,0.676907055,0.302175665,-0.394514859,0.176676346,1.532263322,0,2.49203
10/26/2018,-3.952941176,-3.675875621,0.492264416,-2.649456522,0.291693088,2.083739046,0.655115938,0.025105443,-0.980639109,0.176676346,1.532263322,0.01,2.49203
11/2/2018,2.472392869,1.632065283,0.349895031,-7.117934403,4.324734446,1.17321633,-0.102766121,0.637518197,-0.114035088,-0.334934852,1.532263322,0.01,2.14733
11/9/2018,2.158961345,1.263431338,-3.835425384,-4.583020285,-1.818181818,-0.216837937,-1.860265752,0.279329609,-0.474224993,-0.334934852,1.532263322,0,2.14733
11/16/2018,-1.450892857,-2.34375,1.595358956,-4.960629921,-1.024691358,5.612244898,0.995807128,-0.554118583,0.750022059,-0.334934852,1.532263322,-0.01,2.14733
11/23/2018,-3.828590217,-4.949253731,-0.927908637,-10.27340514,-0.835724086,-4.647790302,0.12973534,-0.313115853,-0.713785251,-0.334934852,1.532263322,0.01,2.14733
11/30/2018,4.710351377,6.381508699,-0.720461095,-0.923361034,-4.842767296,4.74298844,-0.198669776,0.115403914,-0.152604419,-0.334934852,1.532263322,0,2.14733
12/7/2018,-4.382368946,-4.717482435,3.193033382,3.541472507,-0.647719762,4.935506987,2.207027869,-0.576354433,0.618418263,-0.319396282,1.532263322,0,2.00238
12/14/2018,-1.176158136,-0.185896641,-0.421940928,-2.610261026,-0.71846727,2.962014511,-0.872216106,0.564573042,-0.721736382,-0.319396282,1.532263322,-0.01,2.00238
12/21/2018,-7.590125542,-8.387136826,0.353107345,-11.55268022,0.040203699,-3.879953573,1.4180762,-0.387969925,0.530644733,-0.319396282,1.532263322,0,2.00238
12/28/2018,2.928957208,3.659280342,5.137227305,-0.417972832,0.098995311,3.258323271,1.971024259,-0.929923613,0.655406,-0.319396282,1.532263322,0.21,2.00238
1/4/2019,1.872855701,2.131136824,2.074966533,6.820566632,4.210299516,4.997005455,0.313893937,0.308820691,-0.413407333,0.190659667,-3.819990202,0,1.48759
1/11/2019,2.611038472,2.85476541,-0.655737705,7.072691552,-1.297033517,-0.365950676,0.296442688,-0.435473907,0.612592372,0.190659667,-3.819990202,0,1.48759
1/18/2019,2.888253919,2.837762151,-1.782178218,3.76146789,-1.587301587,4.367614181,-0.640394089,1.217539898,-0.907187718,0.190659667,-3.819990202,0,1.48759
1/25/2019,-0.255197778,-0.060514372,2.620967742,-0.530503979,2.445795875,-1.323540663,1.52040985,-0.174856798,0.396126761,0.190659667,-3.819990202,0,1.48759
2/1/2019,1.610354428,1.392673327,1.24426981,3.377777778,1.019486385,-1.031167623,1.334852678,0.215430458,0.427005699,0.422705314,-3.819990202,0,1.51886
2/8/2019,0.151818114,0.662884443,-0.582147477,-4.729148753,-3.117015841,4.003133568,-0.232931727,0.44198895,-1.158577578,0.422705314,-3.819990202,0,1.51886
2/15/2019,2.551114726,2.005220693,-0.130123617,5.685920578,0.896624473,2.847243146,0.475002013,0.470047005,-0.238494833,0.422705314,-3.819990202,0,1.51886
2/22/2019,0.638136785,0.55251832,0.846905537,2.049530316,4.417145844,3.98418046,0.560897436,-0.4678479,0.35771206,0.422705314,-3.819990202,0,1.51886
3/1/2019,0.458551265,0.867603679,-4.974160207,-2.426778243,1.464330413,2.901817157,-2.884462151,-0.110011001,0.243506494,0.564135836,-3.819990202,0,1.88319
3/8/2019,-2.125383354,-1.846436149,1.359619307,0.600343053,-4.317256692,-2.005475702,0.787659993,0.931117341,-1.120401338,0.564135836,-3.819990202,0,1.88319
3/15/2019,2.495809954,4.194660279,-0.402414487,4.006820119,1.495423488,3.340853531,0.10582872,-0.624938002,0.794858786,0.564135836,-3.819990202,0,1.88319
3/22/2019,-0.732288223,0.117746005,0.875420875,0.245901639,1.765527753,-0.657708422,0.813206473,-0.878418846,-0.211939244,0.564135836,-3.819990202,0,1.88319
3/29/2019,1.156669651,0.616039427,-2.002670227,2.207686018,0.037443834,-11.18519526,-1.581027668,0.191339376,-0.734513274,0.564135836,-3.819990202,0.01,1.88319
4/5/2019,2.155904843,2.783034621,-0.068119891,5.2,6.163443543,-0.758388233,-0.024588149,0.361845412,-0.044575198,0.529500161,3.745690772,0.01,2.00058
4/12/2019,0.550992827,0.633596881,-0.749829584,1.140684411,-0.740392526,0.270165959,-0.122970979,0.389584377,0.770602925,0.529500161,3.745690772,-0.01,2.00058
4/19/2019,-0.048249242,0.839476941,0,0.15037594,1.053753256,3.471901463,-1.198391201,1.17818414,-0.473518374,0.529500161,3.745690772,0,2.00058
4/26/2019,1.168884904,1.739687283,0.343406593,-1.726726727,-0.410076157,3.139647348,0.830771787,0.522579373,-0.852831061,0.529500161,3.745690772,0.03,2.00058
5/3/2019,0.211308408,0.241279832,-0.821355236,-1.680672269,-3.105882353,-6.910481137,-0.593227321,-0.304070623,0.397345053,0.212875859,3.745690772,0,1.79591
5/10/2019,-2.016801007,-3.197111611,-0.966183575,-0.233100233,-0.704225352,-0.984114684,0.646498135,-0.463400236,0.398452646,0.212875859,3.745690772,-0.04,1.79591
5/17/2019,-0.784449844,-1.059459459,-2.299651568,1.869158879,-5.368060651,-2.84082016,-0.642345384,-0.157162767,-0.710097082,0.212875859,3.745690772,-0.02,1.79591
5/24/2019,-1.070528967,-2.666083916,0.855920114,-6.498470948,-1.641038894,1.691502215,0.538748446,-0.841500842,0.393436158,0.212875859,3.745690772,0.01,1.79591
5/31/2019,-2.655774807,-2.363044454,0.070721358,-9.239574816,-1.484498161,-0.807920792,1.673536686,-0.138777955,-0.298161043,0.212875859,3.745690772,-0.01,1.79591
6/7/2019,4.49740255,4.075883875,3.074204947,1.171171171,1.58687825,2.619180707,2.643314684,-1.259735456,1.471983955,0.019914718,3.745690772,0.01,1.67119
6/14/2019,0.559707978,0.883782589,-0.994172095,-2.582368655,-0.341296928,7.905999533,-0.023698554,1.143163799,-1.095032207,0.019914718,3.745690772,-0.02,1.67119
6/21/2019,1.638664178,3.246824354,3.047091413,9.414990859,0.711275026,2.473498233,4.282553729,-2.266493142,1.423868533,0.019914718,3.745690772,0,1.67119
6/28/2019,-0.340136054,-0.970461897,-0.134408602,0.584795322,3.138896155,2.448979592,0.924382482,-0.035851105,0.042221929,0.019914718,3.745690772,0.01,1.67119
7/5/2019,1.863481229,2.308021849,-1.816958277,-0.747508306,-2.916560994,1.957686495,-0.795795796,1.597483374,-1.308327398,0.167094162,1.414042114,0.02,1.82633
7/12/2019,0.733766669,1.298089505,1.370801919,4.769874477,2.455590387,-1.455231422,1.051914636,-0.754412506,0.405363268,0.167094162,1.414042114,0.01,1.82633
7/19/2019,-1.1574921,-1.302123702,6.288032454,-6.78913738,2.014278429,-2.406508512,0.703961657,-0.256092356,-0.433895297,0.167094162,1.414042114,-0.02,1.82633
7/26/2019,1.628697379,2.240720381,0.922391858,-0.171379606,1.949512622,1.057793345,-0.617238046,1.179826796,-0.831469286,0.167094162,1.414042114,0.02,1.82633
8/2/2019,-3.109168571,-4.065748374,-0.724866057,-1.459227468,-2.353518019,-8.145015943,1.683627656,-1.143915898,-0.175236794,-0.005066824,1.414042114,-0.01,1.73764
8/9/2019,-0.341740141,-0.459033894,4.507936508,-1.742160279,2.121516445,1.282922044,3.95172566,-0.959540398,0.798502021,-0.005066824,1.414042114,-0.27,1.73764
8/16/2019,-0.949866264,-0.541583999,0.911300122,1.063829787,-1.401352182,1.89926235,1.076030016,0.571839967,-0.955613111,-0.005066824,1.414042114,-0.01,1.73764
8/23/2019,-1.3848018,-1.838473151,1.986754967,-1.842105263,0.984914599,1.331539423,0.973525704,-0.380422555,0.478809739,-0.005066824,1.414042114,0.01,1.73764
8/30/2019,2.668070915,2.965892239,5.135773318,2.412868633,8.691358025,4.134795786,-0.291322744,1.628102737,-1.382918577,-0.005066824,1.414042114,-0.01,1.73764
9/6/2019,1.914857241,2.197684963,-1.909039865,2.705061082,1.465243071,0.401912549,-1.273043478,-0.292929293,0.363090363,0.078344858,1.414042114,0.01,1.6845
9/13/2019,1.019963093,0.495850514,-3.205495135,-2.803738318,0.335833427,4.755331631,-1.247181511,0.340391044,0.381724379,0.078344858,1.414042114,0,1.6845
9/20/2019,-0.933275765,-0.90370832,3.015966884,6.643356643,-0.390494254,2.273026749,1.997859436,0.03735638,-0.487760817,0.078344858,1.414042114,0.06,1.6845
9/27/2019,-0.965535738,-1.975890985,-2.640642939,-4.426229508,-1.724910394,2.589705598,-1.322140609,-0.043397959,-0.70436598,0.078344858,1.414042114,-0.29,1.6845
10/4/2019,-0.355450237,0.951718976,0.235849057,-5.317324185,-5.231365398,-0.948194662,0.59549128,0.464458805,0.325429183,0.228619055,2.269451279,-0.05,1.73397
10/11/2019,0.655682011,1.218155818,-0.117647059,3.442028986,1.647624775,1.984277926,-1.317829457,0.16080402,0.546697039,0.228619055,2.269451279,-0.03,1.73397
10/18/2019,0.570406372,0.303490137,0.35335689,-1.751313485,-0.603407478,3.30080189,0.307077055,-1.264298615,1.332125057,0.228619055,2.269451279,0.02,1.73397
10/25/2019,1.218243447,2.060618707,2.758215962,5.436720143,3.856683728,0.439282706,0.996725046,1.06300813,-0.913074584,0.228619055,2.269451279,0.01,1.73397
11/1/2019,1.50530504,1.650991617,0.228440891,-1.183431953,2.578796562,2.037025942,0.493444241,-0.911047201,0.759032121,-0.053624303,2.269451279,-0.02,2.09229
11/8/2019,0.914614229,1.186704883,-7.236467236,2.566295979,-6.569832402,-3.528859139,-3.62654321,1.198498072,-1.299713364,-0.053624303,2.269451279,-0.26,2.09229
11/15/2019,0.922509225,0.834865577,0.982800983,0.750625521,0.275053815,-2.458916616,0.596841109,-0.727028409,0.293132708,-0.053624303,2.269451279,-0.02,2.09229
11/22/2019,-0.266204817,-0.53225568,0.243309002,0.248344371,0.166964818,4.417821041,-0.340062224,0.731342681,-0.2642247,-0.053624303,2.269451279,0,2.09229
11/29/2019,1.077308979,1.620175395,0.181432039,-4.046242775,0.702464579,3.352456077,0.087120662,0.22061773,-0.042641989,-0.053624303,2.269451279,0,2.09229
12/6/2019,0.178168051,-0.048756704,-2.60389221,6.024096386,-0.106408134,2.503613761,-0.174089656,-0.837502502,0.35489639,-0.090976953,2.269451279,0.01,2.31953
12/13/2019,0.778098898,1.068292683,2.23880597,1.37987013,3.337673097,2.606046931,1.039093155,-0.732571163,0.596034876,-0.090976953,2.269451279,-0.01,2.31953
12/20/2019,1.074624984,2.18157247,1.216545012,1.120896717,-1.718016264,-4.458493678,0.338007911,-0.129095215,-0.409088048,-0.090976953,2.269451279,0,2.31953
12/27/2019,0.664109999,0.897454065,3.425480769,2.216943785,3.5776716,3.469704816,2.014048165,-0.865139949,0.890148779,-0.090976953,2.269451279,0,2.31953
1/3/2020,-0.139379298,0.26684144,1.452643812,2.091402014,3.915391539,4.176398621,2.48015176,-0.079055441,-0.139592319,0.387976994,-5.518758846,0,2.59977
1/10/2020,1.023541453,1.984312261,0.343642612,-5.842185129,-0.097444781,6.389793413,0.719868367,-0.085283027,-0.356637216,0.387976994,-5.518758846,0,2.59977
1/17/2020,1.915814682,2.266172229,-0.399543379,-0.644641418,4.356779018,16.55293527,-0.224627323,-0.484368573,-0.287769784,0.387976994,-5.518758846,-0.01,2.59977
1/24/2020,-0.957975599,-0.304414003,0.573065903,-7.299270073,-1.516252986,-2.255800938,0.955109838,0.417489072,-0.567279942,0.387976994,-5.518758846,0.01,2.59977
1/31/2020,-2.141314597,-1.62999551,-0.398860399,-5.161854768,-4.882421175,-4.849152169,0.912285444,-0.94779414,0.604076154,0.387976994,-5.518758846,0,2.59977
2/7/2020,3.25428154,4.624092756,-1.773455378,-2.398523985,1.10864745,1.235882244,-1.031273019,1.544902963,-1.331626351,0.274061813,-5.518758846,0.04,2.34132
2/14/2020,1.625526791,2.373472949,-0.058241118,3.497164461,-0.361842105,5.454711719,0.818729278,0.475756863,-1.040752924,0.274061813,-5.518758846,-0.01,2.34132
2/21/2020,-1.220379147,-1.862427549,4.370629371,1.917808219,1.254539452,10.93479015,3.825503356,-0.395095923,0.156969926,0.274061813,-5.518758846,0,2.34132
2/28/2020,-11.16108912,-10.62665567,-10.27359017,-15.32258065,-11.81393327,-5.764871414,-4.085326438,-1.31880265,1.676024006,0.274061813,-5.518758846,0,2.34132
3/6/2020,0.405049619,1.078717201,4.480398258,-7.619047619,5.003697313,-0.501845631,6.180078178,-2.894556907,2.322081078,-0.217645103,-5.518758846,-0.07,1.49404
3/13/2020,-9.460095475,-7.537736756,-15.54496724,-20.27491409,-15.85680751,-31.57148812,-9.057442082,1.477617036,-1.595037661,-0.217645103,-5.518758846,-0.42,1.49404
3/20/2020,-15.04529927,-11.25090985,-14.66854725,-29.02298851,-19.69591296,-7.675438596,-2.212451145,3.60187979,-3.710941018,-0.217645103,-5.518758846,-0.35,1.49404
3/27/2020,10.76048951,8.553016989,15.45454545,-9.51417004,20.42730589,42.3594616,8.664620655,-3.483758359,4.181279167,-0.217645103,-5.518758846,-0.59,1.49404
4/3/2020,-2.063767658,-1.041554236,-0.071581961,31.99105145,-1.903937689,-4.597701149,0.26272578,2.633792451,-2.940754039,-0.668694187,-5.442616193,-0.06,0.31305
4/10/2020,12.09154277,9.538092382,6.518624642,-15.59322034,3.352448169,-2.827438787,3.956763839,-1.029554884,1.103362806,-0.668694187,-5.442616193,-0.04,0.31305
4/17/2020,3.033788641,7.184108334,-1.277740417,-15.46184739,3.855455968,2.99970003,-0.075619132,0.103508954,-0.532396608,-0.668694187,-5.442616193,0,0.31305
4/24/2020,-1.280351661,-0.673510149,0.476839237,-38.95486936,-0.97260274,-6.911950296,2.56668979,0.610071347,-0.453395871,-0.668694187,-5.442616193,0,0.31305
5/1/2020,-0.063610983,-0.514403292,-1.694915254,-8.3,-0.179831235,-6.705600167,-1.758484998,-1.229188078,1.437519632,0.001950162,-5.442616193,-0.01,0.1982
5/8/2020,3.412426182,5.697095046,3.517241379,13.8388123,0.44345898,-0.961323497,0.400550757,1.022850246,-1.292373267,0.001950162,-5.442616193,0.01,0.1982
5/15/2020,-2.106414991,-0.707106644,7.461692205,4.285048905,3.959713024,-0.434537246,2.188006483,0.097850382,-0.184537595,0.001950162,-5.442616193,0,0.1982
5/22/2020,3.199664664,2.862005643,3.161810291,14.20276909,3.875248839,4.579720002,-0.439211859,-0.094667737,0.758927333,0.001950162,-5.442616193,0,0.1982
5/29/2020,3.005686434,1.611077245,3.966346154,1.212358232,1.00932669,-1.235705382,-0.183812266,-1.016582552,1.898165138,0.001950162,-5.442616193,0,0.1982
6/5/2020,4.935594111,2.712547137,-2.543352601,11.55332303,-2.150265621,1.382867804,-3.007795715,0.142555383,1.624215578,0.547204693,-5.442616193,0,0.71666
6/12/2020,-4.737896912,-1.589553173,0.237247924,-8.451679945,-1.085832472,-1.921515562,2.917536865,-1.093100582,-0.240978799,0.547204693,-5.442616193,0.02,0.71666
6/19/2020,1.456230893,3.544175004,1.301775148,6.810442679,0.744903293,-1.600441501,0.867052023,0.044123209,-0.746885019,0.547204693,-5.442616193,0.01,0.71666
6/26/2020,-2.783177812,-1.645922044,0.759345794,-3.081827843,-1.67336879,-0.605720695,1.530207889,-0.430536596,0.372226199,0.547204693,-5.442616193,0.01,0.71666
7/3/2020,4.059323446,4.982932312,0.579710145,5.080409357,1.424802111,0.716623406,0.264200793,-0.35857414,0.256739409,0.50582435,7.624730967,-0.01,0.99686
7/10/2020,1.716683214,4.671081328,4.495677233,0.973913043,1.781997919,4.795786879,1.323511798,-0.423370025,0.441919192,0.50582435,7.624730967,0.01,0.99686
7/17/2020,1.300418779,-1.723680721,3.419746277,0.241129866,0.690095847,1.379310345,0.549677877,-0.225340136,1.14375758,0.50582435,7.624730967,0,0.99686
7/24/2020,-0.261096606,-1.487934623,17.54666667,1.16838488,10.01396116,10.44665928,5.043498707,-1.94741552,2.019202997,0.50582435,7.624730967,0,0.99686
7/31/2020,1.757666417,4.002973861,6.805807623,-1.256793478,-1.638209506,-5.727177235,3.766088416,-0.719252499,0.986616335,0.50582435,7.624730967,0,0.99686
8/7/2020,2.465392625,2.137025471,15.50552251,2.683178535,6.016889514,3.421205905,2.901364396,-0.205738799,0.135927279,0.315321052,7.624730967,0.01,1.28107
8/14/2020,0.678482829,0.254171732,-6.215520412,1.608040201,-1.504591216,-1.880509305,-4.334154394,-0.309244435,0.456435056,0.315321052,7.624730967,0,1.28107
8/21/2020,0.783754898,3.567754262,1.294117647,-0.494559842,-2.426148489,1.622080256,-0.279390818,0.291503498,-0.380041889,0.315321052,7.624730967,0,1.28107
8/28/2020,3.26970661,3.781885266,2.98102981,1.789264414,1.162656844,1.851578999,1.29648959,-0.868678227,0.890147341,0.315321052,7.624730967,-0.01,1.28107
9/4/2020,-2.284785213,-3.059515263,-2.180451128,-7.194010417,-3.504779244,3.679236185,-1.491404089,1.049999447,-0.5201331,0.139274694,7.624730967,0,1.39102
9/11/2020,-2.484163821,-4.630086748,-0.461183705,-5.156085584,2.712264151,0.344170039,0.445937018,-0.492718712,0.054059076,0.139274694,7.624730967,0,1.39102
9/18/2020,-1.020774711,-1.323719726,0.077220077,7.470414201,0.09184845,2.419466976,0.411071526,0.206866197,-0.053185652,0.139274694,7.624730967,0,1.39102
9/25/2020,-0.580674429,1.757409975,-14.54475309,-2.443220922,-8.155540262,-5.715708015,-4.508733624,1.854658058,-1.765351803,0.139274694,7.624730967,0,1.39102
10/2/2020,1.554467192,1.01266755,3.702031603,-7.054673721,3.159735232,4.156666987,2.057848405,-0.763284712,0.739466896,0.041493776,3.073496036,0,1.23039
10/9/2020,3.897076444,4.155882031,5.877231171,8.880455408,1.283292978,6.202764977,1.422650386,-1.204793099,0.938886992,0.041493776,3.073496036,0,1.23039
10/16/2020,0.12685599,0.9800147,-4.194078947,0.104566051,-3.048051638,-4.820793196,-1.535233046,0.602595118,-0.931845087,0.041493776,3.073496036,0,1.23039
10/23/2020,-0.434795128,-1.306713805,2.317596567,-2.924791086,4.771298237,2.63961705,0.190689849,-1.243878979,1.222281022,0.041493776,3.073496036,0,1.23039
10/30/2020,-5.564231592,-5.394394887,-4.110738255,-9.433285509,-6.319133914,-7.688549347,-1.365875504,1.456557831,-1.796947466,0.041493776,3.073496036,0,1.23039
11/6/2020,7.233417039,9.365951444,8.180227472,4.831683168,5.062178118,12.25520858,3.96708286,-1.95055964,1.938021106,-0.061062722,3.073496036,0,1.17575
11/13/2020,2.267534841,-1.249108992,-3.639304488,6.271250472,-0.011956002,-6.056579511,-3.291664392,1.525401099,-0.308298797,-0.061062722,3.073496036,0,1.17575
11/20/2020,-0.773526948,-0.189048912,-1.888375997,4.052612869,6.552672486,-0.834968289,-0.82975841,-0.183015704,0.163920575,-0.061062722,3.073496036,0,1.17575
11/27/2020,2.34711395,2.971967766,-6.415739949,6.662111377,1.526764673,5.038189013,-4.496556435,-0.701565622,0.907679849,-0.061062722,3.073496036,-0.01,1.17575
12/4/2020,1.699342811,2.17718471,6.809872029,1.089045484,10.43378781,-3.771518682,2.699803326,-1.426312705,1.322521318,0.094147847,3.073496036,0,1.32042
12/11/2020,-0.959848587,-1.201230689,-0.941377835,1.204055767,-4.914422981,-1.351966497,0.098653668,-0.231063453,-0.06683058,0.094147847,3.073496036,0.01,1.32042
12/18/2020,0.786240786,2.719893987,7.645788337,4.821540388,2.094736842,2.427206866,2.289987825,-0.738642113,1.179811924,0.094147847,3.073496036,0,1.32042
12/24/2020,-0.048756704,-0.161259111,0,-1.672640382,-0.752654913,-0.797405055,-0.051008842,0.834749122,-0.585883313,0.094147847,3.073496036,0,1.32042
1/1/2021,1.322493225,1.350303657,2.528089888,0.273390036,4.643673385,4.252043597,1.139778849,-0.607680816,0.251165539,0.094147847,3.073496036,0,1.32042
1/8/2021,1.973895367,1.686109517,-4.344422701,7.331111784,-0.704854562,-3.120276351,-2.814532406,0.272359469,-0.137549329,0.425378349,-2.9812079,0,1.37384
1/15/2021,-1.458322405,-2.247437545,-2.291325696,-0.254022015,0.24995001,0.287769784,-1.274950963,0.389960215,-1.001065836,0.425378349,-2.9812079,0,1.37384
1/22/2021,1.911099281,4.348104919,3.056951424,-0.311262026,2.991921811,-1.116391679,1.618652486,-0.653396652,0.789240491,0.425378349,-2.9812079,0,1.37384
1/29/2021,-3.345695779,-3.337225739,5.526208858,-0.141924496,-2.740389271,-5.522557243,-0.741805635,0.614751783,-0.279370922,0.425378349,-2.9812079,-0.01,1.37384
2/5/2021,4.766665766,5.340793489,-0.077011937,8.555997726,5.087614496,5.18289581,-1.622153989,0.934463975,-0.767950429,0.547438279,-2.9812079,-0.01,1.66982
2/12/2021,1.271568956,1.536093675,1.502890173,4.582351401,11.33112269,2.162571817,0.518226253,-0.852370726,0.62027734,0.547438279,-2.9812079,0.01,1.66982
2/19/2021,-0.664731051,-1.613909942,-0.265755505,-0.650976465,1.633903498,-0.695058222,-2.15595524,0.572384148,-0.008252391,0.547438279,-2.9812079,0,1.66982
2/26/2021,-2.479296464,-5.099389765,-2.360106585,4.107862903,-6.86594658,-2.402935872,-3.113586013,1.363671871,-0.382117243,0.547438279,-2.9812079,-0.01,1.66982
3/5/2021,0.859711852,-1.738078564,-5.30214425,7.576857904,-4.674997752,0.949265011,-1.650083431,2.471568703,-1.346268558,0.708327313,-2.9812079,0,2.66782
3/12/2021,2.718765477,2.196449397,2.88184438,-0.202520252,6.271809865,1.074998859,1.476687194,-0.166526999,0.366983263,0.708327313,-2.9812079,0,2.66782
3/19/2021,-1.162259554,-0.735433969,1.160464186,-5.817361894,-0.905218317,11.16630913,1.083658431,0.00107616,-0.398273035,0.708327313,-2.9812079,0,2.66782
3/26/2021,1.668891856,0.913329501,-4.430379747,-0.574575054,-1.146337095,2.376599634,-0.612594952,1.055701433,-0.934139785,0.708327313,-2.9812079,0,2.66782
4/2/2021,1.169250972,2.712025316,-0.331125828,0.746448351,2.871897083,-0.801587302,-0.16025641,0.241733667,-0.269656061,0.821890915,4.332871339,0,4.13308
4/9/2021,2.715858316,3.863573343,1.204318937,-2.868068834,-0.59885513,-1.024081927,0.796394617,-1.893086304,1.188674432,0.821890915,4.332871339,0,4.13308
4/16/2021,1.402221196,1.453531488,2.913418137,6.25,-0.248073004,4.971303856,1.886445765,-0.411478073,0.684827911,0.821890915,4.332871339,0,4.13308
4/23/2021,-0.124622538,-0.757287799,0.079744817,-1.667438629,2.335909051,2.964731249,0.030057109,-0.667609003,0.953072449,0.821890915,4.332871339,0,4.13308
4/30/2021,0.13437635,-0.421306935,-0.478087649,1.907677814,-2.751258462,2.699872859,-0.444711538,-0.072244844,-0.640681189,0.821890915,4.332871339,0,4.13308
5/7/2021,1.155044333,-1.121334951,6.004803843,2.680841229,4.970995091,-0.717302651,3.57962091,-1.380216891,1.193942924,0.801710515,4.332871339,-0.01,4.91826
5/14/2021,-1.312423008,-2.336923998,-0.075528701,0.630204817,-2.321033838,-0.678475813,0.641062999,0.1032989,-0.143062693,0.801710515,4.332871339,0,4.91826
5/21/2021,-0.393681886,0.1899568,0.340136054,-2.25900246,-4.717555923,-4.106048298,1.939892293,-0.41387881,0.270891141,0.801710515,4.332871339,0,4.91826
5/28/2021,1.229093363,2.116143237,1.544256121,3.935926773,0.904357358,1.328455911,1.329243354,0.245125348,0.090326819,0.801710515,4.332871339,0,4.91826
6/4/2021,0.609465765,0.500104812,-0.519287834,4.05107882,-1.013941698,0.973855216,-0.683933176,-0.196732244,-0.205102962,0.92906629,4.332871339,-0.01,5.29563
6/11/2021,0.404637956,1.68057211,0.372856078,1.713922979,-1.701115786,-2.321191272,-0.801535335,-0.015591416,-0.460374877,0.92906629,4.332871339,0.01,5.29563
6/18/2021,-2.213004643,0.407337944,-7.615156018,0.603286873,-9.276144399,-10.93170741,-6.151132355,2.68325555,-2.054839775,0.92906629,4.332871339,0,5.29563
6/25/2021,2.817410585,1.993403963,1.16606353,3.908188586,6.071172187,6.305989083,1.006487601,-0.475116067,0.622301673,0.92906629,4.332871339,0.04,5.29563
7/2/2021,1.666627599,2.62691009,1.510333863,1.353233831,-1.082857972,6.124109868,0.420193289,0.283378747,-0.594988687,0.481052353,0.945172118,0,5.24517
7/9/2021,0.415014295,0.660829801,-1.409553641,-1.021009228,0.439839703,0.79440184,1.147707574,-0.706444952,0.106221548,0.481052353,0.945172118,0,5.24517
7/16/2021,-0.959772226,-0.944572173,-1.707704527,-2.519341401,-0.243285325,-6.844324876,0.118196324,0.547285464,-0.586125006,0.481052353,0.945172118,0,5.24517
7/23/2021,1.993786804,2.964205817,-1.858585859,0.671550672,-3.189932689,1.947525319,-0.501741338,0.065316786,-0.313426514,0.481052353,0.945172118,0,5.24517
7/30/2021,-0.325044324,-0.985877241,1.235076163,2.405498282,-1.239419589,-0.623274829,0.747508306,-1.556788512,0.853161115,0.481052353,0.945172118,0,5.24517
8/6/2021,0.907618982,0.954549195,-4.636030907,-6.099486775,-6.591164167,-1.090679265,-3.050288541,0.987965388,-0.904924,0.206591136,0.945172118,-0.01,5.15202
8/13/2021,0.775158761,0.209210705,-2.388059701,-0.294303132,4.871654833,0.35560127,1.06292517,0.117089612,0.277187314,0.206591136,0.945172118,0.01,5.15202
8/20/2021,-0.574094008,-0.295537118,-2.839667977,-8.433480919,-3.270492657,-13.62366087,0.186309273,0.196742813,-0.836894587,0.206591136,0.945172118,0,5.15202
8/27/2021,1.554041862,2.259810187,4.541366906,10.86806355,1.561322278,5.973432398,2.093581284,-0.621795571,0.83369674,0.206591136,0.945172118,-0.01,5.15202
9/3/2021,0.6285397,1.470588235,2.494623656,1.059190031,1.304071247,0.542862251,0.511193372,0.223929748,0.76998745,0.271597086,0.945172118,-0.01,5.35122
9/10/2021,-1.686236426,-1.305134051,-3.818715904,0.287710645,-6.384092098,-12.41616661,-2.268209985,0.48300184,-0.603372829,0.271597086,0.945172118,0,5.35122
9/17/2021,-0.906968391,-0.732892536,-5.759162304,3.114754098,-1.900503074,-5.324937028,-2.03971767,1.518338874,-0.740803454,0.271597086,0.945172118,0,5.35122
9/24/2021,0.56864522,-0.133750635,-0.092592593,2.980922099,4.091168091,-2.905337094,-0.286987849,-0.767678069,-0.051177073,0.271597086,0.945172118,0,5.35122
10/1/2021,-2.178369489,-3.522352878,0.509731233,2.778849865,-0.377819137,-1.567380939,0.789957134,0.693550307,-1.058201058,0.830811855,3.354922552,0,6.23504
10/8/2021,0.833640383,0.272086179,0.599354541,4.149455501,5.126770841,7.738990034,-0.218725317,-0.342774865,-0.232879075,0.830811855,3.354922552,0,6.23504
10/15/2021,1.829351848,2.154169897,2.978918423,3.028664143,3.094292285,0.067179991,0.669792364,-0.568224702,0.285294372,0.830811855,3.354922552,0,6.23504
10/22/2021,1.626034494,1.398601399,4.450378282,1.539807524,-1.541269519,-2.540797356,1.475836206,-0.699429612,0.405172414,0.830811855,3.354922552,0,6.23504
10/29/2021,1.352842514,3.210371558,-1.959948871,-1.516457005,-2.461380021,-1.579058923,-0.667580616,-0.014196324,-0.738387568,0.830811855,3.354922552,0,6.23504
11/5/2021,2.020685901,3.234829453,1.129943503,-1.049868766,2.238411995,2.002799612,1.914191419,-0.453254696,0.043248854,0.49134275,3.354922552,0,6.90197
11/12/2021,-0.268926216,-0.978424486,4.856037817,-1.00795756,4.265207064,3.995566346,2.714319359,1.035712327,-1.048763617,0.49134275,3.354922552,0,6.90197
11/19/2021,0.346694631,2.353686344,-2.868852459,-3.929974991,-4.833597464,-2.64934274,-1.05474348,0.797055023,-1.44433668,0.49134275,3.354922552,0,6.90197
11/26/2021,-2.115634797,-3.165919949,-5.991561181,-7.71662328,-7.285595337,-14.46342735,-3.337002491,-0.589293602,0.320052485,0.49134275,3.354922552,0,6.90197
12/3/2021,-1.209229361,-2.062883436,-2.468581688,-3.284303848,-2.233947014,1.933531097,-0.13185496,-0.663227708,-0.021209845,0.307251716,3.354922552,0,7.17434
12/10/2021,3.819857968,3.883799233,-1.70271514,8.395833333,0.757836721,-2.254245396,-0.030006601,0.427648804,0.007955379,0.307251716,3.354922552,0,7.17434
12/17/2021,-2.309130305,-3.291374589,0.79588015,-2.402460119,-0.888888889,1.150058115,0.732380838,0.277005301,-0.680572742,0.307251716,3.354922552,0,7.17434
12/23/2021,2.333268098,3.120209919,2.461681375,4.627806223,4.300333448,9.730873904,0.697258641,-0.498315477,0.72172288,0.307251716,3.354922552,0,7.17434
12/31/2021,0.926476838,0.234304142,1.541251133,2.315076228,-0.892955573,-2.904541446,1.177723856,-0.690248337,0.42233237,0.307251716,3.354922552,0,7.17434
1/7/2022,-1.867525686,-4.5218047,-4.017857143,4.249448124,-0.756395996,1.946983028,-1.877632195,0.718067904,-0.058068433,0.841457378,-4.395569077,0,7.55881
1/14/2022,-0.293934648,0.039488233,2.790697674,5.823186871,1.221699171,-2.828507795,1.144560358,-0.568181818,0.438407296,0.841457378,-4.395569077,0,7.55881
1/21/2022,-5.75400241,-7.452435462,5.56561086,1.350675338,6.200863692,12.26793491,0.836918725,-0.302134647,-0.603027408,0.841457378,-4.395569077,0,7.55881
1/28/2022,0.906434084,0.031277546,-7.501071582,1.957880882,-2.022729642,12.64737406,-2.332105909,2.115861827,-1.716885797,0.841457378,-4.395569077,0,7.55881
2/4/2022,1.527322095,1.765207504,0.46339203,4.74423108,1.723954454,-3.484210049,1.05326152,-0.49354308,2.713178295,0.913397926,-4.395569077,0,7.93728
2/11/2022,-1.836416314,-3.058573783,4.889298893,1.278693576,0.387069777,1.605483053,2.93142248,0.038901256,-0.89360587,0.913397926,-4.395569077,0,7.93728
2/18/2022,-1.414430368,-1.599147122,1.319261214,-1.5211439,3.605669029,0.628349658,1.904378344,-0.573570395,-0.223873362,0.913397926,-4.395569077,0,7.93728
2/25/2022,0.810630311,1.247401247,1.388888889,1.637318505,-1.076242205,1.923783287,-0.321815718,0.505176703,-0.482319373,0.913397926,-4.395569077,0,7.93728
3/4/2022,-1.274700171,-2.449605229,5.565068493,20.75987842,6.283680732,26.43362314,4.038516001,-0.984737115,-3.032212823,1.335137955,-4.395569077,0,8.5722
3/11/2022,-2.799824143,-3.824488586,0.932684509,-3.850994211,-4.888548742,-7.453593188,0.767639373,1.913734566,-0.129987825,1.335137955,-4.395569077,0,8.5722
3/18/2022,5.820458495,8.35080148,-3.615910004,-2.303664921,-4.214443774,-10.72569779,-3.128207899,-0.218523041,1.284154759,1.335137955,-4.395569077,0,8.5722
3/25/2022,1.837937551,2.236194486,2.000833681,8.172561629,-1.71164549,-6.291776273,1.717791411,-0.107353731,-0.615384615,1.335137955,-4.395569077,0.25,8.5722
4/1/2022,0.050807396,0.69570057,-3.187576624,-8.137230617,-1.730876068,-2.47123792,-1.579120518,-0.555615261,0.591877618,0.558253103,2.635378596,0,8.23175
4/8/2022,-1.181224057,-3.509741606,0.464330941,-0.080895241,-1.087085331,6.167130656,1.097493036,0.951012071,-1.556983797,0.558253103,2.635378596,0,8.23175
4/14/2022,-2.185133052,-3.070313619,3.613445378,7.367426798,0.967245548,-2.817777778,1.416212046,0.906726045,-0.643678161,0.558253103,2.635378596,0,8.23175
4/22/2022,-2.68393522,-3.85013149,-5.717761557,-4.097021491,-5.943827564,0.379584743,-2.037600522,1.517080416,-0.10180472,0.558253103,2.635378596,0,8.23175
4/29/2022,-3.295465215,-3.733866011,-5.677419355,1.113877605,0.717592593,-2.929518429,-1.874757335,1.701327202,-2.343894756,0.558253103,2.635378596,0,8.23175
5/6/2022,-0.160194175,-1.276935355,-1.778385773,6.441161223,2.689037003,-11.38646391,-0.842236165,1.563945005,0.09486766,1.1023524,2.635378596,0,8.53817
5/13/2022,-2.338697914,-2.363783347,-5.942432683,-1.0349446,-2.070277529,-5.084745763,-3.779500627,1.29198705,-1.317410672,1.1023524,2.635378596,0.5,8.53817
5/20/2022,-3.009558897,-4.39160098,3.405725568,0.455216535,1.279853731,1.796875,1.919544997,-2.743789766,1.421436804,1.1023524,2.635378596,0,8.53817
5/27/2022,6.578035572,7.073576278,1.431980907,4.66625842,0.022565723,5.246135292,0.476661047,-1.716134333,1.62594697,1.1023524,2.635378596,0,8.53817
6/3/2022,-1.136637287,-0.9382077,-0.658823529,4.692253686,6.429780034,-4.953382989,-0.156204802,0.398123282,-0.11834099,1.373607576,2.635378596,0,8.97936
6/10/2022,-5.051882886,-5.669497061,-0.236854571,0.737677434,-3.804981452,-1.972818939,1.13570518,2.788301415,-1.903162608,1.373607576,2.635378596,0,8.97936
6/17/2022,-6.141611083,-4.898905969,-0.997150997,-7.533562632,-4.396209784,-6.127012522,-1.873496047,-1.811480473,-0.161673799,1.373607576,2.635378596,0,8.97936
6/24/2022,6.620018586,7.251811133,-2.446043165,-2.483801296,-2.800507088,3.995950453,-0.688970631,-1.309683407,0.53343494,1.373607576,2.635378596,0.75,8.97936
7/1/2022,-2.266201805,-4.236108754,-6.04719764,0.492186539,-2.063078018,3.699249843,-1.040625551,0.227795193,-1.193860148,-0.011811914,1.102269301,0,8.46258
7/8/2022,1.948903578,4.68578315,-2.773417059,-3.832496633,0.411622276,10.5803744,-3.576520913,1.77338977,-2.349443805,-0.011811914,1.102269301,0,8.46258
7/15/2022,-0.910798364,-1.178263078,-3.498385361,-6.111535523,-5.268869062,-14.59675406,-2.02711029,-0.102439074,-0.969262496,-0.011811914,1.102269301,0,8.46258
7/22/2022,2.586139745,3.467297084,-0.33463469,1.071331706,3.041873489,10.08653959,1.043959499,-1.486889734,1.246492072,-0.011811914,1.102269301,0,8.46258
7/29/2022,4.277506391,4.460412596,9.06547286,4.722930364,2.544466403,4.509481064,2.134810481,-0.987831663,0.144955926,-0.011811914,1.102269301,0,8.46258
8/5/2022,0.35923202,1.99391365,-1.898409441,-8.340807175,4.372440376,0.447245375,0.725167581,1.094407065,-0.428370237,-0.035439928,1.102269301,0.75,8.22258
8/12/2022,3.296490676,2.685314685,4.707112971,4.808498742,3.046739758,3.848411253,1.560892976,-2.160959225,0.756310775,-0.035439928,1.102269301,0,8.22258
8/19/2022,-1.161320534,-2.279124671,-8.541458541,-1.226993865,-6.977265091,-3.978640266,-3.067850122,1.888757799,-2.183661532,-0.035439928,1.102269301,0,8.22258
8/26/2022,-3.986829014,-4.776063929,-1.037684326,2.416959222,-3.527570431,-0.627207225,-0.589970501,0.792822867,-0.72752641,-0.035439928,1.102269301,0,8.22258
9/2/2022,-3.224692211,-3.991022639,-4.580573951,-5.827290705,-3.094970673,-4.449410985,-1.545499505,1.459325191,-0.11043068,0.215078451,1.102269301,0,8.19211
9/9/2022,3.661023863,4.038350781,4.453441296,-0.46199076,5.189954926,7.604659862,0.351626272,-2.091196572,0.894472362,0.215078451,1.102269301,0,8.19211
9/16/2022,-5.17461879,-5.786577225,3.931339978,-1.687763713,3.219882468,-2.379114881,-2.490301589,0.500104188,-0.239067636,0.215078451,1.102269301,0,8.19211
9/23/2022,-4.567382509,-4.773261441,-3.409696324,-6.552217454,-5.669552841,-2.686066032,-1.815965092,1.740617873,-3.245132302,0.215078451,1.102269301,0,8.19211
9/30/2022,-2.927028129,-2.994446663,0.772200772,-0.061236987,0.477807117,5.011187203,1.084896412,0.469741897,1.138286894,0.215078451,1.102269301,0.75,8.19211
10/7/2022,1.570636654,0.688468158,5.637657362,15.04289216,5.844074584,1.102222815,2.075386306,0.760649087,-0.605083518,0.405649443,2.051203228,0,7.75881
10/14/2022,-1.422310428,-3.106651802,-9.015544041,-6.564580559,-1.028611965,-8.735043577,-3.103623005,1.157523905,-0.225849502,0.405649443,2.051203228,0,7.75881
10/21/2022,4.65844588,5.630129631,5.580865604,0.570044178,3.368773145,0.865551659,0.764805857,-0.725373134,1.461055664,0.405649443,2.051203228,0,7.75881
10/28/2022,3.935451121,2.105874664,-0.161812298,3.18832365,1.363688894,-5.629343642,-0.642231593,-0.171392489,1.034377852,0.405649443,2.051203228,0,7.75881
11/4/2022,-3.256901959,-5.881516251,8.481901675,5.49299643,1.789989739,-1.375729751,2.161138679,-0.217871486,-0.049181973,-0.101002644,2.051203228,0,7.12286
11/11/2022,5.888136044,8.795526674,3.685258964,-3.176256183,6.955645161,8.09021464,5.170320189,-5.327872976,3.973649592,-0.101002644,2.051203228,0.75,7.12286
11/18/2022,-0.622318135,-1.090429226,-3.602305476,-7.192793762,-4.754424547,-4.195023394,-1.075595527,1.428449962,-0.292646178,-0.101002644,2.051203228,0,7.12286
11/25/2022,1.590788577,0.737307773,2.491280518,-2.998696219,0.153930731,-5.627393307,0.264143989,-0.87916003,0.692594566,-0.101002644,2.051203228,0,7.12286
12/2/2022,1.138369001,1.962219434,8.070004861,4.301075269,3.567899879,3.716553955,2.475186864,-0.99795968,1.322751323,-0.307009146,2.051203228,0,6.4046
12/9/2022,-3.349635054,-3.592548282,1.259559154,-10.00859107,0.508797965,2.387027272,-0.119574315,-0.365193435,0.003797769,-0.307009146,2.051203228,0,6.4046
12/16/2022,-2.545260374,-2.762019572,-0.977343403,3.261734288,-2.836954229,-11.52386754,-0.16161858,0.092168862,0.484197135,-0.307009146,2.051203228,0,6.4046
12/23/2022,-0.093928562,-2.51230629,2.332884702,6.810477658,2.930641485,2.040305389,0.281791474,-0.118852591,0.314628823,-0.307009146,2.051203228,0.5,6.4046
12/30/2022,-0.125355828,-0.403949731,0.745287155,1.139642239,4.692607825,1.275838803,1.422934354,-0.916575545,0.803413329,-0.307009146,2.051203228,0,6.4046
1/6/2023,1.477394556,0.94637224,-0.348128808,-7.531022679,1.823126511,1.041729756,2.399198302,0.351628853,-0.571829012,0.799536383,-3.193550219,0,6.32718
1/13/2023,2.685013399,4.527529762,1.834061135,8.051827857,-2.05757246,-0.425582929,2.907144091,-0.092720373,1.77515905,0.799536383,-3.193550219,0,6.32718
1/20/2023,-0.657465496,0.608605901,-1.41509434,2.141327623,-2.716897283,-3.274741151,0.29648691,-0.796408607,0.228065964,0.799536383,-3.193550219,0,6.32718
1/27/2023,2.475497626,4.804018678,-1.522401044,-2.86512928,-2.564368771,-6.845904904,-0.039042891,0.144678444,0.092124294,0.799536383,-3.193550219,0,6.32718
2/3/2023,1.644153027,3.34841018,-5.256183746,-7.338129496,-3.622802344,0.587920898,-3.213927017,0.549635568,-0.662684424,0.558211051,-3.193550219,0,5.95782
2/10/2023,-1.045228568,-2.116402116,-1.491841492,8.49378882,-3.128800442,-5.419766206,-0.057650179,-0.296001815,-1.088678668,0.558211051,-3.193550219,0.25,5.95782
2/17/2023,-0.19115773,0.48715382,-1.13582584,-4.079003864,-2.853229856,-2.595926966,-1.2113521,0.118102131,0.163928284,0.558211051,-3.193550219,0,5.95782
2/24/2023,-2.671512056,-3.091379997,-4.643370034,0.119367353,-0.916353383,-5.849460071,-1.699170851,1.715330837,-1.395318389,0.558211051,-3.193550219,0,5.95782
3/3/2023,1.9703315,2.682885044,2.459839357,4.113263785,7.114062129,3.369323838,2.459162459,-0.429846681,0.853590296,0.331072996,-3.193550219,0,4.91772
3/10/2023,-4.522625498,-3.713961559,-3.429691328,-3.893501288,-1.704671242,-5.252240907,0.80004638,-1.576140966,0.047020322,0.331072996,-3.193550219,-0.01,4.91772
3/17/2023,1.057241326,5.825680125,9.183155758,-12.63032469,1.452702703,1.305707584,5.693909243,0.501585096,0.236871046,0.331072996,-3.193550219,0,4.91772
3/24/2023,1.476960948,1.810977207,3.066914498,3.920900102,0.466200466,2.222736745,-0.065299015,-0.691368694,0.889918323,0.331072996,-3.193550219,0.01,4.91772
3/31/2023,3.446620341,3.229438065,4.192966637,8.989501312,1.579935919,1.955454889,-0.234141029,-0.489502883,0.737071049,0.331072996,-3.193550219,0.25,4.91772
4/7/2023,-0.048853172,-0.897391955,3.375162267,5.749548465,1.555362193,0.34063981,1.784739657,-1.060341058,0.58405071,0.505903868,3.039453651,0,4.95008
4/14/2023,0.799139764,0.163496306,1.925491838,2.604611443,3.373674628,2.73800738,-0.069708832,-1.35896586,0.821912782,0.505903868,3.039453651,0,4.95008
4/21/2023,-0.063036416,-0.615249396,-1.35523614,-5.382161187,7.65644426,6.486602974,-1.132217214,-0.089605735,-0.02729506,0.505903868,3.039453651,0,4.95008
4/28/2023,0.904900534,1.879283661,0,-1.040903093,-4.330670773,-6.255733945,0.298507463,0.191704036,0.236621769,0.505903868,3.039453651,0,4.95008
5/5/2023,-0.793402736,0.102306548,2.539550375,-6.622222222,-1.478724474,-0.335692415,1.439393939,-0.387150194,0.030869802,0.251843501,3.039453651,0,4.13185
5/12/2023,-0.252041781,0.662764409,-6.617945595,-1.523084246,-0.091892996,0.519855596,-0.346740638,0.906486942,-1.546644399,0.251843501,3.039453651,0.25,4.13185
5/19/2023,1.708010399,3.531981663,-0.608695652,2.948284195,0.87889627,-0.14365752,-1.6969113,0.075696856,-0.415783166,0.251843501,3.039453651,0,4.13185
5/26/2023,0.334432182,3.53332739,-2.230971129,1.408450704,-4.315672171,-5.502805352,-1.481158789,0.610678532,-0.711911793,0.251843501,3.039453651,0,4.13185
6/2/2023,1.880862816,1.79391504,1.29753915,-1.00308642,-1.884595024,-0.251198904,0.071854964,0.461033289,-0.177156177,0.322891424,3.039453651,0,3.07062
6/9/2023,0.462703309,-0.042295221,2.871024735,-1.901792673,0.722995576,-6.509462759,0.546810273,-0.653709858,0.373622268,0.322891424,3.039453651,0,3.07062
6/16/2023,2.22377297,3.788434415,-0.515242593,2.256475449,-2.667666595,6.66884336,-0.225225225,-1.000310174,1.80625349,0.322891424,3.039453651,0,3.07062
6/23/2023,-1.422199973,-1.464952573,-7.207596029,-2.999222999,-6.560264172,-9.213345577,-1.88845455,0.304356097,-0.448807598,0.322891424,3.039453651,0,3.07062
6/30/2023,2.324507745,1.897721631,1.627906977,1.810317206,-1.460713865,-4.096426163,0.039281706,-0.182951997,0.15058305,0.322891424,3.039453651,-0.01,3.07062
7/7/2023,-1.06704566,-0.860808835,1.372997712,3.619197482,0.896592947,1.511689225,0.207550345,-0.781206344,0.518913765,0.190751502,1.346374621,0.01,3.28775
7/14/2023,2.44669935,3.503167322,7.810383747,2.460136674,6.362559242,1.948051948,1.561800269,-2.982720944,2.393287121,0.190751502,1.346374621,0,3.28775
7/21/2023,0.645477208,-0.907484106,-1.172529313,2.25285312,-0.946864209,1.282377919,0.413382572,0.476024614,-0.907681893,0.190751502,1.346374621,0,3.28775
7/28/2023,1.04825512,2.089822432,-1.186440678,4.493404841,-2.721547458,-3.563642462,-0.175650456,0.537323781,-0.987010652,0.190751502,1.346374621,0,3.28775
8/4/2023,-2.212641163,-2.983206425,-2.915951973,2.358163407,-1.549132948,1.22841492,-0.918288794,0.26895006,-0.068090824,0.436715507,1.346374621,0.25,3.7225
8/11/2023,-0.259618182,-1.558972154,-3.931095406,0.623390703,-0.833724753,2.703250566,-1.437371663,0.413805752,-0.577803619,0.436715507,1.346374621,0,3.7225
8/18/2023,-2.053180747,-2.214394932,0.32183908,-1.966329966,-0.319715808,-3.119511583,-1.278153153,0.568493151,-0.662487664,0.436715507,1.346374621,0,3.7225
8/25/2023,0.794959908,1.644654176,6.370302475,-0.467097129,3.599429793,-2.279005525,1.306108481,0.345070263,-0.718418559,0.436715507,1.346374621,0,3.7225
9/1/2023,2.550173875,3.727817153,-0.215424386,6.169772257,1.685586515,-0.521201413,1.401869159,0.099545259,-0.182525711,0.248513155,1.346374621,0,3.68721
9/8/2023,-1.256676788,-1.326835986,-5.094991364,1.794071763,-6.833558863,-2.193410887,-1.127089001,0.836252684,-0.689667975,0.248513155,1.346374621,0,3.68721
9/15/2023,-0.482582151,-0.475065758,0.363967243,3.818646232,3.655289276,4.585073543,0.146001797,0.600694834,-0.368258716,0.248513155,1.346374621,0,3.68721
9/22/2023,-2.920811061,-3.478870581,2.3118767,-0.811907984,-0.070060719,0.034725237,0.157003477,0.965844529,-0.153851927,0.248513155,1.346374621,0,3.68721
9/29/2023,-0.683053761,0.100583946,-5.804164821,0.285253628,-2.290254732,-0.130174434,-4.014108163,0.902541017,-0.679306975,0.248513155,1.346374621,0,3.68721
10/6/2023,0.48189389,1.794735814,-3.010348071,-8.285926292,-2.977756518,-7.323340285,-1.020705745,-0.550021323,0.140007,-0.038337952,2.008643164,0,3.25127
10/13/2023,0.456302091,0.159034823,5.383123181,6.512944984,0.283495624,-0.761633833,5.380082499,-0.801556934,-0.768961901,-0.038337952,2.008643164,0,3.25127
10/20/2023,-2.389339513,-2.923784494,2.899217671,2.164830991,1.610127827,-3.854875283,2.661745792,-1.203737572,0.844416096,-0.038337952,2.008643164,0,3.25127
10/27/2023,-2.495310905,-2.619853356,-0.983899821,-2.899628253,0.7136809,1.533018868,1.39441146,1.21616012,-0.306806382,-0.038337952,2.008643164,0,3.25127
11/3/2023,5.846401091,6.486924792,0.225835592,-4.479326187,3.171631035,-0.095141309,-0.730593607,-0.371326912,1.60503764,-0.201513955,2.008643164,0,3.13335
11/10/2023,1.361890083,2.904462756,-4.146011717,-4.088176353,-9.185838998,-13.45811976,-2.857297473,0.29705614,-0.421248835,-0.201513955,2.008643164,0,3.13335
11/17/2023,2.310433263,2.021723618,6.86412788,-1.448669731,6.435072427,8.87719691,2.317419642,-1.826975341,2.143231506,-0.201513955,2.008643164,0,3.13335
11/24/2023,1.000465849,0.898870583,2.463704355,0.098939929,3.215705167,2.220851326,1.007241248,-0.315247113,0.209826092,-0.201513955,2.008643164,0,3.13335
12/1/2023,0.83461454,0.110395112,4.680120223,-2.23100819,0.618436406,-6.960370147,3.498275119,-1.515477823,-0.501979573,-0.099332033,2.008643164,0,3.31591
12/8/2023,0.239599216,0.571882854,-9.557013946,-3.913922588,-1.983068538,-5.905513514,-3.317535545,1.241857146,-1.111948391,-0.099332033,2.008643164,0,3.31591
12/15/2023,1.983920035,3.358237499,3.537414966,0.931910416,2.910553715,24.3948004,0.732600733,-1.087932701,1.221098803,-0.099332033,2.008643164,0,3.31591
12/22/2023,0.920461083,0.749987665,1.270258432,2.293373045,3.173143251,2.38293156,1.748663102,-1.729726002,1.09068875,-0.099332033,2.008643164,0,3.31591
12/29/2023,0.350469756,0.27915177,-1.51384083,-2.969864609,1.582349008,-8.804691024,0.473012036,-1.630352151,0.23976024,-0.099332033,2.008643164,0,3.31591
1/5/2024,-1.554774779,-3.118284821,-2.591128678,3.570892723,-2.643703379,-6.200613315,-0.952032223,0.993948329,-0.889702285,0.54475038,-3.416467379,0,3.08834
1/12/2024,1.872114891,3.228733459,0,-1.463131972,-5.926760563,-4.884741694,0.190124109,0.266054506,0.08318707,0.54475038,-3.416467379,0,3.08834
1/19/2024,1.206259965,2.837191132,-2.524797115,1.176124669,-0.694693975,-3.071293935,-0.938274208,1.870354933,-0.477699734,0.54475038,-3.416467379,0,3.08834
1/26/2024,1.032274112,0.624436108,1.017576318,6.219122348,1.604149077,1.143902997,-0.489543979,-0.4610207,-0.411160059,0.54475038,-3.416467379,0,3.08834
2/2/2024,1.423852609,1.226964914,-0.595238095,-7.647058824,-2.386039886,-1.379778331,0.855569221,0.353156408,-0.610992333,0.618967178,-3.416467379,0,3.15707
2/9/2024,1.385657935,1.874082189,-0.276370336,6.162050067,-1.76334671,-8.70412844,-0.535496527,0.912667736,-0.025962225,0.618967178,-3.416467379,0,3.15707
2/16/2024,-0.337190742,-1.482667887,3.418013857,2.427794056,3.119584055,9.822886572,-0.671641791,0.646009604,-0.066777344,0.618967178,-3.416467379,0,3.15707
2/23/2024,1.669636244,1.442274195,-1.831174632,-2.029696227,-0.600240096,2.596362805,1.223569819,0.032945186,0.407428375,0.618967178,-3.416467379,0,3.15707
3/1/2024,0.98454268,2.021612711,0.773430391,4.226918799,-1.557971014,-2.385730212,2.263810837,0.270288686,0.166377047,0.646416994,-3.416467379,0,3.48683
3/8/2024,-0.220337331,-1.478871659,5.011286682,-2.134471718,2.748129064,7.309273641,4.53107989,-0.738458751,0.934777794,0.646416994,-3.416467379,0,3.48683
3/15/2024,-0.369342609,-1.161678283,3.611349957,4.048527808,3.11641791,5.576841209,-0.95223925,0.775901415,-0.468088608,0.646416994,-3.416467379,0,3.48683
3/22/2024,2.232116588,2.87149705,-1.991701245,0.458535307,-4.631773969,-8.397177419,0.320464674,1.528532609,-0.752280263,0.646416994,-3.416467379,0,3.48683
3/29/2024,0.356861917,-0.530937766,0.804403048,2.673448096,1.444876153,2.916253989,2.680309458,0.479536077,-0.138824618,0.646416994,-3.416467379,0,3.48683
4/5/2024,-0.887070564,-0.797279341,9.995800084,4.661501334,2.250149611,-1.32581266,4.579039471,0.067702553,0.426320667,0.389329303,3.224266464,0,3.3608
4/12/2024,-1.462106745,-0.499466479,2.405498282,-1.055825243,5.220648484,4.518742394,0.813423817,1.357571456,-1.822628276,0.389329303,3.224266464,0,3.3608
4/19/2024,-3.071351669,-5.389371848,2.311707681,-3.28713357,-4.449883191,-2.280974598,1.908801697,-0.47053674,0.132537482,0.389329303,3.224266464,0,3.3608
4/26/2024,2.6456095,3.943084529,-5.065597668,1.95307546,-1.874490628,-6.620689655,-1.995204271,0.412291793,0.371740232,0.389329303,3.224266464,0,3.3608
5/3/2024,0.596151576,1.039443155,-2.725527831,-6.543102376,3.95111533,-0.977161686,-1.689594682,-0.946019928,0.642524457,0.166162757,3.224266464,0,3.24428
5/10/2024,1.867824522,1.510976394,6.432517758,0.226274458,4.542860404,3.97016638,2.700037566,0.13706807,0.078989676,0.166162757,3.224266464,0,3.24428
5/17/2024,1.65309884,2.194272271,11.75380052,2.217795485,8.963860683,2.64871427,2.263270998,0.291422894,0.9099857,0.166162757,3.224266464,0,3.24428
5/24/2024,-0.001888752,1.370196565,-3.715992037,-2.104716123,-5.250501002,-4.36512203,-3.460609854,0.600964184,-0.206121059,0.166162757,3.224266464,0,3.24428
5/31/2024,-0.390979148,-1.58095862,0.137835975,-0.703384207,0.782571912,-5.407532322,-0.287143386,-1.329321663,0,0.166162757,3.224266464,0,3.24428
6/7/2024,1.259078067,2.717933926,-4.026152787,-2.405773857,-6.820566632,-0.641787497,-1.718532281,-0.704108222,-0.414937759,0.033750545,3.224266464,0,2.97026
6/14/2024,1.642291343,3.505702436,1.398350663,4.190632703,-0.855855856,-1.806220096,1.951795841,-0.656616415,-0.902777778,0.033750545,3.224266464,0,2.97026
6/21/2024,0.318729504,0.206598635,-0.176803395,3.378023134,3.45297592,6.590327689,-0.440365271,0.368696747,-0.10745153,0.033750545,3.224266464,0,2.97026
6/28/2024,-0.053258893,-0.222833104,-1.381509033,1.195168468,0.428194993,1.817142857,0.107086321,0.607010863,0.188943972,0.033750545,3.224266464,0,2.97026
7/5/2024,1.914666863,3.558681722,7.147988506,2.161075512,3.006450202,6.016387922,2.753360309,-0.358446879,1.174471581,0.11617729,0.946635185,0,2.94148
7/12/2024,0.964589644,-0.27007417,-1.307408649,-1.303652687,-2.579070261,-5.569084172,0.986737881,-0.122891297,0.631170988,0.11617729,0.946635185,0,2.94148
7/19/2024,-1.964320791,-3.956994463,-5.163043478,-2.803738318,-3.464429676,-5.852674067,-0.618528977,-0.644295302,-0.212738643,0.11617729,0.946635185,0,2.94148
7/26/2024,-0.828794696,-2.581853379,-4.441260745,-2.423076923,-2.934206072,-1.226628558,-0.496098859,-0.578672431,-0.249949459,0.11617729,0.946635185,0,2.94148
8/2/2024,-2.11960914,-3.071473314,2.248875562,-3.5737748,1.941634694,-1.073064866,2.134795812,-2.873966708,0.504836481,0.081388695,0.946635185,0,2.60714
8/9/2024,0.016888722,0.369916435,-4.032258065,3.856111187,-3.455748175,1.170018282,-0.346143605,0.825444201,0.045830354,0.081388695,0.946635185,0,2.60714
8/16/2024,4.000075048,5.466130859,5.729564553,0.13119916,3.579444773,4.722322612,3.308692554,0.120259019,1.012386851,0.081388695,0.946635185,0,2.60714
8/23/2024,1.41076293,1.046249711,2.89017341,-1.008909853,0.752737226,0.989301737,0.012931592,-2.175921648,1.505627965,0.081388695,0.946635185,0,2.60714
8/30/2024,0.275736929,-0.777083333,-3.08988764,-1.601588352,-3.769526828,0.922656339,-0.314628049,0.323494687,-1.293862197,0.081388695,0.946635185,0,2.60714
9/6/2024,-4.137099063,-5.790832931,-3.297101449,-7.277374227,-0.505822844,-5.304740406,-0.285356047,-0.816720409,0.3304214,0.160421352,0.946635185,0,2.42648
9/13/2024,4.0065882,5.939512804,9.928812289,1.320179893,8.252541972,17.02026222,3.490439232,0.628856194,-0.083912298,0.160421352,0.946635185,0,2.42648
9/20/2024,1.110300528,1.49366769,1.533742331,4.410080183,-2.162516383,-0.478712569,1.478967655,0.225209291,0.794675673,0.160421352,0.946635185,0,2.42648
9/27/2024,0.566652002,0.893375342,1.443437395,-3.634119583,2.522884572,-4.871558694,1.160150283,-1.141163045,-0.006271446,0.160421352,0.946635185,-0.5,2.42648
10/4/2024,0.264230843,0.117103236,1.819986764,8.652340971,-0.958188153,0.053792361,-0.008162599,2.090895027,-1.676373085,0.115128084,1.913768677,0,2.57884
10/11/2024,1.151872666,1.239431995,-2.047448814,1.493123772,-0.780562885,5.849462366,0.191836735,-0.184174943,-0.351743683,0.115128084,1.913768677,0,2.57884
10/18/2024,0.864419062,0.224987838,6.569343066,-7.884888373,3.024930748,1.036164161,2.362814193,0.887539414,-0.642872166,0.115128084,1.913768677,0,2.57884
10/25/2024,-0.949383328,0.171901228,0.186799502,3.992715046,0.570015057,9.642067163,0.815855454,0.277809932,-0.662678325,0.115128084,1.913768677,0,2.57884
11/1/2024,-1.381597126,-1.592909634,-3.884400249,-2.977232925,-3.101272591,-6.978450252,-0.335543976,0.357843703,0.379875845,-0.054171524,1.913768677,0,2.71947
11/8/2024,4.754483048,5.479761196,-3.491755577,1.541238545,-2.052753559,-10.27208202,-1.786350854,0.664826317,-1.068857301,-0.054171524,1.913768677,0,2.71947
11/15/2024,-2.079606814,-3.41735714,-3.283082077,-4.621906194,-3.008450704,-3.900241705,-4.585417003,1.344866199,-1.668190554,-0.054171524,1.913768677,-0.21,2.71947
11/22/2024,1.666239863,1.856737217,3.325251126,6.451612903,2.50929368,5.064593575,5.600405765,0.753142793,-1.13953356,-0.054171524,1.913768677,-0.04,2.71947
11/29/2024,1.18217998,0.780956523,-1.910828025,-3.555555556,-1.337262013,-1.806311208,-1.701088697,-1.446907557,1.492422716,-0.054171524,1.913768677,0,2.71947
12/6/2024,0.872956601,3.284027151,1.161995899,-1.913140623,-2.320238916,-2.74822695,-1.074962336,-0.292948791,-0.070923327,0.035499995,1.913768677,0,2.87069
12/13/2024,-0.592290354,0.769259991,-1.722972973,5.652050114,-0.870178739,-0.489972653,0.551553818,1.581788366,-0.620782981,0.035499995,1.913768677,0,2.87069
12/20/2024,-2.161500141,-2.237385256,-3.128222757,-1.495755289,0.735468565,-3.572655445,-0.8964755,0.110985303,-0.736071303,0.035499995,1.913768677,0,2.87069
12/27/2024,0.652964561,0.751937686,-0.461320085,1.025991792,-0.824305228,-0.463127895,-0.28913672,0.992161254,-0.004796439,0.035499995,1.913768677,-0.25,2.87069
1/3/2025,-0.514277071,-0.761635028,0.748663102,5.511171293,1.757302303,1.061799093,0.865782933,0.705209234,-1.125298593,0.654615738,-3.67605863,0,2.99098
1/10/2025,-1.935974322,-2.196382429,2.300070771,3.490759754,2.427071179,2.455436194,1.938477966,0.859923807,-0.607377797,0.654615738,-3.67605863,0,2.99098
1/17/2025,2.944064497,2.868747412,0.103770322,2.331349206,-1.891091365,0.48392672,0.427057733,-0.174666769,0.263568918,0.654615738,-3.67605863,0,2.99098
1/24/2025,1.73867934,1.51224748,0.967519005,-3.538536112,0.882489549,3.520238505,2.559473663,-1.049834323,2.150715607,0.654615738,-3.67605863,0,2.99098
1/31/2025,-1.011563071,-1.385873157,2.19028063,-1.984924623,3.349447514,2.38147984,1.138274985,0.580219489,-1.255254053,0.654615738,-3.67605863,0,2.99098
2/7/2025,-0.174470772,0.120622643,2.042866711,-2.768520892,-0.913242009,-3.873201342,2.065284653,-0.093398383,-0.330109457,0.444170226,-3.67605863,0,2.80158
2/14/2025,1.486425754,2.912491394,0.787659993,-0.052728711,0.719343599,0.709060214,0.905646078,-1.071236101,1.600813481,0.444170226,-3.67605863,0,2.80158
2/21/2025,-1.600787272,-2.242869089,1.042005861,-0.619889211,-1.02667113,-0.882878856,1.671110444,-0.215677773,-0.337422436,0.444170226,-3.67605863,0,2.80158
2/28/2025,-0.96009601,-3.404425182,-4.350628424,-0.172528202,-2.593302514,-4.724320667,-2.759104676,0.543702301,-0.776595032,0.444170226,-3.67605863,0,2.80158
3/7/2025,-3.073142819,-3.223330775,4.481132075,-4.16112736,1.979395763,2.911242604,1.944771527,-2.570836519,4.388560633,0.224707129,-3.67605863,0,2.38198
3/14/2025,-2.276357827,-2.466499929,3.772976459,0.26355944,3.200908059,1.483440662,2.552256045,0.617585842,0.429362881,0.224707129,-3.67605863,0,2.38198
3/21/2025,0.207885432,0.246007589,-2.206339341,2.089097952,-1.088869336,-0.71388102,1.180787676,-0.244161599,-0.592102239,0.224707129,-3.67605863,0,2.38198
3/28/2025,-1.475229618,-2.474835704,3.209405783,1.328093238,0.033359279,1.483679525,2.000071816,-0.253824363,0.107287206,0.224707129,-3.67605863,0,2.38198
4/4/2025,-9.066695461,-9.866933936,-12.68472906,-9.16142838,-6.736327257,-5.454340981,-1.52784623,-2.308408879,1.234328372,0.311445627,2.885026184,0,2.32539
4/11/2025,5.672102597,7.507038588,7.968970381,-2.14958775,2.979737783,-0.166527893,6.51008151,-5.24106333,3.662398584,0.311445627,2.885026184,0,2.32539
4/18/2025,-1.410270817,-2.266725352,1.175702155,4.544086669,2.407407407,4.110568331,2.748967878,0.090812031,0.287887592,0.311445627,2.885026184,0,2.32539
4/25/2025,4.602876085,6.408466562,1.67850226,-0.647668394,0.553797468,-1.785305562,-0.454070299,1.407535464,-0.23965658,0.311445627,2.885026184,0,2.32539
5/2/2025,2.927502542,3.442949044,-3.079365079,-7.272200493,-0.854220524,1.176881846,-2.215075641,-0.094306545,-0.605420627,0.208856123,2.885026184,0,2.37727
5/9/2025,-0.426988496,-0.175930283,2.292826728,4.061865334,3.355628614,2.948289762,2.973353916,0.556691798,-0.435583257,0.208856123,2.885026184,0,2.37727
5/16/2025,5.291136549,6.873373363,-1.569004163,2.236901366,-0.94329275,-1.901778722,-4.106374658,0.793106353,-0.729148142,0.208856123,2.885026184,0,2.37727
5/23/2025,-2.539548973,-2.352783264,3.838646714,-0.161527166,10.89580334,4.002736914,5.271207178,-2.041791045,1.761017556,0.208856123,2.885026184,0,2.37727
5/30/2025,1.775137711,1.938182389,-1.472431078,-1.235475805,-3.394907639,-2.653508772,-1.985472155,0.165772794,-0.137316691,0.208856123,2.885026184,0,2.37727
6/6/2025,1.654252702,2.082410279,9.030206677,6.299329859,10.59431525,7.749493129,0.520421607,-0.031639408,0.43190833,0.340939138,2.885026184,0,2.68045
6/13/2025,-0.357178623,-0.558574879,0.845727617,12.38442141,4.682242991,-1.306711269,3.640474474,-1.265976872,1.386694752,0.340939138,2.885026184,0,2.68045
6/20/2025,-0.45561139,-0.024669804,-0.694042799,3.615058589,2.999732167,1.578222646,-1.947579753,0.776722969,-0.259695291,0.340939138,2.885026184,0,2.68045
6/27/2025,3.47142761,4.035457358,-0.349446709,-11.83830606,5.755395683,7.95620438,-2.872988747,-2.263273795,1.709772609,0.340939138,2.885026184,0,2.68045
7/4/2025,1.696183181,1.483333029,2.630040912,2.606441048,2.565363495,0.492610837,1.965340947,-0.625860558,0.503455926,0.150979195,1.352781513,0,2.74262
7/11/2025,-0.275050373,-0.363165654,4.498861048,2.792924591,2.445261307,6.737793156,0.651168848,0.314901121,-0.75564612,0.150979195,1.352781513,0,2.74262
7/18/2025,0.635002085,1.273908336,-1.008174387,-1.759606676,1.31825273,2.854570014,-0.242608527,0.615268709,-0.547523313,0.150979195,1.352781513,0,2.74262
7/25/2025,1.51693808,0.910451484,0.082576383,-1.422362702,-1.747632612,-2.180003502,-0.321022082,-0.81118183,0.989247312,0.150979195,1.352781513,0,2.74262
8/1/2025,-2.414063726,-2.205272172,-3.107810781,3.486973948,-5.931672152,-1.449923924,0.556278465,1.132360342,-1.32879046,0.287263812,1.352781513,0,2.93859
8/8/2025,2.486649939,3.731855276,3.831961397,-5.370513814,0.899625156,-6.956679684,1.274627155,0.522518039,0.474792818,0.287263812,1.352781513,0,2.93859
8/15/2025,0.982453938,0.485597424,-1.06615637,-0.68212824,0.998926773,-0.507564666,-1.795240377,-0.21039604,0.498324598,0.287263812,1.352781513,0,2.93859
8/22/2025,0.290625389,-0.930127828,2.431610942,2.527472527,1.340526402,0.765231041,1.024623492,-0.620116582,0.153885612,0.287263812,1.352781513,0,2.93859
8/29/2025,-0.040290713,-0.274489921,2.37388724,0.26795284,1.000161316,-1.49936715,2.411616975,-0.137276925,-0.264618011,0.287263812,1.352781513,0,2.93859
9/5/2025,0.339508565,0.992286115,2.898550725,-2.952966328,0.447212905,0.51398636,4.080862703,-0.262434391,0.282437521,0.254339828,1.352781513,0,3.02257
9/12/2025,1.571287312,1.840086102,2.996158771,0.936252237,1.391318175,8.820926345,1.32004229,-0.225535647,0.136553725,0.254339828,1.352781513,0,3.02257
9/19/2025,0.956784959,2.163092762,1.864743909,0.286454781,0.729240179,-5.250316284,1.120982649,-0.125580811,0.093752663,0.254339828,1.352781513,0,3.02257
9/26/2025,-0.283260509,-0.563944273,7.249206737,4.760609358,11.96481395,10.54840248,2.228905006,0.276625173,-0.366144414,0.254339828,1.352781513,-0.25,3.02257
10/3/2025,1.116617811,1.209792439,4.0282203,-6.894313165,1.779879024,-0.198429816,3.143565784,-0.275862069,0.341851124,0.254339828,1.587042034,0.01,3.02257
10/10/2025,-2.419270483,-2.267979708,3.937869175,-3.235253103,-0.409864062,11.97268326,3.209931775,0.452659374,-1.047610936,0.254339828,1.587042034,0,3.02257
10/17/2025,1.74114116,2.44783715,3.767627868,-2.031993083,0.288085603,2.38554775,5.383073255,-0.75103267,0.284042004,0.254339828,1.587042034,0.01,3.02257
10/24/2025,1.935610109,2.180716308,-6.267748479,7.64930862,0.034197387,-1.764439753,-2.948661919,0.315298272,-0.223156811,0.254339828,1.587042034,0.01,3.02257
10/31/2025,0.710225175,1.939718036,-0.021640338,-0.847226018,-1.859701901,1.06693276,-2.489934308,1.106361579,-0.782795699,0.254339828,1.587042034,0,3.02257
11/7/2025,-1.625956661,-3.072789992,-0.238095238,-1.791620728,-2.006409363,-3.934077618,0.051613604,0.074608306,0.268770591,-0.208743842,1.587042034,-0.24,2.69644
11/14/2025,0.143076442,-0.14432381,4.621392927,0.168397418,-0.149296175,1.114712626,2.077054655,-1.379224652,0.475572849,-0.208743842,1.587042034,0,2.69644
11/21/2025,-1.919842841,-3.086095326,-1.410203235,-2.913981507,-1.794232823,-2.501954652,-0.449515906,1.852085171,-0.938037866,-0.208743842,1.587042034,0.01,2.69644
11/28/2025,3.696341593,4.945175996,12.97854438,2.554112554,10.62857971,6.198877306,3.636412216,-0.581395349,0.729736774,-0.208743842,1.587042034,0,2.69644
12/5/2025,0.336557456,1.006055713,3.463042264,1.19600394,-1.900517727,0.430416069,-0.37124884,0.087097176,0.405347132,-0.020979755,1.587042034,0.01,2.6533
12/12/2025,-0.573145299,-1.896143762,5.92046068,-4.324249166,6.239561761,2.631578947,2.328951454,-1.056688215,0.841779763,-0.020979755,1.587042034,0,2.6533
12/19/2025,-0.171614644,0.558977869,8.698606864,-1.133556169,12.97239515,14.32967033,0.905320655,-0.087950748,-0.272572402,-0.020979755,1.587042034,-0.25,2.6533
12/26/2025,1.428172615,1.108500122,16.69271647,0.66147288,22.53144829,12.71946687,4.440880156,-0.767102616,0.538093611,-0.020979755,1.587042034,0,2.6533
1/2/2026,-1.034317915,-1.726265848,-7.540851862,0.700934579,-11.64713364,-15.30896481,-4.429620387,0.380179952,-0.441763656,0.369691471,-3.693197928,0,2.3912
1/9/2026,1.595503315,2.206745825,10.08257279,2.639211137,6.323907455,11.5787354,4.064979411,1.136220174,-0.699718406,0.369691471,-3.693197928,0,2.3912
1/16/2026,-0.347227225,-0.860129259,11.9226214,1.22916078,1.194390716,-1.882933285,1.645474944,0.22469105,-0.343731202,0.369691471,-3.693197928,0,2.3912
1/23/2026,-0.351328688,0.235006278,14.68547913,3.210048849,20.53806088,13.26793378,8.713712644,-2.839706066,1.974648616,0.369691471,-3.693197928,0,2.3912
1/30/2026,0.397545087,-0.136497945,-18.80254255,7.532116295,-22.67988107,-16.71538378,-2.849344978,-0.922958595,0.18603078,0.369691471,-3.693197928,0,2.3912
2/6/2026,-0.195095163,-1.965040925,-6.982323232,-3.181589537,-1.917555373,0.66943975,2.362063153,0.362271963,-0.270087779,0.471326848,-3.693197928,0,2.434
2/13/2026,-1.28435319,-1.267940622,-0.610832089,-1.000129887,-2.258233142,-0.91677965,1.572037061,-1.070001289,0.431618145,0.471326848,-3.693197928,0,2.434
2/20/2026,1.126512651,1.144670388,9.847036329,6.074521123,5.086105466,3.99426598,1.296960789,1.09460516,-0.733125474,0.471326848,-3.693197928,0,2.434
2/27/2026,-0.498962911,-0.249667384,10.97849061,1.360544218,9.282915161,1.748120301,3.22862874,-0.915184326,0.280135823,0.471326848,-3.693197928,0,2.434
3/6/2026,-1.983993936,-1.241581452,-10.5982523,32.72727273,-9.92874773,-9.04612353,-2.116795866,0.910628334,-1.650723779,1.049007757,-3.693197928,0,3.28596
3/13/2026,-1.500639519,-1.005418925,-4.373433584,10.22340719,-4.953208211,-4.698713609,-2.675761864,1.998195179,-1.738681357,1.049007757,-3.693197928,0,3.28596
3/20/2026,-2.071600054,-1.963888702,-15.29288429,1.284510802,-5.211336561,-9.093492469,-10.29858519,-0.417087968,1.348983882,1.049007757,-3.693197928,0,3.28596
3/27/2026,-2.232604037,-3.346734014,3.125,2.281149634,-2.783357245,-1.969365427,0.319318787,1.345348394,-0.535868626,1.049007757,-3.693197928,0,3.28596
4/3/2026,3.428535381,3.981655942,3.675367537,11.04669887,6.723730815,9.462691327,3.547142513,0.288040075,0.060827251,0.850057387,2.991778577,0,3.77925
4/10/2026,3.603067868,4.459981538,5.064390103,-9.498259861,2.992422147,1.179812104,1.797815607,-1.461038961,1.771602258,0.850057387,2.991778577,0,3.77925
4/17/2026,4.515350425,6.182597738,6.48670982,-7.034129146,3.367346939,2.605628734,2.013131105,-0.937777215,0.366925506,0.850057387,2.991778577,0,3.77925
4/24/2026,0.535105754,2.316405949,-6.518365235,14.09858669,-5.143658752,-4.286215363,-2.843495616,0.345401049,-0.357082129,0.850057387,2.991778577,0,3.77925
5/1/2026,0.93985489,1.546966319,-0.774764804,7.854984894,-1.402201895,1.363236588,-2.324293133,-0.369709332,0,0.631493604,2.991778577,0,4.16661
5/8/2026,2.354818567,5.500259586,6.999442276,-6.449579832,3.333148158,-2.595806218,2.502481214,-0.665387076,0.546075085,0.631493604,2.991778577,0,4.16661
5/15/2026,0.2101353,-0.323383434,-5.473025801,10.95890411,-3.752486425,-4.4094722,-3.79924845,1.339688265,-1.349287169,0.631493604,2.991778577,-0.01,4.16661
5/22/2026,0.875306087,1.214506369,-0.992555831,-4.931525332,-2.4,-4.8,-0.831555992,-0.254226516,-0.197849462,0.631493604,2.991778577,0,4.16661
5/29/2026,1.453784668,2.894612147,-0.041771094,-8.394833948,-0.114481969,0.693311582,0.797448166,-0.471517777,0.491294604,0.631493604,2.991778577,-0.01,4.16661
6/5/2026,-2.502379442,-4.503528328,-9.903886335,3.044387637,-7.277936963,-9.477521264,-5.00575374,1.946222791,-1.20078909,-0.349423943,2.991778577,0,3.46353
6/12/2026,0.569452918,2.309023346,-0.386518244,-5.705908886,-3.955500618,3.937360179,-2.448011306,0.087917609,0.425384148,-0.349423943,2.991778577,0,3.46353
6/19/2026,0.672733401,2.672803394,-2.91789539,-8.419038508,-1.093951094,0,0.150049154,1.267411218,-0.864453665,-0.349423943,2.991778577,0,3.46353
6/26/2026,-2.376998688,-4.604250493,-10.45563549,-8.174458083,-3.903708523,-5.122686182,-3.484707584,0.322180917,-0.741192885,-0.349423943,2.991778577,0.01,3.46353
7/3/2026,2.166010508,0.860555964,3.231565792,-1.422070535,-0.338524035,3.947368421,1.204400075,-0.778162055,0.456821576,-0.010181104,2.991778577,0,3.30386
7/10/2026,1.365503907,1.811675554,-1.919750951,4.539334487,0.339673913,0.698384985,-0.29619443,0.634881115,-0.19239178,-0.010181104,2.991778577,0,3.30386
7/17/2026,-1.544473144,-4.159832394,-5.889613825,14.03863845,-1.82802979,-1.603814478,-2.281106602,-0.148441366,0.227810392,-0.010181104,2.991778577,-0.01,3.30386
7/24/2026,-0.586581281,-1.596364316,3.578789582,10.26944176,-0.482758621,-0.616740088,0.947314134,1.350346878,-0.629425649,-0.010181104,2.991778577,0.01,3.30386
7/31/2026,1.096179611,0.549522821,-0.416063676,-5.501499744,3.672903673,2.969858156,-0.096800215,-1.307908569,1.407583355,-0.010181104,2.991778577,0,3.30386
8/7/2026,3.511237835,5.093097283,9.827429609,-8.663002245,5.949197861,7.834696513,7.248210152,0.037156304,0.268933808,-0.010181104,2.991778577,0,3.30386
8/14/2026,0.398313633,1.111987054,1.670525968,7.306323106,0.126182965,-4.471057884,0.755389364,0.668565061,0.095172175,-0.010181104,2.991778577,0,3.30386
8/21/2026,-1.367957338,-2.411533779,7.206767529,6.3507109,7.246376812,2.173004597,5.449835608,-1.500430451,0.950816838,-0.010181104,2.991778577,0,3.30386
8/28/2026,0.474063626,0.41909621,-4.203338392,-3.669043375,-3.113983549,5.480572597,-3.417894936,1.036334124,-0.813425807,-0.010181104,2.991778577,0,3.30386
9/4/2026,0.109183077,0.353139874,-0.348487249,9.452582884,0.060642814,-1.861186506,-0.518476852,0.037073653,0.250345304,-0.010181104,2.991778577,0,3.30386
