car,brand,model,model_year,milage,fuel_type,ext_col,accident,clean_title,price,type,miles_per_gallon,premium,msrp,collection_car,liters,horsepower,turbo,cylinders,transmission
1,Hyundai,Palisade SEL,2021,"34,742 mi.",Gasoline,White,At least 1 accident or damage reported,Yes,38005,SUV,21,0,42000,0,3.8,,0,6,A
2,Lexus,RX 350 RX 350,2022,"22,372 mi.",Gasoline,Blue,None reported,,54598,SUV,22,0,45000,0,3.5,,0,,A
3,INFINITI,Q50 Hybrid Sport,2015,"88,900 mi.",Hybrid,Black,None reported,Yes,15500,Sedan,29,0,44900,0,3.5,354,0,6,A
4,audi,Q3 45 S line Premium Plus,2021,"9,835 mi.",Gasoline,White,None reported,,34999,SUV,22,1,47000,0,2,,1,4,A
5,Acura,ILX 2.4L,2016,"136,397 mi.",Gasoline,Silver,None reported,,14798,Sedan,25,0,27490,0,2.4,,0,,A
6,Audi,S3 2.0T Premium Plus,2017,"84,000 mi.",Gasoline,Blue,None reported,Yes,31000,Sedan,24,1,42900,0,2,292,0,4,A
7,BMW,740 iL,2001,"242,000 mi.",Gasoline,Green,None reported,Yes,7300,Sedan,18,0,74900,0,4.4,282,0,8,A
8,Lexus,RC 350 F Sport,2021,"23,436 mi.",Gasoline,Black,None reported,Yes,41927,Coupe,20,1,45300,0,3.5,311,0,6,A
9,Tesla,Model X Long Range Plus,2020,"34,000 mi.",,Black,None reported,Yes,69950,SUV,102,1,89990,0,,534,0,,A
10,Land,Rover Range Rover Sport 3.0 Supercharged HST,2021,"27,608 mi.",Gasoline,White,None reported,,73897,SUV,18,1,83900,0,,,0,6,A
11,Aston,Martin DBS Superleggera,2019,"22,770 mi.",Gasoline,Silver,None reported,Yes,184606,Coupe,15,1,316300,1,5.2,715,0,12,A
12,Toyota,Supra 3.0 Premium,2021,"12,500 mi.",Gasoline,Yellow,None reported,Yes,53500,Coupe,24,1,49990,0,3,382,0,6,A
13,Lincoln,Aviator Reserve AWD,2022,"18,196 mi.",Gasoline,Black,None reported,Yes,62000,SUV,21,1,74000,0,3,400,0,6,A
14,Jaguar,F-TYPE,2020,"15,903 mi.",Gasoline,Silver,None reported,,47998,Coupe,20,1,61600,0,2,,0,,A
15,Land,Rover LR4 HSE,2013,"79,800 mi.",Gasoline,White,None reported,Yes,29990,SUV,16,1,49995,0,5,375,0,8,A
16,Mercedes-Benz,Metris Base,2021,"1,685 mi.",Gasoline,Gray,None reported,Yes,250000,Minivan,19,0,33900,0,2,,1,4,A
17,Dodge,Challenger SXT,2013,"61,074 mi.",Gasoline,Black,None reported,Yes,16800,Coupe,19,0,28000,0,3.6,305,0,6,A
18,Nissan,350Z Enthusiast,2003,"74,000 mi.",Gasoline,Purple,None reported,Yes,11000,Coupe,20,0,28000,0,3.5,287,0,6,M
19,Jaguar,F-TYPE R,2018,"35,250 mi.",Gasoline,Green,None reported,Yes,68750,Coupe,23,1,123600,1,5,550,0,8,A
20,Genesis,GV70 3.5T Sport,2023,"5,400 mi.",Gasoline,Green,,,60000,SUV,21,1,60000,0,3.5,375,0,6,A
21,Chevrolet,S-10 LS,2000,"133,510 mi.",E85 Flex Fuel,Blue,None reported,Yes,4500,Pickup,22,0,18500,0,2.2,120,0,4,A
22,BMW,440 Gran Coupe 440i xDrive,2020,"25,990 mi.",Gasoline,White,None reported,,38598,Coupe,20,1,58945,0,3,,1,,A
23,FORD,F-150 XLT,2023,"2,823 mi.",Gasoline,Silver,None reported,Yes,58504,Pickup,20,0,41000,0,3.5,,1,6,A
24,Chevrolet,Suburban RST,2021,"52,000 mi.",Gasoline,Blue,None reported,Yes,61000,SUV,20,1,65000,0,5.3,355,0,8,A
25,Hyundai,Elantra N Base,2022,"11,650 mi.",Gasoline,Black,None reported,Yes,32300,Sedan,22,1,31900,0,2,276,0,4,A
26,Nissan,Sentra SR,2016,"96,541 mi.",Gasoline,Blue,None reported,,13998,Sedan,29,0,22000,0,1.8,,0,,A
27,Mercedes-Benz,AMG CLA 45 Base 4MATIC,2021,"17,500 mi.",Gasoline,Gray,None reported,Yes,59995,Sedan,23,1,54900,0,2,382,0,4,A
28,BMW,650 Gran Coupe i xDrive,2015,"69,000 mi.",Gasoline,Gray,None reported,Yes,25700,Sedan,18,1,84000,0,4.4,445,0,8,A
29,audi,Q5 2.0T Premium Plus,2017,"81,880 mi.",E85 Flex Fuel,Black,None reported,Yes,21375,SUV,24,1,43700,0,2,,1,4,A
30,Mercedes-Benz,AMG C 43 Base 4MATIC,2018,"28,800 mi.",Gasoline,Silver,None reported,Yes,48000,Sedan,20,0,55350,0,3,362,0,6,A
31,Dodge,Ram 1500 Laramie Mega Cab,2006,"300,183 mi.",Gasoline,Silver,At least 1 accident or damage reported,Yes,10900,Pickup,14,0,38975,0,5.7,345,0,8,A
32,BMW,i3 120Ah w/Range Extender,2020,"35,035 mi.",Hybrid,Black,None reported,,24998,Hatchback,110,1,46000,0,,,0,,A
33,Kia,Sorento SX,2011,"171,000 mi.",Gasoline,Black,None reported,Yes,5999,SUV,20,1,35000,0,3.5,276,0,6,A
34,Lexus,LX 570 Base,2016,"118,700 mi.",Gasoline,Black,None reported,Yes,46900,SUV,14,1,89915,0,5.7,383,0,8,A
35,Jeep,New Compass Trailhawk,2017,"119,000 mi.",Gasoline,Red,None reported,Yes,15900,SUV,21,1,33000,0,2.4,180,0,4,A
36,BMW,340 i,2018,"44,261 mi.",Gasoline,Gray,None reported,,33598,Sedan,22,1,52000,0,3,,1,,A
37,Audi,A4 2.0T Premium Plus quattro,2012,"125,575 mi.",Gasoline,Silver,None reported,Yes,8999,Sedan,27,1,42000,0,2,211,0,4,A
38,Hyundai,Tucson SE,2007,"16,200 mi.",Gasoline,Gold,None reported,Yes,8200,SUV,22,0,24000,0,2.7,173,0,6,A
39,BMW,Z4 sDrive28i,2014,"70,000 mi.",Gasoline,White,At least 1 accident or damage reported,Yes,20000,Convertible,24,0,50000,0,2,240,0,4,A
40,Bentley,Continental GTC Base,2011,"20,200 mi.",E85 Flex Fuel,Black,None reported,Yes,79950,Convertible,12,1,200000,1,6,552,0,12,A
41,Honda,Passport Elite,2023,"2,978 mi.",Gasoline,Silver,None reported,,45498,SUV,20,1,45500,0,3.5,,0,,A
42,Dodge,Sprinter 2500,2007,"189,719 mi.",Diesel,White,At least 1 accident or damage reported,Yes,14000,,,,,,3,,0,6,A
43,BMW,M850 i xDrive,2019,"9,949 mi.",Gasoline,Blue,None reported,,75798,Coupe,20,1,111900,0,4.4,,1,,A
44,Lucid,Air Grand Touring,2022,"3,552 mi.",,Red,None reported,Yes,119999,Sedan,120,1,139000,0,,536,0,,A
45,audi,A7 Premium,2012,"54,000 mi.",Gasoline,Black,At least 1 accident or damage reported,Yes,36880,Sedan,25,1,60000,0,3,310,0,6,A
46,Chevrolet,Silverado 1500 Custom Trail Boss,2021,"51,351 mi.",Gasoline,Black,None reported,Yes,43147,Pickup,20,0,50000,0,5.3,,0,8,A
47,MINI,Convertible John Cooper Works,2017,"24,280 mi.",Gasoline,Black,At least 1 accident or damage reported,Yes,29000,Convertible,26,1,34900,0,2,228,0,4,A
48,Toyota,Avalon Touring,2016,"89,148 mi.",Gasoline,Black,None reported,Yes,17500,Sedan,24,1,36000,0,3.5,268,0,6,A
49,Porsche,Cayenne Platinum Edition,2017,"73,043 mi.",Gasoline,White,None reported,Yes,30990,SUV,20,1,78000,0,3.6,300,0,6,A
50,Mercedes-Benz,AMG C 63 S,2017,"60,000 mi.",Gasoline,Gray,At least 1 accident or damage reported,Yes,52500,Sedan,17,1,70700,0,4,503,0,8,A
51,Honda,CR-V EX-L,2016,"73,549 mi.",Gasoline,Brown,At least 1 accident or damage reported,,20848,SUV,27,0,30000,0,2.4,,0,4,A
52,Hummer,H2 Base,2005,"110,900 mi.",Gasoline,Gray,None reported,Yes,19500,SUV,10,0,59995,0,6,325,0,8,A
53,Porsche,911 Carrera S,2013,"39,000 mi.",Gasoline,Blue,None reported,Yes,73000,Coupe,20,1,100000,1,3.8,400,0,6,A
54,Mercedes-Benz,CLA-Class CLA 250,2016,"120,000 mi.",Gasoline,Black,None reported,Yes,19800,Sedan,26,0,33000,0,2,208,0,4,A
55,Chrysler,300 Touring,2009,"134,602 mi.",Gasoline,Blue,None reported,Yes,7500,Sedan,18,0,35000,0,3.5,250,0,6,A
56,Nissan,Rogue SV,2023,"1,094 mi.",Gasoline,Blue,None reported,,30999,SUV,28,0,29500,0,1.5,,1,3,A
57,audi,A3 2.0T,2010,"83,500 mi.",Gasoline,Silver,None reported,Yes,6500,Hatchback,23,0,25000,0,2,200,0,4,A
58,FORD,Mustang GT Premium,2014,"37,060 mi.",Gasoline,Black,None reported,Yes,28500,Coupe,15,1,30400,0,5,420,0,8,M
59,Acura,RL Technology,2010,"97,700 mi.",Gasoline,Blue,None reported,Yes,10995,Sedan,17,1,59900,0,3.7,300,0,6,A
60,Volvo,XC90 Hybrid T8 R-Design,2018,"40,000 mi.",Plug-In Hybrid,Black,None reported,Yes,42000,SUV,54,1,64800,0,2,400,0,4,A
61,Audi,R8 5.2 V10,2018,"8,940 mi.",Gasoline,Red,None reported,,144900,Convertible,14,1,208000,1,5.2,,0,10,A
62,Mercedes-Benz,GLK-Class GLK 350,2014,"186,000 mi.",Gasoline,Black,At least 1 accident or damage reported,Yes,10000,SUV,19,1,39900,0,3.5,302,0,6,A
63,Toyota,C-HR LE,2021,"13,180 mi.",Gasoline,,None reported,,23998,SUV,27,0,23655,0,2,,0,,A
64,Lexus,IS 350 Base,2014,"104,000 mi.",Gasoline,Black,None reported,Yes,21000,Sedan,22,0,39000,0,3.5,306,0,6,A
65,BMW,X4 M40i,2023,"8,500 mi.",Hybrid,Gray,None reported,Yes,67900,SUV,23,1,59800,0,3,382,0,6,A
66,BMW,M4 CS,2019,"19,069 mi.",Gasoline,White,None reported,,69998,Coupe,20,1,105000,1,3,,1,,A
67,Cadillac,CT5 Premium Luxury,2023,"6,090 mi.",Gasoline,White,None reported,Yes,46900,Sedan,23,1,44500,0,2,237,0,4,A
68,Lucid,Air Grand Touring,2022,"4,900 mi.",,Red,None reported,Yes,99000,Sedan,120,1,139000,0,,536,0,,A
69,Audi,A5 2.0T Premium Plus,2019,"47,523 mi.",Gasoline,Black,None reported,Yes,31000,Coupe,24,1,55000,0,2,248,0,4,A
70,Chrysler,300C SRT8,2006,"43,000 mi.",Gasoline,Silver,At least 1 accident or damage reported,Yes,19995,Sedan,15,1,40000,0,6.1,425,0,8,A
71,Bentley,Continental GT W12,2017,"14,684 mi.",Gasoline,White,None reported,Yes,130000,Coupe,12,1,202500,1,6,582,0,12,A
72,BMW,M4 Base,2019,"57,800 mi.",Gasoline,Black,None reported,Yes,55999,Coupe,20,1,70900,1,3,425,0,6,A
73,Toyota,GR Corolla Circuit Edition,2023,952 mi.,Gasoline,Silver,None reported,Yes,49950,Hatchback,27,1,34900,0,1.6,300,0,3,M
74,Audi,RS 5 2.9T,2019,"21,240 mi.",Gasoline,Black,At least 1 accident or damage reported,Yes,59950,Coupe,19,1,70000,0,2.9,444,0,6,A
75,Porsche,Cayenne Base,2019,"59,338 mi.",Gasoline,Black,None reported,Yes,42499,SUV,19,0,65000,0,3,335,0,6,A
76,Lamborghini,Huracan Tecnica Coupe,2023,255 mi.,Gasoline,Blue,None reported,,359991,Coupe,15,1,239000,1,5.2,,0,,A
77,Maserati,Quattroporte S,2019,"23,230 mi.",Gasoline,Black,None reported,Yes,44999,Sedan,19,1,103000,1,3,424,0,6,A
78,Jaguar,XF 35t R-Sport,2017,"48,000 mi.",Gasoline,Red,At least 1 accident or damage reported,Yes,30000,Sedan,25,1,64800,0,3,340,0,6,A
79,Lexus,ES 330 Base,2005,"41,059 mi.",Gasoline,White,None reported,Yes,11100,Sedan,25,0,35000,0,3.3,225,0,6,A
80,Land,Rover Discovery Sport SE R-Dynamic,2020,"21,240 mi.",Gasoline,White,None reported,,37998,SUV,20,1,39900,0,2,,0,,A
81,Porsche,Cayman GTS,2015,"11,500 mi.",Gasoline,Silver,None reported,Yes,72000,Coupe,20,1,74900,1,3.4,340,0,6,A
82,Genesis,G90 3.3T Premium,2021,"9,950 mi.",Gasoline,Silver,None reported,Yes,53950,Sedan,17,1,73000,0,3.3,365,0,6,A
83,Volkswagen,Golf R 20th Anniversary Edition,2023,633 mi.,Gasoline,White,None reported,Yes,47999,Hatchback,24,1,45000,1,2,315,0,4,M
84,Hyundai,Sonata Hybrid Limited,2015,"66,000 mi.",Hybrid,White,At least 1 accident or damage reported,Yes,15900,Sedan,40,1,31700,0,2.4,199,0,4,A
85,Audi,RS 7 4.0T Prestige,2014,"59,715 mi.",Gasoline,Gray,At least 1 accident or damage reported,Yes,45000,Sedan,19,1,108900,0,4,560,0,8,A
86,BMW,740 Li,2012,"85,252 mi.",Gasoline,Black,None reported,Yes,18500,Sedan,25,1,81000,0,3,326,0,6,A
87,Mercedes-Benz,GLS 450 Base 4MATIC,2020,"17,900 mi.",Hybrid,Black,At least 1 accident or damage reported,Yes,80000,SUV,20,0,76000,0,3,362,0,6,A
88,BMW,M6 Base,2016,"25,500 mi.",Gasoline,White,None reported,Yes,55000,Coupe,15,1,113000,0,4.4,560,0,8,A
89,Subaru,Forester 2.5 X,2004,"210,703 mi.",Gasoline,Green,,,2300,SUV,24,0,24000,0,2.5,165,0,4,M
90,Hyundai,Elantra N Base,2023,"3,800 mi.",Gasoline,White,None reported,Yes,34000,Sedan,22,0,32900,0,2,276,0,4,M
91,Kia,Niro Plug-In Hybrid EX Premium,2022,"36,602 mi.",Hybrid,Blue,None reported,Yes,31995,SUV,105,1,33500,0,1.6,,0,4,A
92,Rivian,R1S Adventure Package,2023,"2,800 mi.",,White,None reported,Yes,92000,SUV,74,1,74900,0,,835,0,,A
93,Aston,Martin DBS Superleggera,2021,"2,165 mi.",Gasoline,Black,None reported,Yes,279950,Coupe,18,1,316300,1,5.2,,1,12,A
94,Mercedes-Benz,SLC 300 Base,2018,"33,000 mi.",Gasoline,Red,At least 1 accident or damage reported,Yes,29900,Convertible,25,0,49000,0,2,241,0,4,A
95,BMW,435 Gran Coupe i,2016,"76,009 mi.",Gasoline,White,None reported,Yes,24950,Coupe,24,0,44200,0,3,300,0,6,A
96,Jeep,Grand Cherokee Summit,2020,"31,349 mi.",Gasoline,Black,None reported,,39366,SUV,19,1,59840,0,5.7,,0,8,A
97,Lexus,RC 350 Base,2015,"48,000 mi.",Gasoline,Orange,None reported,Yes,32900,Coupe,20,0,41900,0,3.5,306,0,6,A
98,BMW,525 i,2005,"91,420 mi.",Gasoline,Black,None reported,Yes,8900,Sedan,24,0,42000,0,2.5,215,0,6,A
99,Toyota,Corolla LE,2003,"124,756 mi.",Gasoline,Beige,At least 1 accident or damage reported,Yes,4995,Sedan,30,0,16090,0,1.8,130,0,4,M
100,Cadillac,CT5-V Blackwing,2023,"2,415 mi.",Gasoline,Gray,None reported,,104900,Sedan,16,1,83990,1,6.2,,0,8,A
101,GMC,Acadia SLT-1,2012,"116,226 mi.",Gasoline,Black,None reported,Yes,7900,SUV,17,0,40100,0,3.6,288,0,6,A
102,Lexus,LC 500 Base,2020,"37,869 mi.",Gasoline,Silver,None reported,,75950,Coupe,19,0,92600,0,5,,0,8,A
103,BMW,i8 Base,2019,"41,500 mi.",Plug-In Hybrid,White,None reported,Yes,86000,Coupe,76,1,147500,1,1.5,369,0,3,A
104,Lexus,ES 300h Base,2013,"87,001 mi.",Hybrid,Gold,None reported,Yes,17995,Sedan,40,0,39750,0,2.5,200,0,4,A
105,Cadillac,CT5-V V-Series,2022,"4,451 mi.",Gasoline,White,At least 1 accident or damage reported,Yes,55655,Sedan,21,1,61990,0,3,,1,6,A
106,BMW,540 i xDrive,2020,"27,158 mi.",Gasoline,Blue,None reported,,39998,Sedan,26,1,75000,0,2,,1,,A
107,Chevrolet,Express 1500 Work Van,2014,"139,804 mi.",Gasoline,White,At least 1 accident or damage reported,Yes,14500,Van,18,0,31000,0,4.3,195,0,6,A
108,Jeep,Gladiator Rubicon,2022,"27,300 mi.",Gasoline,Green,None reported,Yes,47500,Pickup,22,1,50775,0,3.6,285,0,6,A
109,BMW,Z4 sDrive28i,2014,"36,812 mi.",Gasoline,White,None reported,Yes,27000,Convertible,24,0,50000,0,2,240,0,4,A
110,Land,Rover LR4 HSE LUX Landmark Edition,2016,"144,000 mi.",Gasoline,Black,At least 1 accident or damage reported,Yes,18000,SUV,18,1,59000,0,3,340,0,6,A
111,Cadillac,XT4 Sport,2019,"44,500 mi.",Gasoline,Blue,None reported,Yes,28900,SUV,24,1,45000,0,2,237,0,4,A
112,BMW,750 750i xDrive,2021,"10,917 mi.",Gasoline,Black,None reported,,73998,Sedan,20,1,96000,0,4.4,,1,,A
113,Bentley,Arnage R,2005,"8,332 mi.",Gasoline,White,None reported,Yes,47350,Sedan,12,1,185000,1,6.75,400,0,8,A
114,Lincoln,Aviator Reserve AWD,2020,"51,247 mi.",Gasoline,Gray,None reported,,47698,SUV,21,1,68900,0,3,,0,,A
115,Mercedes-Benz,AMG GL AMG GL 63 4MATIC,2016,"69,000 mi.",Gasoline,Black,None reported,Yes,36500,SUV,14,1,130900,0,5.5,550,0,8,A
116,RAM,ProMaster 3500 High Roof,2021,"147,834 mi.",Gasoline,White,None reported,Yes,32662,Van,12,0,34600,0,3.6,,0,6,A
117,Ford,Utility Police Interceptor Base,2013,"105,000 mi.",E85 Flex Fuel,White,At least 1 accident or damage reported,Yes,6600,SUV,18,0,30000,0,3.7,300,0,6,A
118,audi,A5 2.0T Premium,2011,"92,203 mi.",Gasoline,Red,None reported,Yes,9995,Coupe,27,1,37000,0,2,211,0,4,A
119,Nissan,GT-R Premium,2010,"15,600 mi.",Gasoline,White,None reported,Yes,69500,Coupe,16,1,85150,0,3.8,485,0,6,A
120,Land,Rover Range Rover Sport 3.0L Supercharged HSE,2018,"104,700 mi.",Gasoline,White,At least 1 accident or damage reported,,30775,SUV,20,1,82000,0,,,0,6,A
121,Toyota,Corolla LE,2010,"72,348 mi.",Gasoline,Red,At least 1 accident or damage reported,Yes,9995,Sedan,30,0,18700,0,1.8,132,0,4,A
122,Rivian,R1S Adventure Package,2023,"2,500 mi.",,Green,None reported,Yes,94000,SUV,74,1,74900,0,,835,0,,A
123,Mercedes-Benz,C-Class C300 4MATIC,2022,"13,177 mi.",Gasoline,White,None reported,,44798,Sedan,26,1,43600,0,2,,1,,A
124,Porsche,Cayenne E-Hybrid S,2016,"96,000 mi.",Plug-In Hybrid,White,At least 1 accident or damage reported,Yes,23000,SUV,22,1,77500,0,3,416,0,6,A
125,Chevrolet,Express 1500 Work Van,2011,"93,009 mi.",E85 Flex Fuel,White,None reported,Yes,22495,Minivan,16,0,30000,0,5.3,,0,8,A
126,INFINITI,Q70h Base,2016,"52,750 mi.",Hybrid,White,At least 1 accident or damage reported,Yes,28998,Sedan,29,0,60000,0,3.5,360,0,6,A
127,Audi,A7 Premium Plus,2020,"25,361 mi.",Hybrid,Gray,None reported,,49998,Sedan,22,1,87000,0,3,,1,,A
128,Audi,Q7 3.0T Premium Plus,2015,"98,527 mi.",Gasoline,Black,,,9995,SUV,22,1,57800,0,3,280,0,6,A
129,Lucid,Air Pure,2023,"1,300 mi.",,Black,,,86900,Sedan,114,0,87800,0,,620,0,,A
130,Chrysler,Pacifica Touring,2017,"87,305 mi.",,Silver,None reported,Yes,9000,Minivan,22,0,28495,0,,,0,,A
131,Audi,TTS 2.0T Premium Plus,2012,"72,922 mi.",Gasoline,White,,,25999,Coupe,25,1,46000,0,2,265,0,4,A
132,BMW,650 Gran Coupe i xDrive,2015,"41,000 mi.",Gasoline,Black,None reported,Yes,30000,Sedan,18,1,84000,0,4.4,445,0,8,A
133,Subaru,Forester Premium,2021,"42,125 mi.",Gasoline,Black,None reported,Yes,27899,SUV,28,1,30395,0,2.5,,0,,A
134,Mercedes-Benz,AMG C AMG C 63,2016,"62,000 mi.",Gasoline,Black,None reported,Yes,40000,Sedan,21,1,70500,1,4,469,0,8,A
135,Land,Rover LR3 HSE,2006,"153,843 mi.",Gasoline,Red,At least 1 accident or damage reported,Yes,9950,SUV,14,1,47900,0,4.4,300,0,8,A
136,BMW,X7 xDrive40i,2019,"35,248 mi.",Gasoline,Gray,None reported,,53998,SUV,21,1,74900,0,3,,1,,A
137,Ford,Transit Connect XLT,2015,"194,454 mi.",Gasoline,White,None reported,Yes,9888,Minivan,24,0,24490,0,2.5,169,0,4,A
138,Lexus,LX 570 Three-Row,2021,"21,000 mi.",Gasoline,White,None reported,Yes,89999,SUV,18,0,86000,0,5.7,383,0,8,A
139,Porsche,911 Carrera S,2013,"18,494 mi.",Gasoline,Black,,,86900,Coupe,20,1,100000,1,3.8,400,0,6,M
140,Dodge,Ram 2500 Laramie Quad Cab,2006,"218,000 mi.",Gasoline,Red,None reported,Yes,12990,Pickup,15,1,35000,0,5.7,330,0,8,A
141,Nissan,Armada SL,2021,"67,800 mi.",Gasoline,Silver,At least 1 accident or damage reported,Yes,36500,SUV,13,1,60300,0,5.6,400,0,8,A
142,Porsche,Cayman Base,2014,"79,000 mi.",Gasoline,Red,At least 1 accident or damage reported,Yes,42999,Coupe,24,0,53000,0,2.7,275,0,6,A
143,Mercedes-Benz,GLE 450 GLE 450,2022,"24,906 mi.",Hybrid,Gray,None reported,,63998,SUV,21,1,65000,0,3,,1,,A
144,Chevrolet,Monte Carlo SS,2006,"66,840 mi.",Gasoline,White,At least 1 accident or damage reported,Yes,12000,Coupe,18,1,28915,0,5.3,303,0,8,A
145,BMW,M5 Base,2013,"86,000 mi.",Gasoline,Blue,None reported,Yes,32000,Sedan,15,1,95300,1,4.4,560,0,8,A
146,Hyundai,Kona N Base,2023,654 mi.,Gasoline,Black,None reported,Yes,34599,SUV,20,0,34500,0,2,,1,4,A
147,Chevrolet,Monte Carlo SS,2005,"75,000 mi.",Gasoline,Black,None reported,Yes,12500,Coupe,20,1,27620,0,3.8,240,0,6,A
148,Land,Rover Range Rover Evoque Pure,2015,"84,000 mi.",Gasoline,Beige,At least 1 accident or damage reported,Yes,22800,SUV,21,0,41000,0,2,240,0,4,A
150,GMC,Acadia SLT-1,2011,"120,000 mi.",Gasoline,Silver,None reported,Yes,7500,SUV,16,0,38500,0,3.6,288,0,6,A
151,Alfa,Romeo Stelvio Ti Sport,2020,"18,665 mi.",Gasoline,White,None reported,Yes,35645,SUV,24,1,45300,0,2,,1,4,A
152,Ferrari,FF Base,2016,"19,987 mi.",Gasoline,Black,None reported,Yes,149900,Coupe,15,1,300000,1,6.3,651,0,12,A
153,Kia,K900 5.0L,2017,"36,486 mi.",Gasoline,Black,At least 1 accident or damage reported,Yes,23950,Sedan,17,1,59900,0,5,420,0,8,A
154,Ford,E150 XLT,2013,"162,100 mi.",E85 Flex Fuel,Black,None reported,Yes,12500,Minivan,15,0,32000,0,5.4,255,0,8,A
155,Tesla,Model 3 Performance,2022,"13,079 mi.",,Black,None reported,Yes,47000,Sedan,120,1,59990,0,,455,0,,A
156,Toyota,4Runner SR5,2022,"28,377 mi.",Gasoline,Silver,None reported,,36999,SUV,16,0,36435,0,4,,0,6,A
157,Subaru,Forester Base,2020,"32,744 mi.",Gasoline,Black,None reported,Yes,24000,SUV,26,0,24995,0,2.5,182,0,4,A
158,Porsche,Panamera 2,2012,"54,000 mi.",Gasoline,White,At least 1 accident or damage reported,Yes,26000,Sedan,18,0,85000,0,3.6,300,0,6,A
159,Toyota,Tacoma PreRunner,2008,"202,055 mi.",Gasoline,Silver,At least 1 accident or damage reported,Yes,8500,Pickup,20,0,20000,0,4,236,0,6,A
160,RAM,2500 Laramie,2019,"65,000 mi.",Diesel,Black,None reported,Yes,65000,Pickup,19,1,60000,0,6.7,370,0,6,A
161,Kia,Sportage Nightfall,2022,"9,686 mi.",Gasoline,Red,None reported,Yes,30990,SUV,28,1,30000,0,2.4,,0,4,A
162,Cadillac,DTS Base,2010,"49,620 mi.",Gasoline,White,None reported,Yes,10499,Sedan,18,0,46500,0,4.6,275,0,8,A
163,Toyota,Land Cruiser Base,1997,"213,000 mi.",Gasoline,White,None reported,Yes,26500,SUV,12,0,42000,0,4.5,212,0,6,A
164,Nissan,GT-R Premium,2020,"16,010 mi.",Gasoline,White,None reported,Yes,114000,Coupe,16,1,115000,0,3.8,565,0,6,A
165,Lexus,NX 350 F SPORT Handling,2023,820 mi.,Gasoline,Black,None reported,,51998,SUV,25,1,47000,0,2.4,,0,,A
166,audi,Q7 45 Premium Plus,2021,"68,000 mi.",Gasoline,Blue,None reported,Yes,36499,SUV,21,1,62900,0,2,248,0,4,A
167,Lexus,LX 470 Base,1999,"82,000 mi.",Gasoline,White,None reported,Yes,25000,SUV,12,0,62000,1,4.7,230,0,8,A
168,GMC,Terrain SLE,2022,"27,352 mi.",Gasoline,White,None reported,,27785,SUV,25,0,29500,0,1.5,,1,4,A
169,Ford,Escape Limited,2012,"129,000 mi.",Gasoline,White,At least 1 accident or damage reported,Yes,7000,SUV,20,0,30000,0,2.5,171,0,4,A
170,Lexus,LS 460 L,2014,"106,731 mi.",Gasoline,White,At least 1 accident or damage reported,Yes,30000,Sedan,18,1,73000,0,4.6,360,0,8,A
171,Ford,Expedition Platinum,2019,"34,672 mi.",Gasoline,White,None reported,Yes,45500,SUV,17,1,77780,0,3.5,400,0,6,A
172,Chevrolet,Malibu LTZ,2010,"55,900 mi.",Gasoline,Beige,None reported,Yes,8950,Sedan,26,1,26000,0,3.6,252,0,6,A
173,Audi,RS 7 4.0T quattro,2023,"3,158 mi.",Gasoline,Gray,None reported,,128900,Sedan,17,1,120000,1,4,,1,8,A
174,Audi,A5 2.0T Premium Plus,2015,"82,000 mi.",Gasoline,White,None reported,Yes,17000,Coupe,25,1,47000,0,2,220,0,4,A
175,Genesis,G70 2.0T,2023,"4,785 mi.",Gasoline,Black,None reported,Yes,42850,Sedan,22,0,39600,0,2,,1,4,A
176,Chevrolet,Trailblazer LS,2021,"20,497 mi.",Gasoline,Blue,None reported,,22999,SUV,29,0,25700,0,1.3,,1,3,A
177,Scion,tC Base,2013,"177,600 mi.",Gasoline,Silver,At least 1 accident or damage reported,Yes,7100,Coupe,23,0,19800,0,2.5,180,0,4,A
178,Lincoln,MKZ Hybrid Base,2014,"78,568 mi.",Hybrid,Blue,None reported,Yes,15500,Sedan,38,0,35400,0,2,188,0,4,A
179,Ford,Transit-350 XL,2018,"95,000 mi.",E85 Flex Fuel,White,None reported,Yes,43000,Minivan,14,0,34000,0,3.7,275,0,6,A
180,Porsche,911 GT2 RS,2018,"4,529 mi.",Gasoline,Black,None reported,Yes,417500,Coupe,15,1,294250,1,3.8,,1,,A
181,FORD,Explorer Timberline,2021,"25,240 mi.",Gasoline,Gray,At least 1 accident or damage reported,,39951,SUV,20,0,45840,0,2.3,,1,4,A
182,Volvo,XC90 3.2,2011,"88,300 mi.",Gasoline,Blue,At least 1 accident or damage reported,Yes,11500,SUV,21,0,40000,0,3.2,235,0,6,A
183,Chevrolet,Avalanche LTZ,2013,"98,000 mi.",E85 Flex Fuel,Silver,At least 1 accident or damage reported,Yes,27499,Pickup,18,1,48785,0,5.3,320,0,8,A
184,Audi,TT RS 2.5T,2018,"20,675 mi.",Gasoline,Gray,None reported,Yes,76000,Coupe,20,1,65400,0,2.5,400,0,5,A
185,Lincoln,Navigator L,2008,"95,000 mi.",Gasoline,Black,None reported,Yes,10900,SUV,14,0,55800,0,5.4,300,0,8,A
186,Hyundai,Elantra GLS,2010,"107,000 mi.",Gasoline,Blue,At least 1 accident or damage reported,Yes,6250,Sedan,28,0,16500,0,2,138,0,4,A
187,Audi,SQ5 3.0T Premium Plus,2016,"60,000 mi.",Gasoline,Black,At least 1 accident or damage reported,Yes,24700,SUV,25,1,55400,0,3,354,0,6,A
188,Mitsubishi,Lancer Evolution GSR,2012,"33,000 mi.",Gasoline,Black,None reported,Yes,34999,Sedan,17,0,33950,1,2,291,0,4,M
189,Tesla,Model Y Performance,2023,500 mi.,,Black,None reported,Yes,60000,SUV,110,1,66990,0,,455,0,,A
190,Mercedes-Benz,Maybach S S 600,2016,"108,500 mi.",Gasoline,White,None reported,Yes,63500,Sedan,18,1,200000,0,6,523,0,12,A
191,Nissan,GT-R Premium,2017,"37,800 mi.",Gasoline,Orange,None reported,Yes,149500,Coupe,16,1,111590,1,3.8,565,0,6,A
192,Mercedes-Benz,GLS 550 Base 4MATIC,2018,"74,422 mi.",Gasoline,Black,None reported,,44798,SUV,16,1,80000,0,4.7,,1,,A
193,Chevrolet,Blazer Premier,2019,"55,621 mi.",Gasoline,Silver,None reported,,34562,SUV,21,1,49800,0,3.6,,0,6,A
194,Mazda,CX-9 Grand Touring,2021,"46,707 mi.",Gasoline,Silver,At least 1 accident or damage reported,Yes,32541,SUV,20,1,42000,0,2.5,,1,4,A
195,Ford,Expedition Max Limited,2022,"26,500 mi.",Gasoline,White,None reported,Yes,65900,SUV,18,1,76000,0,3.5,440,0,6,A
196,Nissan,Titan XD SV,2020,"10,001 mi.",Gasoline,Black,None reported,Yes,47214,Pickup,15,0,48500,0,5.6,,0,8,A
197,Lexus,LX 570 Three-Row,2019,"19,050 mi.",Gasoline,Black,None reported,Yes,76900,SUV,14,0,86180,0,5.7,383,0,8,A
198,Chevrolet,Traverse Premier,2020,"52,000 mi.",Gasoline,White,None reported,Yes,35800,SUV,18,1,49000,0,3.6,310,0,6,A
199,Mercedes-Benz,Sprinter High Roof,2014,"65,000 mi.",Diesel,Black,At least 1 accident or damage reported,Yes,54999,Van,19,0,35490,0,3,188,0,6,A
200,BMW,X5 3.0i,2004,"140,000 mi.",Gasoline,Black,None reported,Yes,6730,SUV,18,1,45900,0,3,225,0,6,A
201,Ford,Fusion SE,2018,"75,600 mi.",Gasoline,Blue,At least 1 accident or damage reported,Yes,14950,Sedan,26,0,25000,0,1.5,181,0,4,A
202,Lincoln,MKZ Base,2015,"117,292 mi.",Gasoline,Beige,None reported,Yes,12000,Sedan,29,0,36000,0,2,240,0,4,A
203,Ford,GT,2005,"1,897 mi.",Gasoline,White,None reported,,429998,Coupe,15,1,150000,1,5.4,,0,,M
204,Genesis,G90 5.0 Ultimate,2017,"26,000 mi.",Gasoline,White,None reported,Yes,33600,Sedan,15,1,70000,0,5,420,0,8,A
205,Lexus,LC 500 Base,2022,"2,071 mi.",Gasoline,Black,None reported,,99950,Coupe,19,0,93250,0,5,,0,8,A
206,FORD,Shelby GT500 Base,2014,"15,629 mi.",Gasoline,Black,None reported,,61900,Coupe,15,1,55000,1,5.8,,0,8,M
207,Saturn,Sky Base,2008,"15,020 mi.",Gasoline,Silver,None reported,Yes,18500,Convertible,20,0,27000,0,2.4,173,0,4,A
208,audi,RS Q8 4.0T quattro,2022,"11,322 mi.",Gasoline,Gray,None reported,,119900,SUV,14,1,112000,0,4,,1,8,A
209,Toyota,Land Cruiser,2016,"50,361 mi.",Gasoline,Silver,None reported,,65998,SUV,13,1,84950,1,5.7,,0,,A
210,Mercedes-Benz,SL-Class SL 550,2013,"115,000 mi.",Gasoline,Black,At least 1 accident or damage reported,Yes,36000,Convertible,17,1,105000,0,4.6,429,0,8,A
211,Porsche,911 Carrera C2S,2005,"28,500 mi.",Gasoline,Silver,None reported,Yes,63500,Coupe,20,1,83500,1,3.8,355,0,6,M
212,Mercedes-Benz,AMG GLA 45 Base 4MATIC,2018,"51,700 mi.",Gasoline,White,None reported,Yes,32000,SUV,22,1,55000,0,2,375,0,4,A
213,FORD,Taurus X Limited,2008,"148,949 mi.",Gasoline,Blue,None reported,Yes,3900,SUV,18,1,30500,0,3.5,263,0,6,A
214,BMW,440 Gran Coupe i,2018,"39,300 mi.",Gasoline,White,At least 1 accident or damage reported,Yes,31750,Coupe,29,1,45000,0,3,320,0,6,A
215,Honda,S2000 CR,2008,"82,323 mi.",Gasoline,Black,None reported,Yes,28500,Convertible,20,1,35000,1,2.2,237,0,4,M
216,Acura,Integra w/A-Spec Tech Package,2023,"3,574 mi.",Gasoline,Blue,None reported,,34998,Sedan,30,1,34900,0,1.5,,1,,A
217,Ford,Excursion Limited,2001,"109,357 mi.",Gasoline,Green,None reported,Yes,12749,SUV,12,1,52995,0,6.8,310,0,10,A
218,Mercedes-Benz,SL-Class SL500 Roadster,2004,"46,000 mi.",Gasoline,White,None reported,Yes,18853,Convertible,20,1,102000,1,5,302,0,8,A
219,Mercedes-Benz,CLS-Class CLS 550,2007,"123,112 mi.",Gasoline,Silver,At least 1 accident or damage reported,Yes,104999,Sedan,18,1,63000,0,5.5,382,0,8,A
220,INFINITI,G35 Sport,2007,"37,100 mi.",Gasoline,Gray,None reported,Yes,16900,Sedan,20,0,32000,0,3.5,306,0,6,M
221,Volkswagen,Golf GTI 2.0T S 4-Door,2016,"89,000 mi.",Gasoline,Silver,None reported,Yes,14500,Hatchback,24,0,24995,0,2,210,0,4,M
222,Dodge,Challenger R/T Scat Pack,2022,"1,240 mi.",Gasoline,Orange,None reported,,53900,Coupe,15,1,41770,0,6.4,,0,8,A
223,Lincoln,Navigator L Reserve,2019,"67,073 mi.",Gasoline,Black,At least 1 accident or damage reported,Yes,47999,SUV,21,1,87960,0,3.5,450,0,6,A
224,Maserati,Ghibli S Q4,2015,"28,700 mi.",Gasoline,White,,,24900,Sedan,15,1,77000,0,3,404,0,6,A
225,Tesla,Model X Base,2023,"8,200 mi.",,Black,None reported,Yes,93999,SUV,100,1,99990,0,,670,0,,A
226,Mercedes-Benz,AMG G 63 Base,2018,"41,000 mi.",Gasoline,Gray,None reported,Yes,108900,SUV,13,1,147900,1,5.5,563,0,8,A
227,Ford,Expedition Limited,2018,"98,995 mi.",Gasoline,Silver,None reported,,34998,SUV,17,1,74300,0,3.5,,0,,A
228,Volkswagen,Routan SE,2012,"123,815 mi.",Gasoline,Black,None reported,Yes,5000,Minivan,17,0,29500,0,3.6,283,0,6,A
229,Bugatti,Veyron 16.4 Grand Sport,2011,"6,330 mi.",Gasoline,White,None reported,Yes,1950995,Convertible,8,1,2398000,1,8,,1,,A
230,Toyota,Highlander XLE,2020,"61,341 mi.",Gasoline,Black,At least 1 accident or damage reported,,34084,SUV,21,0,39970,0,3.5,,0,6,A
231,Honda,Civic LX,2016,"96,473 mi.",Gasoline,Black,None reported,,15599,Sedan,31,0,21500,0,2,,0,4,A
232,Jeep,Wrangler Unlimited Sahara,2017,"66,107 mi.",Gasoline,Black,None reported,,31331,SUV,18,1,38000,0,3.6,,0,6,A
233,Land,Rover Range Rover Supercharged,2008,"114,287 mi.",Gasoline,Black,None reported,Yes,9900,SUV,12,1,90000,0,4.2,400,0,8,A
234,Acura,ILX 2.0L w/Premium Package,2015,"75,000 mi.",Gasoline,Gold,None reported,Yes,14500,Sedan,24,1,27990,0,2,150,0,4,A
235,BMW,M6 Base,2016,"45,800 mi.",Gasoline,Gold,,,36800,Coupe,15,1,113000,0,4.4,560,0,8,A
236,Polestar,2 Launch Edition,2021,"12,172 mi.",,Gray,None reported,,35999,Sedan,100,1,59900,0,,,0,,A
237,BMW,X6 sDrive35i,2016,"70,582 mi.",Gasoline,Black,At least 1 accident or damage reported,Yes,35000,,,,,,3,300,0,6,A
238,Porsche,Cayman S,2014,"33,088 mi.",Gasoline,Black,None reported,Yes,49750,Coupe,28,1,67500,1,3.4,325,0,6,A
239,Lincoln,Corsair Grand Touring,2021,"1,850 mi.",Plug-In Hybrid,Silver,None reported,Yes,49000,SUV,43,1,52485,0,2.5,266,0,4,A
240,Cadillac,DTS Luxury II,2008,"94,155 mi.",Gasoline,White,None reported,Yes,10500,Sedan,24,0,55800,0,4.6,275,0,8,A
241,Cadillac,ATS 3.6L Luxury,2016,"25,000 mi.",Gasoline,Red,None reported,Yes,17999,Sedan,20,1,45170,0,3.6,335,0,6,A
242,GMC,Sierra 1500 SLT,2016,"99,500 mi.",Gasoline,Gray,None reported,Yes,27995,Pickup,18,1,49000,0,5.3,355,0,8,A
243,INFINITI,G37 x,2009,"158,564 mi.",Gasoline,Blue,None reported,Yes,8750,Sedan,20,0,38000,0,3.7,328,0,6,A
244,Ford,Transit-350 XLT,2023,"20,000 mi.",Gasoline,Black,None reported,Yes,78499,Minivan,15,0,40900,0,3.5,310,0,6,A
245,Cadillac,XTS Luxury,2018,"46,711 mi.",Gasoline,Silver,At least 1 accident or damage reported,Yes,20850,Sedan,18,1,60000,0,3.6,304,0,6,A
246,Nissan,NV Passenger NV3500 HD SL V8,2017,"46,496 mi.",Gasoline,Black,None reported,Yes,41000,Minivan,14,0,38000,0,5.6,375,0,8,A
247,Mercedes-Benz,GLS 450 Base 4MATIC,2019,"19,800 mi.",Gasoline,Silver,None reported,Yes,53800,SUV,18,1,68500,0,3,362,0,6,A
248,Toyota,Land Cruiser Base,2008,"175,000 mi.",Gasoline,Black,At least 1 accident or damage reported,Yes,37900,SUV,13,0,75900,0,5.7,381,0,8,A
249,Toyota,Land Cruiser Base,2016,"61,500 mi.",Gasoline,White,None reported,Yes,63500,SUV,13,1,84900,0,5.7,381,0,8,A
250,RAM,ProMaster 2500 Window Van High Roof,2016,"49,750 mi.",Gasoline,Black,None reported,Yes,65000,Van,14,0,31900,0,3.6,280,0,6,A
251,Lamborghini,Gallardo Base,2007,"38,800 mi.",Gasoline,Orange,None reported,Yes,100000,Coupe,16,0,198000,1,5,493,0,10,A
252,Lincoln,MKZ Base,2011,"83,765 mi.",Gasoline,Black,None reported,Yes,8995,Sedan,22,0,34995,0,3.5,263,0,6,A
253,Mercedes-Benz,EQS 450 4MATIC,2023,"7,388 mi.",,Gray,None reported,Yes,105500,Sedan,97,1,102000,1,,355,0,,A
254,Lamborghini,Huracan Tecnica Coupe,2023,278 mi.,Gasoline,White,None reported,,359991,Coupe,15,1,239000,1,5.2,,0,,A
255,Alfa,Romeo Giulia Quadrifoglio,2022,"1,966 mi.",Gasoline,Beige,None reported,,75900,Sedan,22,1,79900,0,2.9,,1,6,A
256,Chevrolet,Trailblazer LT,2021,"50,648 mi.",Gasoline,Blue,None reported,,23995,SUV,29,0,26500,0,1.2,,1,3,A
257,Toyota,Land Cruiser Base,1993,"231,500 mi.",,White,None reported,Yes,29500,SUV,12,0,33500,1,,,0,,A
258,Lamborghini,Urus Base,2021,"13,692 mi.",Gasoline,Black,None reported,Yes,257000,SUV,12,0,218000,1,4,641,0,8,A
259,INFINITI,G37 x,2013,"60,058 mi.",Gasoline,White,At least 1 accident or damage reported,Yes,15000,Sedan,20,0,46000,0,3.7,328,0,6,A
260,Maserati,Levante S,2017,"54,423 mi.",Gasoline,Black,None reported,Yes,33950,SUV,15,1,83500,0,3,424,0,6,A
261,Toyota,Highlander Limited,2022,"24,001 mi.",Gasoline,White,None reported,,47498,SUV,21,1,41930,0,3.5,,0,6,A
262,Nissan,Armada SL,2022,"14,735 mi.",Gasoline,White,None reported,,50998,SUV,17,0,69100,0,5.6,,0,,A
263,Audi,Q5 Premium,2023,"2,425 mi.",Hybrid,Black,None reported,,42998,SUV,24,1,44700,0,2,,0,,A
264,Ford,Shelby GT500 Base,2022,"2,050 mi.",Gasoline,Gray,None reported,Yes,94999,Coupe,15,1,70000,1,5.2,760,0,8,A
265,Lincoln,Navigator L Reserve,2019,"64,855 mi.",Gasoline,Silver,None reported,Yes,46995,SUV,21,1,87960,0,3.5,450,0,6,A
266,Mercedes-Benz,EQS 450+ Base,2022,"16,238 mi.",,White,None reported,Yes,62479,Sedan,0,1,102000,0,,329,0,,A
267,RAM,1500 Laramie,2022,"18,051 mi.",Gasoline,Blue,None reported,Yes,47995,Pickup,22,1,45000,0,5.7,,0,8,A
268,Lincoln,Town Car Base,2004,"36,524 mi.",Gasoline,Black,None reported,Yes,14900,Sedan,17,0,46900,0,4.6,239,0,8,A
269,Acura,TLX w/A-Spec Package,2022,"14,896 mi.",Gasoline,Silver,None reported,,39998,Sedan,22,1,46000,0,2,,1,,A
270,Toyota,Camry Hybrid LE,2022,"14,048 mi.",Hybrid,Black,None reported,,29999,Sedan,51,0,28000,0,2.5,,0,4,A
271,Honda,CR-V EX,2003,"224,000 mi.",Gasoline,Black,None reported,Yes,3900,SUV,20,0,22650,0,2.4,160,0,4,M
272,Mercedes-Benz,E-Class E 550,2014,"80,581 mi.",Gasoline,Gray,None reported,Yes,26000,Sedan,24,1,70000,0,4.7,402,0,8,A
273,Mazda,MX-5 Miata Grand Touring,2007,"81,400 mi.",Gasoline,Red,At least 1 accident or damage reported,Yes,11000,Convertible,22,1,27800,0,2,166,0,4,M
274,Porsche,718 Boxster Base,2019,"6,700 mi.",Gasoline,Gray,None reported,Yes,63000,Convertible,21,0,58500,0,2,300,0,4,A
275,FORD,Transit-350 XLT,2015,"143,000 mi.",Gasoline,Silver,None reported,Yes,22500,Minivan,12,0,40000,0,3.7,275,0,6,A
276,Kia,Sportage SX Turbo,2017,"87,842 mi.",Gasoline,Black,None reported,Yes,18688,SUV,21,1,33500,0,2,,1,4,A
277,INFINITI,G37 S Sport,2010,"116,451 mi.",Gasoline,White,None reported,Yes,16500,Coupe,19,1,40800,0,3.7,328,0,6,M
278,Nissan,Titan XD S,2019,"53,677 mi.",Gasoline,Red,None reported,Yes,27900,Pickup,16,0,45000,0,5.6,390,0,8,A
279,audi,S7 2.9T Prestige,2021,"12,000 mi.",Hybrid,Gray,None reported,Yes,77500,Sedan,21,1,83500,0,2.9,444,0,6,A
280,Land,Rover Discovery HSE,2019,"20,034 mi.",Gasoline,White,None reported,,43998,SUV,21,1,61900,0,3,,0,,A
281,Ford,Transit-350 XLT,2020,"32,000 mi.",Diesel,Black,None reported,Yes,68000,Minivan,14,0,35000,0,2,210,0,4,A
282,INFINITI,Q70 3.7,2014,"70,312 mi.",Gasoline,Black,None reported,Yes,19995,Sedan,20,0,51500,0,3.7,330,0,6,A
283,Jeep,Gladiator Rubicon,2022,"8,794 mi.",Gasoline,White,None reported,Yes,54000,Pickup,22,1,50775,0,3.6,285,0,6,A
284,Lincoln,MKX Base,2010,"156,000 mi.",Gasoline,Black,At least 1 accident or damage reported,Yes,5900,SUV,18,0,38500,0,3.5,265,0,6,A
285,Porsche,911 Carrera 4S,2020,"25,568 mi.",Gasoline,Red,None reported,Yes,134999,Coupe,23,1,113300,1,3,,1,,M
286,Mercedes-Benz,AMG C 43 Base 4MATIC,2018,"67,100 mi.",Gasoline,Gray,At least 1 accident or damage reported,Yes,34250,Sedan,20,0,55350,0,3,362,0,6,A
287,Porsche,Cayman Base,2014,"52,000 mi.",Gasoline,Blue,At least 1 accident or damage reported,Yes,37000,Coupe,24,0,53000,0,2.7,275,0,6,A
288,Acura,MDX 3.7L Advance,2011,"137,200 mi.",Gasoline,White,None reported,Yes,12000,SUV,22,1,56000,0,3.7,300,0,6,A
289,Volkswagen,Golf R 4-Door w/DCC & Navigation,2018,"36,000 mi.",Gasoline,White,At least 1 accident or damage reported,Yes,32000,Hatchback,24,1,39900,0,2,292,0,4,A
290,Kia,Forte GT-Line,2023,"15,500 mi.",Gasoline,White,At least 1 accident or damage reported,Yes,24500,Sedan,29,0,24500,0,2,147,0,4,A
291,BMW,M8 Competition,2020,"10,906 mi.",Gasoline,Gray,None reported,,96998,Coupe,15,1,130000,0,4.4,,1,,A
292,Lincoln,MKC Select,2019,"49,814 mi.",Gasoline,Red,None reported,,26545,SUV,24,1,38700,0,2,,1,4,A
293,BMW,i8 Base,2015,846 mi.,Plug-In Hybrid,White,None reported,Yes,86999,Coupe,76,0,147500,1,1.5,357,0,3,A
294,Toyota,Highlander XLE,2021,"67,039 mi.",Gasoline,Blue,None reported,,34645,SUV,24,0,40930,0,3.5,,0,6,A
295,Mazda,CX-30 Premium Package,2023,"2,636 mi.",Gasoline,Gray,None reported,,28535,SUV,25,1,32000,0,2.5,,0,4,A
296,Porsche,Cayenne Platinum Edition,2018,"50,166 mi.",Gasoline,White,At least 1 accident or damage reported,Yes,43550,SUV,21,1,77800,0,3.6,,0,6,A
297,Lincoln,MKZ Reserve,2017,"37,375 mi.",Gasoline,Blue,None reported,Yes,27500,Sedan,25,1,40000,0,3,400,0,6,A
298,Tesla,Model 3 Standard Range Plus,2021,"21,600 mi.",,White,None reported,Yes,31000,Sedan,130,1,39990,0,,271,0,,A
299,Porsche,718 Cayman S,2019,"9,500 mi.",Gasoline,Red,At least 1 accident or damage reported,Yes,69000,Coupe,21,1,70000,0,2.5,350,0,4,A
300,Chevrolet,Corvette Base,2005,"143,095 mi.",Gasoline,Red,None reported,Yes,16000,Coupe,19,1,49995,1,6,400,0,8,A
301,Acura,RSX Type S,2002,"80,000 mi.",Gasoline,Beige,At least 1 accident or damage reported,Yes,8500,Coupe,26,1,23950,0,2,200,0,4,M
302,Ferrari,Roma Base,2021,"3,000 mi.",Gasoline,Blue,None reported,Yes,275000,Coupe,22,1,222000,1,3.9,611,0,8,A
303,Porsche,Cayman S,2007,"5,856 mi.",Gasoline,Black,None reported,Yes,45000,Coupe,21,0,60000,0,3.4,295,0,6,M
304,Rolls-Royce,Phantom Drophead Coupe Drophead,2013,"2,958 mi.",Gasoline,Yellow,None reported,Yes,488880,Convertible,12,1,487600,1,6.8,,0,12,A
305,Audi,SQ7 4.0T,2022,"28,927 mi.",Gasoline,Red,None reported,,74900,SUV,16,1,85900,0,4,,1,8,A
306,Mercedes-Benz,AMG GLS 63 4MATIC,2022,"4,102 mi.",Hybrid,Black,None reported,Yes,144664,SUV,19,1,137000,0,4,603,0,8,A
307,Honda,Ridgeline RTL-E,2021,"14,442 mi.",Gasoline,White,None reported,Yes,38500,Pickup,22,1,43120,0,3.5,280,0,6,A
308,Mercedes-Benz,CLK-Class 500 Cabriolet,2005,"64,000 mi.",Gasoline,Silver,None reported,Yes,12995,Convertible,18,1,65000,0,5,302,0,8,A
309,Lexus,GX 470 Base,2004,"154,000 mi.",Gasoline,White,At least 1 accident or damage reported,Yes,10000,SUV,15,0,50000,0,4.7,235,0,8,A
310,Lexus,NX 200t Base,2015,"54,000 mi.",Gasoline,White,None reported,Yes,27000,SUV,25,0,34900,0,2,235,0,4,A
311,Dodge,Dakota SLT Quad Cab,2007,"232,492 mi.",Gasoline,Silver,At least 1 accident or damage reported,Yes,6000,Pickup,16,0,28870,0,3.7,210,0,6,A
312,Maserati,Ghibli S Q4 GranSport,2020,"25,721 mi.",Gasoline,Blue,None reported,Yes,52645,Sedan,16,1,86800,0,3,,1,6,A
313,Land,Rover Discovery Sport SE R-Dynamic,2020,"20,927 mi.",Gasoline,White,None reported,,35998,SUV,20,1,39900,0,2,,0,,A
314,Aston,Martin DBX Base,2021,"2,353 mi.",Gasoline,Green,None reported,Yes,159500,SUV,18,0,176900,0,4,,1,8,A
315,Audi,Q3 45 S line Premium,2022,"9,325 mi.",Gasoline,Black,None reported,,33610,SUV,22,1,39500,0,2,,1,4,A
316,Ford,Explorer XLT,2020,"61,001 mi.",Gasoline,Gray,At least 1 accident or damage reported,Yes,28616,SUV,24,0,35500,0,2.3,,1,4,A
317,Mercedes-Benz,AMG GLC 63 Base 4MATIC,2018,"71,962 mi.",Gasoline,White,None reported,Yes,46900,SUV,18,1,74300,0,4,469,0,8,A
318,Subaru,BRZ Premium,2023,"5,800 mi.",Gasoline,Black,None reported,Yes,29990,Coupe,22,1,30990,0,2.4,228,0,4,M
319,BMW,640 i,2016,"40,080 mi.",Gasoline,Black,None reported,Yes,28499,Coupe,22,1,84000,0,3,315,0,6,A
320,Kia,Stinger GT2,2020,"57,000 mi.",Gasoline,Black,At least 1 accident or damage reported,Yes,36500,Sedan,22,1,52390,0,3.3,365,0,6,A
321,Chevrolet,Bolt EUV Premier,2022,"7,624 mi.",,Black,None reported,Yes,31985,SUV,100,1,43000,0,,,0,,A
322,Subaru,Forester 2.5 XT,2004,"122,000 mi.",Gasoline,Gold,At least 1 accident or damage reported,Yes,9999,SUV,24,0,24500,0,2.5,210,0,4,M
323,Kia,Sportage X-Pro,2023,459 mi.,Gasoline,Green,None reported,,36998,SUV,23,1,35290,0,2.5,,0,4,A
324,BMW,M4 Base,2016,"62,500 mi.",Gasoline,Black,At least 1 accident or damage reported,Yes,40500,Coupe,22,1,68400,0,3,425,0,6,A
325,Hyundai,Equus Signature,2013,"72,000 mi.",Gasoline,Silver,None reported,Yes,17500,Sedan,15,1,61000,0,5,429,0,8,A
326,Mercedes-Benz,AMG E 53 4MATIC,2020,"8,375 mi.",Gasoline,BLACK,None reported,,69900,Sedan,20,1,75000,0,,,0,,A
327,BMW,M550 i xDrive,2020,"40,000 mi.",Gasoline,Blue,None reported,Yes,53000,Sedan,24,1,79600,0,4.4,523,0,8,A
328,Subaru,Impreza WRX STI,2014,"77,000 mi.",Gasoline,Gray,At least 1 accident or damage reported,Yes,30000,Sedan,23,1,34995,0,2.5,305,0,4,M
329,Mercedes-Benz,AMG G 63 Base,2019,"19,593 mi.",Gasoline,Black,None reported,,159998,SUV,13,1,156450,1,4,,1,,A
330,Mazda,Mazda6 Grand Touring,2020,"35,902 mi.",Gasoline,Blue,None reported,,22966,Sedan,26,1,31900,0,2.5,,1,4,A
331,Hyundai,Veloster Base,2013,800 mi.,Gasoline,Black,None reported,Yes,9800,Hatchback,30,0,18000,0,1.6,132,0,4,A
332,Bentley,Bentayga S,2023,"2,600 mi.",Gasoline,Black,None reported,Yes,239995,SUV,18,1,250000,1,4,,1,8,A
333,Land,Rover Defender X-Dynamic SE,2023,"6,204 mi.",Hybrid,Gray,None reported,,79998,SUV,18,1,67000,0,3,,0,,A
334,Kia,Telluride SX,2020,"69,185 mi.",Gasoline,Black,None reported,,37405,SUV,20,1,44000,0,3.8,,0,6,A
335,Maserati,GranTurismo Sport,2015,"45,000 mi.",Gasoline,Black,None reported,Yes,41900,Coupe,13,1,150000,1,4.7,454,0,8,A
336,BMW,540 i xDrive,2020,"37,426 mi.",Gasoline,White,None reported,,39998,Sedan,26,1,75000,0,2,,1,,A
337,INFINITI,M56 Base,2011,"137,000 mi.",Gasoline,Gray,At least 1 accident or damage reported,Yes,8500,Sedan,16,0,60500,0,5.6,420,0,8,A
338,Mazda,Mazda3 s Grand Touring,2016,"85,000 mi.",,Black,At least 1 accident or damage reported,Yes,18500,Sedan,30,0,25000,0,,,0,,A
339,Chevrolet,Corvette Stingray w/1LT,2023,"4,000 mi.",Gasoline,Black,At least 1 accident or damage reported,Yes,73900,Coupe,15,0,63900,1,6.2,490,0,8,A
340,audi,Q5 S line Premium Plus,2023,"4,648 mi.",Hybrid,Black,None reported,,47598,SUV,24,1,55000,0,2,,0,,A
341,Lexus,GX 460 Base,2018,"52,100 mi.",Gasoline,White,None reported,Yes,38000,SUV,15,0,51800,0,4.6,301,0,8,A
342,BMW,X1 sDrive28i,2014,"50,100 mi.",Gasoline,Brown,None reported,Yes,10795,SUV,25,0,30000,0,2,240,0,4,A
343,Alfa,Romeo Stelvio Ti,2020,"41,000 mi.",Gasoline,White,None reported,Yes,32400,SUV,24,0,45490,0,2,280,0,4,A
344,RAM,1500 Big Horn,2021,"70,968 mi.",Gasoline,Black,None reported,Yes,34000,Pickup,22,0,39600,0,5.7,395,0,8,A
345,BMW,M4 Base,2015,"26,600 mi.",Gasoline,White,None reported,Yes,53000,Coupe,20,1,65000,1,3,425,0,6,A
346,Tesla,Model X Long Range,2022,"15,443 mi.",,Red,None reported,Yes,84500,SUV,100,1,94990,0,,670,0,,A
347,Volvo,S90 T5 Momentum,2018,"95,000 mi.",Gasoline,White,None reported,Yes,18000,Sedan,26,0,50000,0,2,250,0,4,A
348,Subaru,Impreza WRX Sti,2005,"94,000 mi.",Gasoline,Black,None reported,Yes,19500,Sedan,20,1,32995,1,2.5,300,0,4,M
349,BMW,X6 xDrive40i,2020,"45,076 mi.",Gasoline,Blue,None reported,,57998,SUV,21,1,66500,0,3,,1,,A
350,Cadillac,CTS 2.0L Turbo Luxury,2014,"110,000 mi.",Gasoline,Gold,None reported,Yes,11000,Sedan,22,0,46000,0,2,272,0,4,A
351,Land,Rover Discovery Sport HSE,2016,"49,083 mi.",Gasoline,Silver,None reported,,21590,SUV,20,1,41000,0,2,,1,4,A
352,Genesis,G90 5.0 Ultimate,2017,"63,500 mi.",Gasoline,Silver,None reported,Yes,27500,Sedan,15,1,70000,0,5,420,0,8,A
353,Mercedes-Benz,CLK-Class CLK 350,2009,"21,500 mi.",Gasoline,Black,At least 1 accident or damage reported,Yes,18000,Coupe,18,0,51000,0,3.5,268,0,6,A
354,Land,Rover Range Rover Autobiography,2023,324 mi.,Gasoline,Black,None reported,,199998,SUV,18,1,125000,0,4.4,,0,,A
355,Kia,Optima EX,2019,"68,166 mi.",Gasoline,Black,None reported,,20818,Sedan,25,0,27000,0,1.6,,0,,A
356,Toyota,Highlander SE,2018,"53,607 mi.",Gasoline,Black,At least 1 accident or damage reported,,31853,SUV,20,0,40000,0,3.5,,0,6,A
357,Mercedes-Benz,Sprinter 4500 High Roof,2019,"16,813 mi.",Diesel,Gray,,,45900,Van,15,1,50000,0,3,188,0,6,A
358,BMW,X1 xDrive28i,2020,"18,200 mi.",Gasoline,White,At least 1 accident or damage reported,Yes,29500,SUV,24,1,36000,0,2,228,0,4,A
359,audi,R8 5.2,2015,"51,000 mi.",Gasoline,White,At least 1 accident or damage reported,Yes,102000,Coupe,13,1,165000,1,5.2,550,0,10,A
360,Audi,S3 2.0T Tech Premium Plus,2018,"16,400 mi.",Gasoline,Blue,None reported,Yes,42800,Sedan,22,1,45300,0,2,292,0,4,A
361,Toyota,Tundra Hybrid TRD Pro,2022,"7,000 mi.",Hybrid,Orange,None reported,Yes,75500,Pickup,20,1,73900,0,3.4,437,0,6,A
362,Audi,SQ5 3.0T Premium Plus,2022,"8,497 mi.",Gasoline,White,None reported,,52900,SUV,20,1,56200,0,3,,1,6,A
363,audi,A6 2.0T Premium Plus,2016,"68,000 mi.",Gasoline,White,At least 1 accident or damage reported,Yes,20000,Sedan,30,1,56000,0,2,252,0,4,A
364,Lamborghini,Huracan EVO Base,2022,"2,523 mi.",Gasoline,White,None reported,,288900,Coupe,15,1,261274,1,5.2,,0,10,M
365,BMW,328 xi,2007,"83,000 mi.",Gasoline,Black,None reported,Yes,8995,Sedan,20,0,33000,0,3,230,0,6,A
366,audi,SQ5 3.0T Prestige,2018,"25,000 mi.",Gasoline,Gray,None reported,Yes,50000,SUV,19,1,55000,0,3,354,0,6,A
367,Cadillac,Escalade Sport Platinum,2021,"15,689 mi.",Diesel,Red,None reported,,97952,SUV,17,1,130000,0,3,,1,6,A
368,BMW,M235 i,2014,"125,450 mi.",Gasoline,Blue,None reported,Yes,17200,Coupe,22,1,44000,0,3,320,0,6,M
369,Kia,Telluride SX,2023,"9,822 mi.",Gasoline,Black,None reported,,50998,SUV,20,1,45000,0,3.8,,0,6,A
370,Chevrolet,Express 3500 Base,2008,"144,000 mi.",Gasoline,White,None reported,Yes,22000,Minivan,10,0,33000,0,6,323,0,8,A
371,GMC,Acadia SLE,2020,"30,900 mi.",Gasoline,White,None reported,Yes,27654,SUV,22,0,34700,0,2.5,,0,4,A
372,BMW,X3 xDrive30i,2021,"2,492 mi.",Gasoline,Blue,None reported,,41598,SUV,25,1,42600,0,2,,1,,A
373,Audi,TT 2.0T,2015,"126,760 mi.",Gasoline,Black,At least 1 accident or damage reported,Yes,14000,Coupe,30,1,44500,0,2,211,0,4,A
374,Subaru,Outback 3.6R Touring,2017,"100,680 mi.",Gasoline,Brown,None reported,Yes,20500,SUV,20,1,35000,0,3.6,256,0,6,A
375,Mitsubishi,Eclipse Spyder GS,2001,"90,400 mi.",Gasoline,Red,None reported,Yes,4495,Convertible,22,0,25000,0,2.4,140,0,4,A
376,Hyundai,Santa Fe SEL,2022,"26,895 mi.",Gasoline,White,,,29800,SUV,25,0,32000,0,2.5,,0,4,A
377,BMW,M5 Base,2018,"20,500 mi.",Gasoline,Silver,None reported,Yes,67000,Sedan,18,1,102600,0,4.4,600,0,8,A
378,Dodge,Ram 1500 ST,2011,"134,000 mi.",Gasoline,Black,At least 1 accident or damage reported,Yes,10500,Pickup,15,0,22995,0,5.7,390,0,8,A
379,Ford,Fusion Energi Titanium,2015,"84,352 mi.",Plug-In Hybrid,Blue,At least 1 accident or damage reported,Yes,10000,Sedan,40,1,36000,0,2,188,0,4,A
380,Toyota,Tundra Hybrid TRD Pro,2022,"19,000 mi.",Hybrid,Orange,None reported,Yes,71000,Pickup,20,1,73900,0,3.4,437,0,6,A
381,Land,Rover Range Rover Evoque Pure,2015,"115,550 mi.",Gasoline,White,None reported,Yes,17500,SUV,21,0,41000,0,2,240,0,4,A
382,Lincoln,Navigator Base,2009,"191,775 mi.",E85 Flex Fuel,White,At least 1 accident or damage reported,Yes,9750,SUV,14,1,53855,0,5.4,310,0,8,A
383,FORD,Mustang Mach-E Select,2023,923 mi.,,Red,None reported,,46998,SUV,105,0,42995,0,,,0,,A
384,Mercedes-Benz,Sprinter 3500 High Roof,2017,"124,630 mi.",Diesel,Black,None reported,Yes,75000,SUV,15,0,40000,0,3,188,0,6,A
385,Mercedes-Benz,AMG E 63 S 4MATIC,2019,"17,000 mi.",Gasoline,White,None reported,Yes,95000,Sedan,20,1,106000,0,4,603,0,8,A
386,BMW,440 i xDrive,2018,"73,500 mi.",Gasoline,Black,None reported,Yes,32000,Coupe,24,1,46000,0,3,320,0,6,A
387,Acura,Integra LS,1998,"120,000 mi.",Gasoline,Red,At least 1 accident or damage reported,Yes,5500,Coupe,29,0,19500,0,1.8,140,0,4,A
388,audi,Q7 55 Prestige,2019,"73,837 mi.",Gasoline,Beige,None reported,Yes,36340,SUV,21,1,72600,0,3,,0,6,A
389,BMW,M6 Base,2014,"29,500 mi.",Gasoline,Silver,None reported,Yes,40999,Coupe,18,1,113000,1,4.4,560,0,8,A
390,Volkswagen,Arteon 2.0T SE,2021,"13,613 mi.",Gasoline,White,None reported,,29798,Sedan,28,0,37000,0,2,,0,,A
391,Lexus,LX 600 F SPORT,2023,"1,185 mi.",Gasoline,Black,None reported,Yes,120990,SUV,17,1,127000,0,3.4,409,0,6,A
392,INFINITI,Q40 Base,2015,"143,250 mi.",Gasoline,Silver,None reported,Yes,11500,Sedan,20,0,39800,0,3.7,328,0,6,A
393,BMW,Z4 3.0i Roadster,2006,"46,508 mi.",Gasoline,Green,At least 1 accident or damage reported,Yes,11500,Convertible,23,1,42000,0,3,215,0,6,A
394,BMW,M6 Base,2015,"18,651 mi.",Gasoline,Red,None reported,Yes,59549,Coupe,15,1,113000,1,4.4,560,0,8,A
395,BMW,X3 M40i,2019,"36,438 mi.",Gasoline,White,None reported,,39998,SUV,21,1,55900,0,3,,1,,A
396,Kia,Sorento LX,2014,"46,628 mi.",Gasoline,White,None reported,,15363,SUV,20,0,26000,0,2.4,,0,4,A
397,Rivian,R1S Adventure Package,2023,"5,700 mi.",,Gray,None reported,Yes,95000,SUV,74,1,74900,0,,835,0,,A
398,BMW,Z4 sDrive28i,2015,"57,550 mi.",Gasoline,Black,None reported,Yes,29995,Convertible,24,0,49900,0,2,240,0,4,M
399,Cadillac,CTS-V Base,2017,"48,600 mi.",Gasoline,Black,None reported,Yes,60999,Sedan,14,1,86100,1,6.2,640,0,8,A
400,Ford,Transit Connect XL,2020,"119,000 mi.",Gasoline,White,None reported,Yes,18000,Minivan,24,0,51000,0,2.5,169,0,4,A
401,Land,Rover Range Rover Velar SVAutobiography Dynamic Edition,2020,"36,500 mi.",Gasoline,White,None reported,Yes,72000,SUV,18,1,90800,0,5,550,0,8,A
402,Lexus,IS 250 Base,2010,"121,250 mi.",Gasoline,Black,At least 1 accident or damage reported,Yes,13250,Sedan,22,0,34000,0,2.5,204,0,6,A
403,BMW,X7 xDrive40i,2023,"2,437 mi.",Hybrid,Gray,None reported,Yes,78350,SUV,22,1,83000,0,3,375,0,6,A
404,Volvo,XC90 T6 Momentum,2018,"110,380 mi.",Gasoline,Gray,At least 1 accident or damage reported,Yes,22000,SUV,22,0,56900,0,2,316,0,4,A
405,Hyundai,Tucson Limited,2008,"149,000 mi.",Gasoline,Black,None reported,Yes,3850,SUV,22,0,20250,0,2.7,173,0,6,A
406,Dodge,Durango GT,2021,"14,684 mi.",Gasoline,Black,None reported,,37995,SUV,21,0,34790,0,3.6,,0,6,A
407,Mercedes-Benz,AMG C 43 Base 4MATIC,2017,"39,000 mi.",Gasoline,White,At least 1 accident or damage reported,Yes,39000,Sedan,20,1,52000,0,3,362,0,6,A
408,GMC,Yukon XL SLT,2019,"65,212 mi.",Gasoline,White,None reported,Yes,42995,SUV,20,1,65000,0,5.3,,0,8,A
409,audi,RS Q8 4.0T,2020,"41,856 mi.",Gasoline,Gray,None reported,Yes,91500,SUV,17,1,114000,0,4,591,0,8,A
410,Rivian,R1S Adventure Package,2023,655 mi.,,Red,None reported,Yes,94500,SUV,74,1,74900,0,,835,0,,A
411,Toyota,RAV4 Hybrid XLE,2019,"54,000 mi.",Hybrid,Gray,None reported,Yes,33000,SUV,40,0,28900,0,2.5,219,0,4,A
412,Alfa,Romeo Stelvio Quadrifoglio,2019,"26,500 mi.",Gasoline,Gray,None reported,Yes,53900,SUV,17,1,80500,1,2.9,505,0,6,A
413,Land,Rover Range Rover Evoque SE,2020,"38,356 mi.",Gasoline,Red,None reported,,36598,SUV,25,0,45000,0,2,,0,,A
414,Alfa,Romeo Stelvio Ti Sport,2020,"21,487 mi.",Gasoline,Blue,None reported,Yes,35345,SUV,24,1,45300,0,2,,1,4,A
415,Cadillac,Escalade EXT Base,2007,"99,000 mi.",Gasoline,Black,None reported,Yes,22999,SUV,14,1,61980,0,6.2,403,0,8,A
416,Ford,F-250 Lariat,2019,"35,597 mi.",E85 Flex Fuel,Black,None reported,,47756,Pickup,15,1,58500,0,6.2,,0,8,A
417,Nissan,350Z Enthusiast,2005,"130,307 mi.",Gasoline,Blue,None reported,Yes,9950,Coupe,20,0,29999,0,3.5,287,0,6,A
418,Subaru,Legacy 2.5 i Premium,2010,"178,000 mi.",Gasoline,Blue,None reported,Yes,7600,Sedan,28,1,23790,0,2.5,170,0,4,A
419,Honda,Civic LX,2003,"160,265 mi.",Gasoline,White,At least 1 accident or damage reported,Yes,3000,Sedan,30,0,15500,0,1.7,115,0,4,A
420,McLaren,570S Spider,2020,"8,700 mi.",Gasoline,Black,None reported,Yes,185000,Convertible,20,1,208000,1,3.8,562,0,8,A
421,Maserati,Ghibli S Q4,2016,"1,000 mi.",Gasoline,Gray,None reported,Yes,36000,Sedan,17,1,74900,0,3,404,0,6,A
422,Jeep,Wagoneer Series II 4x4,2022,"29,800 mi.",Gasoline,,None reported,,58900,SUV,20,1,87000,0,5.7,,0,,A
423,Maserati,Ghibli S Q4,2017,"49,750 mi.",Gasoline,White,None reported,Yes,27995,Sedan,15,1,83000,0,3,404,0,6,A
424,Lexus,RX 300 Base,2002,"121,000 mi.",Gasoline,Silver,None reported,Yes,6348,SUV,19,0,35000,0,3,220,0,6,A
425,Lincoln,Aviator Luxury,2005,"140,000 mi.",Gasoline,Black,None reported,Yes,2000,SUV,17,1,48220,0,4.6,302,0,8,A
426,Ford,Transit Connect XL,2018,"66,770 mi.",E85 Flex Fuel,Red,,,21500,Minivan,24,0,23460,0,2.5,169,0,4,A
427,Cadillac,SRX Luxury Collection,2016,"61,549 mi.",Gasoline,Red,At least 1 accident or damage reported,,19998,SUV,24,1,47100,0,3.6,,0,,A
428,Lincoln,MKS EcoBoost,2016,"38,100 mi.",Gasoline,Silver,None reported,Yes,21000,Sedan,25,1,50000,0,3.5,365,0,6,A
429,Toyota,Yaris Base,2010,"138,071 mi.",Gasoline,Red,None reported,Yes,5000,Hatchback,29,0,14300,0,1.5,106,0,4,M
430,Mercedes-Benz,AMG E 63 S 4MATIC,2019,"40,000 mi.",Gasoline,Black,At least 1 accident or damage reported,Yes,72000,Sedan,20,1,106000,0,4,603,0,8,A
431,Mercedes-Benz,GLS 450 Base,2022,"41,545 mi.",Hybrid,White,None reported,,71998,SUV,20,1,80000,0,3,,1,,A
432,Mercedes-Benz,G-Class G 550 4MATIC,2019,"47,850 mi.",Gasoline,White,At least 1 accident or damage reported,Yes,127899,SUV,13,1,130900,1,4,416,0,8,A
433,Hyundai,Veloster Turbo R-Spec,2014,"128,000 mi.",Gasoline,Blue,None reported,Yes,11000,Coupe,27,0,26900,0,1.6,201,0,4,M
434,Toyota,4Runner Limited,2019,"48,156 mi.",Gasoline,Black,None reported,,40368,SUV,17,1,46900,0,4,,0,6,A
435,Mercedes-Benz,S-Class S 580 4MATIC,2021,"4,700 mi.",Hybrid,Black,None reported,Yes,99900,Sedan,19,1,118000,0,4,496,0,8,A
436,audi,RS 7 4.0T Performance Prestige,2017,"39,071 mi.",Gasoline,White,None reported,,67900,Sedan,21,1,115000,0,4,,1,8,A
437,Mazda,MX-5 Miata Base,1999,"96,680 mi.",Gasoline,Green,At least 1 accident or damage reported,Yes,12900,Convertible,26,0,22500,0,1.8,140,0,4,M
438,Mercedes-Benz,AMG C 43 Base,2017,"53,500 mi.",Gasoline,White,At least 1 accident or damage reported,Yes,33999,Sedan,20,1,54000,0,3,362,0,6,A
439,Chevrolet,Corvette Z06,2007,"11,025 mi.",Gasoline,Orange,None reported,Yes,47500,Coupe,16,1,70000,1,7,505,0,8,M
440,Ford,F-250 King Ranch,2021,"44,000 mi.",Diesel,White,At least 1 accident or damage reported,Yes,73000,Pickup,20,1,56300,0,6.7,475,0,8,A
441,Volkswagen,Tiguan 2.0T SE,2022,"11,000 mi.",Gasoline,Blue,None reported,Yes,27900,SUV,24,0,30500,0,2,184,0,4,A
442,BMW,750 Li xDrive,2012,"103,000 mi.",Gasoline,Black,None reported,Yes,16000,Sedan,18,1,88900,0,4.4,407,0,8,A
443,BMW,M3 CS,2024,456 mi.,Gasoline,Black,None reported,Yes,128995,Sedan,18,1,90000,1,3,543,0,6,A
444,Lexus,GX 460 Base,2018,"64,000 mi.",Gasoline,Red,None reported,Yes,37300,SUV,15,0,51800,0,4.6,301,0,8,A
445,Audi,Q7 3.0T Premium,2017,"108,000 mi.",Gasoline,Gray,None reported,Yes,25999,SUV,19,1,54900,0,3,333,0,6,A
446,Alfa,Romeo Stelvio Ti Sport,2018,"37,045 mi.",Gasoline,White,At least 1 accident or damage reported,Yes,26600,SUV,24,0,50000,0,2,280,0,4,A
447,Land,Rover Defender X,2023,"5,433 mi.",Hybrid,Black,None reported,,95998,SUV,18,1,82000,0,3,,0,,A
448,BMW,750 i xDrive,2019,"28,744 mi.",Gasoline,Black,None reported,,50998,Sedan,18,1,94000,0,4.4,,1,,A
449,BMW,M3 Base,2015,"65,800 mi.",Gasoline,White,None reported,Yes,44950,Sedan,17,1,64900,1,3,425,0,6,A
450,Rolls-Royce,Ghost Base,2021,850 mi.,Gasoline,White,None reported,Yes,314900,Sedan,12,1,332500,0,6.7,563,0,12,A
451,Audi,e-tron Prestige,2019,"33,012 mi.",,Blue,None reported,Yes,38000,SUV,78,1,74900,0,,355,0,,A
452,Lexus,IS 250 Base,2011,"107,818 mi.",Gasoline,Gray,At least 1 accident or damage reported,Yes,11400,Sedan,20,0,32950,0,2.5,204,0,6,A
453,Land,Rover Range Rover Evoque SE Premium,2016,"79,500 mi.",Gasoline,White,None reported,Yes,19000,SUV,30,1,50000,0,2,240,0,4,A
454,Ferrari,California T,2015,"20,000 mi.",Gasoline,Red,At least 1 accident or damage reported,Yes,124990,Convertible,18,1,202000,1,3.9,553,0,8,A
455,Lexus,LC 500 Base,2018,"37,000 mi.",Gasoline,Black,None reported,Yes,63997,Coupe,19,0,92000,0,5,471,0,8,A
456,Kia,EV6 Wind,2022,"11,945 mi.",,Beige,None reported,,38998,SUV,117,1,49980,0,,,0,,A
457,GMC,Sierra 1500 SLE Crew Cab,2005,"131,800 mi.",Gasoline,Silver,At least 1 accident or damage reported,Yes,5800,Pickup,16,0,32000,0,5.3,295,0,8,A
458,Lexus,ES 350 Base,2008,"146,000 mi.",Gasoline,Red,None reported,Yes,8995,Sedan,21,0,35000,0,3.5,272,0,6,A
459,Nissan,370Z NISMO,2010,"29,000 mi.",Gasoline,Silver,None reported,Yes,29000,Coupe,19,1,39990,0,3.7,350,0,6,M
460,Dodge,Ram 1500 Laramie,2004,"141,209 mi.",Gasoline,Black,None reported,Yes,5700,Pickup,15,0,28995,0,5.7,345,0,8,A
461,Ford,Expedition Limited,2016,"85,253 mi.",Gasoline,White,None reported,Yes,19995,SUV,20,1,60000,0,3.5,365,0,6,A
462,INFINITI,QX70 Base,2015,"87,009 mi.",Gasoline,Gray,None reported,Yes,17800,SUV,18,0,45500,0,3.7,325,0,6,A
463,BMW,X5 M Base,2023,"4,348 mi.",Gasoline,White,None reported,,105900,SUV,15,1,105000,0,4.4,,1,8,A
464,Lincoln,Navigator Select,2016,"158,000 mi.",Gasoline,Red,None reported,Yes,19780,SUV,22,1,55200,0,3.5,380,0,6,A
465,Volvo,V60 Cross Country T5,2020,"10,500 mi.",Gasoline,White,None reported,Yes,36000,SUV,24,0,47000,0,2,250,0,4,A
466,Audi,A7 3.0T Premium Plus,2018,"45,843 mi.",Gasoline,Silver,None reported,Yes,37000,Sedan,20,1,70000,0,3,340,0,6,A
467,Ford,Bronco Sport Outer Banks,2021,"15,198 mi.",Gasoline,Blue,None reported,Yes,31621,SUV,25,1,36000,0,1.5,,1,3,A
468,Volkswagen,Eurovan MV,2001,"220,000 mi.",Gasoline,Silver,None reported,Yes,5500,Minivan,18,0,28000,1,2.8,140,0,6,A
469,Jaguar,F-TYPE R,2017,"58,000 mi.",Gasoline,Black,None reported,Yes,51500,Coupe,18,1,102600,0,5,550,0,8,A
470,Land,Rover Range Rover Evoque R-Dynamic HSE,2020,"30,424 mi.",Hybrid,Silver,None reported,,44998,SUV,24,1,43000,0,2,,0,,A
471,RAM,1500 Laramie,2021,"38,012 mi.",Gasoline,Red,None reported,Yes,45277,Pickup,20,1,45000,0,5.7,,0,8,A
472,Rivian,R1S Adventure Package,2023,"2,500 mi.",,Gray,None reported,Yes,91000,SUV,74,1,74900,0,,835,0,,A
473,BMW,M760 i xDrive,2021,"11,078 mi.",Gasoline,BLACK,None reported,,91900,Sedan,16,1,155000,0,6.6,,0,,M
474,Lexus,LX 570 Three-Row,2018,"50,000 mi.",Gasoline,White,None reported,Yes,65000,SUV,17,1,86500,0,5.7,383,0,8,A
475,Land,Rover Range Rover Velar P250 SE R-Dynamic,2019,"58,000 mi.",Gasoline,White,None reported,Yes,38000,SUV,24,1,59850,0,2,247,0,4,A
476,Acura,MDX w/Technology Package,2023,"3,415 mi.",Gasoline,White,None reported,,54998,SUV,21,1,57000,0,3.5,,0,,A
477,Lexus,LC 500 Base,2018,"61,000 mi.",Gasoline,Black,None reported,Yes,65000,Coupe,19,0,92000,0,5,471,0,8,A
478,audi,SQ5 3.0T Prestige,2019,"48,500 mi.",Gasoline,Gray,At least 1 accident or damage reported,Yes,43500,SUV,21,1,61000,0,3,349,0,6,A
479,Land,Rover Range Rover Velar P250 SE R-Dynamic,2018,"65,680 mi.",Gasoline,Silver,At least 1 accident or damage reported,Yes,34900,SUV,24,1,64900,0,2,247,0,4,A
480,RAM,1500 Limited,2020,"44,362 mi.",Gasoline,White,None reported,Yes,50658,Pickup,20,1,56500,0,5.7,,0,8,A
481,audi,S4 3.0T Premium,2019,"18,603 mi.",Gasoline,Black,None reported,,42900,Sedan,25,1,50000,0,3,,1,6,A
482,audi,A8 4.0,2020,"35,999 mi.",Hybrid,Black,None reported,,59598,Sedan,19,1,86000,0,4,,1,,A
483,Cadillac,Escalade ESV Sport,2021,"8,044 mi.",Gasoline,Black,None reported,Yes,93000,SUV,16,1,86500,0,6.2,420,0,8,A
484,Mercedes-Benz,AMG GT AMG GT S,2016,"9,738 mi.",Gasoline,Red,None reported,Yes,85500,Coupe,18,1,129900,1,4,503,0,8,A
485,BMW,M3 Base,2009,"112,000 mi.",Gasoline,Gray,At least 1 accident or damage reported,Yes,28000,Coupe,14,1,62000,1,4,420,0,8,A
486,Honda,Accord EX-L,2009,"167,300 mi.",Gasoline,Silver,None reported,Yes,6250,Sedan,30,0,30000,0,2.4,190,0,4,A
487,Rolls-Royce,Cullinan,2022,115 mi.,Gasoline,,None reported,Yes,449995,SUV,12,1,335000,0,6.7,,1,12,A
488,Cadillac,Escalade Premium,2015,"71,000 mi.",Gasoline,Black,At least 1 accident or damage reported,Yes,35999,SUV,17,1,80000,0,6.2,420,0,8,A
489,Acura,RDX Technology Package,2020,"31,015 mi.",Gasoline,Silver,None reported,Yes,36570,SUV,27,1,41925,0,2,,1,4,A
490,BMW,X2 xDrive28i,2022,"33,000 mi.",Gasoline,Orange,None reported,Yes,29999,SUV,27,0,36500,0,2,228,0,4,A
491,Chrysler,Pacifica Touring,2017,"63,000 mi.",,White,None reported,Yes,20000,Minivan,22,0,28495,0,,,0,,A
492,Buick,Verano Convenience,2013,"68,325 mi.",E85 Flex Fuel,Silver,None reported,Yes,11995,Sedan,21,0,23000,0,2.4,180,0,4,A
493,Mercedes-Benz,AMG S 63 Base 4MATIC,2020,"20,937 mi.",Gasoline,Black,None reported,,104900,Sedan,20,1,180000,1,4,,1,8,A
494,RAM,2500 Tradesman,2021,"34,365 mi.",Gasoline,Gray,At least 1 accident or damage reported,Yes,48000,Pickup,15,0,35000,0,6.4,410,0,8,A
495,Mercedes-Benz,Metris Base,2018,"32,000 mi.",Gasoline,Black,None reported,Yes,44900,Minivan,21,0,31990,0,2,208,0,4,A
496,Land,Rover Range Rover Evoque S,2020,"40,237 mi.",Gasoline,Gray,None reported,,36998,SUV,25,1,42000,0,2,,0,,A
497,Volvo,XC90 T6 Inscription,2020,"22,500 mi.",Gasoline,Black,None reported,Yes,50000,SUV,22,1,64900,0,2,316,0,4,A
498,Ford,Expedition King Ranch,2020,"58,700 mi.",Gasoline,Black,At least 1 accident or damage reported,Yes,48999,SUV,18,1,72000,0,3.5,375,0,6,A
499,Toyota,Highlander Hybrid Limited,2006,"264,893 mi.",Hybrid,Gold,At least 1 accident or damage reported,Yes,5000,SUV,33,1,37000,0,3.3,208,0,6,A
500,Toyota,Tundra SR5 Access Cab,2005,"209,500 mi.",Gasoline,Blue,None reported,Yes,8500,Pickup,15,0,25000,0,4.7,282,0,8,A
501,Ford,Transit-350 Base,2023,195 mi.,Gasoline,Blue,None reported,Yes,87500,Minivan,15,0,45000,0,3.5,310,0,6,A
502,Chevrolet,Express 3500 LT,2016,"120,000 mi.",Diesel,White,None reported,Yes,19500,Van,12,0,36000,0,6.6,260,0,8,A
503,Chevrolet,Bolt EUV Premier,2022,"14,676 mi.",,Black,None reported,Yes,33000,SUV,100,1,43000,0,,200,0,,A
504,Jeep,Wrangler Unlimited 4xe Sahara,2021,"33,704 mi.",Hybrid,White,None reported,,42998,SUV,49,1,51590,0,2,,1,4,A
505,BMW,X7 xDrive40i,2023,"2,950 mi.",Hybrid,Black,None reported,Yes,87000,SUV,22,1,83000,0,3,375,0,6,A
506,Mercedes-Benz,AMG GT 53 Base,2021,"17,994 mi.",Gasoline,,None reported,Yes,87500,Coupe,21,1,104000,0,3,,1,6,A
507,Toyota,Tundra Limited,2020,"44,101 mi.",Gasoline,Gray,None reported,Yes,45423,Pickup,13,1,47900,0,5.7,,0,8,A
508,BMW,X1 xDrive28i,2021,"25,918 mi.",Gasoline,Gray,None reported,Yes,32000,SUV,24,1,38250,0,2,228,0,4,A
509,BMW,135 i,2008,"87,000 mi.",Gasoline,White,None reported,Yes,15300,Coupe,20,1,37000,0,3,300,0,6,A
510,Mazda,Mazda3 Touring,2018,"28,333 mi.",Gasoline,Blue,None reported,Yes,20500,Sedan,29,0,23000,0,2.5,184,0,4,A
511,Audi,A7 3.0T Premium Plus,2018,"29,294 mi.",Gasoline,White,None reported,Yes,39999,Sedan,20,1,70000,0,3,340,0,6,A
512,Saturn,Sky Red Line,2008,"37,000 mi.",Gasoline,Blue,None reported,Yes,14995,Convertible,22,1,28100,0,2,260,0,4,A
513,BMW,Z4 2.5i Roadster,2005,"138,000 mi.",Gasoline,White,None reported,Yes,9950,Convertible,22,0,31900,0,2.5,184,0,6,A
514,Volvo,XC90 Hybrid T8 Inscription,2020,"44,487 mi.",Plug-In Hybrid,Blue,None reported,Yes,65000,SUV,27,1,74900,0,2,400,0,4,A
515,Acura,TLX A-Spec,2021,"16,878 mi.",Gasoline,Red,None reported,Yes,38781,Sedan,22,1,45000,0,2,,1,4,A
516,Acura,MDX w/Technology Package,2022,"30,177 mi.",Gasoline,Black,None reported,,46598,SUV,21,1,57000,0,3.5,,0,6,A
517,Chevrolet,Tahoe High Country,2021,"53,000 mi.",Gasoline,Black,At least 1 accident or damage reported,Yes,67100,SUV,21,1,74000,0,6.2,420,0,8,A
518,Tesla,Model Y Long Range,2021,"61,308 mi.",,White,None reported,Yes,42000,SUV,131,1,53990,0,,425,0,,A
519,Mercedes-Benz,GLK-Class GLK 350,2013,"99,200 mi.",Gasoline,Silver,,,11495,SUV,19,0,38000,0,3.5,302,0,6,A
520,Chevrolet,Traverse LS,2022,"32,117 mi.",Gasoline,Blue,None reported,,33299,SUV,18,0,32000,0,3.6,,0,6,A
521,BMW,550 Gran Turismo i,2013,"79,341 mi.",Gasoline,Gold,None reported,Yes,16800,Sedan,25,1,64000,0,4.4,445,0,8,A
522,Land,Rover Range Rover Sport HSE,2007,"220,000 mi.",Gasoline,White,None reported,Yes,5750,SUV,14,1,57000,0,4.4,300,0,8,A
523,BMW,430 i xDrive,2021,"16,900 mi.",Gasoline,Blue,None reported,Yes,43000,Coupe,26,1,49000,0,2,255,0,4,A
524,Porsche,Cayman Base,2007,"75,137 mi.",Gasoline,Black,At least 1 accident or damage reported,Yes,24999,Coupe,20,0,58900,0,2.7,245,0,6,M
525,Ford,Expedition Max King Ranch,2021,"37,594 mi.",Gasoline,Black,None reported,Yes,62595,SUV,17,1,74995,0,3.5,,1,6,A
526,Rivian,R1S Adventure Package,2023,250 mi.,,Red,,,94000,SUV,74,1,74900,0,,835,0,,A
527,Mercedes-Benz,GLC 300 GLC 300,2021,"12,771 mi.",Gasoline,Black,None reported,,42598,SUV,24,0,43000,0,2,,1,,A
528,FORD,Mustang Shelby GT500,2012,"6,400 mi.",Gasoline,Silver,None reported,Yes,48000,Coupe,15,1,54995,1,5.4,550,0,8,M
529,Tesla,Model Y Long Range,2021,"69,548 mi.",,Black,At least 1 accident or damage reported,Yes,36300,SUV,131,1,53990,0,,425,0,,A
530,Nissan,370Z Base,2009,"79,893 mi.",Gasoline,Silver,None reported,Yes,15900,Coupe,18,0,29990,0,3.7,332,0,6,A
531,Toyota,Sequoia Platinum,2014,"124,838 mi.",Gasoline,Black,None reported,Yes,33000,SUV,13,1,62750,0,5.7,381,0,8,A
532,Nissan,NV Passenger NV3500 HD SL V8,2020,"14,353 mi.",Gasoline,Black,None reported,Yes,63900,Minivan,12,0,38890,0,5.6,375,0,8,A
533,Ford,Transit Connect XL w/Rear Symmetrical Doors,2022,"22,985 mi.",Gasoline,White,None reported,Yes,33500,Minivan,24,0,30000,0,2.5,169,0,4,A
534,INFINITI,QX80 Base,2014,"161,894 mi.",Gasoline,White,None reported,Yes,18900,SUV,14,0,60000,0,5.6,400,0,8,A
535,Aston,Martin V8 Vantage Base,2008,"25,025 mi.",Gasoline,White,At least 1 accident or damage reported,Yes,39000,Coupe,18,1,130000,1,4.3,380,0,8,A
536,Porsche,911 Carrera S,2017,"16,701 mi.",Gasoline,Red,None reported,,107998,Coupe,20,1,116000,1,3,,0,,A
537,Lotus,Evora 400 Base,2017,"19,650 mi.",Gasoline,Silver,None reported,Yes,69250,Coupe,21,0,85000,1,3.5,400,0,6,M
538,Land,Rover Range Rover Velar P250 S R-Dynamic,2020,"29,500 mi.",Gasoline,Red,None reported,Yes,45000,SUV,24,1,59900,0,2,247,0,4,A
539,Nissan,Xterra S,2007,"132,272 mi.",Gasoline,Gray,At least 1 accident or damage reported,Yes,6700,SUV,19,0,24000,0,4,261,0,6,M
540,Dodge,Charger R/T,2012,"122,000 mi.",Gasoline,White,At least 1 accident or damage reported,Yes,13500,Sedan,16,1,32700,0,5.7,370,0,8,A
541,Buick,Encore GX Essence,2022,"18,185 mi.",Gasoline,White,None reported,,31755,SUV,29,0,34400,0,1.3,,1,3,A
542,Nissan,Leaf S,2018,"56,450 mi.",,Black,At least 1 accident or damage reported,Yes,13999,Hatchback,124,0,29990,0,,147,0,,A
543,Nissan,Leaf SL,2012,"102,000 mi.",,Silver,None reported,Yes,4200,Hatchback,99,1,35000,0,,107,0,,A
544,Jeep,Grand Wagoneer Series III,2022,"18,428 mi.",Gasoline,Gray,None reported,,83998,SUV,15,1,87900,0,6.4,,0,,A
545,Nissan,Z Proto Spec,2023,535 mi.,Gasoline,Yellow,None reported,Yes,65990,Coupe,24,1,51990,0,3,400,0,6,M
546,Land,Rover Range Rover Sport HSE,2013,"81,648 mi.",Gasoline,White,None reported,,15900,SUV,18,1,59995,0,,,0,,A
547,Porsche,Boxster S,2003,"138,202 mi.",Gasoline,Silver,At least 1 accident or damage reported,Yes,22550,Convertible,20,1,60000,0,3.2,,0,,M
548,Bentley,Continental GT Base,2004,"69,600 mi.",Gasoline,Silver,None reported,Yes,37900,Coupe,12,1,165000,1,6,550,0,12,A
549,Jaguar,F-TYPE R,2018,"39,900 mi.",Gasoline,White,None reported,Yes,53600,Coupe,23,1,123600,1,5,550,0,8,A
550,Cadillac,Escalade ESV Sport,2021,"36,500 mi.",Gasoline,White,None reported,Yes,85000,SUV,16,1,86500,0,6.2,420,0,8,A
551,audi,TT 2.0T,2018,"42,650 mi.",Gasoline,Gray,None reported,Yes,31990,Coupe,28,0,40000,0,2,220,0,4,A
552,Jeep,Wrangler Unlimited Sahara,2020,"68,816 mi.",Gasoline,Black,None reported,Yes,35297,SUV,22,1,43190,0,2,,1,4,A
553,Audi,S6 4.0T,2016,"91,188 mi.",Gasoline,Black,None reported,Yes,29995,Sedan,24,0,74600,0,4,450,0,8,A
554,GMC,Sierra 2500 SLE,2015,"116,210 mi.",E85 Flex Fuel,Black,None reported,Yes,31900,Pickup,16,0,38900,0,6,360,0,8,A
555,Tesla,Model 3 Long Range,2022,"3,077 mi.",,Silver,None reported,,44998,Sedan,134,1,54990,0,,,0,,A
556,Mazda,CX-90 Premium,2024,"3,880 mi.",Gasoline,Gray,None reported,Yes,52991,,,,,,2.5,,0,,A
557,FORD,C-Max Energi SE,2017,"67,482 mi.",Plug-In Hybrid,Gray,At least 1 accident or damage reported,Yes,11499,Hatchback,38,0,27000,0,2,188,0,4,A
558,Cadillac,Escalade ESV Platinum,2018,"67,726 mi.",Gasoline,Black,None reported,Yes,52000,SUV,15,1,100000,0,6.2,420,0,8,A
559,Audi,TT 3.2 Cabriolet quattro,2008,"207,000 mi.",Gasoline,Black,At least 1 accident or damage reported,Yes,10500,Convertible,21,0,45600,0,3.2,250,0,6,M
560,Hyundai,Santa Fe SE,2021,"35,550 mi.",Gasoline,Black,At least 1 accident or damage reported,Yes,25987,SUV,26,0,29300,0,2.5,,0,4,A
561,Mercedes-Benz,AMG GLE AMG GLE 63 S-Model 4MATIC,2016,"44,000 mi.",Gasoline,Black,None reported,Yes,46599,SUV,18,1,109900,0,5.5,577,0,8,A
562,Mercedes-Benz,SL-Class SL 550,2015,"11,249 mi.",Gasoline,White,None reported,Yes,54500,Convertible,22,1,100000,0,4.7,429,0,8,A
563,Acura,MDX 3.5L Technology Package,2014,"111,650 mi.",Gasoline,Green,At least 1 accident or damage reported,Yes,17500,SUV,20,1,48900,0,3.5,290,0,6,A
564,RAM,2500 Laramie,2019,"18,526 mi.",Diesel,White,None reported,,67999,Pickup,19,1,60000,0,6.7,,1,6,A
565,audi,A7 Premium,2012,"103,272 mi.",Gasoline,Black,None reported,Yes,15500,Sedan,25,1,60000,0,3,310,0,6,A
566,BMW,M2 Base,2023,"1,160 mi.",Gasoline,Gray,None reported,Yes,73600,Coupe,18,1,62000,0,3,453,0,6,M
567,RAM,1500 Laramie,2019,"107,714 mi.",Gasoline,Black,None reported,Yes,34918,Pickup,22,1,45700,0,5.7,,0,8,A
568,Audi,Q5 2.0T Premium Plus,2013,"111,773 mi.",Gasoline,Brown,None reported,Yes,17000,SUV,20,1,39000,0,2,211,0,4,A
569,Cadillac,XTS Luxury,2019,"54,002 mi.",Gasoline,Black,At least 1 accident or damage reported,Yes,22500,Sedan,18,1,50000,0,3.6,304,0,6,A
570,Volkswagen,Jetta 1.4T SE,2016,"87,000 mi.",Gasoline,Gray,At least 1 accident or damage reported,Yes,13000,Sedan,30,0,21600,0,1.4,150,0,4,A
571,Ford,Focus RS Base,2016,"49,700 mi.",Gasoline,Blue,None reported,Yes,31700,Hatchback,24,1,36000,1,2.3,350,0,4,M
572,Mercedes-Benz,AMG C 63 S,2017,"34,500 mi.",Gasoline,Gray,None reported,Yes,64600,Sedan,17,1,70700,0,4,503,0,8,A
573,FORD,Bronco Sport Big Bend,2021,"31,729 mi.",Gasoline,Red,At least 1 accident or damage reported,Yes,29614,SUV,25,0,32890,0,1.5,,1,3,A
574,Jeep,Gladiator Overland,2021,"7,388 mi.",Gasoline,Red,None reported,Yes,43663,Pickup,22,1,41790,0,3.6,,0,6,A
575,BMW,330e iPerformance,2017,"41,550 mi.",Plug-In Hybrid,Silver,None reported,Yes,20995,Sedan,70,1,44000,0,2,247,0,4,A
576,Mercedes-Benz,GLC 300 Base 4MATIC,2018,"44,486 mi.",Gasoline,Gray,None reported,,25625,SUV,24,0,43000,0,2,,1,4,A
577,Acura,MDX 3.7L Advance,2013,"20,750 mi.",Gasoline,Black,None reported,Yes,33000,SUV,20,1,52000,0,3.7,300,0,6,A
578,Genesis,G70 3.3T,2022,"12,000 mi.",Gasoline,Green,None reported,Yes,41000,Sedan,18,1,50000,0,3.3,365,0,6,A
579,Lexus,LX 570 Three-Row,2021,"14,206 mi.",Gasoline,Black,None reported,Yes,98000,SUV,18,0,86000,0,5.7,383,0,8,A
580,Jeep,Grand Cherokee L Limited,2022,"31,700 mi.",Gasoline,Gray,None reported,Yes,43500,SUV,20,1,49500,0,3.6,293,0,6,A
581,Hyundai,IONIQ Plug-In Hybrid SEL,2022,"13,044 mi.",Plug-In Hybrid,Blue,At least 1 accident or damage reported,Yes,24999,Sedan,55,0,30000,0,1.6,139,0,4,A
582,Kia,Sportage LX,2009,"100,730 mi.",Gasoline,Gold,None reported,Yes,6975,SUV,20,0,21500,0,2.7,173,0,6,A
583,BMW,X5 PHEV xDrive45e,2023,"5,338 mi.",Plug-In Hybrid,Blue,None reported,Yes,76500,SUV,50,1,65000,0,3,389,0,6,A
584,FORD,Expedition EL XLT,2014,"85,149 mi.",Gasoline,White,None reported,,23598,SUV,16,0,48995,0,5.4,,0,,A
585,BMW,X6 M Base,2018,"48,291 mi.",Gasoline,Gray,None reported,Yes,67250,SUV,14,1,103050,0,4.4,567,0,8,A
586,Volkswagen,Eurovan MV,2001,"111,887 mi.",Gasoline,Blue,None reported,Yes,14000,Minivan,18,0,28000,1,2.8,140,0,6,A
587,Rolls-Royce,Ghost Base,2010,"79,000 mi.",Gasoline,Silver,None reported,Yes,69000,Sedan,12,1,245000,1,6.6,563,0,12,A
588,Lincoln,Navigator Reserve,2016,"125,000 mi.",Gasoline,Gray,None reported,Yes,26500,SUV,16,1,73950,0,3.5,380,0,6,A
589,Mercedes-Benz,GLA 250 Base 4MATIC,2022,"13,777 mi.",Gasoline,Black,At least 1 accident or damage reported,Yes,39777,SUV,24,0,36400,0,2,221,0,4,A
590,RAM,1500 Big Horn,2022,"14,920 mi.",Gasoline,Black,None reported,Yes,41741,Pickup,20,0,39000,0,3.6,,0,6,A
591,Jeep,Grand Cherokee L Summit,2022,"14,627 mi.",Gasoline,Black,None reported,,56740,SUV,22,1,60000,0,3.6,,0,6,A
592,Volvo,S80 3.2,2010,"90,050 mi.",Gasoline,Brown,None reported,Yes,5800,Sedan,19,0,42000,0,3.2,235,0,6,A
593,Subaru,BRZ Premium,2014,"45,000 mi.",Gasoline,Blue,At least 1 accident or damage reported,Yes,25000,Coupe,24,1,27995,0,2,200,0,4,M
594,Chevrolet,Corvette Base,1998,"7,666 mi.",Gasoline,Red,None reported,Yes,39500,Coupe,18,0,45900,1,5.7,340,0,8,A
595,Hummer,H2 SUT,2006,"89,900 mi.",Gasoline,Red,None reported,Yes,29994,Pickup,10,0,62000,0,6,325,0,8,A
596,Audi,RS 7 4.0T,2021,"14,724 mi.",Hybrid,White,None reported,,101998,Sedan,22,1,113000,0,4,,0,,A
597,Ford,Edge Sport,2011,"132,000 mi.",Gasoline,Black,At least 1 accident or damage reported,Yes,10999,SUV,17,1,35800,0,3.7,305,0,6,A
598,GMC,Terrain SLT,2010,"32,652 mi.",Gasoline,Red,None reported,Yes,6500,SUV,20,0,30000,0,2.4,182,0,4,A
600,Jeep,Grand Cherokee WK Laredo X,2022,"11,164 mi.",Gasoline,Black,None reported,Yes,37500,SUV,19,0,40500,0,3.6,293,0,6,A
601,BMW,M4 Base,2020,"22,655 mi.",Gasoline,Silver,None reported,Yes,63999,Coupe,20,1,70800,0,3,425,0,6,A
602,Mercedes-Benz,AMG GT 63 S 4-Door,2019,"9,500 mi.",Gasoline,Gray,None reported,Yes,135000,Sedan,15,1,162900,0,4,630,0,8,A
603,Chevrolet,Camaro 1LT,2021,"10,300 mi.",Gasoline,Black,None reported,Yes,29900,Coupe,22,0,25800,0,3.6,335,0,6,M
604,BMW,X6 M Base,2018,"48,000 mi.",Gasoline,Blue,None reported,Yes,54000,SUV,14,1,103050,0,4.4,567,0,8,A
605,Mercedes-Benz,CLK-Class 550,2007,"138,000 mi.",Gasoline,Silver,At least 1 accident or damage reported,Yes,10000,Coupe,18,1,55000,0,5.5,382,0,8,A
606,RAM,1500 TRX,2022,"24,058 mi.",Gasoline,Red,None reported,,81900,Pickup,10,1,70000,1,6.2,,0,,A
607,audi,RS 7 4.0T Prestige,2016,"31,500 mi.",Gasoline,Gray,None reported,Yes,67000,Sedan,22,1,112000,1,4,560,0,8,A
608,Porsche,Macan S,2020,"19,701 mi.",Gasoline,,None reported,,55998,SUV,19,1,63500,0,3,,0,,A
609,Genesis,GV70 3.5T Sport,2022,"10,200 mi.",Gasoline,White,None reported,Yes,50500,SUV,20,1,62900,0,3.5,375,0,6,A
610,Aston,Martin V8 Vantage Base,2008,"62,378 mi.",Gasoline,Red,At least 1 accident or damage reported,Yes,33995,Coupe,18,1,130000,1,4.3,380,0,8,M
611,Nissan,350Z Touring,2006,"84,200 mi.",Gasoline,Silver,None reported,Yes,10200,Coupe,20,1,32000,0,3.5,300,0,6,M
612,Toyota,Sequoia SR5,2013,"138,700 mi.",E85 Flex Fuel,White,At least 1 accident or damage reported,Yes,18800,SUV,13,0,45950,0,5.7,381,0,8,A
613,Chevrolet,Tahoe Premier,2021,"41,050 mi.",Gasoline,Gray,None reported,Yes,62900,SUV,20,1,72100,0,5.3,355,0,8,A
614,Jeep,Compass Limited,2020,"39,192 mi.",Gasoline,White,None reported,,24590,SUV,25,0,30500,0,2.4,,0,4,A
615,BMW,430 430i,2022,"7,758 mi.",Gasoline,Black,None reported,,47998,Coupe,30,0,46000,0,2,,1,,A
616,Ford,Bronco Sport Outer Banks,2021,"31,654 mi.",Gasoline,Red,None reported,,33410,SUV,25,1,36000,0,1.5,,1,3,A
617,Mercedes-Benz,AMG C 63 Base,2017,"63,000 mi.",Gasoline,White,At least 1 accident or damage reported,Yes,42000,Sedan,19,1,67600,0,4,469,0,8,A
618,Volvo,S40 T5,2005,"257,700 mi.",Gasoline,Red,None reported,Yes,3550,Sedan,22,0,29800,0,2.5,218,0,5,M
619,Mercedes-Benz,GLE 350 Base 4MATIC,2017,"57,000 mi.",Gasoline,White,At least 1 accident or damage reported,Yes,29500,SUV,18,0,52900,0,3.5,302,0,6,A
620,Chevrolet,Silverado 1500 1LT,2017,"89,000 mi.",Gasoline,Gray,None reported,Yes,29999,Pickup,22,0,35000,0,5.3,355,0,8,A
621,Chevrolet,Tahoe LTZ,2015,"134,500 mi.",Gasoline,Black,None reported,Yes,28000,SUV,16,1,67995,0,5.3,355,0,8,A
622,Acura,MDX Technology,2022,"15,895 mi.",Gasoline,Black,None reported,,47950,SUV,21,0,52900,0,3.5,,0,6,A
623,Bentley,Bentayga Speed,2020,"15,109 mi.",Gasoline,Silver,,,162950,SUV,12,1,287000,1,6,,1,,A
624,Rolls-Royce,Cullinan,2022,398 mi.,Gasoline,Silver,None reported,Yes,695000,SUV,12,1,335000,0,6.7,,1,12,A
625,Genesis,GV70 2.5T,2022,"20,319 mi.",Gasoline,White,None reported,Yes,44249,SUV,25,0,42000,0,2.5,300,0,4,A
626,Pontiac,Firebird Base,1999,"158,000 mi.",Gasoline,White,At least 1 accident or damage reported,Yes,2500,Coupe,20,0,23000,0,3.8,200,0,6,A
627,Lexus,GX 460 Base,2021,"40,906 mi.",Gasoline,Black,None reported,,51998,SUV,15,0,53000,0,4.6,,0,,A
628,BMW,ALPINA B7 ALPINA B7 xDrive,2020,"33,749 mi.",Gasoline,Blue,None reported,,85998,Sedan,25,1,142000,0,4.4,,1,,A
629,BMW,M4 Competition xDrive,2023,"1,120 mi.",Gasoline,Gray,None reported,Yes,92900,Coupe,16,1,74800,0,3,503,0,6,A
630,Jeep,Grand Cherokee L Limited,2021,"26,088 mi.",Gasoline,Silver,None reported,,38383,SUV,21,1,55000,0,3.6,,0,6,A
631,Kia,Forte GT-Line,2022,"14,950 mi.",Gasoline,Silver,At least 1 accident or damage reported,Yes,24000,Sedan,31,0,24790,0,2,147,0,4,A
632,Kia,Forte LX,2018,"47,466 mi.",Gasoline,Silver,None reported,,14699,,,,,,,147,0,,A
633,BMW,X6 M Base,2022,"10,376 mi.",Gasoline,White,None reported,,98900,SUV,13,1,108000,0,4.4,,1,8,A
634,RAM,ProMaster 3500 High Roof,2021,"18,500 mi.",Gasoline,White,None reported,Yes,41950,Van,12,0,34600,0,3.6,280,0,6,A
635,Volkswagen,Atlas Cross Sport 3.6L V6 SEL Premium,2021,"24,596 mi.",Gasoline,Black,None reported,,38322,SUV,20,1,48000,0,3.6,,0,6,A
636,Hyundai,Santa Fe SEL,2021,"2,905 mi.",Gasoline,Silver,None reported,,27599,SUV,25,0,30500,0,2.5,,0,4,A
637,Jaguar,XF 3.0 Portfolio,2015,"71,290 mi.",Gasoline,Brown,At least 1 accident or damage reported,Yes,21000,Sedan,19,1,80000,0,3,340,0,6,A
638,Audi,A7 55 Premium Plus,2022,"15,000 mi.",Hybrid,Gray,None reported,Yes,63000,Sedan,24,1,72000,0,3,335,0,6,A
639,INFINITI,QX30 Premium,2017,"37,900 mi.",Gasoline,Gray,None reported,Yes,22000,SUV,30,1,36000,0,2,208,0,4,A
640,Mercedes-Benz,AMG G 63 4MATIC,2022,"2,000 mi.",Gasoline,Black,,,244896,SUV,13,1,157900,1,4,577,0,8,A
641,Mercedes-Benz,AMG C 43 AMG C 43 4MATIC,2019,"32,500 mi.",Gasoline,Black,None reported,Yes,43500,Sedan,20,1,52000,0,3,385,0,6,A
642,Mitsubishi,Lancer Evolution Base,2003,"61,491 mi.",Gasoline,Blue,At least 1 accident or damage reported,Yes,28000,Sedan,17,0,29995,1,2,271,0,4,M
643,Jeep,Wrangler Unlimited Sport,2013,"77,634 mi.",Gasoline,Brown,None reported,,24590,SUV,21,0,32000,0,3.6,,0,6,A
644,audi,A3 2.0 TDI Premium Plus,2015,"83,000 mi.",Diesel,Black,At least 1 accident or damage reported,Yes,18999,Sedan,30,1,35000,0,2,150,0,4,A
645,Volkswagen,Jetta GLX VR6,2002,"121,800 mi.",Gasoline,Black,None reported,Yes,4300,Sedan,20,1,26000,0,2.8,174,0,6,M
646,BMW,ALPINA B7 ALPINA B7 xDrive,2020,"65,852 mi.",Gasoline,Black,None reported,,68998,Sedan,25,1,142000,0,4.4,,1,,A
647,Bentley,Bentayga Azure First Edition,2023,"1,335 mi.",Gasoline,Black,None reported,Yes,272950,SUV,18,1,250000,0,4,,1,8,A
648,Mercedes-Benz,CLA-Class CLA 250,2014,"83,315 mi.",Gasoline,White,None reported,Yes,15000,Sedan,26,0,32000,0,2,208,0,4,A
649,BMW,i8 Base,2019,"18,421 mi.",Plug-In Hybrid,Black,,,85000,Coupe,76,1,147500,1,1.5,369,0,3,A
650,Lexus,CT 200h Premium,2015,"101,000 mi.",Hybrid,Black,At least 1 accident or damage reported,Yes,16500,Sedan,43,1,32,0,1.8,134,0,4,A
651,Toyota,Tundra SR5,2022,"29,322 mi.",Gasoline,Gray,None reported,,44999,Pickup,22,0,45000,0,3.4,,1,6,A
652,Mercedes-Benz,SLC 300 Base,2019,"23,900 mi.",Gasoline,White,None reported,Yes,35999,Convertible,25,0,48500,0,2,241,0,4,A
653,Mercedes-Benz,AMG C AMG C 63 S,2016,"40,515 mi.",Gasoline,Black,At least 1 accident or damage reported,,47999,Sedan,21,1,73900,0,4,,1,8,A
654,Ford,F-150 XLT,2020,"67,516 mi.",Gasoline,Gray,None reported,Yes,36994,Pickup,18,0,35000,0,3.5,,1,6,A
655,Mazda,CX-9 Grand Touring,2010,"155,000 mi.",Gasoline,Silver,None reported,Yes,8300,SUV,20,1,35900,0,3.7,273,0,6,A
656,Honda,Ridgeline RTL-E,2019,"26,998 mi.",Gasoline,Black,None reported,,35557,Pickup,19,1,43000,0,3.5,,0,6,A
657,Bentley,Bentayga Onyx Edition,2018,"18,500 mi.",Gasoline,Black,None reported,Yes,115000,SUV,18,1,230000,0,6,600,0,12,A
658,MINI,Cooper S Clubman Base,2009,"137,600 mi.",Gasoline,Gold,None reported,Yes,6880,Hatchback,25,1,25000,0,1.6,172,0,4,M
659,Nissan,Murano SL,2005,"125,500 mi.",Gasoline,Black,None reported,Yes,3950,SUV,20,0,28745,0,3.5,245,0,6,A
660,Bentley,Bentayga V8,2019,"22,039 mi.",Gasoline,White,None reported,Yes,113990,SUV,18,1,165000,1,4,542,0,8,A
661,Nissan,Juke SV,2011,"137,483 mi.",Gasoline,White,None reported,Yes,3200,SUV,27,0,21800,0,1.6,188,0,4,A
662,Ford,Expedition Max Limited,2019,"67,500 mi.",Gasoline,Gray,None reported,Yes,40500,SUV,20,1,73995,0,3.5,375,0,6,A
663,FORD,Expedition Max King Ranch,2020,"52,000 mi.",Gasoline,Gray,At least 1 accident or damage reported,Yes,53722,SUV,18,1,73800,0,3.5,375,0,6,A
664,Lamborghini,Murcielago Base,2006,"10,000 mi.",Gasoline,Red,None reported,Yes,259000,Coupe,12,1,354000,1,6.2,571,0,12,A
665,Chevrolet,Suburban LT,2017,"195,361 mi.",Gasoline,Black,At least 1 accident or damage reported,Yes,26000,SUV,22,1,60000,0,5.3,355,0,8,A
666,Bentley,Bentayga Onyx Edition,2018,"32,500 mi.",Gasoline,Black,At least 1 accident or damage reported,Yes,103000,SUV,18,1,230000,0,6,600,0,12,A
667,BMW,M760 i xDrive,2019,"14,806 mi.",Gasoline,Black,At least 1 accident or damage reported,Yes,81330,Sedan,19,1,157800,0,6.6,601,0,12,A
668,Genesis,GV70 2.5T,2022,"11,000 mi.",Gasoline,White,At least 1 accident or damage reported,Yes,48950,SUV,25,0,42000,0,2.5,300,0,4,A
669,Chevrolet,Tahoe LT,2011,"92,530 mi.",E85 Flex Fuel,Red,At least 1 accident or damage reported,Yes,18500,SUV,21,1,46000,0,5.3,320,0,8,A
670,Dodge,Durango GT,2017,"34,845 mi.",Gasoline,White,At least 1 accident or damage reported,Yes,30000,SUV,19,1,40500,0,3.6,295,0,6,A
671,Porsche,718 Cayman GTS,2018,"16,280 mi.",Gasoline,Red,None reported,Yes,85500,Coupe,20,1,80000,0,2.5,365,0,4,A
672,Porsche,Cayman Base,2011,"77,000 mi.",Gasoline,Red,None reported,Yes,32000,Coupe,20,0,52000,1,2.9,265,0,6,A
673,Porsche,Panamera Turbo,2010,"63,000 mi.",Gasoline,Black,At least 1 accident or damage reported,Yes,38500,Sedan,16,1,135000,0,4.8,500,0,8,A
674,Lexus,ES 350 Base,2016,"39,700 mi.",Gasoline,White,None reported,Yes,25500,Sedan,24,0,38950,0,3.5,268,0,6,A
675,Kia,Optima Hybrid LX,2013,"103,111 mi.",Hybrid,Silver,At least 1 accident or damage reported,Yes,9200,Sedan,40,0,26000,0,2.4,199,0,4,A
676,Land,Rover Range Rover Velar R-Dynamic SE,2019,"75,897 mi.",Gasoline,Black,None reported,,35998,SUV,23,1,64900,0,2,,0,,A
677,Jaguar,XF S,2017,"55,000 mi.",Gasoline,Gray,None reported,Yes,34000,Sedan,25,1,70000,0,3,380,0,6,A
678,Lexus,GX 470 Base,2005,"114,000 mi.",Gasoline,Silver,At least 1 accident or damage reported,Yes,13450,SUV,16,0,56000,0,4.7,270,0,8,A
679,Mercedes-Benz,GL-Class GL 550,2011,"80,124 mi.",Gasoline,Black,None reported,Yes,17500,SUV,14,1,83500,0,5.5,382,0,8,A
680,BMW,X6 M Base,2023,"7,000 mi.",Gasoline,Gray,None reported,Yes,144900,SUV,13,1,109500,0,4.4,600,0,8,A
681,RAM,1500 Longhorn,2023,"4,285 mi.",Gasoline,Red,None reported,Yes,65688,Pickup,20,1,55000,0,5.7,,0,8,A
682,Lamborghini,Huracan LP580-2S,2019,"17,175 mi.",Gasoline,Red,None reported,,234900,Coupe,18,1,208000,1,5.2,,0,10,A
683,Toyota,Highlander Hybrid Limited Platinum,2017,"34,049 mi.",Hybrid,Blue,None reported,,37999,SUV,29,1,48600,0,3.5,,0,6,A
684,Audi,e-tron Prestige,2019,"16,000 mi.",,White,At least 1 accident or damage reported,Yes,39990,SUV,78,1,74900,0,,355,0,,A
685,GMC,Suburban 2500,1996,"95,000 mi.",Gasoline,White,None reported,Yes,25000,SUV,12,0,33400,1,7.4,290,0,8,A
686,Land,Rover Range Rover Velar SVAutobiography Dynamic Edition,2020,"59,355 mi.",Gasoline,Black,None reported,Yes,72995,SUV,18,1,90800,0,,,0,8,A
687,Chevrolet,Bolt EUV Premier,2022,"31,000 mi.",,Red,None reported,Yes,36000,SUV,100,1,43000,0,,200,0,,A
688,BMW,M240 i,2019,"19,300 mi.",Gasoline,White,None reported,Yes,36000,Coupe,22,1,45000,0,3,335,0,6,A
689,Cadillac,Escalade EXT Base,2009,"155,000 mi.",E85 Flex Fuel,Red,At least 1 accident or damage reported,Yes,16900,SUV,14,0,63690,0,6.2,403,0,8,A
690,Scion,tC Release Series 6.0,2010,"120,010 mi.",Gasoline,Gray,At least 1 accident or damage reported,Yes,6500,Coupe,25,1,20200,1,2.4,161,0,4,A
691,Kia,Optima EX,2012,"152,520 mi.",Gasoline,White,None reported,Yes,10900,Sedan,28,0,25000,0,2.4,200,0,4,A
692,Honda,Civic EX,1993,"58,981 mi.",,White,None reported,Yes,9599,Sedan,30,0,13000,0,,,0,,A
693,Maserati,Quattroporte Base,2005,"32,000 mi.",Gasoline,Red,At least 1 accident or damage reported,Yes,2954083,Sedan,15,1,90000,0,4.2,394,0,8,A
694,Porsche,Panamera Turbo,2015,"47,000 mi.",Gasoline,Black,None reported,Yes,50000,Sedan,18,1,138000,0,4.8,520,0,8,A
695,Genesis,G70 2.0T,2023,"2,046 mi.",Gasoline,Green,None reported,Yes,43499,Sedan,22,0,39600,0,2,252,0,4,A
696,Chevrolet,Trailblazer LS,2021,"24,965 mi.",Gasoline,Black,At least 1 accident or damage reported,Yes,22995,SUV,29,0,25700,0,1.2,,1,3,A
697,Toyota,Camry LE,2005,"108,000 mi.",Gasoline,Beige,None reported,Yes,7850,Sedan,24,0,23000,0,2.4,160,0,4,A
698,Toyota,Sienna LE,2015,"76,000 mi.",Gasoline,Red,None reported,Yes,18300,Minivan,18,0,31000,0,3.5,266,0,6,A
699,Porsche,911 Carrera S,2014,"30,000 mi.",Gasoline,Black,None reported,Yes,78500,Coupe,24,1,105000,1,3.8,400,0,6,A
700,Volvo,V60 T6 R-Design Platinum,2015,"59,271 mi.",Gasoline,Blue,None reported,Yes,29900,,,,,,3,325,0,6,A
701,Lexus,LX 600 Premium,2023,"1,500 mi.",Gasoline,Gray,,,119500,SUV,19,1,89950,0,3.4,409,0,6,A
702,BMW,330e iPerformance,2017,"52,500 mi.",Plug-In Hybrid,Blue,At least 1 accident or damage reported,Yes,24950,Sedan,70,1,44000,0,2,247,0,4,A
703,Tesla,Model Y Long Range,2020,"23,100 mi.",,Blue,None reported,Yes,36495,SUV,126,1,49990,0,,425,0,,A
704,FIAT,124 Spider Abarth,2017,"45,000 mi.",Gasoline,Gray,At least 1 accident or damage reported,Yes,22500,Convertible,26,1,28000,0,1.4,164,0,4,M
705,Dodge,Ram 1500 Quad Cab,2002,"179,000 mi.",Gasoline,Black,At least 1 accident or damage reported,Yes,6500,Pickup,15,0,23000,0,5.9,245,0,8,A
706,Toyota,Supra A91-MT Edition,2023,"1,500 mi.",Gasoline,Gray,None reported,Yes,84900,Coupe,22,1,60500,0,3,382,0,6,M
707,BMW,X7 xDrive40i,2022,"38,671 mi.",Hybrid,Gray,None reported,,66998,SUV,22,1,74900,0,3,,1,,A
708,Jeep,Wrangler Unlimited X,2007,"135,465 mi.",Gasoline,Black,None reported,Yes,15750,SUV,15,0,26000,0,3.8,205,0,6,A
709,MINI,Countryman Cooper S ALL4,2014,"79,000 mi.",Gasoline,White,None reported,Yes,17000,SUV,25,0,25000,0,1.6,181,0,4,A
710,Nissan,Maxima SV,2012,"42,259 mi.",Gasoline,Black,At least 1 accident or damage reported,Yes,17000,Sedan,26,0,33990,0,3.5,290,0,6,A
711,Toyota,Camry Solara SLE V6,2006,"159,890 mi.",Gasoline,Blue,At least 1 accident or damage reported,Yes,6500,Coupe,22,1,30000,0,3.3,225,0,6,A
712,Maserati,Grecale Modena,2023,"2,200 mi.",Hybrid,Black,None reported,Yes,75000,SUV,22,1,64900,0,2,325,0,4,A
713,Lexus,RX 450h Base,2022,"15,833 mi.",Hybrid,White,None reported,Yes,52000,SUV,31,0,46900,0,3.5,308,0,6,A
714,BMW,328 i xDrive,2013,"96,000 mi.",Gasoline,Black,At least 1 accident or damage reported,Yes,13500,Sedan,28,0,40800,0,2,240,0,4,A
715,BMW,135 i,2009,"72,900 mi.",Gasoline,Gray,None reported,Yes,15500,Coupe,18,1,38000,0,3,300,0,6,A
716,BMW,X7 M50i,2021,"7,121 mi.",Gasoline,Gray,None reported,,94998,SUV,20,1,100000,0,4.4,,1,,A
717,Hyundai,Tucson Hybrid SEL Convenience,2023,"3,402 mi.",Hybrid,White,None reported,Yes,44000,SUV,38,0,36450,0,1.6,226,0,4,A
718,Volvo,C30 T5 Premier Plus,2013,"73,000 mi.",Gasoline,Silver,None reported,Yes,13900,Hatchback,21,1,27400,0,2.5,227,0,5,A
719,Karma,Revero Base,2018,"21,000 mi.",,White,None reported,Yes,51000,Sedan,52,1,130000,1,2,403,0,,A
720,BMW,X7 xDrive40i,2021,"30,309 mi.",Hybrid,Blue,None reported,,63598,SUV,21,1,74900,0,3,,1,,A
721,Ford,Mustang Mach-E California Route 1,2021,"24,000 mi.",,White,None reported,Yes,38000,SUV,90,1,59995,0,,290,0,,A
722,BMW,740 i,2016,"73,000 mi.",Gasoline,Black,None reported,Yes,23999,Sedan,20,1,82000,0,3,320,0,6,A
723,Ford,Edge SEL,2019,"26,465 mi.",Gasoline,White,None reported,,24998,SUV,21,0,33500,0,2,,1,4,A
724,Volkswagen,Arteon 2.0T SEL Premium R-Line,2020,"26,870 mi.",Gasoline,Black,At least 1 accident or damage reported,Yes,34645,Sedan,25,1,46900,0,2,,1,4,A
725,Honda,Pilot EX,2004,"184,000 mi.",Gasoline,Blue,At least 1 accident or damage reported,Yes,10500,SUV,20,0,30000,0,3.5,240,0,6,A
726,BMW,X7 ALPINA XB7,2022,"4,514 mi.",Gasoline,Gray,None reported,,132998,SUV,23,1,141300,0,4.4,,1,,A
727,RAM,2500 Tradesman,2022,"1,300 mi.",Gasoline,Red,None reported,Yes,48000,Pickup,15,0,41000,0,6.4,410,0,8,A
728,Jeep,Grand Cherokee Limited,2018,"49,924 mi.",Gasoline,White,None reported,Yes,26500,SUV,24,1,43995,0,3.6,293,0,6,A
729,GMC,Yukon Denali,2019,"36,526 mi.",Gasoline,Red,None reported,Yes,57850,SUV,20,1,73500,0,6.2,420,0,8,A
730,BMW,M6 Base,2015,"37,000 mi.",Gasoline,Silver,None reported,Yes,45950,Coupe,15,1,113000,1,4.4,560,0,8,A
731,Acura,MDX 3.5L w/Advance & Entertainment Pkgs,2017,"79,884 mi.",Gasoline,Gray,At least 1 accident or damage reported,,24840,SUV,20,1,57000,0,3.5,,0,6,A
732,Volkswagen,Beetle 1.8T,2016,"30,000 mi.",Gasoline,Blue,At least 1 accident or damage reported,Yes,19000,Coupe,27,1,22000,0,1.8,170,0,4,A
733,BMW,X6 M Base,2021,"11,102 mi.",Gasoline,Black,None reported,Yes,101000,SUV,16,1,108000,0,4.4,600,0,8,A
734,FORD,Mustang GT Premium,2012,"105,500 mi.",Gasoline,Silver,None reported,Yes,19000,Coupe,15,1,36000,0,5,412,0,8,M
735,BMW,X7 xDrive50i,2019,"31,157 mi.",Gasoline,Black,None reported,,65998,SUV,20,1,99900,0,4.4,,1,,A
736,Kia,Sorento LX V6,2019,"86,204 mi.",Gasoline,Silver,At least 1 accident or damage reported,,20708,SUV,22,0,28000,0,3.3,,0,6,A
737,BMW,435 i,2014,"80,211 mi.",Gasoline,Gray,At least 1 accident or damage reported,Yes,17995,Coupe,25,1,45000,0,3,300,0,6,A
738,Aston,Martin V8 Vantage Base,2010,"25,991 mi.",Gasoline,Silver,None reported,Yes,69995,Coupe,18,0,130000,1,4.7,420,0,8,A
739,Mercedes-Benz,CLK-Class CLK 350,2008,"73,000 mi.",Gasoline,Black,None reported,Yes,8400,Coupe,19,0,49000,0,3.5,268,0,6,A
740,BMW,740 i,2018,"40,989 mi.",Gasoline,Black,None reported,Yes,35000,Sedan,20,1,85500,0,3,320,0,6,A
741,Dodge,Caliber Express,2010,"102,681 mi.",Gasoline,Red,None reported,Yes,6000,Hatchback,24,0,19500,0,2,158,0,4,M
742,Acura,ZDX Base,2010,"123,000 mi.",Gasoline,Black,At least 1 accident or damage reported,Yes,13888,SUV,18,0,46000,0,3.7,300,0,6,A
743,Jeep,Wrangler X,2005,"160,900 mi.",Gasoline,Black,At least 1 accident or damage reported,Yes,7200,SUV,17,0,21500,0,4,190,0,6,A
744,BMW,M3 Base,2011,"105,000 mi.",Gasoline,Silver,At least 1 accident or damage reported,Yes,21900,Coupe,14,1,61900,1,4,414,0,8,M
745,Kia,Sportage Plug-In Hybrid X-Line,2023,"1,340 mi.",Plug-In Hybrid,Black,None reported,Yes,41000,SUV,38,1,35500,0,1.6,177,0,4,A
746,FORD,Mustang Mach-E Premium,2021,"17,850 mi.",,Red,None reported,Yes,41999,SUV,90,1,42995,0,,266,0,,A
747,BMW,M3 Base,2011,"72,277 mi.",Gasoline,Gray,None reported,Yes,34950,Coupe,14,1,61900,1,4,414,0,8,A
748,Jeep,Wrangler Rubicon,2023,"7,000 mi.",Hybrid,Gray,None reported,Yes,46000,SUV,20,1,45000,0,3.6,285,0,6,A
749,Porsche,Panamera 4 Platinum Edition,2022,"10,627 mi.",Gasoline,Beige,None reported,,99000,Sedan,20,1,100000,0,2.9,,0,,A
750,Ford,Explorer XLT,2020,"67,015 mi.",Gasoline,White,None reported,,28590,SUV,24,0,35500,0,2.3,,1,4,A
751,BMW,M4 Base,2018,"19,600 mi.",Gasoline,Black,At least 1 accident or damage reported,Yes,62000,Coupe,20,1,68800,1,3,425,0,6,A
752,Ford,Mustang Mach-E Premium,2022,"5,800 mi.",,White,None reported,Yes,42500,SUV,90,1,60000,0,,346,0,,A
753,FIAT,500e Battery Electric,2017,"33,812 mi.",,Silver,None reported,Yes,14999,Hatchback,121,0,32990,0,,111,0,,A
754,Cadillac,Escalade Luxury,2015,"99,897 mi.",Gasoline,Black,None reported,Yes,26950,SUV,15,1,74995,0,6.2,420,0,8,A
755,Mercedes-Benz,SL-Class SL 550,2014,"127,500 mi.",Gasoline,White,None reported,Yes,29000,Convertible,19,1,104000,0,4.7,429,0,8,A
756,FORD,Expedition Limited,2021,"23,842 mi.",Gasoline,Gray,None reported,Yes,59203,SUV,18,1,67000,0,3.5,,1,6,A
757,Rivian,R1S Adventure Package,2023,"2,108 mi.",,Silver,None reported,Yes,91000,SUV,74,1,74900,0,,835,0,,A
758,BMW,M6 Base,2014,"65,550 mi.",Gasoline,Black,None reported,Yes,39985,Coupe,18,1,113000,1,4.4,560,0,8,A
759,Lamborghini,Huracan LP580-2,2017,"22,000 mi.",Gasoline,White,None reported,Yes,210000,Coupe,18,1,192000,1,5.2,573,0,10,A
760,Ford,Bronco Wildtrak Advanced,2022,"15,600 mi.",Gasoline,Gray,At least 1 accident or damage reported,Yes,68995,SUV,20,1,60000,0,2.7,315,0,6,A
761,Lexus,LC 500 Base,2021,"22,400 mi.",Gasoline,White,None reported,Yes,81900,Coupe,17,0,92600,0,5,471,0,8,A
762,Lexus,LS 460 Crafted Line,2015,"89,150 mi.",Gasoline,White,None reported,Yes,31900,Sedan,19,1,80975,0,4.6,360,0,8,A
763,BMW,M4 Base,2023,"15,000 mi.",Gasoline,Blue,None reported,,81000,Coupe,16,1,72000,0,,,0,,M
764,audi,A3 2.0T Tech Premium,2018,"49,500 mi.",Gasoline,Blue,None reported,Yes,25000,Sedan,32,1,33100,0,2,220,0,4,A
765,Audi,S8 4.2 quattro,2003,"126,000 mi.",Gasoline,Gray,,,13850,Sedan,16,1,80000,1,4.2,360,0,8,A
766,Volkswagen,Golf GTI 2.0T Autobahn 4-Door,2015,"85,385 mi.",Gasoline,Gray,None reported,Yes,15550,Hatchback,25,0,35000,0,2,210,0,4,M
767,Cadillac,Escalade Sport,2023,"3,000 mi.",Diesel,White,None reported,Yes,123999,SUV,15,1,79895,0,3,277,0,6,A
768,Hyundai,Tucson SE,2018,"66,126 mi.",Gasoline,White,None reported,,19190,SUV,23,0,24550,0,2,,0,4,A
769,Toyota,GR86 Premium,2023,"1,075 mi.",Gasoline,White,None reported,Yes,35000,Coupe,22,1,33990,0,2.4,228,0,4,M
770,Ford,Bronco Raptor,2023,"2,489 mi.",Gasoline,White,None reported,,98900,SUV,15,1,74995,0,3,,1,6,A
771,Hyundai,Santa Fe SEL,2021,"25,000 mi.",Gasoline,Black,None reported,Yes,28500,SUV,25,0,30500,0,2.5,191,0,4,A
772,Nissan,Armada Platinum,2017,"92,000 mi.",Gasoline,Black,None reported,Yes,20900,SUV,19,1,65000,0,5.6,390,0,8,A
773,Lexus,GX 470 Base,2008,"123,500 mi.",Gasoline,White,At least 1 accident or damage reported,Yes,14500,SUV,15,0,50500,0,4.7,263,0,8,A
774,Cadillac,CTS Premium,2013,"105,000 mi.",Gasoline,Black,At least 1 accident or damage reported,Yes,12000,Sedan,18,1,50900,0,3.6,318,0,6,A
775,Audi,R8 Base,2008,"49,000 mi.",Gasoline,Black,None reported,Yes,63000,Coupe,16,0,114900,1,4.2,420,0,8,M
776,Jaguar,F-PACE S,2020,"28,357 mi.",Gasoline,Black,None reported,,47598,SUV,22,1,68900,0,3,,0,,A
777,Chevrolet,Silverado 1500 1LT,2018,"81,000 mi.",E85 Flex Fuel,Red,None reported,Yes,32000,Pickup,18,0,32700,0,4.3,285,0,6,A
778,Ford,Expedition Limited,2021,"45,000 mi.",Gasoline,Gray,None reported,Yes,52000,SUV,18,1,67000,0,3.5,375,0,6,A
779,Toyota,Sequoia Platinum,2011,"173,456 mi.",E85 Flex Fuel,Black,At least 1 accident or damage reported,Yes,16000,SUV,13,1,61000,0,5.7,381,0,8,A
780,BMW,M440 i,2021,"13,700 mi.",Hybrid,Black,,,60000,Coupe,26,1,60000,0,3,382,0,6,A
781,Audi,A8 L 55,2019,"93,400 mi.",Hybrid,Silver,None reported,Yes,42500,Sedan,23,1,83500,0,3,335,0,6,A
782,Toyota,Avalon XLE,2015,"90,000 mi.",Gasoline,White,None reported,Yes,18200,Sedan,24,0,35900,0,3.5,268,0,6,A
783,Porsche,Macan Base,2017,"40,600 mi.",Gasoline,Gray,None reported,Yes,32000,SUV,20,0,52000,0,2,252,0,4,A
784,Lexus,IS 350 F Sport,2023,"20,121 mi.",Gasoline,Gray,None reported,Yes,47124,Sedan,26,1,45000,0,3.5,311,0,6,A
785,Mercedes-Benz,Metris Base,2020,"3,921 mi.",Gasoline,Black,None reported,Yes,175000,Minivan,20,0,31000,0,2,,1,4,A
786,Lexus,RX 350 Base,2011,"187,450 mi.",Gasoline,Silver,At least 1 accident or damage reported,Yes,10400,SUV,22,0,39400,0,3.5,275,0,6,A
787,Toyota,Supra A91 Edition,2021,"6,400 mi.",Gasoline,Gray,None reported,Yes,68000,Coupe,24,1,64990,1,3,382,0,6,A
788,Mercedes-Benz,AMG C 43 Base 4MATIC,2017,"54,500 mi.",Gasoline,White,None reported,Yes,37995,Sedan,20,1,52000,0,3,362,0,6,A
789,BMW,X6 xDrive50i,2017,"78,500 mi.",Gasoline,Red,At least 1 accident or damage reported,Yes,42000,SUV,18,1,77900,0,4.4,445,0,8,A
790,Chevrolet,Tahoe LT,2018,"75,000 mi.",Gasoline,Silver,None reported,Yes,36000,SUV,20,1,60150,0,5.3,355,0,8,A
791,FORD,F-150 SVT Raptor,2014,"89,988 mi.",Gasoline,Red,At least 1 accident or damage reported,Yes,42500,Pickup,10,1,45000,1,6.2,411,0,8,A
792,Subaru,Outback 3.0 R VDC Limited,2005,"107,000 mi.",Gasoline,Gold,None reported,Yes,7100,SUV,21,0,30795,0,3,250,0,6,A
793,Alfa,Romeo Giulia Ti,2019,"21,400 mi.",Gasoline,White,None reported,Yes,28500,Sedan,24,1,47900,0,2,280,0,4,A
794,Mazda,CX-7 Grand Touring,2007,"83,150 mi.",Gasoline,White,None reported,Yes,6950,SUV,20,1,30000,0,2.3,244,0,4,A
795,Ford,F-150 Platinum,2018,"92,000 mi.",Diesel,Black,At least 1 accident or damage reported,Yes,36500,Pickup,18,1,53500,0,3,250,0,6,A
796,Mercedes-Benz,GLE 350 Base 4MATIC,2021,"15,042 mi.",Gasoline,Gray,None reported,,54599,SUV,22,0,54900,0,2,,1,4,A
797,Audi,A7 3.0T Premium Plus,2017,"39,000 mi.",Gasoline,Black,At least 1 accident or damage reported,Yes,35000,Sedan,24,1,68400,0,3,333,0,6,A
798,RAM,2500 Laramie,2017,"67,483 mi.",Gasoline,Brown,At least 1 accident or damage reported,Yes,46500,Pickup,14,1,57000,0,6.4,410,0,8,A
799,Tesla,Model S 70D,2015,"62,089 mi.",,Black,None reported,Yes,29975,Sedan,95,1,75000,0,,329,0,,A
800,audi,S8 4.0T Plus,2017,"54,300 mi.",Gasoline,Black,None reported,Yes,53500,Sedan,17,0,115900,0,4,605,0,8,A
801,Hyundai,Sonata Hybrid Limited,2022,"30,565 mi.",Hybrid,Gray,None reported,Yes,29000,Sedan,52,1,34400,0,2,192,0,4,A
802,audi,A8 L 4.0T,2016,"142,666 mi.",Gasoline,Black,At least 1 accident or damage reported,Yes,22000,Sedan,24,1,82500,0,4,450,0,8,A
803,Ford,Ranger Sport SuperCab,2009,"166,200 mi.",Gasoline,Blue,At least 1 accident or damage reported,Yes,6999,Pickup,19,0,26000,0,4,207,0,6,A
804,INFINITI,Q50 Hybrid Premium,2015,"88,977 mi.",Hybrid,Gray,At least 1 accident or damage reported,Yes,19977,Sedan,30,1,50000,0,3.5,354,0,6,A
805,BMW,M3 Base,2011,"114,890 mi.",Gasoline,White,None reported,Yes,20990,Coupe,14,1,61900,1,4,414,0,8,A
806,Mercedes-Benz,E-Class E 350 4MATIC,2009,"171,000 mi.",Gasoline,Black,At least 1 accident or damage reported,Yes,4750,Sedan,17,0,50000,0,3.5,268,0,6,A
807,FORD,Explorer sport,2019,"90,067 mi.",Gasoline,Black,None reported,,28590,SUV,20,0,40500,0,3.5,,1,6,A
808,Chevrolet,Camaro 1LT,2014,"97,579 mi.",Gasoline,Black,At least 1 accident or damage reported,Yes,15000,Coupe,26,0,25000,0,3.6,323,0,6,A
809,Mazda,MX-5 Miata RF Grand Touring,2017,"52,000 mi.",Gasoline,Black,At least 1 accident or damage reported,Yes,20500,Convertible,28,1,34000,0,2,155,0,4,M
810,Jeep,Grand Cherokee L Limited,2021,"25,968 mi.",Gasoline,Gray,None reported,,38405,SUV,21,1,55000,0,3.6,,0,6,A
811,MINI,Hardtop Cooper S,2016,"41,680 mi.",Gasoline,Silver,None reported,Yes,17495,Hatchback,26,1,25000,0,2,189,0,4,A
812,Saab,9-3 SE,2002,"77,200 mi.",Gasoline,Black,None reported,Yes,7500,Sedan,20,0,30000,0,2,205,0,4,M
813,BMW,X5 xDrive40i,2019,"50,000 mi.",Gasoline,Blue,None reported,Yes,43000,SUV,22,1,60800,0,3,335,0,6,A
814,Porsche,Macan,2021,"21,613 mi.",Gasoline,White,None reported,,58998,SUV,19,1,52000,0,2,,0,,A
815,Audi,Q3 S line Premium Plus,2022,"17,377 mi.",Gasoline,White,None reported,,39998,SUV,22,1,38400,0,2,,0,,A
816,GMC,Acadia SLE,2020,"30,426 mi.",Gasoline,Beige,,,29645,SUV,22,0,34700,0,2.5,,0,4,A
817,audi,allroad 2.7T,2005,"153,000 mi.",Gasoline,Blue,At least 1 accident or damage reported,Yes,6500,SUV,18,0,40000,0,2.7,250,0,6,M
818,Mercury,Marauder Base,2004,"56,600 mi.",Gasoline,Silver,None reported,Yes,23000,Sedan,18,0,35000,1,4.6,302,0,8,A
819,Hyundai,Genesis 3.8,2015,"116,612 mi.",Gasoline,White,At least 1 accident or damage reported,Yes,12700,Sedan,18,0,60000,0,3.8,311,0,6,A
820,audi,SQ5 3.0T Premium Plus,2018,"72,000 mi.",Gasoline,Blue,At least 1 accident or damage reported,Yes,30000,SUV,22,1,54600,0,3,354,0,6,A
821,Audi,A8 L 55,2019,"39,000 mi.",Hybrid,Black,None reported,Yes,50000,Sedan,23,1,83500,0,3,335,0,6,A
822,Lincoln,Navigator Base,2008,"149,000 mi.",Gasoline,Gold,None reported,Yes,10099,SUV,14,0,54000,0,5.4,300,0,8,A
823,BMW,M4 Base,2018,"19,300 mi.",Gasoline,White,None reported,Yes,64000,Coupe,20,1,68800,1,3,425,0,6,M
824,Mazda,CX-9 Carbon Edition,2021,"27,836 mi.",Gasoline,Gray,None reported,Yes,36969,SUV,20,0,41900,0,2.5,,1,4,A
825,Chevrolet,Corvette Stingray w/1LT,2023,"3,273 mi.",Gasoline,Black,None reported,Yes,78999,Coupe,15,0,63900,1,6.2,490,0,8,A
826,FORD,F-150 Lariat,2017,"74,349 mi.",Gasoline,White,None reported,Yes,36000,Pickup,20,1,45000,0,3.5,375,0,6,A
827,FORD,F-250 Lariat,2019,"85,000 mi.",Diesel,White,At least 1 accident or damage reported,Yes,55000,Pickup,15,1,58500,0,6.7,450,0,8,A
828,Ferrari,Roma Base,2022,"2,250 mi.",Gasoline,Gray,None reported,Yes,259500,Coupe,22,0,222000,1,3.9,611,0,8,A
829,Mercedes-Benz,GLS 450 Base 4MATIC,2017,"46,100 mi.",Gasoline,Black,At least 1 accident or damage reported,Yes,33000,SUV,19,1,67500,0,3,362,0,6,A
830,Hyundai,Santa Fe SEL Plus 2.4,2019,"49,500 mi.",Gasoline,Silver,None reported,Yes,28000,SUV,22,0,32750,0,2.4,185,0,4,A
831,Mercedes-Benz,E-Class E 350,2012,"31,130 mi.",Gasoline,Black,None reported,Yes,23500,Sedan,20,0,53000,0,3.5,302,0,6,A
832,Ford,F-250 XLT SuperCab Super Duty,2008,"149,460 mi.",Diesel,Blue,At least 1 accident or damage reported,Yes,12240,Pickup,14,0,32000,0,6.4,350,0,8,A
833,Mercury,Marauder Base,2003,"90,000 mi.",Gasoline,Blue,At least 1 accident or damage reported,Yes,15500,Sedan,18,0,35000,0,4.6,302,0,8,A
834,Ford,Transit-350 XLT,2021,"48,000 mi.",E85 Flex Fuel,White,None reported,Yes,57000,Minivan,14,0,40000,0,3.5,275,0,6,A
835,Mercedes-Benz,C-Class C 300 4MATIC Sport,2013,"98,000 mi.",Gasoline,White,At least 1 accident or damage reported,Yes,15500,Sedan,19,1,39150,0,3.5,248,0,6,A
836,Volkswagen,Arteon SEL R-Line,2022,"18,655 mi.",Gasoline,White,None reported,,38698,Sedan,24,1,48700,0,2,,0,,A
837,Chevrolet,Suburban 2500 LS,2006,"60,000 mi.",Gasoline,Brown,At least 1 accident or damage reported,Yes,24950,SUV,14,0,50000,0,8.1,325,0,8,A
838,Chevrolet,Suburban 1500 LT,2014,"169,500 mi.",E85 Flex Fuel,Purple,None reported,Yes,15000,SUV,16,1,48995,0,5.3,320,0,8,A
839,Mitsubishi,Eclipse GS,2008,"189,500 mi.",Gasoline,Red,None reported,Yes,6000,Coupe,20,0,23100,0,2.4,162,0,4,M
840,Toyota,Land Cruiser Base,2016,"91,000 mi.",Gasoline,Black,None reported,Yes,68500,SUV,13,1,84900,0,5.7,381,0,8,A
841,Genesis,G80 2.5T,2022,"7,396 mi.",Gasoline,Black,None reported,,41299,Sedan,25,0,60000,0,2.5,,1,4,A
842,Toyota,Tundra SR5 Access Cab,2004,"229,450 mi.",Gasoline,Gray,None reported,Yes,8250,Pickup,16,0,25000,0,4.7,240,0,8,A
843,Maserati,Quattroporte Modena Q4,2023,"8,603 mi.",Gasoline,Blue,None reported,,125900,Sedan,20,1,112000,0,3,,1,6,A
844,Audi,RS 5 4.2,2014,"49,098 mi.",Gasoline,White,At least 1 accident or damage reported,Yes,44900,Coupe,18,1,70000,1,4.2,450,0,8,A
845,Nissan,Rogue S,2022,"21,212 mi.",Gasoline,Gray,None reported,,28906,SUV,30,0,27790,0,1.5,,1,3,A
846,Porsche,Panamera 4S,2010,"62,743 mi.",Gasoline,Silver,None reported,Yes,28600,Sedan,20,1,100000,1,4.8,400,0,8,A
847,BMW,M440 i xDrive,2021,"24,300 mi.",Hybrid,Gray,None reported,Yes,49999,Coupe,26,1,58000,0,3,382,0,6,A
848,Cadillac,Escalade Premium,2010,"104,000 mi.",E85 Flex Fuel,Gray,None reported,Yes,19500,SUV,12,1,70000,0,6.2,403,0,8,A
849,Volvo,S60 T6 Momentum,2020,"46,250 mi.",Gasoline,White,At least 1 accident or damage reported,Yes,27800,Sedan,25,0,43000,0,2,,0,4,A
850,Mazda,CX-9 Touring Plus,2023,"1,930 mi.",Gasoline,Black,At least 1 accident or damage reported,Yes,40655,SUV,24,0,43900,0,2.5,,1,4,A
851,Chrysler,Pacifica Hybrid Touring L,2022,"61,494 mi.",Hybrid,White,None reported,,35850,Minivan,30,1,52000,0,3.6,,0,6,A
852,Jeep,Wrangler Unlimited Sport,2020,"24,040 mi.",Gasoline,Black,None reported,Yes,35273,SUV,20,0,33500,0,2,,1,4,A
853,Toyota,Highlander Base,2001,"231,581 mi.",Gasoline,Beige,None reported,Yes,4300,SUV,22,0,26500,0,3,220,0,6,A
854,FORD,F-150 Lariat,2019,"81,000 mi.",Gasoline,Gray,None reported,Yes,38500,Pickup,20,1,40000,0,3.5,375,0,6,A
855,FORD,Bronco,1974,"6,217 mi.",,Gray,None reported,Yes,115000,SUV,15,0,5000,1,,,0,,A
856,Land,Rover Discovery Sport S R-Dynamic,2022,"23,568 mi.",Gasoline,Red,None reported,,44998,SUV,22,0,42000,0,2,,0,,A
857,Mazda,Mazda6 Touring,2020,"78,700 mi.",Gasoline,White,None reported,Yes,18000,Sedan,26,0,28705,0,2.5,187,0,4,A
858,Kia,Optima EX,2015,"109,580 mi.",Gasoline,Red,At least 1 accident or damage reported,Yes,11900,Sedan,27,0,23500,0,2.4,192,0,4,A
859,Lexus,RX 350 Base,2009,"178,000 mi.",Gasoline,Gray,At least 1 accident or damage reported,Yes,4500,SUV,18,0,38100,0,3.5,270,0,6,A
860,Mitsubishi,Outlander Sport 2.4 SE,2016,"131,193 mi.",Gasoline,Black,None reported,Yes,11970,SUV,23,0,22500,0,2.4,,0,4,A
861,Mercedes-Benz,GLS 450 Base 4MATIC,2017,"106,000 mi.",Gasoline,White,None reported,Yes,25900,SUV,19,1,67500,0,3,362,0,6,A
862,audi,A3 2.0T Premium,2019,"28,211 mi.",Gasoline,Gray,At least 1 accident or damage reported,Yes,27500,Sedan,29,1,33500,0,2,184,0,4,A
863,audi,A4 2.0T Premium,2015,"91,403 mi.",E85 Flex Fuel,Silver,None reported,,14998,Sedan,28,1,35800,0,2,,1,4,A
864,Mercedes-Benz,CLA-Class CLA 250,2016,"88,600 mi.",Gasoline,Black,At least 1 accident or damage reported,Yes,16800,Sedan,26,0,33000,0,2,208,0,4,A
865,INFINITI,FX50 Base,2011,"84,900 mi.",Gasoline,Silver,,,22450,SUV,14,1,61000,0,5,390,0,8,A
866,Kia,K5 EX,2021,"11,154 mi.",Gasoline,White,None reported,,28998,Sedan,29,0,27190,0,1.6,,1,4,A
867,BMW,X5 eDrive xDrive40e,2018,"45,090 mi.",Plug-In Hybrid,Gray,At least 1 accident or damage reported,Yes,30750,SUV,24,1,63000,0,2,313,0,4,A
868,Mercedes-Benz,SLK-Class SLK230 Kompressor,2003,"33,272 mi.",Gasoline,Red,At least 1 accident or damage reported,Yes,11900,Convertible,21,0,42600,1,2.3,192,0,4,A
869,Jeep,Wrangler SE,2003,"71,000 mi.",Gasoline,Red,None reported,Yes,12499,SUV,16,0,19545,0,2.4,150,0,4,M
870,Kia,Telluride SX,2020,"55,400 mi.",Gasoline,Green,,,36500,SUV,20,1,44000,0,3.8,291,0,6,A
871,Land,Rover LR4 Lux,2012,"141,525 mi.",Gasoline,Black,None reported,Yes,14490,SUV,12,1,54000,0,5,375,0,8,A
872,Jaguar,XKR Base,2007,"50,000 mi.",Gasoline,Black,At least 1 accident or damage reported,Yes,21900,Coupe,17,1,84900,0,4.2,420,0,8,A
873,BMW,M4 Base,2020,"29,140 mi.",Gasoline,Orange,None reported,Yes,71995,Coupe,20,1,70800,0,3,425,0,6,M
874,BMW,M340 i xDrive,2022,"9,000 mi.",Hybrid,White,None reported,Yes,56900,Sedan,25,1,54500,0,3,382,0,6,A
875,Mercedes-Benz,AMG GLE 53 AMG GLE 53,2021,"5,595 mi.",Hybrid,White,None reported,,83598,SUV,20,1,73600,0,3,,1,,A
876,RAM,1500 Laramie,2022,"34,121 mi.",Gasoline,Black,None reported,,48190,Pickup,22,1,45000,0,5.7,,0,8,A
877,BMW,ALPINA B7 Base,2013,"36,750 mi.",Gasoline,Black,None reported,Yes,35999,Sedan,24,1,138900,1,4.4,445,0,8,A
878,Mercedes-Benz,C-Class C280 4MATIC,2007,"49,626 mi.",Gasoline,White,None reported,Yes,12000,Sedan,20,0,37000,0,3,228,0,6,A
879,Jeep,Compass High Altitude,2017,"45,000 mi.",Gasoline,White,At least 1 accident or damage reported,Yes,16500,SUV,25,1,30000,0,2.4,172,0,4,A
880,Toyota,Highlander Hybrid XLE,2019,"69,350 mi.",Hybrid,Black,None reported,Yes,36000,SUV,29,1,44000,0,3.5,306,0,6,A
881,BMW,X5 M Base,2022,"8,307 mi.",Gasoline,Blue,None reported,,98900,SUV,18,1,104000,0,4.4,,1,8,A
882,BMW,M3 Base,2023,"4,106 mi.",Gasoline,Green,None reported,Yes,84645,Sedan,16,1,71800,0,3,,1,6,M
883,BMW,M3 Base,1999,"184,700 mi.",Gasoline,Blue,None reported,Yes,36950,Coupe,20,0,40000,1,3.2,240,0,6,M
884,Maserati,Quattroporte S Q4 GranLusso,2018,"57,500 mi.",Gasoline,White,None reported,Yes,41900,Sedan,19,1,112000,0,3,424,0,6,A
885,Acura,RDX Advance Package,2021,"29,000 mi.",Gasoline,Black,None reported,Yes,39650,SUV,26,1,45000,0,2,272,0,4,A
886,Mercedes-Benz,GLA-Class GLA 250 4MATIC,2015,"61,675 mi.",Gasoline,Gray,At least 1 accident or damage reported,Yes,19000,SUV,25,1,34700,0,2,208,0,4,A
887,Mercedes-Benz,Sprinter 3500XD High Roof,2021,"33,300 mi.",Diesel,White,None reported,Yes,45000,Van,22,1,48000,0,3,188,0,6,A
888,Cadillac,XTS Luxury,2014,"62,950 mi.",Gasoline,Silver,At least 1 accident or damage reported,Yes,17498,Sedan,18,0,60000,0,3.6,304,0,6,A
889,Chevrolet,Camaro 2LT,2015,"56,675 mi.",Gasoline,Silver,None reported,Yes,19750,Coupe,17,0,30500,0,3.6,323,0,6,A
890,Porsche,Cayenne S,2013,"92,000 mi.",Gasoline,Green,None reported,Yes,23000,SUV,18,1,67000,0,4.8,400,0,8,A
891,Dodge,Magnum R/T,2005,"96,000 mi.",Gasoline,Gray,At least 1 accident or damage reported,Yes,12000,Sedan,18,1,35000,0,5.7,340,0,8,A
892,INFINITI,Q70 3.7X,2014,"33,500 mi.",Gasoline,Black,None reported,Yes,23000,Sedan,20,0,60000,0,3.7,330,0,6,A
893,Land,Rover Range Rover SV Autobiography Dynamic SWB,2020,"16,754 mi.",Gasoline,White,None reported,Yes,112000,SUV,16,1,207000,1,5,557,0,8,A
894,Toyota,Camry Hybrid Base,2007,"53,249 mi.",Hybrid,Silver,At least 1 accident or damage reported,Yes,9250,Sedan,34,0,26600,0,2.4,147,0,4,A
895,GMC,Acadia SLT-1,2016,"119,000 mi.",Gasoline,Gold,None reported,Yes,12500,SUV,17,0,41145,0,3.6,281,0,6,A
896,Lincoln,Corsair Reserve,2021,"29,336 mi.",Gasoline,Black,None reported,,36999,SUV,22,1,42265,0,2,,1,4,A
897,RAM,2500 SLT,2017,"86,000 mi.",Diesel,Gray,At least 1 accident or damage reported,Yes,41000,Pickup,16,0,45000,0,6.7,350,0,6,A
898,RAM,3500 Laramie,2014,"177,000 mi.",Diesel,Black,At least 1 accident or damage reported,Yes,40500,Pickup,15,1,50000,0,6.7,385,0,6,A
899,Mercedes-Benz,GL-Class GL 450 4MATIC,2013,"93,500 mi.",Gasoline,Black,At least 1 accident or damage reported,Yes,15900,SUV,15,1,64000,0,4.6,362,0,8,A
900,BMW,M5 Base,2018,"47,700 mi.",Gasoline,Red,At least 1 accident or damage reported,Yes,54999,Sedan,18,1,102600,0,4.4,600,0,8,A
901,Ford,Mustang SVT Cobra,2003,"97,496 mi.",Gasoline,Gray,,,24500,Coupe,20,1,35995,1,4.6,390,0,8,M
902,Acura,ILX Premium Package,2022,"16,120 mi.",Gasoline,Gray,None reported,,26599,Sedan,28,1,31300,0,2.4,,0,4,A
903,Buick,Rainier CXL,2005,"147,589 mi.",Gasoline,White,At least 1 accident or damage reported,Yes,2800,SUV,18,1,39000,0,4.2,275,0,6,A
904,Cadillac,Escalade Luxury,2013,"95,570 mi.",E85 Flex Fuel,Black,At least 1 accident or damage reported,Yes,22000,SUV,14,1,84470,0,6.2,403,0,8,A
905,Mercedes-Benz,S-Class S 560,2018,"45,791 mi.",Gasoline,Gray,None reported,Yes,52000,Sedan,17,1,102000,0,4,463,0,8,A
906,INFINITI,QX80 Base,2016,"60,000 mi.",Gasoline,Silver,At least 1 accident or damage reported,Yes,25950,SUV,14,0,64900,0,5.6,400,0,8,A
907,Buick,Encore Preferred,2019,"50,000 mi.",Gasoline,White,None reported,Yes,18795,SUV,25,0,25100,0,1.4,138,0,4,A
908,Mercedes-Benz,GLS 450 Base 4MATIC,2019,"33,481 mi.",Gasoline,Black,None reported,,43999,SUV,18,1,68500,0,3,,1,6,A
909,Jeep,Liberty Limited,2010,"107,000 mi.",Gasoline,Gray,None reported,Yes,5900,SUV,20,1,30390,0,3.7,210,0,6,A
910,Mercedes-Benz,S-Class S 63 AMG,2011,"60,000 mi.",Gasoline,White,At least 1 accident or damage reported,Yes,37000,Sedan,15,1,137800,0,5.5,536,0,8,A
911,audi,A8 L 3.0T,2016,"55,000 mi.",Gasoline,White,None reported,Yes,28000,Sedan,24,0,83000,0,3,333,0,6,A
912,Mazda,CX-30 2.5 S Select Package,2022,"4,004 mi.",Gasoline,Black,None reported,Yes,25500,SUV,25,0,25000,0,2.5,186,0,4,A
913,Bentley,Continental GT Speed,2009,"57,800 mi.",Gasoline,Blue,,,59400,Coupe,12,1,250000,0,6,600,0,12,A
914,Bentley,Continental GT V8,2022,"10,972 mi.",Gasoline,Red,None reported,Yes,217950,Coupe,18,1,202500,1,4,,1,8,A
915,Bentley,Flying Spur V8,2022,"27,858 mi.",Gasoline,,None reported,Yes,197750,Sedan,18,0,218600,0,4,,1,8,A
916,Porsche,911 Carrera 4S,2018,"31,678 mi.",Gasoline,Silver,None reported,,106798,Coupe,20,1,115000,1,3,,0,,A
917,Volkswagen,Golf R 4-Door,2016,"47,144 mi.",Gasoline,Blue,None reported,Yes,29950,Hatchback,24,1,35995,0,2,292,0,4,M
918,Hyundai,Genesis Coupe 3.8 Grand Touring,2011,"165,454 mi.",Gasoline,Gray,At least 1 accident or damage reported,Yes,4000,Coupe,18,1,31950,0,3.8,306,0,6,A
919,Ford,F-150 XLT,2018,"98,000 mi.",Gasoline,White,At least 1 accident or damage reported,Yes,25500,Pickup,20,0,35000,0,3.5,375,0,6,A
920,Hyundai,Tucson Limited,2020,"39,913 mi.",Gasoline,Black,None reported,,22749,SUV,24,1,32500,0,2.4,,0,4,A
921,Ford,Mustang V6,2013,"147,191 mi.",Gasoline,Blue,At least 1 accident or damage reported,Yes,12990,Coupe,19,0,22500,0,3.7,305,0,6,A
922,BMW,435 i,2014,"53,600 mi.",Gasoline,Silver,None reported,Yes,25980,Coupe,25,1,45000,0,3,300,0,6,A
923,Dodge,Challenger R/T,2010,"100,100 mi.",,Purple,None reported,Yes,17000,Coupe,16,0,31000,1,,,0,,A
924,Mercedes-Benz,AMG G 63 Base,2020,"1,750 mi.",Gasoline,Blue,None reported,Yes,199995,SUV,13,1,157000,1,4,577,0,8,A
925,Dodge,Challenger SRT Hellcat,2020,"2,750 mi.",Gasoline,Orange,None reported,Yes,104500,Coupe,18,1,60000,1,6.2,797,0,8,A
926,Porsche,Boxster Base,2013,"40,800 mi.",Gasoline,Brown,None reported,Yes,35500,Convertible,21,0,49900,0,2.7,265,0,6,A
927,Porsche,Macan Base,2018,"36,798 mi.",Gasoline,Gray,At least 1 accident or damage reported,Yes,49500,SUV,22,0,47500,0,2,,1,4,A
928,Ford,F-250 XL,2021,"77,699 mi.",Diesel,White,,,49883,Pickup,18,0,35000,0,6.7,,1,8,A
929,Ford,Mustang GT,2010,"87,500 mi.",Gasoline,Red,At least 1 accident or damage reported,Yes,14900,Coupe,18,0,30000,0,4.6,315,0,8,A
930,Chevrolet,Suburban LT,2020,"93,000 mi.",Gasoline,Black,None reported,Yes,38500,SUV,15,0,66000,0,5.3,355,0,8,A
931,Mercedes-Benz,C-Class C 300 4MATIC,2018,"41,515 mi.",Gasoline,Black,None reported,Yes,28251,Sedan,25,1,41000,0,2,,1,4,A
932,RAM,1500 Classic Warlock,2019,"19,000 mi.",E85 Flex Fuel,Black,At least 1 accident or damage reported,,33242,Pickup,15,0,41000,0,3.6,,0,6,A
933,Toyota,Sequoia SR5,2023,"1,539 mi.",Hybrid,Green,At least 1 accident or damage reported,Yes,76373,SUV,20,0,58900,0,3.4,,1,6,A
934,BMW,M5 Base,2018,"31,090 mi.",Gasoline,Green,At least 1 accident or damage reported,Yes,68000,Sedan,18,1,102600,0,4.4,600,0,8,A
935,Mazda,Mazda3 FWD w/Premium Package,2022,"21,701 mi.",Gasoline,Red,None reported,,25099,Sedan,28,1,30000,0,2.5,,0,4,A
936,Nissan,Rogue SL,2016,"97,726 mi.",Gasoline,Gray,At least 1 accident or damage reported,,15998,SUV,25,1,33500,0,2.5,,0,,A
937,audi,A7 3.0T Prestige,2015,"73,000 mi.",Diesel,White,None reported,Yes,34000,Sedan,20,1,70700,0,3,240,0,6,A
938,Genesis,G80 3.8,2020,"23,600 mi.",Gasoline,Blue,None reported,Yes,31900,Sedan,17,0,61900,0,3.8,311,0,6,A
939,Rolls-Royce,Ghost Base,2016,"8,755 mi.",Gasoline,Black,None reported,Yes,166900,Sedan,12,1,311900,0,6.6,563,0,12,A
940,BMW,M6 Gran Coupe Base,2019,"20,500 mi.",Gasoline,Blue,None reported,Yes,67900,Sedan,15,1,113000,0,4.4,560,0,8,A
941,FORD,Mustang V6,2013,"57,912 mi.",Gasoline,Black,At least 1 accident or damage reported,Yes,18750,Coupe,19,0,22500,0,3.7,305,0,6,M
942,BMW,650 i,2009,"35,000 mi.",Gasoline,Black,None reported,Yes,18500,Coupe,15,1,85000,0,4.8,360,0,8,A
943,Nissan,Leaf SV PLUS,2023,"7,089 mi.",,Black,At least 1 accident or damage reported,Yes,29895,Hatchback,118,1,38790,0,,214,0,,A
944,Lincoln,MKC Reserve,2019,"35,469 mi.",Gasoline,Black,,,30890,SUV,24,1,40845,0,2.3,,1,4,A
945,Kia,Telluride EX,2022,"14,676 mi.",Gasoline,Green,None reported,,46787,SUV,21,0,41000,0,3.8,,0,6,A
946,Lincoln,Navigator Reserve,2022,"13,750 mi.",Gasoline,White,None reported,Yes,79999,SUV,18,1,83960,0,3.5,440,0,6,A
947,Mercedes-Benz,S-Class S 550 4MATIC,2015,"13,300 mi.",Gasoline,Black,None reported,Yes,62500,Sedan,17,1,96000,0,4.7,449,0,8,A
948,Chevrolet,Suburban LT,2017,"117,000 mi.",Gasoline,Blue,None reported,Yes,27000,SUV,22,1,60000,0,6,,0,8,A
949,Audi,A7 55 Premium,2020,"27,100 mi.",Hybrid,White,None reported,Yes,50000,Sedan,22,1,69300,0,3,335,0,6,A
950,FORD,Mustang EcoBoost Premium,2017,"89,352 mi.",Gasoline,White,At least 1 accident or damage reported,Yes,20989,Coupe,23,1,34800,0,2.3,310,0,4,A
951,Chevrolet,Cruze LS,2018,"100,000 mi.",Gasoline,White,At least 1 accident or damage reported,Yes,8500,Sedan,30,0,20000,0,1.4,153,0,4,A
952,Land,Rover Range Rover HSE SWB,2020,"16,000 mi.",Hybrid,Silver,None reported,Yes,75500,SUV,20,1,90000,1,3,395,0,6,A
953,Land,Rover Defender S,2023,"15,200 mi.",Gasoline,White,None reported,Yes,62999,SUV,18,0,55000,0,2,296,0,4,A
954,BMW,650 i,2012,"39,960 mi.",Gasoline,White,None reported,Yes,38995,Convertible,19,1,100000,0,4.4,400,0,8,M
955,Ford,Mustang Base,2008,"119,000 mi.",Gasoline,White,At least 1 accident or damage reported,Yes,13500,Coupe,18,0,20500,0,4,210,0,6,A
956,Kia,K5 GT-Line,2022,"10,971 mi.",Gasoline,Red,None reported,,29998,Sedan,29,0,28690,0,1.6,,1,4,A
957,Mazda,Mazda3 i Touring,2014,"118,500 mi.",Gasoline,Silver,At least 1 accident or damage reported,Yes,11500,Sedan,29,0,21000,0,2,155,0,4,M
958,Kia,Stinger GT1,2021,"8,288 mi.",Gasoline,Black,None reported,Yes,45899,Sedan,22,1,41190,1,3.3,365,0,6,A
959,Chevrolet,Camaro ZL1,2023,"2,950 mi.",Gasoline,Red,None reported,Yes,74500,Coupe,16,1,65000,1,6.2,650,0,8,A
960,Mercedes-Benz,AMG G 63 Base,2017,"73,000 mi.",Gasoline,White,At least 1 accident or damage reported,Yes,78000,SUV,13,1,148900,1,5.5,563,0,8,A
961,Ford,Thunderbird Premium,2005,"82,000 mi.",Gasoline,Gold,None reported,Yes,14900,Convertible,20,1,40000,0,3.9,280,0,8,A
962,Audi,e-tron Prestige,2019,"7,874 mi.",,Gray,None reported,,38999,SUV,78,1,74900,0,,,0,,A
963,GMC,Sierra 1500 SLT,2017,"49,105 mi.",Gasoline,White,None reported,Yes,39750,Pickup,20,1,50000,0,6.2,420,0,8,A
964,Kia,Telluride LX,2023,"5,500 mi.",Gasoline,Silver,None reported,Yes,40000,SUV,20,0,35000,0,3.8,291,0,6,A
965,Chevrolet,Corvette Base,2005,"36,700 mi.",Gasoline,Blue,None reported,Yes,26000,Coupe,19,1,49995,1,6,400,0,8,M
966,BMW,650 i,2014,"40,000 mi.",Gasoline,White,None reported,Yes,34000,Coupe,19,1,87000,0,4.4,445,0,8,A
967,Nissan,Rogue SL,2017,"78,110 mi.",Gasoline,Silver,,,17500,SUV,26,1,31990,0,2.5,170,0,4,A
968,GMC,Acadia Denali,2015,"74,864 mi.",Gasoline,Gray,None reported,Yes,19780,SUV,16,1,49000,0,3.6,288,0,6,A
969,Cadillac,Escalade Premium Luxury Platinum,2021,"15,350 mi.",Gasoline,Black,None reported,Yes,93500,SUV,17,1,94995,0,6.2,420,0,8,A
970,Nissan,GT-R Premium,2010,"46,100 mi.",Gasoline,Blue,None reported,Yes,72999,Coupe,16,1,85150,0,3.8,485,0,6,A
971,Toyota,Highlander XLE,2018,"61,454 mi.",Gasoline,Silver,None reported,Yes,31000,SUV,21,1,40000,0,3.5,295,0,6,A
972,BMW,X7 xDrive40i,2020,"45,241 mi.",Gasoline,Blue,None reported,Yes,54500,SUV,22,1,74900,0,3,335,0,6,A
973,INFINITI,QX60 Base,2018,"48,000 mi.",Gasoline,Black,None reported,Yes,27000,SUV,20,0,45000,0,3.5,295,0,6,A
974,Lexus,IS 250C Base,2010,"68,500 mi.",Gasoline,Black,None reported,Yes,18500,Convertible,20,0,39000,0,2.5,204,0,6,M
975,GMC,Sierra 1500 Denali,2019,"43,433 mi.",Gasoline,Black,None reported,,51899,Pickup,18,1,58200,0,5.3,,0,8,A
976,Chevrolet,SSR Base,2005,"122,961 mi.",Gasoline,Red,None reported,Yes,20995,Pickup,17,0,43995,0,6,,0,8,A
977,Dodge,Challenger R/T,2014,"92,861 mi.",Gasoline,Gray,None reported,Yes,19750,Coupe,20,1,32000,0,5.7,375,0,8,A
978,Hyundai,Equus Signature,2016,"72,000 mi.",Gasoline,White,None reported,Yes,21400,Sedan,15,0,61900,0,5,429,0,8,A
979,Lamborghini,Aventador SVJ Base,2019,"6,929 mi.",Gasoline,Blue,None reported,Yes,649999,Coupe,10,1,517770,1,6.5,759,0,12,A
980,Ford,Mustang GT,2003,"83,000 mi.",Gasoline,Gray,None reported,Yes,10500,Coupe,18,0,24000,1,4.6,260,0,8,A
981,Audi,e-tron Premium,2021,"18,031 mi.",,Blue,None reported,,39599,SUV,78,1,65000,0,,,0,,A
982,Toyota,Sequoia Limited,2023,"8,200 mi.",Hybrid,Brown,None reported,Yes,78900,SUV,18,1,62900,0,3.4,437,0,6,A
983,Land,Rover Range Rover Sport HST MHEV,2020,"19,000 mi.",Hybrid,Silver,,,74900,SUV,21,1,83600,0,3,395,0,6,A
984,Jeep,Grand Cherokee L Limited,2022,"12,875 mi.",Gasoline,Black,None reported,,42599,SUV,20,1,49500,0,3.6,,0,6,A
985,Maserati,GranTurismo Sport,2015,"32,000 mi.",Gasoline,Beige,None reported,Yes,36000,Coupe,13,1,150000,1,4.7,454,0,8,A
986,BMW,M5 Base,2013,"61,145 mi.",Gasoline,White,At least 1 accident or damage reported,Yes,37500,Sedan,15,1,95300,1,4.4,560,0,8,A
987,Mercedes-Benz,C-Class 4MATIC Sedan,2022,"9,612 mi.",Gasoline,,None reported,,43900,Sedan,24,1,45000,0,,,0,,A
988,Land,Rover Range Rover Sport First Edition,2023,"3,534 mi.",Hybrid,Red,None reported,,143998,SUV,18,1,89900,0,4.4,,0,,A
989,Ford,F-150 Lariat,2011,"152,000 mi.",Gasoline,Brown,None reported,Yes,14000,Pickup,15,1,38000,0,3.5,365,0,6,A
990,Audi,A4 2.0T Premium,2012,"129,567 mi.",Gasoline,White,None reported,Yes,7000,Sedan,30,0,35900,0,2,211,0,4,A
991,BMW,540 i xDrive,2019,"36,000 mi.",Gasoline,Gray,At least 1 accident or damage reported,Yes,41995,Sedan,25,1,75000,0,3,335,0,6,A
992,BMW,X6 xDrive35i,2009,"92,008 mi.",Gasoline,White,None reported,Yes,12500,,,,,,3,300,0,6,A
993,FORD,Mustang Base,1998,"63,900 mi.",Gasoline,White,None reported,Yes,10300,Coupe,18,0,18900,0,3.8,150,0,6,A
994,Toyota,Sequoia Limited,2012,"150,900 mi.",Gasoline,Black,None reported,Yes,17500,SUV,13,1,50000,0,5.7,381,0,8,A
995,Dodge,Challenger R/T Scat Pack,2019,"43,000 mi.",,Green,None reported,Yes,50000,Coupe,15,1,39995,0,,,0,,M
996,Land,Rover Range Rover 3.0L Supercharged,2018,"38,020 mi.",Gasoline,White,None reported,,63998,SUV,22,1,90000,0,5,,0,,A
997,Audi,Q8 55 Premium Plus,2021,"14,750 mi.",Hybrid,Silver,None reported,Yes,61059,SUV,17,1,84900,0,3,335,0,6,A
998,Subaru,WRX Base,2015,"52,500 mi.",Gasoline,Gray,None reported,Yes,23000,Sedan,21,0,26500,0,2,268,0,4,M
999,Chevrolet,Suburban LT,2017,"207,571 mi.",Gasoline,Black,At least 1 accident or damage reported,Yes,21000,SUV,22,1,60000,0,5.3,355,0,8,A
1000,INFINITI,QX60 Pure,2020,"39,000 mi.",Gasoline,Gray,None reported,Yes,29900,SUV,20,0,44500,0,3.5,295,0,6,A
1001,Porsche,Cayman Base,2011,"66,000 mi.",Gasoline,Black,,,28000,Coupe,20,0,52000,1,2.9,265,0,6,A
1002,INFINITI,QX60 Base,2017,"93,500 mi.",Gasoline,Black,None reported,Yes,16000,SUV,20,0,44000,0,3.5,295,0,6,A
1003,BMW,M4 Base,2018,"7,200 mi.",Gasoline,Black,None reported,Yes,64000,Coupe,20,1,68800,1,3,425,0,6,A
1004,Maserati,MC20 MC20,2022,"1,220 mi.",Gasoline,,None reported,,238900,Coupe,24,1,210000,1,,,0,,A
1005,Land,Rover Defender SE,2023,"8,421 mi.",Hybrid,Black,None reported,Yes,90000,SUV,20,1,60000,0,3,395,0,6,A
1006,BMW,M8 Base,2020,"25,520 mi.",Gasoline,Gray,None reported,,84900,Coupe,15,1,130000,1,4.4,,1,8,A
1007,Tesla,Model Y Performance,2020,"30,554 mi.",,Blue,None reported,,41999,SUV,15,1,59990,0,,,0,,A
1008,Volvo,C40 Recharge Pure Electric Twin Ultimate,2023,"17,000 mi.",,Gray,None reported,Yes,54900,SUV,0,1,60000,0,,402,0,,A
1009,Mercedes-Benz,SL-Class SL 550,2011,"41,314 mi.",Gasoline,Red,At least 1 accident or damage reported,Yes,30999,Convertible,16,1,102000,1,5.5,382,0,8,A
1010,Land,Rover Range Rover P525 HSE SWB,2020,"49,899 mi.",Gasoline,White,At least 1 accident or damage reported,Yes,64500,SUV,18,1,101000,0,5,518,0,8,A
1011,FORD,Escape XLT,2012,"186,268 mi.",E85 Flex Fuel,Blue,None reported,Yes,4500,SUV,20,0,25000,0,3,240,0,6,A
1012,Lexus,ES 350 Base,2016,"51,335 mi.",Gasoline,Silver,At least 1 accident or damage reported,Yes,25995,Sedan,24,0,38950,0,3.5,268,0,6,A
1013,Porsche,718 Boxster GTS,2019,"10,400 mi.",Gasoline,Gray,None reported,Yes,99750,Convertible,21,1,82800,0,2.5,365,0,4,A
1014,Mercedes-Benz,G-Class G 550,2020,"20,622 mi.",Gasoline,White,None reported,,142998,SUV,16,1,130900,1,4,,1,,A
1015,RAM,1500 Big Horn,2022,"19,376 mi.",Gasoline,White,None reported,Yes,45861,Pickup,20,0,39000,0,5.7,,0,8,A
1016,audi,R8 5.2 V10 performance,2020,"12,245 mi.",Gasoline,Gray,None reported,,187900,Coupe,14,1,208000,1,5.2,,0,10,A
1017,Mitsubishi,Lancer Evolution IX,2006,"77,000 mi.",Gasoline,Silver,None reported,Yes,57000,Sedan,24,1,32000,0,2,286,0,4,M
1018,Acura,TL Technology,2013,"40,000 mi.",Gasoline,Blue,None reported,Yes,24000,Sedan,20,1,45500,0,3.5,280,0,6,A
1019,Cadillac,CTS Luxury,2012,"113,000 mi.",Gasoline,White,None reported,Yes,10000,Sedan,20,1,43000,0,3,270,0,6,A
1020,Chevrolet,Camaro 1SS,2022,"7,600 mi.",Gasoline,Gray,At least 1 accident or damage reported,Yes,46000,Coupe,16,0,42200,0,6.2,455,0,8,M
1021,Toyota,Camry Hybrid LE,2022,"20,400 mi.",Hybrid,White,None reported,Yes,29900,Sedan,51,0,28000,0,2.5,208,0,4,A
1022,Ford,Transit-350 XLT,2019,"115,000 mi.",Gasoline,White,None reported,Yes,39000,Minivan,15,0,35000,0,3.5,310,0,6,A
1023,Lexus,RX 450h Base,2012,"239,000 mi.",Hybrid,Black,None reported,Yes,7000,SUV,30,0,47000,0,3.5,295,0,6,A
1024,Jaguar,F-TYPE V6 S,2014,"62,194 mi.",Gasoline,Black,None reported,,32998,Coupe,20,1,100000,0,3,,0,,A
1025,Jeep,Wrangler Sahara,2020,"22,138 mi.",Gasoline,Black,None reported,,38598,SUV,24,1,43000,0,3.6,,0,,A
1026,Porsche,718 Boxster S,2017,"48,900 mi.",Gasoline,Blue,None reported,Yes,62500,Convertible,20,1,71800,0,2.5,350,0,4,A
1027,Audi,R8 5.2,2014,"21,800 mi.",Gasoline,White,None reported,Yes,117000,Coupe,13,1,165900,1,5.2,525,0,10,A
1028,Lincoln,MKZ Base,2016,"68,200 mi.",Gasoline,Silver,At least 1 accident or damage reported,Yes,16750,Sedan,25,0,35140,0,3.7,300,0,6,A
1029,Chevrolet,S-10 LS Crew Cab,2001,"139,000 mi.",Gasoline,Red,None reported,Yes,7000,Pickup,20,0,21900,0,4.3,190,0,6,A
1030,Mercedes-Benz,G-Class G 550 4MATIC,2021,"76,100 mi.",Gasoline,Black,None reported,Yes,130000,SUV,13,1,131750,1,4,416,0,8,A
1031,Lexus,RX 350 RX 350 F SPORT Handling,2022,"14,330 mi.",Gasoline,Black,None reported,,54998,SUV,22,0,47000,0,3.5,,0,,A
1032,BMW,750 i xDrive,2019,"41,906 mi.",Gasoline,Blue,At least 1 accident or damage reported,Yes,45999,Sedan,18,1,94000,0,4.4,445,0,8,A
1033,Chevrolet,Camaro 2SS,2016,"164,000 mi.",Gasoline,Black,None reported,Yes,21500,Coupe,20,1,42500,0,6.2,455,0,8,A
1034,Ford,Fusion Hybrid SE,2013,"161,933 mi.",Hybrid,Blue,None reported,Yes,7945,Sedan,41,0,28000,0,2,,0,4,A
1035,Hyundai,Santa Cruz 2.5T Limited,2022,"22,829 mi.",Gasoline,Gray,None reported,,34580,Pickup,22,1,40000,0,2.5,,1,4,A
1036,Lexus,RX 350 F Sport,2023,"5,483 mi.",Gasoline,White,None reported,,59950,SUV,22,1,54800,0,2.4,,1,4,A
1037,Land,Rover Range Rover Evoque S,2020,"46,891 mi.",Gasoline,Gray,At least 1 accident or damage reported,Yes,31000,SUV,25,1,42000,0,2,246,0,4,A
1038,Chevrolet,Suburban LT,2019,"72,000 mi.",Gasoline,Blue,At least 1 accident or damage reported,Yes,39000,SUV,18,1,65000,0,5.3,355,0,8,A
1039,Porsche,718 Spyder Base,2020,"3,400 mi.",Gasoline,White,None reported,Yes,129900,Convertible,21,1,97000,1,4,414,0,6,M
1040,Chevrolet,Camaro 1LT,2021,"18,000 mi.",Gasoline,White,At least 1 accident or damage reported,Yes,30000,Coupe,22,0,25800,0,3.6,335,0,6,A
1041,Jeep,Gladiator Freedom,2021,"30,630 mi.",Gasoline,Blue,None reported,,39998,Pickup,20,0,42000,0,3.6,,0,,A
1042,Toyota,Tacoma Double Cab,2007,"24,985 mi.",Gasoline,Silver,,,33580,Pickup,18,0,25000,0,4,236,0,6,A
1043,GMC,Yukon Denali Ultimate,2023,"9,978 mi.",Gasoline,White,None reported,Yes,93999,SUV,14,1,84000,0,6.2,420,0,8,A
1044,FORD,Shelby GT350R Base,2018,"18,500 mi.",Gasoline,Blue,At least 1 accident or damage reported,Yes,77999,Coupe,14,1,62000,1,5.2,526,0,8,M
1045,Cadillac,Escalade Premium Luxury Platinum,2021,"72,843 mi.",Gasoline,Beige,None reported,Yes,79990,SUV,17,1,94995,0,6.2,,0,8,A
1046,Buick,LaCrosse Base,2017,"67,500 mi.",Gasoline,Black,None reported,Yes,20000,Sedan,22,0,32895,0,3.6,310,0,6,A
1047,Tesla,Model X Long Range Plus,2020,"43,534 mi.",,Black,None reported,Yes,65990,SUV,102,1,89990,0,,534,0,,A
1048,Mercedes-Benz,E-Class E 300 4MATIC,2017,"36,900 mi.",Gasoline,Gray,None reported,Yes,28500,Sedan,24,0,53000,0,2,241,0,4,A
1049,Chevrolet,Tahoe LT,2017,"61,720 mi.",E85 Flex Fuel,Silver,At least 1 accident or damage reported,,39998,SUV,18,0,60000,0,5.3,,0,,A
1050,Kia,Telluride EX,2022,"35,938 mi.",Gasoline,White,None reported,,43329,SUV,21,0,41000,0,3.8,,0,6,A
1051,Toyota,Tundra Hybrid Limited,2023,"10,748 mi.",Hybrid,Black,None reported,,63100,Pickup,20,1,50000,0,3.4,,1,6,A
1052,Audi,S8 4.0T quattro,2023,"4,457 mi.",Gasoline,Black,None reported,,107900,Sedan,15,1,110000,0,4,,1,8,A
1053,Nissan,Armada Platinum,2018,"108,206 mi.",Gasoline,White,At least 1 accident or damage reported,,26498,SUV,14,1,61000,0,5.6,,0,,A
1054,Land,Rover Discovery HSE,2020,"32,705 mi.",Diesel,Blue,None reported,,46598,SUV,21,1,65000,0,3,,0,,A
1055,Kia,Telluride S,2020,"74,026 mi.",Gasoline,Red,None reported,,32913,SUV,20,1,40000,0,3.8,,0,6,A
1056,Lexus,GS 350 F Sport,2020,"24,651 mi.",Gasoline,White,None reported,,45950,Sedan,20,1,60000,0,3.5,,0,6,A
1057,BMW,X6 xDrive40i,2022,"13,000 mi.",Hybrid,Gray,None reported,Yes,69000,SUV,22,1,67900,0,3,335,0,6,A
1058,Land,Rover Range Rover P400 SE SWB,2023,"11,700 mi.",Hybrid,Gray,None reported,Yes,133500,SUV,18,1,104000,0,3,395,0,6,A
1059,Chevrolet,Silverado 3500 High Country,2015,"77,500 mi.",Diesel,Black,None reported,Yes,54000,Pickup,18,1,53400,0,6.6,397,0,8,A
1060,Maserati,Quattroporte Sport GT,2007,"82,000 mi.",Gasoline,Black,At least 1 accident or damage reported,Yes,7999,Sedan,14,1,120000,0,4.2,394,0,8,A
1061,Dodge,Viper GTC,2017,"1,389 mi.",Gasoline,Black,None reported,Yes,489995,Coupe,12,1,100000,1,8.4,645,0,10,M
1062,Ford,Expedition Limited,2021,"29,830 mi.",Gasoline,Gray,None reported,,55329,SUV,18,1,67000,0,3.5,,1,6,A
1063,Mazda,Mazda6 i Grand Touring,2016,"83,100 mi.",,White,None reported,Yes,17800,Sedan,30,1,31630,0,,,0,,A
1064,Kia,Optima LX,2019,"62,660 mi.",Gasoline,White,None reported,Yes,16500,Sedan,30,0,23500,0,2.4,185,0,4,A
1065,Land,Rover Range Rover Sport SVR,2018,"56,006 mi.",Gasoline,Silver,None reported,Yes,59000,SUV,20,1,113600,1,5,575,0,8,A
1066,Lexus,RX 450h F SPORT Handling,2021,"31,365 mi.",Hybrid,Beige,None reported,,52998,SUV,30,1,58000,0,3.5,,0,,A
1067,Lincoln,Town Car Base,2004,"27,600 mi.",Gasoline,Black,None reported,Yes,14900,Sedan,17,0,46900,0,4.6,239,0,8,A
1068,Honda,Civic Si,2012,"47,245 mi.",Gasoline,White,None reported,Yes,19600,Sedan,28,0,23800,0,2.4,201,0,4,M
1069,Lexus,RX 450h Base,2017,"73,948 mi.",Hybrid,White,None reported,Yes,31990,SUV,31,0,56900,0,3.5,308,0,6,A
1070,RAM,1500 Classic Warlock,2019,"36,757 mi.",E85 Flex Fuel,Black,None reported,Yes,31953,Pickup,15,0,41000,0,3.6,,0,6,A
1071,Tesla,Model Y Long Range,2023,"4,786 mi.",,White,None reported,Yes,48000,SUV,129,1,59990,0,,425,0,,A
1072,audi,RS 3 2.5T,2023,"1,900 mi.",Gasoline,Gray,None reported,Yes,78900,Sedan,23,1,58000,0,2.5,401,0,5,A
1073,Hyundai,Genesis Coupe 3.8 R-Spec,2014,"52,060 mi.",Gasoline,Black,At least 1 accident or damage reported,Yes,15000,Coupe,19,1,29900,0,3.8,348,0,6,M
1074,Porsche,Boxster RS 60 Spyder,2008,"58,000 mi.",Gasoline,Silver,None reported,Yes,41500,Convertible,20,1,64900,1,3.4,303,0,6,M
1075,FORD,F-250 XLT,2010,"52,246 mi.",Diesel,Beige,None reported,Yes,26095,Pickup,12,0,29000,0,6.4,,1,8,M
1076,Kia,Sorento EX,2016,"64,290 mi.",Gasoline,White,None reported,,16999,SUV,20,1,35000,0,2,,1,4,A
1077,Nissan,370Z Touring,2009,"37,500 mi.",Gasoline,Silver,None reported,Yes,21500,Coupe,18,1,31690,0,3.7,332,0,6,M
1078,Genesis,G70 2.0T,2023,"2,121 mi.",Gasoline,White,None reported,Yes,40750,Sedan,22,0,39600,0,2,252,0,4,A
1079,Land,Rover Range Rover Sport Supercharged,2013,"57,000 mi.",Gasoline,White,None reported,Yes,26000,SUV,14,1,70000,0,5,510,0,8,A
1080,Mercedes-Benz,S-Class S 560 4MATIC,2020,"22,000 mi.",Gasoline,White,None reported,Yes,69500,Sedan,18,1,100000,0,4,463,0,8,A
1081,Ford,Bronco Wildtrak Advanced,2023,"2,000 mi.",Gasoline,Black,None reported,Yes,66500,SUV,18,1,54000,0,2.7,315,0,6,A
1082,RAM,1500 SLT,2018,"61,802 mi.",E85 Flex Fuel,Black,None reported,Yes,32000,Pickup,20,0,35000,0,3.6,305,0,6,A
1083,Dodge,Challenger R/T,2010,"73,000 mi.",,Black,None reported,Yes,17500,Coupe,16,0,31000,1,,,0,,A
1084,Chevrolet,Sonic LT,2013,"110,000 mi.",,Gray,None reported,Yes,7500,Sedan,30,0,18995,0,,,0,,A
1085,Jeep,Grand Cherokee Laredo,2013,"106,700 mi.",E85 Flex Fuel,Black,None reported,Yes,13500,SUV,20,0,32000,0,3.6,290,0,6,A
1086,Audi,RS 5 4.2,2013,"75,965 mi.",Gasoline,White,At least 1 accident or damage reported,Yes,35999,Coupe,18,1,68000,1,4.2,450,0,8,A
1087,Jeep,Grand Cherokee L Overland,2022,"31,804 mi.",Gasoline,Silver,At least 1 accident or damage reported,Yes,48995,SUV,21,1,59240,0,3.6,,0,6,A
1088,Mazda,MX-5 Miata Base,1992,"125,800 mi.",,Red,None reported,Yes,11500,Convertible,27,0,20285,0,,,0,,M
1089,Chrysler,Crossfire Limited,2005,"116,320 mi.",Gasoline,Gray,At least 1 accident or damage reported,Yes,6000,Coupe,20,1,33990,0,3.2,215,0,6,A
1090,Audi,S5 4.2 Premium Plus,2011,"156,875 mi.",Gasoline,Black,At least 1 accident or damage reported,Yes,9900,Coupe,18,1,58300,0,4.2,354,0,8,M
1091,Tesla,Model X Base,2023,197 mi.,,Blue,None reported,Yes,85000,SUV,100,1,99990,0,,670,0,,A
1092,Cadillac,CT4 Luxury,2020,"35,200 mi.",Gasoline,Blue,None reported,Yes,28500,Sedan,28,0,35895,0,2,237,0,4,A
1093,Maserati,Ghibli S Q4,2014,"76,000 mi.",Gasoline,Black,None reported,Yes,19000,Sedan,15,1,75900,0,3,404,0,6,A
1094,Jaguar,F-PACE 25t Premium,2019,"29,000 mi.",Gasoline,White,None reported,Yes,34500,SUV,24,1,55900,0,2,247,0,4,A
1095,BMW,750 i xDrive,2019,"33,499 mi.",Gasoline,Gray,At least 1 accident or damage reported,Yes,44495,Sedan,18,1,94000,0,4.4,445,0,8,A
1096,Acura,TLX V6 Advance,2019,"25,779 mi.",Gasoline,White,At least 1 accident or damage reported,,30999,Sedan,20,1,45900,0,3.5,,0,6,A
1097,GMC,Terrain SLT-1,2015,"76,296 mi.",Gasoline,Gray,At least 1 accident or damage reported,Yes,9500,SUV,25,1,29000,0,2.4,182,0,4,A
1098,BMW,i3 Base w/Range Extender,2014,"29,553 mi.",,Black,None reported,Yes,12800,Hatchback,97,0,45700,0,0.65,170,0,,A
1099,Nissan,Versa 1.8 S,2011,"109,902 mi.",Gasoline,Blue,None reported,Yes,4500,Sedan,26,0,14500,0,1.8,122,0,4,A
1100,Mercedes-Benz,C-Class C 300 4MATIC,2019,"23,083 mi.",Gasoline,White,None reported,Yes,33500,Sedan,24,1,41200,0,2,255,0,4,A
1101,Toyota,Matrix XRS,2003,"143,600 mi.",Gasoline,Black,None reported,Yes,4199,Hatchback,25,0,21000,0,1.8,180,0,4,M
1102,RAM,1500 Limited,2021,"22,000 mi.",Gasoline,Black,None reported,Yes,54800,Pickup,20,1,58000,0,5.7,395,0,8,A
1103,Mercedes-Benz,AMG E 53 Base 4MATIC,2022,"13,000 mi.",Hybrid,Silver,None reported,Yes,81500,Sedan,22,1,73800,0,3,429,0,6,A
1104,Audi,A5 2.0T Premium,2018,"53,000 mi.",Gasoline,White,At least 1 accident or damage reported,Yes,28000,Coupe,26,1,50800,0,2,252,0,4,A
1105,Lincoln,Navigator Reserve,2019,"44,741 mi.",Gasoline,Beige,None reported,Yes,52999,SUV,20,1,90000,0,3.5,450,0,6,A
1106,Audi,A6 3.2 quattro,2008,"202,000 mi.",Gasoline,Blue,At least 1 accident or damage reported,Yes,5700,Sedan,19,0,50000,0,3.2,255,0,6,A
1107,Chevrolet,Silverado 1500 LT Crew Cab,2006,"215,000 mi.",Gasoline,Black,At least 1 accident or damage reported,Yes,6995,Pickup,15,0,32500,0,6,345,0,8,A
1108,Mercedes-Benz,S-Class S 560,2019,"77,138 mi.",Gasoline,White,None reported,,49998,Sedan,18,1,100000,0,4,,0,,A
1109,Volvo,XC90 T6 Momentum,2018,"90,641 mi.",Gasoline,White,None reported,,25999,SUV,22,0,56900,0,2,,0,4,A
1110,Toyota,Camry SE,2011,"177,702 mi.",Gasoline,Gray,At least 1 accident or damage reported,Yes,7700,Sedan,22,0,23800,0,2.5,179,0,4,A
1111,Mercedes-Benz,Metris Base,2018,"58,350 mi.",Gasoline,Black,None reported,Yes,29497,Minivan,21,0,31990,0,2,208,0,4,A
1112,Chevrolet,Camaro 2LT,2010,"86,170 mi.",Gasoline,Black,At least 1 accident or damage reported,Yes,17000,Coupe,18,0,27500,0,3.6,304,0,6,A
1113,Mazda,MX-5 Miata Grand Touring,2012,"36,568 mi.",Gasoline,Blue,At least 1 accident or damage reported,Yes,20199,Convertible,28,1,32000,0,2,167,0,4,M
1114,Ford,Escape SE,2015,"54,357 mi.",Gasoline,White,None reported,Yes,16250,SUV,24,0,24500,0,1.6,173,0,4,A
1115,Mercedes-Benz,S-Class S 63 AMG,2015,"20,394 mi.",Gasoline,Black,At least 1 accident or damage reported,,59598,Sedan,18,1,150000,1,5.5,,0,,A
1116,Kia,Niro EX,2023,"7,578 mi.",Hybrid,White,None reported,,31113,SUV,53,0,29190,0,1.6,,0,4,A
1117,Porsche,Boxster Base,2010,"64,800 mi.",Gasoline,Gray,At least 1 accident or damage reported,Yes,20900,Convertible,20,0,48500,0,2.9,255,0,6,M
1118,Toyota,4Runner Trail,2016,"117,780 mi.",Gasoline,Gray,None reported,Yes,27750,SUV,17,0,34800,0,4,270,0,6,A
1119,Hyundai,Kona EV SEL,2019,"33,100 mi.",,Black,None reported,Yes,18200,SUV,100,0,37400,0,,201,0,,A
1120,Land,Rover Range Rover Evoque SE,2016,"86,202 mi.",Gasoline,Black,None reported,Yes,18750,SUV,28,0,40000,0,2,240,0,4,A
1121,Ford,E350 Super Duty XLT,2012,"163,000 mi.",E85 Flex Fuel,White,None reported,Yes,19550,Van,10,0,40000,0,5.4,255,0,8,A
1122,Mercedes-Benz,SL-Class SL500 Roadster,2004,"35,400 mi.",Gasoline,Black,None reported,Yes,24900,Convertible,20,1,102000,1,5,302,0,8,A
1123,Jeep,Compass Trailhawk,2018,"31,000 mi.",Gasoline,Gray,None reported,Yes,22000,SUV,22,1,30500,0,2.4,180,0,4,A
1124,Mercedes-Benz,S-Class S 560 4MATIC,2018,"103,069 mi.",Gasoline,Blue,None reported,,40998,Sedan,19,1,103000,0,4,,0,,A
1125,Mercedes-Benz,G-Class G 550 4MATIC,2021,"22,480 mi.",Gasoline,White,None reported,Yes,135800,SUV,13,1,131750,1,4,416,0,8,A
1126,Tesla,Model X P90D,2016,"91,000 mi.",,Silver,None reported,Yes,39500,SUV,90,1,115000,0,,691,0,,A
1127,Lexus,IS-F Base,2010,"41,500 mi.",Gasoline,Blue,At least 1 accident or damage reported,Yes,44800,Sedan,16,0,61000,0,5,416,0,8,A
1128,BMW,335 i,2010,"91,545 mi.",Gasoline,Black,None reported,Yes,13000,Sedan,18,1,40000,0,3,300,0,6,A
1129,audi,RS 7 4.0T,2022,"4,100 mi.",Hybrid,Blue,None reported,Yes,162500,Sedan,22,1,114000,0,4,591,0,8,A
1130,Buick,Lucerne CXL,2006,"110,000 mi.",Gasoline,Gold,None reported,Yes,5000,Sedan,20,1,32000,0,4.6,275,0,8,A
1131,Lincoln,MKX Reserve,2016,"88,000 mi.",Gasoline,Black,None reported,Yes,18500,SUV,21,1,49000,0,2.7,335,0,6,A
1132,Nissan,Armada Platinum,2018,"42,833 mi.",Gasoline,Blue,None reported,Yes,37000,SUV,14,1,61000,0,5.6,390,0,8,A
1133,Porsche,911 Carrera,2020,"23,278 mi.",Gasoline,Blue,None reported,,114998,Coupe,20,1,99700,1,3,,0,,A
1134,Mercedes-Benz,E-Class 400E,1993,"106,983 mi.",,White,None reported,Yes,15300,Sedan,18,1,46700,1,,,0,,A
1135,BMW,435 Gran Coupe i,2015,"60,100 mi.",Gasoline,Blue,None reported,Yes,24995,Coupe,24,1,41000,0,3,300,0,6,A
1136,Jeep,Wagoneer Series III,2022,"17,381 mi.",Gasoline,Red,None reported,Yes,69685,SUV,15,1,86995,0,5.7,,0,8,A
1137,Cadillac,ATS 2.5L,2013,"63,172 mi.",Gasoline,Black,At least 1 accident or damage reported,Yes,12995,Sedan,25,0,33995,0,2.5,202,0,4,A
1138,Ford,Transit Connect XLT,2010,"72,000 mi.",Gasoline,White,At least 1 accident or damage reported,Yes,10900,Minivan,22,0,23990,0,2,136,0,4,A
1139,Kia,EV6 GT-Line,2022,"4,820 mi.",,Red,None reported,Yes,47500,SUV,117,1,55000,0,,320,0,,A
1140,audi,S5 3.0T Premium Plus,2014,"67,900 mi.",Gasoline,Silver,,,25990,Coupe,18,1,61000,0,3,333,0,6,M
1141,Toyota,Tundra SR,2018,"51,000 mi.",Gasoline,Black,None reported,Yes,38000,Pickup,13,0,32800,0,5.7,381,0,8,A
1142,Jeep,Wrangler Unlimited Freedom Edition,2013,"54,500 mi.",Gasoline,Green,None reported,Yes,35000,SUV,16,0,30520,1,3.6,285,0,6,A
1143,Maserati,Quattroporte Base,2006,"61,840 mi.",Gasoline,Gray,None reported,Yes,16500,Sedan,16,0,94800,1,4.2,394,0,8,A
1144,Mercedes-Benz,CLS-Class CLS500,2006,"28,950 mi.",Gasoline,Blue,,,16750,Sedan,20,1,65000,1,5,302,0,8,A
1145,GMC,Sierra 3500 SLE,2002,"300,000 mi.",Diesel,Black,At least 1 accident or damage reported,Yes,5000,Pickup,12,0,35000,0,6.6,300,0,8,A
1146,Nissan,Frontier SL,2011,"103,400 mi.",Gasoline,Gray,At least 1 accident or damage reported,Yes,17000,Pickup,20,0,29600,0,4,261,0,6,A
1147,BMW,M5 Base,2023,816 mi.,Gasoline,White,None reported,,109900,Sedan,18,1,104000,0,4.4,,1,8,A
1148,Porsche,911 R,2016,719 mi.,Gasoline,White,None reported,Yes,489000,Coupe,22,1,184900,1,4,,0,,M
1149,Land,Rover Defender X-Dynamic SE,2023,"3,678 mi.",Hybrid,White,None reported,,81998,SUV,18,1,67000,0,3,,0,,A
1150,FORD,F-150 XL,2016,"107,000 mi.",E85 Flex Fuel,White,At least 1 accident or damage reported,Yes,22000,Pickup,18,0,27000,0,5,385,0,8,A
1151,BMW,M8 Competition,2022,"5,018 mi.",Gasoline,,None reported,,114998,Coupe,15,1,130000,0,4.4,,1,,A
1152,Porsche,911 Carrera S,2010,"13,850 mi.",Gasoline,Black,None reported,Yes,71400,Coupe,17,1,92600,1,3.8,385,0,6,M
1153,Volvo,XC70 3.2,2008,"46,700 mi.",Gasoline,White,,,11400,SUV,19,0,33600,0,3.2,235,0,6,A
1154,Chrysler,300 Touring,2021,"21,478 mi.",Gasoline,Silver,None reported,,27798,Sedan,19,0,35695,0,3.6,,0,,A
1155,Honda,Insight EX,2020,"64,200 mi.",Hybrid,White,At least 1 accident or damage reported,Yes,20499,Sedan,55,0,24910,0,1.5,151,0,4,A
1156,Porsche,Cayman S,2006,"31,075 mi.",Gasoline,Black,None reported,Yes,36250,Coupe,23,1,60000,1,3.4,,0,,A
1157,Tesla,Model Y Performance,2022,"25,250 mi.",,White,None reported,Yes,47800,SUV,108,1,61990,0,,455,0,,A
1158,BMW,M5 Competition,2020,"35,400 mi.",Gasoline,Orange,None reported,Yes,71950,Sedan,15,1,112000,0,4.4,617,0,8,A
1159,Audi,S4 4.2 quattro,2004,"74,030 mi.",Gasoline,Silver,None reported,Yes,16000,Sedan,18,1,57000,0,4.2,340,0,8,M
1160,FORD,F-250 Platinum,2021,"48,549 mi.",Diesel,Blue,None reported,,69998,Pickup,18,1,59000,0,6.7,,1,8,A
1161,Kia,Seltos S,2023,"5,182 mi.",Gasoline,White,None reported,Yes,32500,SUV,29,0,26500,0,2,146,0,4,A
1162,RAM,ProMaster 2500 High Roof,2019,"31,681 mi.",Gasoline,White,At least 1 accident or damage reported,Yes,33500,Van,14,0,35000,0,3.6,280,0,6,A
1163,BMW,M760 M760i xDrive,2020,"23,430 mi.",Gasoline,White,None reported,,80998,Sedan,16,1,157700,0,6.6,,1,,A
1164,Mercedes-Benz,E-Class E 400,2015,"30,300 mi.",Gasoline,White,At least 1 accident or damage reported,Yes,29000,Sedan,20,1,60900,0,3,329,0,6,A
1165,Cadillac,XTS Luxury,2016,"112,000 mi.",Gasoline,Blue,At least 1 accident or damage reported,Yes,14599,Sedan,28,1,47000,0,3.6,304,0,6,A
1166,INFINITI,Q50 Premium,2014,"127,356 mi.",Gasoline,Black,At least 1 accident or damage reported,Yes,19990,Sedan,20,1,42000,0,3.7,328,0,6,A
1167,Volkswagen,Touareg V6 Executive,2017,"50,600 mi.",Gasoline,Red,At least 1 accident or damage reported,Yes,28890,SUV,20,1,62995,0,3.6,280,0,6,A
1168,Chevrolet,Suburban 1500 LTZ,2011,"194,000 mi.",E85 Flex Fuel,Black,None reported,Yes,9950,SUV,16,1,62800,0,5.3,320,0,8,A
1169,Toyota,Tundra SR5,2021,"33,455 mi.",Gasoline,Green,None reported,Yes,44750,Pickup,13,0,38220,0,5.7,381,0,8,A
1170,BMW,X1 sDrive28i,2022,"43,000 mi.",Gasoline,Gray,None reported,Yes,35750,SUV,26,0,35900,0,2,228,0,4,A
1171,Mercedes-Benz,GL-Class GL 550 4MATIC,2016,"46,102 mi.",Gasoline,Black,None reported,Yes,35300,SUV,18,1,90800,0,4.7,429,0,8,A
1172,Cadillac,XTS Luxury,2019,"59,000 mi.",Gasoline,Black,None reported,Yes,21000,Sedan,18,1,50000,0,3.6,304,0,6,A
1173,Jaguar,XJ8 Base,2004,"134,000 mi.",Gasoline,Black,At least 1 accident or damage reported,Yes,9500,Sedan,18,0,70700,0,4.2,294,0,8,A
1174,Chevrolet,Camaro ZL1,2020,"3,715 mi.",Gasoline,Black,None reported,Yes,150000,Coupe,14,1,62845,1,6.2,650,0,8,A
1175,Mercedes-Benz,Sprinter 2500,2012,"100,245 mi.",Diesel,White,At least 1 accident or damage reported,Yes,24000,Van,18,0,40000,0,3,188,0,6,A
1176,Mercedes-Benz,C-Class C 300 4MATIC,2022,"8,583 mi.",Gasoline,Silver,None reported,,42999,Sedan,25,0,43100,0,2,,1,4,A
1177,Dodge,Dakota SLT,2003,"141,800 mi.",Gasoline,Red,At least 1 accident or damage reported,Yes,5700,Pickup,15,0,25000,0,4.7,230,0,8,A
1178,Audi,A5 2.0T Premium Plus,2012,"77,000 mi.",Gasoline,White,None reported,Yes,13800,Coupe,27,1,46000,0,2,211,0,4,A
1179,audi,A5 2.0T Premium,2018,"67,035 mi.",Gasoline,Pink,At least 1 accident or damage reported,Yes,31500,Coupe,26,1,50800,0,2,252,0,4,A
1180,audi,S5 3.0 Premium Plus,2012,"61,450 mi.",Gasoline,White,None reported,Yes,19500,Coupe,18,1,58000,0,3,333,0,6,A
1181,Porsche,Panamera GTS,2015,"39,500 mi.",Gasoline,Black,None reported,Yes,52590,Sedan,18,1,130000,0,4.8,440,0,8,A
1182,Mercedes-Benz,AMG GT C,2020,"6,600 mi.",Gasoline,Black,None reported,Yes,128900,Coupe,18,1,157000,1,4,550,0,8,A
1183,Chevrolet,Camaro 2SS,2023,"2,300 mi.",Gasoline,Red,None reported,Yes,51500,Coupe,20,1,43000,0,6.2,455,0,8,M
1184,Audi,Q7 Premium Plus,2023,"10,601 mi.",Hybrid,Black,None reported,,61998,SUV,21,1,77800,0,3,,0,,A
1185,Maserati,GranTurismo MC,2018,"18,000 mi.",Gasoline,Red,None reported,Yes,67000,Coupe,13,1,150000,1,4.7,454,0,8,A
1186,GMC,Sierra 2500 AT4,2022,"31,681 mi.",Gasoline,Red,At least 1 accident or damage reported,,67963,Pickup,17,1,59900,0,6.6,,0,8,A
1187,Cadillac,XT6 Sport AWD,2020,"24,114 mi.",Gasoline,Red,At least 1 accident or damage reported,,49427,SUV,18,1,59870,0,3.6,,0,6,A
1188,Jeep,Grand Cherokee L Laredo,2022,"22,109 mi.",Gasoline,White,,,43389,SUV,19,0,39995,0,3.6,,0,6,A
1189,Chevrolet,Avalanche 1500 LT,2012,"148,000 mi.",E85 Flex Fuel,Black,None reported,Yes,18000,Pickup,16,0,40000,0,5.3,320,0,8,A
1190,BMW,M5 Base,2018,"41,000 mi.",Gasoline,White,None reported,Yes,60200,Sedan,18,1,102600,0,4.4,600,0,8,A
1191,Nissan,Titan SE,2009,"127,600 mi.",E85 Flex Fuel,Brown,None reported,Yes,19500,Pickup,13,0,34380,0,5.6,317,0,8,A
1192,Dodge,Ram 1500 SRT-10 Quad Cab,2005,"138,450 mi.",Gasoline,Red,At least 1 accident or damage reported,Yes,19000,Pickup,12,1,50000,1,8.3,500,0,10,A
1193,GMC,Sierra 1500 SLT,2013,"230,000 mi.",E85 Flex Fuel,White,None reported,Yes,15500,Pickup,15,1,37000,0,5.3,315,0,8,A
1194,Lexus,RX 350 F Sport,2017,"53,649 mi.",Gasoline,Black,None reported,Yes,33000,SUV,20,1,46000,0,3.5,295,0,6,A
1195,Mercedes-Benz,GL-Class GL 450 4MATIC,2012,"174,000 mi.",Gasoline,Black,At least 1 accident or damage reported,Yes,11999,SUV,15,1,64800,0,4.6,335,0,8,A
1196,INFINITI,QX80 Luxe,2022,"49,860 mi.",Gasoline,Black,At least 1 accident or damage reported,Yes,47645,SUV,16,1,74900,0,5.6,,0,8,A
1197,Mercedes-Benz,AMG C 63 S,2021,"13,650 mi.",Gasoline,Blue,None reported,Yes,75000,Sedan,18,1,80000,0,4,503,0,8,A
1198,BMW,528 i xDrive,2016,"134,000 mi.",Gasoline,Brown,At least 1 accident or damage reported,Yes,13500,Sedan,24,1,55000,0,2,240,0,4,A
1199,Porsche,911 Carrera,2014,"78,000 mi.",Gasoline,Brown,None reported,Yes,68000,Coupe,20,0,84000,1,3.4,350,0,6,A
1200,Porsche,Boxster S,2005,"65,750 mi.",Gasoline,Blue,None reported,Yes,21750,Convertible,20,1,60000,0,3.2,280,0,6,A
1201,BMW,X6 M Base,2021,"18,000 mi.",Gasoline,Black,None reported,Yes,94000,SUV,16,1,108000,0,4.4,600,0,8,A
1202,Ford,Mustang Premium,2007,"121,630 mi.",Gasoline,White,None reported,Yes,9450,Coupe,18,1,29000,0,4,210,0,6,A
1203,Rivian,R1S Launch Edition,2023,"4,500 mi.",,Silver,None reported,Yes,89999,SUV,74,1,74900,0,,835,0,,A
1204,Volvo,XC90 Recharge Plug-In Hybrid T8 Inscription 7 Passenger,2022,"9,408 mi.",Hybrid,Black,None reported,,61999,SUV,30,1,66700,0,2,,0,4,A
1205,BMW,528 i xDrive,2016,"120,000 mi.",Gasoline,White,None reported,Yes,16000,Sedan,24,1,55000,0,2,240,0,4,A
1206,Cadillac,Escalade ESV Platinum,2016,"168,600 mi.",Gasoline,White,None reported,Yes,29500,SUV,17,1,90000,0,6.2,420,0,8,A
1207,Chevrolet,Corvette Base,2004,"43,705 mi.",Gasoline,Gray,None reported,Yes,25900,Coupe,18,1,49995,1,5.7,350,0,8,M
1208,audi,A5 2.0T Premium,2013,"111,000 mi.",Gasoline,Blue,None reported,Yes,11500,Coupe,28,1,40000,0,2,211,0,4,A
1209,Audi,TT 2.0T Premium,2012,"64,549 mi.",Gasoline,Silver,None reported,Yes,17000,Coupe,30,1,36000,0,2,211,0,4,A
1210,Buick,LaCrosse CX,2007,"53,000 mi.",Gasoline,Red,None reported,Yes,6500,Sedan,20,0,24170,0,3.8,200,0,6,A
1211,Chevrolet,Camaro 2SS,2017,"13,465 mi.",Gasoline,White,None reported,Yes,44900,Coupe,18,1,42995,0,6.2,455,0,8,A
1212,Tesla,Model Y Long Range,2023,"5,844 mi.",,White,None reported,Yes,52000,SUV,129,1,59990,0,,425,0,,A
1213,BMW,M3 Base,2015,"74,000 mi.",Gasoline,Gray,None reported,Yes,40000,Sedan,17,1,64900,1,3,425,0,6,M
1214,Kia,Optima LX,2011,"100,331 mi.",Gasoline,Red,At least 1 accident or damage reported,Yes,6900,Sedan,24,0,22000,0,2.4,200,0,4,A
1215,Toyota,Supra 3.0 Premium,2022,"24,850 mi.",Gasoline,Black,None reported,Yes,53568,Coupe,24,1,51500,0,3,382,0,6,A
1216,Lincoln,Nautilus Reserve,2021,"17,467 mi.",Gasoline,White,None reported,,43860,SUV,21,1,52980,0,2,,1,4,A
1217,Nissan,Pathfinder SL,2015,"115,000 mi.",Gasoline,Gray,None reported,Yes,11995,SUV,20,0,40000,0,3.5,260,0,6,A
1218,BMW,X5 xDrive50i,2015,"72,000 mi.",Gasoline,Black,At least 1 accident or damage reported,Yes,26500,SUV,18,1,77500,0,4.4,445,0,8,A
1219,Mazda,MazdaSpeed3 Grand Touring,2008,"162,000 mi.",Gasoline,Black,At least 1 accident or damage reported,Yes,6500,Hatchback,25,1,28500,0,2.3,263,0,4,M
1220,GMC,Yukon XL SLT,2017,"47,589 mi.",Gasoline,Black,None reported,Yes,45500,SUV,18,1,60900,0,5.3,355,0,8,A
1221,Toyota,bZ4X Limited,2023,"6,548 mi.",,White,None reported,,41999,SUV,100,1,46999,0,,,0,,A
1222,RAM,ProMaster 2500 High Roof,2018,"10,339 mi.",Gasoline,White,None reported,Yes,36990,Van,18,0,35000,0,3.6,280,0,6,A
1223,RAM,1500 Classic SLT,2021,"32,092 mi.",Gasoline,Blue,None reported,Yes,35113,Pickup,20,0,43900,0,3.6,,0,6,A
1224,Lexus,GS 350 Base,2014,"85,275 mi.",Gasoline,Gray,At least 1 accident or damage reported,,23998,Sedan,20,0,46000,0,3.5,,0,,A
1225,Hyundai,Tucson Limited,2016,"138,000 mi.",Gasoline,Brown,None reported,Yes,10990,SUV,26,1,29900,0,1.6,175,0,4,A
1226,Chevrolet,SSR Base,2003,"87,500 mi.",Gasoline,Red,None reported,Yes,16999,Pickup,15,0,41000,0,5.3,300,0,8,A
1227,Maserati,GranTurismo Base,2013,"34,920 mi.",Gasoline,Gray,None reported,Yes,38900,Coupe,13,0,135000,1,4.7,440,0,8,A
1228,Tesla,Model X Performance,2020,"27,224 mi.",,Black,None reported,,65999,SUV,94,1,99990,0,,,0,,A
1229,BMW,M2 Base,2018,"25,000 mi.",Gasoline,Black,None reported,Yes,52000,Coupe,20,1,52000,1,3,365,0,6,A
1230,Tesla,Model Y Long Range,2021,"14,642 mi.",,Red,None reported,Yes,48500,SUV,131,1,53990,0,,425,0,,A
1231,Subaru,Outback 2.5i Limited,2015,"162,000 mi.",Gasoline,Gray,None reported,Yes,13999,SUV,26,0,31995,0,2.5,175,0,4,A
1232,Buick,Roadmaster Estate,1996,"119,500 mi.",Gasoline,White,At least 1 accident or damage reported,Yes,16999,Minivan,18,0,31600,1,5.7,260,0,8,A
1233,Land,Rover Range Rover 5.0L Supercharged,2017,"101,800 mi.",Gasoline,Silver,None reported,Yes,36500,SUV,18,1,111000,0,5,510,0,8,A
1234,Ford,Expedition Max XLT,2021,"84,351 mi.",Gasoline,Blue,None reported,Yes,42691,SUV,18,0,67500,0,3.5,,1,6,A
1235,Nissan,Leaf SL,2012,"26,930 mi.",,White,None reported,Yes,6700,Hatchback,99,1,35000,0,,107,0,,A
1236,Toyota,Tacoma TRD Pro,2019,"40,698 mi.",Gasoline,White,None reported,,42886,Pickup,18,1,45000,0,3.5,,0,6,A
1237,Mercedes-Benz,AMG GT 63 S 4-Door,2020,"40,000 mi.",Gasoline,Black,None reported,Yes,112500,Sedan,15,1,162900,1,4,630,0,8,A
1238,BMW,230 i,2019,"30,000 mi.",Gasoline,Blue,At least 1 accident or damage reported,Yes,29000,Coupe,26,0,35000,0,2,248,0,4,A
1239,Lexus,ES 350 Base,2007,"78,980 mi.",Gasoline,Silver,At least 1 accident or damage reported,Yes,10600,Sedan,21,0,34500,0,3.5,272,0,6,A
1240,Porsche,911 Carrera S Cabriolet,2007,"28,844 mi.",Gasoline,White,,,69995,Convertible,18,1,106000,1,3.8,,0,,M
1241,Porsche,Taycan Turbo,2020,"21,028 mi.",,BLACK,None reported,,96900,Sedan,76,1,150000,0,,,0,,A
1242,Maserati,Levante Modena,2023,"5,409 mi.",Gasoline,Blue,None reported,Yes,88950,SUV,18,1,80000,0,3,,1,6,A
1243,Dodge,Challenger SRT Hellcat,2020,"12,700 mi.",Gasoline,Black,At least 1 accident or damage reported,Yes,69900,Coupe,18,1,60000,1,6.2,717,0,8,A
1244,Mazda,Mazda6 Touring,2021,"19,000 mi.",Gasoline,Blue,,,25900,Sedan,26,0,30700,0,2.5,187,0,4,A
1245,Audi,S4 3.0T Premium,2019,"12,000 mi.",Gasoline,Black,None reported,Yes,48000,Sedan,25,1,50000,0,3,349,0,6,A
1246,Ford,Mustang GT Premium,2016,"25,717 mi.",Gasoline,Black,None reported,Yes,33900,Coupe,15,1,42000,0,5,435,0,8,M
1247,Tesla,Model Y Long Range,2022,"12,055 mi.",,Blue,None reported,Yes,44400,SUV,115,1,54990,0,,425,0,,A
1248,Audi,TTS 2.0T Premium Plus,2011,"69,700 mi.",Gasoline,Orange,At least 1 accident or damage reported,Yes,23000,Coupe,20,1,46900,0,2,265,0,4,A
1249,BMW,M2 Competition,2020,"25,013 mi.",Gasoline,Black,None reported,Yes,55000,Coupe,20,1,58900,0,3,405,0,6,A
1250,Audi,Q4 e-tron Sportback Premium,2023,"1,156 mi.",,Blue,None reported,Yes,54900,SUV,101,1,49500,0,,295,0,,A
1251,BMW,740 i,2016,"57,939 mi.",Gasoline,Gray,None reported,Yes,27500,Sedan,20,1,82000,0,3,320,0,6,A
1252,Mercedes-Benz,AMG GLE 43 Coupe 4MATIC,2018,"52,694 mi.",Gasoline,Gray,None reported,Yes,49999,Coupe,18,1,68800,0,3,385,0,6,A
1253,Mercedes-Benz,S-Class S 550 4MATIC,2015,"54,000 mi.",Gasoline,White,None reported,Yes,37000,Sedan,17,1,96000,0,4.7,449,0,8,A
1254,Honda,S2000 Base,2002,"110,500 mi.",Gasoline,Yellow,None reported,Yes,27000,Convertible,20,0,32000,1,2,240,0,4,M
1255,Chevrolet,Corvette Base,2000,"97,500 mi.",Gasoline,Yellow,None reported,Yes,10000,Coupe,18,0,49000,1,5.7,345,0,8,M
1256,Chevrolet,Colorado Z71,2020,"20,909 mi.",Gasoline,Red,None reported,Yes,35387,Pickup,18,0,31995,0,3.6,,0,6,A
1257,Mercedes-Benz,S-Class S 63 AMG,2013,"77,648 mi.",Gasoline,Silver,None reported,Yes,40000,Sedan,16,1,140000,1,5.5,536,0,8,A
1258,Bentley,Continental GTC Base,2013,"79,422 mi.",Gasoline,Black,None reported,Yes,64000,Convertible,15,1,220000,1,6,616,0,12,A
1259,GMC,Sierra 2500 SLE H/D Extended Cab,2002,"53,850 mi.",Gasoline,Silver,At least 1 accident or damage reported,Yes,16900,Pickup,15,0,35000,0,8.1,340,0,8,A
1260,Audi,SQ5 3.0T Premium,2020,"21,832 mi.",Gasoline,Blue,None reported,Yes,42000,SUV,22,1,69000,0,3,349,0,6,A
1261,Toyota,Corolla iM Base,2017,"41,932 mi.",Gasoline,Black,None reported,Yes,18700,,,,,,1.8,137,0,4,M
1262,GMC,Yukon XL SLT,2017,"110,000 mi.",Gasoline,Blue,At least 1 accident or damage reported,Yes,34999,SUV,18,1,60900,0,5.3,355,0,8,A
1263,Toyota,Tundra 1794,2020,"67,400 mi.",Gasoline,Black,None reported,Yes,47500,Pickup,13,1,47000,0,5.7,381,0,8,A
1264,Subaru,WRX Premium,2017,"62,662 mi.",Gasoline,Red,At least 1 accident or damage reported,Yes,24000,Sedan,20,1,30695,0,2,268,0,4,M
1265,Subaru,WRX Base,2015,"102,000 mi.",Gasoline,White,At least 1 accident or damage reported,Yes,18000,Sedan,21,0,26500,0,2,268,0,4,M
1266,INFINITI,Q50 Premium,2014,"79,785 mi.",Gasoline,Red,At least 1 accident or damage reported,Yes,16488,Sedan,20,1,42000,0,3.7,328,0,6,A
1267,Chevrolet,Suburban Premier,2017,"166,549 mi.",Gasoline,White,At least 1 accident or damage reported,Yes,24950,SUV,18,1,75800,0,5.3,355,0,8,A
1268,Toyota,Sequoia Limited,2006,"190,656 mi.",Gasoline,Black,At least 1 accident or damage reported,Yes,8900,SUV,14,1,45000,0,4.7,273,0,8,A
1269,Dodge,Challenger R/T Scat Pack,2016,"7,928 mi.",,Red,None reported,Yes,37500,Coupe,15,1,35000,1,,,0,,M
1270,Porsche,Cayenne GTS,2009,"135,606 mi.",Gasoline,Black,None reported,Yes,15000,SUV,14,1,80000,1,4.8,405,0,8,A
1271,Kia,Telluride S,2023,"14,700 mi.",Gasoline,Blue,None reported,Yes,39900,SUV,20,0,43800,0,3.8,291,0,6,A
1272,Mercedes-Benz,AMG E 63 S 4MATIC,2019,"12,985 mi.",Gasoline,Gray,At least 1 accident or damage reported,Yes,96000,Sedan,20,1,106000,0,4,603,0,8,A
1273,BMW,Z4 sDrive35is,2014,"4,200 mi.",Gasoline,White,None reported,Yes,64995,Convertible,20,1,61100,0,3,335,0,6,A
1274,Subaru,Impreza 2.0i Sport,2017,"44,000 mi.",Gasoline,Red,None reported,Yes,23500,Sedan,28,0,23995,0,2,152,0,4,M
1275,Dodge,Dart SE,2015,"66,000 mi.",Gasoline,Black,None reported,Yes,12000,Sedan,28,0,20000,0,2,160,0,4,M
1276,Land,Rover Range Rover P525 Westminster,2021,"17,945 mi.",Gasoline,Black,None reported,,89900,SUV,18,1,107000,0,5,,0,8,A
1277,Nissan,370Z Base,2013,"106,700 mi.",Gasoline,Red,None reported,Yes,17500,Coupe,26,0,30000,0,3.7,332,0,6,M
1278,Cadillac,Escalade ESV Luxury,2020,"120,000 mi.",Gasoline,Black,None reported,Yes,55000,SUV,15,0,76500,0,6.2,420,0,8,A
1279,Mercedes-Benz,E-Class E 350,2012,"59,600 mi.",Gasoline,White,None reported,Yes,19900,Sedan,20,0,53000,0,3.5,302,0,6,A
1280,Kia,Optima Hybrid EX,2012,"117,220 mi.",Hybrid,Black,None reported,Yes,8900,Sedan,40,0,25750,0,2.4,206,0,4,A
1281,Chevrolet,Silverado 3500 LTZ,2022,"85,200 mi.",Diesel,Silver,None reported,Yes,67500,Pickup,15,1,50000,0,6.6,445,0,8,A
1282,Volkswagen,Golf GTI 2.0T SE 4-Door,2018,"63,450 mi.",Gasoline,White,None reported,Yes,24325,Hatchback,24,0,26900,0,2,220,0,4,M
1283,Dodge,Ram 1500 SRT-10,2004,"73,000 mi.",Gasoline,Black,None reported,Yes,22500,Pickup,12,1,49995,1,8.3,500,0,10,M
1284,Scion,tC Anniversary Edition,2014,"115,000 mi.",Gasoline,Silver,None reported,Yes,11495,Coupe,23,1,19900,0,2.5,179,0,4,M
1285,Land,Rover Range Rover 5.0L Supercharged Autobiography,2016,"56,000 mi.",Gasoline,Black,None reported,Yes,49900,SUV,14,1,200000,1,5,510,0,8,A
1286,Lexus,LS 500 Base,2018,"67,296 mi.",Gasoline,,None reported,,40900,,,,,,3.5,,0,,A
1287,Chevrolet,Suburban 1500 LT,2015,"179,200 mi.",Gasoline,Black,At least 1 accident or damage reported,Yes,16000,SUV,18,1,60000,0,5.3,355,0,8,A
1288,Maserati,GranTurismo Base,2015,"28,000 mi.",Gasoline,White,None reported,Yes,44999,Coupe,13,0,150000,1,4.7,444,0,8,A
1289,Porsche,911 Carrera Turbo,2003,"155,000 mi.",Gasoline,Black,None reported,Yes,55000,Coupe,18,1,130000,1,3.6,415,0,6,M
1290,Hyundai,Sonata Hybrid Base,2012,"154,000 mi.",Hybrid,Green,At least 1 accident or damage reported,Yes,8500,Sedan,40,0,26000,0,2.4,206,0,4,A
1291,Cadillac,CTS Luxury,2012,"62,500 mi.",Gasoline,Red,At least 1 accident or damage reported,Yes,18955,Sedan,20,1,43000,0,3,270,0,6,A
1292,BMW,323 Ci,2000,"177,700 mi.",Gasoline,Silver,None reported,Yes,2500,Coupe,20,0,29000,0,2.5,170,0,6,A
1293,Tesla,Model 3 Standard Range Plus,2019,"83,700 mi.",,Black,At least 1 accident or damage reported,Yes,26000,Sedan,130,1,39990,0,,,0,,A
1294,Chevrolet,1500 Cheyenne Extended Cab,1995,"120,000 mi.",,White,At least 1 accident or damage reported,Yes,6500,Pickup,15,0,25000,0,,,0,,A
1295,Nissan,370Z Touring,2012,"65,000 mi.",Gasoline,Gray,None reported,Yes,21500,Coupe,19,1,36500,0,3.7,332,0,6,M
1296,Mercedes-Benz,GLS 450 Base 4MATIC,2018,"62,808 mi.",Gasoline,Black,At least 1 accident or damage reported,,38598,SUV,22,1,67500,0,3,,1,,A
1297,Ford,Mustang GT Premium,2021,"3,000 mi.",Gasoline,Red,None reported,Yes,49500,Coupe,17,1,42500,1,5,460,0,8,M
1298,Audi,Q5 2.0T Premium,2012,"119,000 mi.",Gasoline,Gray,None reported,Yes,12000,SUV,20,1,36400,0,2,211,0,4,A
1299,RAM,2500 Big Horn,2013,"198,868 mi.",Diesel,Brown,None reported,Yes,25000,Pickup,13,0,45000,0,6.7,350,0,6,A
1300,Dodge,Ram 1500 ST,2011,"188,000 mi.",Gasoline,Silver,At least 1 accident or damage reported,Yes,8500,Pickup,15,0,22995,0,3.7,210,0,6,A
1301,Mercedes-Benz,C-Class C 300 4MATIC Sport,2013,"157,405 mi.",Gasoline,Black,None reported,Yes,10750,Sedan,19,1,39150,0,3.5,248,0,6,A
1302,Dodge,Challenger SRT Hellcat,2016,"8,228 mi.",Gasoline,Blue,None reported,Yes,62500,Coupe,13,1,64000,1,6.2,707,0,8,A
1303,Land,Rover Range Rover 3.0L Supercharged HSE,2018,"73,101 mi.",Gasoline,Blue,None reported,Yes,42950,SUV,20,1,87000,0,3,380,0,6,A
1304,BMW,M4 Base,2018,"10,950 mi.",Gasoline,White,None reported,Yes,60995,Coupe,20,1,68800,1,3,425,0,6,M
1305,Mercedes-Benz,S-Class S 560 4MATIC,2018,"63,160 mi.",Gasoline,Black,At least 1 accident or damage reported,Yes,47000,Sedan,19,1,103000,0,4,463,0,8,A
1306,Land,Rover Range Rover 5.0L V8 Supercharged,2019,"31,866 mi.",Gasoline,,None reported,,68900,SUV,15,1,90000,0,,,0,,A
1307,Chevrolet,Express 3500 Base,2009,"75,000 mi.",Gasoline,White,None reported,Yes,18900,Minivan,10,0,30500,0,6,319,0,8,A
1308,Toyota,4Runner TRD Pro,2016,"98,000 mi.",Gasoline,Black,At least 1 accident or damage reported,Yes,36000,SUV,17,1,42900,0,4,270,0,6,A
1309,Mazda,MX-5 Miata Grand Touring,2012,"33,576 mi.",Gasoline,Red,None reported,Yes,18900,Convertible,28,1,32000,0,2,167,0,4,M
1310,Volkswagen,Touareg VR6 Lux,2012,"123,200 mi.",Gasoline,Gray,At least 1 accident or damage reported,Yes,12449,SUV,20,0,48000,0,3.6,280,0,6,A
1311,Jaguar,XJ Base,2013,"112,000 mi.",Gasoline,Blue,None reported,Yes,8800,Sedan,18,0,74000,0,3,340,0,6,A
1312,Chevrolet,Camaro 2SS,2010,"68,000 mi.",Gasoline,Gray,At least 1 accident or damage reported,Yes,19500,Coupe,16,1,31895,0,6.2,426,0,8,A
1313,INFINITI,G37 x,2012,"120,000 mi.",Gasoline,Red,At least 1 accident or damage reported,Yes,14500,Sedan,20,0,35100,0,3.7,328,0,6,A
1314,BMW,X6 xDrive50i,2019,"45,000 mi.",Gasoline,Silver,At least 1 accident or damage reported,Yes,46999,SUV,18,1,84700,0,4.4,445,0,8,A
1315,Chevrolet,Camaro LT1,2022,"6,700 mi.",Gasoline,Gray,None reported,Yes,39500,Coupe,20,0,34400,0,6.2,455,0,8,A
1316,Porsche,Taycan Base,2021,"6,785 mi.",,Blue,None reported,,108900,Sedan,76,0,81700,0,,,0,,A
1317,Mercedes-Benz,S-Class S 63 AMG,2015,"40,900 mi.",Gasoline,White,None reported,Yes,59750,Sedan,18,1,150000,1,5.5,577,0,8,A
1318,Cadillac,Escalade ESV Premium Luxury,2018,"74,150 mi.",Gasoline,Gold,None reported,Yes,45000,SUV,14,1,90000,0,6.2,420,0,8,A
1319,Toyota,Camry Hybrid XLE,2014,"94,448 mi.",Hybrid,Silver,None reported,Yes,15999,Sedan,40,1,30000,0,2.5,200,0,4,A
1320,Audi,A6 3.0T Prestige,2015,"108,000 mi.",Gasoline,Black,None reported,Yes,19998,Sedan,20,1,60000,0,3,310,0,6,A
1321,BMW,X5 M Base,2012,"118,000 mi.",Gasoline,White,At least 1 accident or damage reported,Yes,17000,SUV,12,1,95000,0,4.4,555,0,8,A
1322,Jaguar,F-PACE SVR,2020,"38,800 mi.",Gasoline,Black,None reported,Yes,57500,SUV,18,1,86000,0,5,550,0,8,A
1323,BMW,740 i,2017,"55,000 mi.",Gasoline,White,None reported,Yes,40000,Sedan,22,1,83000,0,3,320,0,6,A
1324,BMW,M340 i xDrive,2021,"34,967 mi.",Hybrid,Blue,At least 1 accident or damage reported,Yes,49999,Sedan,24,1,43100,0,3,382,0,6,A
1325,Jeep,Wrangler Unlimited Sport,2016,"85,325 mi.",Gasoline,Black,None reported,Yes,30000,SUV,21,0,31240,0,3.6,285,0,6,A
1326,RAM,2500 Tradesman,2018,"63,750 mi.",Gasoline,Gray,None reported,Yes,36000,Pickup,12,0,35000,0,6.4,410,0,8,A
1327,FORD,Mustang V6,2016,"87,248 mi.",Gasoline,Black,None reported,Yes,19999,Coupe,22,0,25950,0,3.7,300,0,6,A
1328,BMW,328 i,1997,"206,000 mi.",Gasoline,Red,At least 1 accident or damage reported,Yes,15900,Sedan,24,0,29995,1,2.8,190,0,6,M
1329,Mercedes-Benz,GL-Class GL 450,2011,"112,854 mi.",Gasoline,White,None reported,Yes,11999,SUV,14,1,62900,0,4.7,335,0,8,A
1330,Rivian,R1S Adventure Package,2023,"1,150 mi.",,Green,None reported,Yes,96850,SUV,74,1,74900,0,,835,0,,A
1331,Tesla,Model Y Long Range,2023,"10,000 mi.",,Blue,None reported,Yes,48000,SUV,129,1,59990,0,,425,0,,A
1332,Mercedes-Benz,E-Class E 350,2022,"14,100 mi.",Gasoline,Gray,None reported,Yes,53000,Sedan,26,0,54000,0,2,255,0,4,A
1333,BMW,X7 xDrive40i,2023,"14,360 mi.",Hybrid,Black,None reported,Yes,85495,SUV,22,1,83000,0,3,375,0,6,A
1334,Chevrolet,Trailblazer RS,2023,"10,000 mi.",Gasoline,Blue,None reported,Yes,32000,SUV,29,1,32800,0,1.3,155,0,3,A
1335,Chevrolet,Suburban 1500 LTZ,2015,"217,500 mi.",Gasoline,Black,None reported,Yes,20000,SUV,18,1,67180,0,5.3,355,0,8,A
1336,Chevrolet,Suburban Premier,2021,"73,846 mi.",Gasoline,Blue,None reported,Yes,60995,SUV,15,1,74900,0,5.3,,0,8,A
1337,Jeep,Gladiator Overland,2020,"40,000 mi.",Gasoline,Gray,None reported,Yes,45000,Pickup,20,1,43000,0,3.6,285,0,6,A
1338,GMC,Yukon XL AT4,2023,"9,980 mi.",Gasoline,Black,None reported,Yes,82000,SUV,16,1,85000,0,5.3,355,0,8,A
1339,Mazda,Mazda6 Grand Touring Reserve,2019,"41,997 mi.",Gasoline,Black,None reported,Yes,24995,Sedan,26,1,34720,0,2.5,227,0,4,A
1340,Alfa,Romeo Giulia Ti,2021,"2,000 mi.",Gasoline,Blue,None reported,Yes,39000,Sedan,24,0,41900,0,2,280,0,4,A
1341,Mercedes-Benz,CLA-Class CLA 250,2016,"42,750 mi.",Gasoline,Black,At least 1 accident or damage reported,Yes,22999,Sedan,26,0,33000,0,2,208,0,4,A
1342,BMW,330 330i xDrive,2019,"19,473 mi.",Gasoline,White,None reported,,31698,Sedan,26,1,41000,0,2,,1,,A
1343,Volkswagen,Beetle 2.0T S,2019,"35,340 mi.",Gasoline,Black,None reported,Yes,23000,Coupe,26,0,20000,0,2,174,0,4,A
1344,Mercedes-Benz,CLK-Class CLK 350,2008,"93,000 mi.",Gasoline,White,At least 1 accident or damage reported,Yes,12000,Coupe,19,0,49000,0,3.5,268,0,6,A
1345,Audi,RS 7 4.0T Prestige,2014,"66,150 mi.",Gasoline,White,At least 1 accident or damage reported,Yes,47995,Sedan,19,1,108900,0,4,560,0,8,A
1346,Volvo,XC60 Recharge Plug-In Hybrid T8 Inscription,2022,"19,352 mi.",Plug-In Hybrid,Blue,None reported,Yes,54599,SUV,50,1,68000,0,2,455,0,4,A
1347,Land,Rover Range Rover Supercharged LWB,2020,"81,000 mi.",Gasoline,Black,None reported,Yes,64800,SUV,18,1,215000,0,5,518,0,8,A
1348,Toyota,Sequoia Limited,2011,"183,000 mi.",Gasoline,Gold,None reported,Yes,16000,SUV,13,1,54990,0,5.7,381,0,8,A
1349,Jeep,Wrangler X,2004,"44,000 mi.",Gasoline,Green,At least 1 accident or damage reported,Yes,24999,SUV,18,0,20800,0,4,190,0,6,M
1350,audi,S5 3.0T Premium,2021,"18,100 mi.",Gasoline,Gray,None reported,Yes,51800,Coupe,21,1,60000,0,3,349,0,6,A
1351,Land,Rover Range Rover Sport Supercharged,2011,"40,000 mi.",Gasoline,Blue,At least 1 accident or damage reported,Yes,20000,SUV,14,1,92800,0,5,510,0,8,A
1352,Mercedes-Benz,Sprinter 2500,2011,"120,000 mi.",Diesel,Black,None reported,Yes,31999,Van,20,0,35000,0,3,188,0,6,A
1353,Toyota,Sequoia Platinum,2023,325 mi.,Hybrid,Blue,None reported,Yes,84997,SUV,20,1,74900,0,3.4,437,0,6,A
1354,Maserati,Quattroporte S GranLusso,2017,"55,000 mi.",Gasoline,Blue,None reported,Yes,39100,Sedan,20,1,102000,0,3,405,0,6,A
1355,Toyota,Land Cruiser Base,1996,"233,000 mi.",,Blue,None reported,Yes,7500,SUV,13,0,38300,1,,,0,,A
1356,Lamborghini,Aventador SVJ Base,2021,"6,987 mi.",Gasoline,,None reported,Yes,749950,Coupe,10,1,517770,1,6.5,,0,12,A
1357,Ford,Mustang Bullitt,2019,"48,500 mi.",Gasoline,Black,At least 1 accident or damage reported,Yes,44999,Coupe,15,1,45995,1,5,480,0,8,M
1358,RAM,2500 Tradesman,2018,"52,000 mi.",Diesel,Gray,None reported,Yes,50000,Pickup,12,0,35000,0,6.7,350,0,6,A
1359,Toyota,FJ Cruiser Base,2007,"179,000 mi.",Gasoline,Silver,At least 1 accident or damage reported,Yes,17900,SUV,17,0,24000,0,4,239,0,6,A
1360,Dodge,Charger Scat Pack,2019,"42,626 mi.",Gasoline,Silver,None reported,Yes,42000,Sedan,24,1,39500,0,6.4,485,0,8,A
1361,Lexus,GX 460 Base,2018,"65,900 mi.",Gasoline,Gray,At least 1 accident or damage reported,Yes,34700,SUV,15,0,51800,0,4.6,301,0,8,A
1362,Genesis,GV80 2.5T,2022,"7,523 mi.",Gasoline,Black,None reported,,54543,SUV,24,1,48900,0,2.5,,1,4,A
1363,Jaguar,F-PACE 30t R-Sport,2019,"34,365 mi.",Gasoline,Brown,None reported,,59598,SUV,24,1,62000,0,2,,0,,A
1364,Kia,Sportage S,2021,"16,949 mi.",Gasoline,Red,None reported,Yes,24995,SUV,23,0,27000,0,2.4,,0,4,A
1365,Mercedes-Benz,S-Class S 580 4MATIC,2022,"7,968 mi.",Hybrid,White,None reported,Yes,104999,Sedan,18,1,112000,0,4,496,0,8,A
1366,Porsche,Panamera Base,2018,"61,000 mi.",Gasoline,Gray,None reported,Yes,57500,Sedan,21,0,85000,0,3,330,0,6,A
1367,INFINITI,QX80 Base,2018,"100,564 mi.",Gasoline,Black,None reported,,23105,SUV,14,0,64900,0,5.6,,0,8,A
1368,Ford,Maverick Lariat,2022,"13,700 mi.",Hybrid,Blue,None reported,Yes,39500,Pickup,22,1,25000,0,2.5,191,0,4,A
1369,Kia,Telluride SX,2021,"38,612 mi.",Gasoline,Black,None reported,,42242,SUV,20,1,45000,0,3.8,,0,6,A
1370,Chevrolet,Colorado Z85,2005,"155,000 mi.",Gasoline,Blue,At least 1 accident or damage reported,Yes,7995,Pickup,19,0,21000,0,3.5,220,0,5,A
1371,Mercedes-Benz,E-Class E 550,2017,"56,000 mi.",Gasoline,Gray,None reported,Yes,35750,Sedan,22,1,65000,0,4.7,402,0,8,A
1372,Land,Rover Range Rover Sport SVR,2022,"15,107 mi.",Gasoline,Black,None reported,,114900,SUV,18,1,115000,0,5,,0,8,A
1373,Toyota,Corolla Hybrid LE,2022,"44,459 mi.",Hybrid,Silver,None reported,Yes,22945,Sedan,53,0,22900,0,1.8,121,0,4,A
1374,Mercedes-Benz,E-Class E 300 4MATIC,2017,"31,000 mi.",Gasoline,Blue,At least 1 accident or damage reported,Yes,38000,Sedan,24,0,53000,0,2,241,0,4,A
1375,Mercedes-Benz,SLK-Class SLK 350,2012,"44,000 mi.",Gasoline,Gray,At least 1 accident or damage reported,Yes,22222,Convertible,19,1,62750,0,3.5,302,0,6,A
1376,Mercedes-Benz,E-Class E 400 4MATIC,2018,"22,558 mi.",Gasoline,Black,None reported,Yes,47645,Sedan,22,1,64800,0,3,,1,6,A
1377,Jeep,Wrangler X,2003,"116,157 mi.",Gasoline,Beige,None reported,Yes,14250,SUV,16,0,22000,0,4,210,0,6,A
1378,Lincoln,Navigator Premiere,2018,"23,500 mi.",Gasoline,Black,At least 1 accident or damage reported,Yes,50000,SUV,20,1,73980,0,3.5,450,0,6,A
1379,Chevrolet,Corvette Base,2008,"28,150 mi.",Gasoline,Red,None reported,Yes,31000,Convertible,18,0,50000,1,6.2,430,0,8,A
1380,GMC,Yukon XL Denali,2016,"137,500 mi.",Gasoline,Black,At least 1 accident or damage reported,Yes,29500,SUV,20,1,75000,0,6.2,420,0,8,A
1381,Mercedes-Benz,Metris Base,2021,"2,284 mi.",Gasoline,Black,None reported,Yes,157500,Minivan,19,0,33900,0,2,,1,4,A
1382,Land,Rover Range Rover P530 SE LWB 7 Seat,2023,350 mi.,Gasoline,Black,None reported,Yes,195000,SUV,18,1,115000,0,4.4,523,0,8,A
1383,FORD,Explorer XLT,2017,"169,000 mi.",E85 Flex Fuel,White,None reported,Yes,13000,SUV,20,0,31500,0,3.5,290,0,6,A
1384,Ferrari,488 GTB Base,2018,"17,761 mi.",Gasoline,Red,None reported,,243900,Coupe,15,0,250000,1,3.9,,1,8,A
1385,Chevrolet,Camaro 2SS,2010,"8,949 mi.",Gasoline,Yellow,None reported,Yes,30000,Coupe,16,1,31895,0,6.2,426,0,8,M
1386,BMW,750 i xDrive,2020,"25,108 mi.",Gasoline,Black,,,66000,Sedan,20,1,94000,0,4.4,523,0,8,A
1387,Land,Rover Range Rover 3.0L Supercharged HSE,2016,"103,000 mi.",Gasoline,Black,None reported,Yes,33999,SUV,22,1,86000,0,3,380,0,6,A
1388,Porsche,911 Carrera 4 Cabriolet,2003,"87,600 mi.",Gasoline,Black,At least 1 accident or damage reported,Yes,32000,Convertible,21,1,145000,1,3.6,315,0,6,A
1389,Maserati,MC20 Base,2022,"1,087 mi.",Gasoline,White,None reported,Yes,279000,Coupe,24,1,210000,0,3,,1,6,A
1390,Mercedes-Benz,CLA-Class CLA 250,2015,"76,753 mi.",Gasoline,Red,At least 1 accident or damage reported,Yes,15999,Sedan,26,0,29300,0,2,208,0,4,A
1391,Mercedes-Benz,Metris Base,2019,"10,500 mi.",Gasoline,Black,None reported,Yes,79500,Minivan,22,0,32000,0,2,208,0,4,A
1392,Mercedes-Benz,E-Class E 350 4MATIC,2011,"199,000 mi.",Gasoline,Silver,None reported,Yes,9250,Sedan,18,0,56500,0,3.5,268,0,6,A
1393,Lexus,LS 460 L,2007,"127,980 mi.",Gasoline,Blue,None reported,Yes,9999,Sedan,16,0,66500,0,4.6,380,0,8,A
1394,BMW,X6 xDrive40i,2023,"16,307 mi.",Hybrid,Red,None reported,Yes,71400,SUV,21,1,72100,0,3,335,0,6,A
1395,Audi,S5 3.0T Prestige,2021,"13,566 mi.",Gasoline,Gray,None reported,,57900,Coupe,21,1,70700,0,3,,0,,A
1396,Audi,Q7 Premium Plus,2022,"22,588 mi.",Hybrid,Blue,None reported,,52598,SUV,21,1,62900,0,3,,0,,A
1397,Jaguar,XE 25t,2019,"41,452 mi.",Gasoline,White,At least 1 accident or damage reported,Yes,22500,Sedan,25,0,50000,0,2,247,0,4,A
1398,Genesis,G80 3.3T Sport,2019,"57,500 mi.",Gasoline,Red,None reported,Yes,32990,Sedan,18,1,62000,0,3.3,365,0,6,A
1399,BMW,M2 Competition,2020,500 mi.,Gasoline,Black,None reported,Yes,70000,Coupe,20,1,58900,0,3,405,0,6,A
1400,Subaru,Impreza WRX Premium,2014,"55,000 mi.",Gasoline,White,None reported,Yes,30000,Sedan,25,1,29995,0,2.5,265,0,4,M
1401,GMC,Sierra 2500 Base,2021,"8,210 mi.",Gasoline,White,None reported,Yes,55000,Pickup,15,0,35000,0,6.6,401,0,8,A
1402,Lincoln,Nautilus Reserve,2021,"18,160 mi.",Gasoline,Silver,None reported,,46850,SUV,21,1,52980,0,2.7,,1,6,A
1403,Jaguar,XF XFR-S,2013,"4,279 mi.",Gasoline,White,,,70000,Sedan,15,1,99400,0,5,550,0,8,A
1404,Mercedes-Benz,Sprinter Normal Roof,2013,"39,748 mi.",Diesel,Silver,At least 1 accident or damage reported,Yes,54995,Van,21,0,33100,0,3,188,0,6,A
1405,Toyota,Land Cruiser Base,1998,"160,000 mi.",Gasoline,White,At least 1 accident or damage reported,Yes,12490,SUV,12,0,45000,0,4.7,230,0,8,A
1406,Toyota,Tacoma PreRunner,2013,"65,000 mi.",Gasoline,Silver,None reported,Yes,20500,Pickup,22,0,26800,0,2.7,159,0,4,A
1407,BMW,Z4 sDrive28i,2016,"59,000 mi.",Gasoline,Black,None reported,Yes,25000,Convertible,24,1,48900,0,2,240,0,4,A
1408,BMW,530e Base,2022,"22,700 mi.",Plug-In Hybrid,White,None reported,Yes,47000,Sedan,22,0,55600,0,2,288,0,4,A
1409,Mercedes-Benz,GLA 250 Base 4MATIC,2018,"56,578 mi.",E85 Flex Fuel,White,None reported,Yes,20900,SUV,24,1,33500,0,2,208,0,4,A
1410,Hyundai,Genesis 4.6,2010,"153,332 mi.",Gasoline,Silver,At least 1 accident or damage reported,Yes,10000,Sedan,18,1,59900,0,4.6,378,0,8,A
1411,Cadillac,ATS 3.6L Luxury,2013,"89,700 mi.",Gasoline,Black,None reported,Yes,17999,Sedan,20,0,40740,0,3.6,321,0,6,A
1412,Lincoln,Town Car Signature,2002,"118,600 mi.",Gasoline,Black,At least 1 accident or damage reported,Yes,5230,Sedan,18,0,46900,0,4.6,220,0,8,A
1413,GMC,Sierra 1500 SLT,2021,"23,400 mi.",Gasoline,Black,None reported,Yes,52000,Pickup,22,1,53100,0,6.2,420,0,8,A
1414,Mercedes-Benz,Sprinter High Roof,2015,"110,000 mi.",Diesel,White,None reported,Yes,29000,Van,24,0,40000,0,3,188,0,6,A
1415,Jaguar,XJ Vanden Plas,2008,"87,888 mi.",Gasoline,Black,None reported,Yes,11990,Sedan,18,1,80000,1,4.2,300,0,8,A
1416,Lexus,RC 350 Base,2015,"73,800 mi.",Gasoline,Black,None reported,,26999,Coupe,20,0,41900,0,3.5,,0,6,A
1417,Audi,S3 2.0T Premium Plus,2015,"78,124 mi.",Gasoline,Blue,None reported,Yes,21500,Sedan,27,1,40000,0,2,292,0,4,A
1418,Subaru,WRX Limited,2015,"91,000 mi.",Gasoline,Red,At least 1 accident or damage reported,Yes,19000,Sedan,23,1,29995,0,2,268,0,4,M
1419,Dodge,Ram 2500 SLT Quad Cab,2003,"114,000 mi.",Gasoline,White,At least 1 accident or damage reported,Yes,10700,Pickup,12,0,29000,0,5.7,345,0,8,A
1420,Subaru,WRX Limited,2015,"76,000 mi.",Gasoline,Blue,None reported,Yes,21000,Sedan,23,1,29995,0,2,268,0,4,M
1421,audi,RS 4 4.2 quattro L,2008,"146,500 mi.",Gasoline,Red,At least 1 accident or damage reported,Yes,30000,Sedan,20,1,70000,1,4.2,420,0,8,M
1422,Porsche,911 Carrera,2007,"26,021 mi.",Gasoline,Silver,None reported,Yes,53999,Coupe,19,1,80000,1,3.6,325,0,6,M
1423,Audi,A4 2.0T Premium Plus,2015,"73,000 mi.",E85 Flex Fuel,Black,At least 1 accident or damage reported,Yes,17200,Sedan,26,1,38800,0,2,220,0,4,A
1424,Audi,A4 3.2 Premium Plus quattro,2009,"153,000 mi.",Gasoline,Gray,None reported,Yes,8700,Sedan,25,1,45000,0,3.2,265,0,6,A
1425,Ford,Excursion Limited,2003,"67,550 mi.",Diesel,Gold,None reported,Yes,30000,SUV,12,1,50000,0,6,325,0,8,A
1426,Ford,Excursion Limited,2004,"170,000 mi.",Gasoline,Gold,None reported,Yes,8500,SUV,12,1,60000,1,6.8,310,0,10,A
1427,Land,Rover Range Rover Sport 5.0L Supercharged Dynamic,2017,"53,000 mi.",Gasoline,Black,None reported,Yes,47500,SUV,14,1,100000,1,5,510,0,8,A
1428,Audi,Q8 3.0T Prestige,2019,"54,900 mi.",Hybrid,Gold,At least 1 accident or damage reported,Yes,48500,SUV,17,1,74900,0,3,335,0,6,A
1429,BMW,X5 xDrive35i,2016,"89,000 mi.",Gasoline,Black,None reported,Yes,24000,SUV,24,1,59000,0,3,300,0,6,A
1430,Ford,Bronco Base,2022,"6,200 mi.",Gasoline,Black,None reported,Yes,49000,SUV,20,0,29995,0,2.3,275,0,4,M
1431,Ford,F-150 XLT,2021,"51,808 mi.",Gasoline,Silver,None reported,Yes,42388,Pickup,20,0,40000,0,5,,0,8,A
1432,Hyundai,Genesis Coupe 3.8 Track,2013,"89,000 mi.",Gasoline,White,At least 1 accident or damage reported,Yes,12500,Coupe,19,1,29950,0,3.8,344,0,6,M
1433,Toyota,Camry LE,1999,"86,111 mi.",Gasoline,Gold,At least 1 accident or damage reported,Yes,3500,Sedan,24,0,20000,0,2.2,133,0,4,A
1434,Mercedes-Benz,E-Class E 400 4MATIC,2018,"45,203 mi.",Gasoline,White,None reported,Yes,39853,Sedan,22,1,64800,0,3,,1,6,A
1435,audi,S5 3.0T Prestige,2022,"14,739 mi.",Gasoline,Gray,None reported,,61900,Coupe,21,1,74800,0,3,,0,,A
1436,Buick,Enclave Premium,2017,"139,105 mi.",Gasoline,White,At least 1 accident or damage reported,Yes,17550,SUV,18,1,42000,0,3.6,,0,6,A
1437,Lamborghini,Gallardo LP560-4,2010,"45,014 mi.",Gasoline,Gray,None reported,Yes,109499,Coupe,15,1,198000,1,5.2,560,0,10,A
1438,Ford,Mustang GT Premium,2011,"101,000 mi.",Gasoline,Red,None reported,Yes,18500,Coupe,25,1,30000,0,5,412,0,8,M
1439,GMC,Yukon XL SLT,2016,"93,000 mi.",Gasoline,Black,At least 1 accident or damage reported,Yes,30000,SUV,18,1,60700,0,5.3,355,0,8,A
1440,Ford,Mustang V6 Premium,2013,"62,500 mi.",Gasoline,Black,None reported,Yes,16000,Coupe,19,1,26500,0,3.7,305,0,6,M
1441,Lexus,IS-F Base,2008,"75,000 mi.",Gasoline,Blue,At least 1 accident or damage reported,Yes,29000,Sedan,16,1,59000,0,5,416,0,8,A
1442,BMW,435 i,2015,"34,455 mi.",Gasoline,Gray,None reported,Yes,28000,Coupe,24,1,45000,0,3,300,0,6,A
1443,Land,Rover Range Rover Supercharged,2010,"130,000 mi.",Gasoline,White,None reported,Yes,15500,SUV,12,1,85000,0,5,510,0,8,A
1444,Mercedes-Benz,CLA-Class CLA 250,2014,"76,170 mi.",Gasoline,Gray,At least 1 accident or damage reported,Yes,16500,Sedan,26,0,32000,0,2,208,0,4,A
1445,GMC,Yukon SLT,2010,"194,500 mi.",E85 Flex Fuel,White,At least 1 accident or damage reported,Yes,9500,SUV,15,1,48700,0,5.3,320,0,8,A
1446,BMW,535 i,2008,"135,000 mi.",Gasoline,Silver,None reported,Yes,5699,Sedan,22,1,50000,0,3,300,0,6,A
1447,Dodge,Charger GT,2021,"33,000 mi.",Gasoline,White,At least 1 accident or damage reported,Yes,26999,Sedan,19,0,35000,0,3.6,300,0,6,A
1448,Hyundai,Genesis 3.8,2010,"98,700 mi.",Gasoline,Beige,None reported,Yes,10340,Sedan,18,0,38000,0,3.8,290,0,6,A
1449,Honda,Civic Type R Touring,2018,"72,900 mi.",Gasoline,Black,At least 1 accident or damage reported,Yes,35500,Hatchback,22,1,34995,0,2,306,0,4,M
1450,Dodge,Durango R/T,2016,"135,000 mi.",Gasoline,Black,None reported,Yes,20000,SUV,17,1,42325,0,5.7,360,0,8,A
1451,Chevrolet,Silverado 1500 Limited High Country,2022,"2,550 mi.",Gasoline,Red,None reported,Yes,60000,Pickup,20,1,56000,0,5.3,355,0,8,A
1452,Jeep,Grand Cherokee Altitude,2020,"35,289 mi.",Gasoline,Black,,,35470,SUV,18,1,41790,0,3.6,,0,6,A
1453,RAM,1500 Laramie,2022,"14,636 mi.",Gasoline,Black,None reported,,46599,Pickup,22,1,45000,0,5.7,,0,8,A
1454,Chrysler,Crossfire Limited,2005,"24,847 mi.",Gasoline,White,None reported,Yes,13046,Coupe,20,1,33990,0,3.2,,0,6,A
1455,Nissan,Rogue SL,2019,"29,558 mi.",Gasoline,Black,None reported,Yes,25884,SUV,26,1,30000,0,2.5,,0,4,A
1456,Audi,A6 55 Premium Plus,2023,"6,581 mi.",Gasoline,Gray,None reported,,59900,Sedan,24,1,75100,0,,,0,,A
1457,Mercedes-Benz,AMG GT 53 Base,2020,"22,000 mi.",Hybrid,Gray,None reported,Yes,83999,Sedan,20,1,99500,0,3,429,0,6,A
1458,Acura,ILX Technology Plus Package,2017,"68,200 mi.",Gasoline,Black,At least 1 accident or damage reported,Yes,15750,Sedan,25,1,30450,0,2.4,201,0,4,A
1459,Land,Rover Range Rover P530 SE SWB,2023,"2,800 mi.",Gasoline,White,None reported,Yes,175000,SUV,20,1,111000,0,4.4,523,0,8,A
1460,Ford,Expedition Platinum,2019,"51,300 mi.",Gasoline,White,None reported,Yes,48295,SUV,17,1,77780,0,3.5,,1,6,A
1461,BMW,M3 Base,2008,"133,500 mi.",Gasoline,Gray,None reported,Yes,18500,Coupe,14,1,57800,1,4,414,0,8,M
1462,INFINITI,M37 x,2012,"49,000 mi.",Gasoline,Gray,None reported,Yes,19900,Sedan,18,0,56000,0,3.7,330,0,6,A
1463,BMW,650 i,2008,"125,470 mi.",Gasoline,Black,None reported,Yes,8000,Convertible,15,1,85000,0,4.8,360,0,8,A
1464,Mazda,RX-8 Grand Touring,2008,"81,219 mi.",Gasoline,Red,None reported,Yes,8500,Coupe,20,1,29000,0,1.3,232,0,,M
1465,Porsche,Boxster Base,1999,"72,000 mi.",Gasoline,Blue,None reported,Yes,12250,Convertible,20,0,40000,1,2.5,201,0,6,M
1466,Acura,ILX Premium & A-SPEC Packages,2019,"19,500 mi.",Gasoline,Gray,None reported,Yes,25000,Sedan,24,1,29800,0,2.4,201,0,4,A
1467,Porsche,911 Carrera S,2017,"20,561 mi.",Gasoline,Red,None reported,Yes,105000,Coupe,20,1,116000,1,3,420,0,6,M
1468,Lexus,LX 570 Base,2016,"33,655 mi.",Gasoline,White,None reported,Yes,62900,SUV,14,1,89915,0,5.7,383,0,8,A
1469,Toyota,Highlander Limited Platinum,2015,"135,140 mi.",Gasoline,White,None reported,Yes,23500,SUV,20,1,44990,0,3.5,270,0,6,A
1470,Maserati,Ghibli Base,2015,"73,000 mi.",Gasoline,Black,None reported,Yes,17999,Sedan,18,0,66000,0,3,345,0,6,A
1471,Land,Rover Range Rover 3.0L Supercharged HSE,2017,"55,000 mi.",Gasoline,White,At least 1 accident or damage reported,Yes,58000,SUV,18,1,90000,0,3,380,0,6,A
1472,Chevrolet,Cruze LTZ,2013,"87,000 mi.",Gasoline,Blue,At least 1 accident or damage reported,Yes,10000,Sedan,26,0,22000,0,1.4,138,0,4,A
1473,BMW,325 xi,2006,"137,825 mi.",Gasoline,Silver,None reported,Yes,4000,Sedan,23,0,30000,0,3,215,0,6,A
1474,Acura,MDX Technology,2008,"184,421 mi.",Gasoline,Gray,None reported,Yes,5000,SUV,18,1,46900,0,3.7,300,0,6,A
1475,Lincoln,MKC Base,2015,"95,000 mi.",Gasoline,White,At least 1 accident or damage reported,Yes,14900,SUV,22,0,33995,0,2,240,0,4,A
1476,Kia,Sportage Nightfall,2022,"26,468 mi.",Gasoline,Blue,At least 1 accident or damage reported,Yes,27875,SUV,28,1,30000,0,2.4,,0,4,A
1477,Bentley,Arnage R,2003,"55,050 mi.",Gasoline,Gray,None reported,Yes,34995,Sedan,12,1,150000,1,6.75,400,0,8,A
1478,Kia,Sorento LX,2021,"54,200 mi.",Gasoline,White,None reported,Yes,23800,SUV,26,0,30790,0,2.5,191,0,4,A
1479,Lexus,SC 430 Base,2002,"109,762 mi.",Gasoline,Blue,None reported,Yes,15000,Convertible,18,0,81000,0,4.3,300,0,8,A
1480,Land,Rover Range Rover Evoque Base,2012,"92,080 mi.",Gasoline,Gray,None reported,Yes,14500,SUV,28,0,35000,0,2,240,0,4,A
1481,Acura,TLX Type S w/Performance Tire,2023,"1,798 mi.",Gasoline,Black,None reported,Yes,53000,Sedan,21,1,51745,0,3,355,0,6,A
1482,GMC,Sierra 1500 SLE Crew Cab,2006,"167,500 mi.",Gasoline,Silver,None reported,Yes,14500,Pickup,15,0,30000,0,5.3,295,0,8,A
1483,GMC,Sierra 1500 Denali Ultimate,2023,"2,500 mi.",Gasoline,White,None reported,Yes,84000,Pickup,20,1,80000,0,6.2,420,0,8,A
1484,Mercedes-Benz,E-Class E 400,2016,"77,000 mi.",Gasoline,White,At least 1 accident or damage reported,Yes,24000,Sedan,24,1,62200,0,3,329,0,6,A
1485,MINI,Hardtop Cooper,2019,"19,850 mi.",Gasoline,Black,None reported,Yes,24000,Hatchback,32,0,25000,0,1.5,134,0,3,A
1486,Ford,Bronco Outer Banks Advanced,2023,"3,400 mi.",Gasoline,Gray,None reported,Yes,57000,SUV,21,1,47505,0,2.3,275,0,4,A
1487,FORD,Bronco,2021,"3,596 mi.",Gasoline,Blue,None reported,,56900,SUV,20,1,30000,0,2.7,,1,6,A
1488,Ford,F-350 Lariat Super Duty Crew Cab,2009,"130,200 mi.",Diesel,White,None reported,Yes,28900,Pickup,12,0,45000,0,6.4,350,0,8,A
1489,Land,Rover Discovery Sport SE,2017,"48,200 mi.",Gasoline,White,None reported,Yes,24998,SUV,25,0,37995,0,2,240,0,4,A
1490,GMC,Yukon XL SLT,2016,"183,544 mi.",Gasoline,Black,At least 1 accident or damage reported,Yes,22000,SUV,18,1,60700,0,5.3,355,0,8,A
1491,FORD,Focus RS Base,2016,"14,900 mi.",Gasoline,Blue,None reported,Yes,39000,Hatchback,24,1,36000,1,2.3,350,0,4,M
1492,FORD,Bronco Badlands Advanced,2022,"4,200 mi.",Gasoline,Blue,None reported,Yes,65994,SUV,20,1,48845,0,2.7,315,0,6,A
1493,Hyundai,Genesis 5,2012,"15,698 mi.",Gasoline,Black,None reported,Yes,19000,Sedan,18,0,60000,0,5,429,0,8,A
1494,Jeep,Wrangler Unlimited Rubicon,2022,"1,750 mi.",Gasoline,Gray,None reported,Yes,65500,SUV,22,1,49990,0,3.6,285,0,6,A
1495,BMW,X4 xDrive30i,2022,"34,800 mi.",Gasoline,Blue,None reported,Yes,46000,SUV,25,1,52000,0,2,248,0,4,A
1496,Jaguar,F-PACE S,2020,"35,580 mi.",Gasoline,Gray,None reported,,46998,SUV,22,1,68900,0,3,,0,,A
1497,Acura,RSX Type S,2006,"71,400 mi.",Gasoline,Black,,,14990,Coupe,24,1,24000,0,2,201,0,4,M
1498,Mazda,MX-5 Miata Base,2003,"9,260 mi.",Gasoline,White,None reported,Yes,22000,Convertible,24,0,19600,0,1.8,142,0,4,M
1499,GMC,Yukon XL SLT,2023,"28,500 mi.",Gasoline,Black,None reported,Yes,67800,SUV,20,1,62995,0,5.3,355,0,8,A
1500,Mercedes-Benz,E-Class E 350 4MATIC,2008,"91,900 mi.",Gasoline,Black,None reported,Yes,8900,Sedan,18,0,55000,0,3.5,268,0,6,A
1501,INFINITI,G35 Base,2004,"130,000 mi.",Gasoline,Beige,None reported,Yes,7500,Sedan,20,0,30000,0,3.5,260,0,6,A
1502,Cadillac,XTS Premium,2013,"56,860 mi.",Gasoline,White,At least 1 accident or damage reported,Yes,21995,Sedan,17,1,75000,0,3.6,,0,6,A
1503,MINI,Hardtop Cooper S,2017,"44,300 mi.",Gasoline,Silver,None reported,Yes,20784,Hatchback,28,1,28000,0,2,189,0,4,M
1504,BMW,X5 xDrive35i,2014,"120,000 mi.",Gasoline,Black,,,20000,SUV,22,1,60000,0,3,300,0,6,A
1505,Mercedes-Benz,SL-Class SL 550,2013,"72,500 mi.",Gasoline,Black,None reported,Yes,31450,Convertible,17,1,105000,0,4.6,429,0,8,A
1506,RAM,1500 Tradesman/Express,2017,"72,000 mi.",Gasoline,Blue,At least 1 accident or damage reported,Yes,24200,Pickup,20,0,31000,0,5.7,395,0,8,A
1507,BMW,135 i,2011,"132,000 mi.",Gasoline,Black,None reported,Yes,11000,Coupe,20,1,32000,0,3,300,0,6,A
1508,Rolls-Royce,Phantom,2018,"7,585 mi.",Gasoline,,None reported,Yes,599000,Sedan,12,1,450000,1,6.8,,1,12,A
1509,Hyundai,IONIQ 5 SE,2022,"18,500 mi.",,White,None reported,Yes,42000,SUV,80,0,39900,0,,320,0,,A
1510,Lexus,LS 430 Base,2002,"42,000 mi.",Gasoline,Silver,At least 1 accident or damage reported,Yes,15999,Sedan,19,0,57800,1,4.3,290,0,8,A
1511,Jaguar,F-PACE S,2023,"4,624 mi.",Gasoline,Black,None reported,,56998,SUV,22,1,73100,0,2,,0,,A
1512,BMW,M5 Base,2006,"106,000 mi.",Gasoline,Black,None reported,Yes,19500,Sedan,14,1,90000,1,5,500,0,10,A
1513,Hyundai,Santa Fe SE,2022,"13,610 mi.",Gasoline,Blue,None reported,,27450,SUV,26,0,30400,0,2.5,,0,4,A
1514,Lamborghini,Urus Base,2019,"16,876 mi.",Gasoline,Gray,None reported,,209900,SUV,12,1,200000,0,4,,1,8,A
1515,Ford,Expedition Timberline,2023,"8,911 mi.",Gasoline,Black,At least 1 accident or damage reported,Yes,77430,SUV,17,1,73800,0,3.5,,1,6,A
1516,Chevrolet,Silverado 1500 LT Trail Boss,2021,"48,641 mi.",Gasoline,Silver,None reported,,43666,Pickup,17,0,48700,0,5.3,,0,8,A
1517,GMC,Sierra 1500 SLT,2021,"11,250 mi.",Gasoline,White,None reported,Yes,70250,Pickup,22,1,53100,0,6.2,420,0,8,A
1518,Ford,Mustang Premium,2007,"126,000 mi.",Gasoline,Red,None reported,Yes,9000,Coupe,18,1,29000,0,4,210,0,6,A
1519,BMW,M5 Base,2008,"77,750 mi.",Gasoline,Silver,None reported,Yes,21000,Sedan,15,1,90000,0,5,500,0,10,A
1520,Toyota,Tacoma SR,2020,"27,363 mi.",Gasoline,Gray,None reported,Yes,35000,Pickup,20,0,26000,0,3.5,278,0,6,A
1521,Porsche,Cayenne Base,2019,"30,951 mi.",Gasoline,White,None reported,Yes,80140,SUV,19,0,65000,0,3,,1,6,A
1522,Ford,F-150 Lightning XLT,2023,208 mi.,,Gray,None reported,Yes,89000,Pickup,0,0,59999,0,,563,0,,A
1523,Dodge,Durango GT,2021,"20,386 mi.",Gasoline,White,None reported,,32999,SUV,21,0,34790,0,3.6,,0,6,A
1524,BMW,330e iPerformance,2018,"45,253 mi.",Plug-In Hybrid,Black,None reported,Yes,24995,Sedan,41,0,44100,0,2,247,0,4,A
1525,GMC,Terrain Denali,2016,"144,000 mi.",Gasoline,White,None reported,Yes,18400,SUV,20,1,35000,0,3.6,301,0,6,A
1526,Ford,Excursion Limited,2004,"76,163 mi.",Diesel,Gold,None reported,Yes,20500,SUV,12,1,60000,1,6,325,0,8,A
1527,Hyundai,Genesis 3.8,2015,"61,300 mi.",Gasoline,Silver,,,20150,Sedan,18,0,60000,0,3.8,311,0,6,A
1528,Mitsubishi,Mirage ES,2017,"35,698 mi.",Gasoline,Blue,None reported,Yes,8750,,,,,,1.2,78,0,3,A
1529,Mercedes-Benz,E-Class E 350 4MATIC,2010,"27,000 mi.",Gasoline,Black,None reported,Yes,22500,Sedan,20,0,55950,0,3.5,268,0,6,A
1530,Mazda,Mazda3 i Sport,2015,"162,000 mi.",Gasoline,Red,None reported,Yes,11500,Sedan,30,0,18000,0,2,155,0,4,A
1531,BMW,M3 Base,2008,"77,800 mi.",Gasoline,Red,None reported,Yes,28500,Coupe,14,1,57800,1,4,414,0,8,M
1532,Mercedes-Benz,E-Class E 350,2014,"55,000 mi.",Gasoline,Black,None reported,Yes,19250,Sedan,21,1,52800,0,3.5,302,0,6,A
1533,Ford,Bronco Outer Banks Advanced,2022,"12,000 mi.",Gasoline,Gray,At least 1 accident or damage reported,Yes,65999,SUV,20,1,47500,0,2.7,315,0,6,A
1534,Tesla,Model X 75D,2017,"70,579 mi.",,Black,None reported,Yes,42250,SUV,90,1,85000,0,,518,0,,A
1535,Jeep,Wrangler Unlimited Sport,2010,"107,000 mi.",Gasoline,White,At least 1 accident or damage reported,Yes,17500,SUV,15,0,28890,0,3.8,205,0,6,A
1536,Honda,Pilot Elite,2021,"42,653 mi.",Gasoline,Gray,None reported,,38998,SUV,20,1,48750,0,3.5,,0,6,A
1537,Acura,TL 3.2,2008,"193,783 mi.",Gasoline,Black,At least 1 accident or damage reported,Yes,10000,Sedan,20,0,36900,0,3.2,258,0,6,A
1538,Lexus,IS 350 Base,2014,"123,000 mi.",Gasoline,Red,At least 1 accident or damage reported,Yes,18000,Sedan,22,0,39000,0,3.5,306,0,6,A
1539,Chevrolet,Equinox LT,2011,"130,000 mi.",Gasoline,Brown,At least 1 accident or damage reported,Yes,7000,SUV,22,0,24500,0,3,264,0,6,A
1540,Mitsubishi,Lancer DE,2009,"143,346 mi.",Gasoline,Black,At least 1 accident or damage reported,Yes,3000,Sedan,26,0,16000,0,2,152,0,4,M
1541,Land,Rover LR2 Base,2015,"112,465 mi.",Gasoline,White,None reported,Yes,11995,SUV,22,0,36450,0,2,240,0,4,A
1542,Nissan,Leaf SV PLUS,2023,"5,121 mi.",,Silver,None reported,Yes,28196,Hatchback,118,1,38790,0,,,0,,A
1543,Audi,A5 2.0T Premium,2012,"137,273 mi.",Gasoline,White,None reported,Yes,11000,Coupe,27,1,39400,0,2,211,0,4,A
1544,Rivian,R1S Launch Edition,2023,299 mi.,,Blue,None reported,Yes,92500,SUV,74,1,74900,0,,835,0,,A
1545,Lexus,RX 450h Base,2018,"70,780 mi.",Hybrid,Silver,None reported,Yes,35700,SUV,30,0,47000,0,3.5,308,0,6,A
1546,Chevrolet,Tahoe LT,2018,"55,000 mi.",Gasoline,Black,None reported,Yes,37900,SUV,20,1,60150,0,5.3,355,0,8,A
1547,Mercedes-Benz,G-Class G 550 4MATIC,2017,"23,151 mi.",Gasoline,Gray,None reported,Yes,84500,SUV,13,1,124900,1,4,416,0,8,A
1548,Cadillac,XTS Luxury,2013,"152,000 mi.",Gasoline,Black,At least 1 accident or damage reported,Yes,8500,Sedan,23,1,60000,0,3.6,304,0,6,A
1549,INFINITI,Q50 3.0t Red Sport 400,2020,"23,344 mi.",Gasoline,Gray,None reported,,36999,Sedan,20,1,60850,0,3,,1,6,A
1550,Subaru,Outback 3.6R Limited,2016,"87,092 mi.",Gasoline,Blue,At least 1 accident or damage reported,Yes,19500,SUV,20,1,34000,0,3.6,256,0,6,A
1551,Toyota,Avalon XLS,2004,"90,625 mi.",Gasoline,Gray,None reported,Yes,5500,Sedan,23,1,30925,0,3,210,0,6,A
1552,Chevrolet,Traverse RS,2021,"44,373 mi.",Gasoline,Silver,None reported,Yes,36000,SUV,18,1,44600,0,3.6,310,0,6,A
1553,BMW,330 i,2021,"26,000 mi.",Gasoline,Black,None reported,Yes,37000,Sedan,26,1,41250,0,2,255,0,4,A
1554,Karma,Revero Base,2018,"20,760 mi.",,White,None reported,Yes,55500,Sedan,52,1,130000,1,2,403,0,,A
1555,Lexus,GX 460 Base,2021,"39,102 mi.",Gasoline,Silver,None reported,,51798,SUV,15,0,53000,0,4.6,,0,,A
1556,Alfa,Romeo Stelvio Ti Sport,2019,"39,615 mi.",Gasoline,Black,None reported,,28900,SUV,24,1,45400,0,,,0,,A
1557,GMC,Sierra 2500 Base,2019,"58,000 mi.",E85 Flex Fuel,Silver,None reported,Yes,36500,Pickup,15,0,35000,0,6,360,0,8,A
1558,Lexus,IS 250 Base,2013,"148,000 mi.",Gasoline,Gray,At least 1 accident or damage reported,Yes,10000,Sedan,22,0,35800,0,2.5,204,0,6,A
1559,Porsche,Panamera 2,2011,"104,000 mi.",Gasoline,White,None reported,Yes,20900,Sedan,18,1,75000,0,3.6,300,0,6,A
1560,BMW,535 i xDrive,2013,"46,150 mi.",Gasoline,Silver,At least 1 accident or damage reported,Yes,17000,Sedan,24,1,61000,0,3,306,0,6,A
1561,Chevrolet,Silverado 2500 High Country,2022,"18,860 mi.",Diesel,Blue,None reported,Yes,74500,Pickup,15,1,58000,0,6.6,445,0,8,A
1562,Mercedes-Benz,AMG C 63 Base,2017,"28,399 mi.",Gasoline,Gray,None reported,Yes,55600,Sedan,19,1,67600,0,4,469,0,8,A
1563,Jeep,Wrangler Sahara,1998,"136,500 mi.",Gasoline,Black,None reported,Yes,6999,SUV,15,0,25000,0,4,181,0,6,M
1564,Porsche,Boxster S,2005,"95,170 mi.",Gasoline,Blue,None reported,Yes,24900,Convertible,20,1,60000,0,3.2,280,0,6,M
1565,BMW,M3 Base,2006,"95,450 mi.",Gasoline,Gray,At least 1 accident or damage reported,Yes,42000,Coupe,18,1,50000,1,3.2,333,0,6,M
1566,Chevrolet,Camaro LT1,2022,"7,652 mi.",Gasoline,Blue,None reported,,39998,Coupe,20,0,34400,0,6.2,,0,,A
1567,BMW,535 i xDrive,2011,"169,000 mi.",Gasoline,Black,At least 1 accident or damage reported,Yes,10999,Sedan,20,1,60000,0,3,300,0,6,A
1568,RAM,1500 Laramie,2022,"16,744 mi.",Gasoline,Red,None reported,,46999,Pickup,22,1,45000,0,5.7,,0,8,A
1569,Mercedes-Benz,Metris Base,2020,"1,025 mi.",Gasoline,Black,None reported,Yes,299000,Minivan,20,0,31000,0,2,,1,4,A
1570,Chevrolet,Express 1500 Cargo,2004,"152,000 mi.",Gasoline,White,At least 1 accident or damage reported,Yes,7999,Van,15,0,25000,0,4.3,195,0,6,A
1571,BMW,X7 xDrive40i,2020,"46,000 mi.",Gasoline,Black,None reported,Yes,54999,SUV,22,1,74900,0,3,335,0,6,A
1572,BMW,X7 xDrive40i,2022,"8,000 mi.",Hybrid,Blue,None reported,Yes,85000,SUV,22,1,74900,0,3,335,0,6,A
1573,Ferrari,F12berlinetta Base,2016,"14,770 mi.",Gasoline,Gray,None reported,,254900,Coupe,13,1,274980,1,6.3,,0,12,A
1574,Chevrolet,Silverado 2500 LT,2016,"84,421 mi.",E85 Flex Fuel,White,None reported,Yes,36800,Pickup,16,0,45000,0,6,360,0,8,A
1575,Mercedes-Benz,Maybach S 580 4MATIC,2022,"4,760 mi.",Gasoline,White,None reported,Yes,229000,Sedan,18,1,185000,1,4,,1,8,A
1576,GMC,Sierra 1500 Denali,2021,"44,691 mi.",Gasoline,White,At least 1 accident or damage reported,,56900,Pickup,20,1,58000,0,6.2,,0,8,A
1577,Mitsubishi,Outlander SEL,2022,"11,700 mi.",Gasoline,White,None reported,Yes,33000,SUV,24,0,34395,0,2.5,181,0,4,A
1578,Ford,Shelby GT350 Base,2019,"2,800 mi.",Gasoline,Black,None reported,Yes,91000,Coupe,15,0,60000,1,5.2,526,0,8,M
1579,MINI,Cooper Base,2010,"58,000 mi.",Gasoline,Gold,None reported,Yes,8000,Hatchback,28,0,19800,0,1.6,118,0,4,A
1580,Toyota,Prius Touring,2009,"142,500 mi.",Hybrid,Blue,None reported,Yes,6999,Sedan,48,0,24000,0,1.5,76,0,4,A
1581,Cadillac,Escalade ESV Base,2007,"191,900 mi.",Gasoline,Black,At least 1 accident or damage reported,Yes,9750,SUV,12,1,60985,0,6.2,403,0,8,A
1582,audi,A6 2.0T Premium Plus,2016,"63,398 mi.",Gasoline,White,At least 1 accident or damage reported,Yes,19500,Sedan,30,1,56000,0,2,252,0,4,A
1583,Chevrolet,Suburban 1500 LT,2008,"162,750 mi.",Gasoline,White,At least 1 accident or damage reported,Yes,7200,SUV,14,1,48580,0,5.3,320,0,8,A
1584,Jaguar,XK R,2012,"38,383 mi.",Gasoline,White,None reported,Yes,36949,Coupe,16,1,99750,0,5,510,0,8,A
1585,Porsche,911 Carrera GTS,2022,"1,837 mi.",Gasoline,Green,None reported,,179900,Coupe,20,1,139000,1,3,,1,,A
1586,Ford,F-250 XLT,2022,"36,294 mi.",Diesel,White,,,77535,Pickup,18,0,43000,0,6.7,,1,8,A
1587,Audi,A4 2.0T Premium,2011,"90,818 mi.",Gasoline,White,At least 1 accident or damage reported,Yes,8300,Sedan,24,1,32900,0,2,211,0,4,A
1588,Cadillac,ATS 2.0L Turbo,2018,"32,000 mi.",Gasoline,Gray,None reported,Yes,22999,Sedan,21,0,36000,0,2,272,0,4,A
1589,Ford,Transit-350 Base,2019,"94,650 mi.",Gasoline,White,None reported,Yes,37000,Van,0,0,0,0,3.7,275,0,6,A
1590,Mercedes-Benz,G-Class G 63 AMG,2014,"49,899 mi.",Gasoline,White,None reported,Yes,72999,SUV,12,1,140000,1,5.5,536,0,8,A
1591,Jeep,Wrangler Sahara,2011,"55,000 mi.",Gasoline,Red,At least 1 accident or damage reported,Yes,35000,SUV,17,1,28000,0,3.8,202,0,6,A
1592,BMW,M4 Base,2015,"23,700 mi.",Gasoline,Black,None reported,Yes,42800,Coupe,20,1,65000,1,3,425,0,6,A
1593,Tesla,Model S P100D,2018,"46,000 mi.",,White,None reported,Yes,59500,Sedan,102,1,140000,1,,518,0,,A
1594,Maserati,Ghibli S GranLusso,2020,"12,118 mi.",Gasoline,Blue,None reported,Yes,52900,Sedan,20,1,103000,0,3,424,0,6,A
1595,Pontiac,Firebird Trans Am,2001,"64,000 mi.",Gasoline,Blue,None reported,Yes,21000,Coupe,30,1,32995,0,5.7,310,0,8,M
1596,Ford,Expedition XLT,2022,"22,169 mi.",Gasoline,Black,None reported,Yes,57352,SUV,20,0,53700,0,3.5,,1,6,A
1597,Ferrari,812 Superfast Base,2020,"1,575 mi.",Gasoline,Red,None reported,Yes,469900,Coupe,12,1,335000,1,6.5,788,0,12,A
1598,Tesla,Model X Long Range Plus,2021,"46,897 mi.",,Blue,None reported,Yes,69000,SUV,90,1,89990,0,,557,0,,A
1599,Land,Rover Range Rover P400 SE SWB,2022,"3,369 mi.",Hybrid,White,None reported,Yes,139500,SUV,18,1,102000,1,3,395,0,6,A
1600,BMW,535 i xDrive,2011,"135,000 mi.",Gasoline,Blue,None reported,Yes,9999,Sedan,20,1,60000,0,3,300,0,6,A
1601,BMW,428 i xDrive,2015,"125,000 mi.",Gasoline,White,None reported,Yes,15000,Coupe,28,1,41000,0,2,240,0,4,A
1602,Cadillac,Escalade ESV Platinum,2017,"134,000 mi.",Gasoline,Gold,None reported,Yes,32999,SUV,17,1,100000,0,6.2,420,0,8,A
1603,BMW,X5 xDrive35i,2014,"143,250 mi.",Gasoline,Black,None reported,Yes,12999,SUV,22,1,60000,0,3,300,0,6,A
1604,Lexus,GX 460 Premium,2017,"82,975 mi.",Gasoline,White,None reported,Yes,31000,SUV,15,1,53200,0,4.6,301,0,8,A
1605,MINI,Countryman Cooper S ALL4,2016,"91,700 mi.",Gasoline,White,None reported,Yes,13999,SUV,25,0,30000,0,1.6,181,0,4,M
1606,Ford,F-150 XLT,2018,"72,393 mi.",Gasoline,Black,None reported,Yes,35000,Pickup,20,0,35000,0,2.7,325,0,6,A
1607,INFINITI,QX60 Base,2016,"71,000 mi.",Gasoline,Black,None reported,Yes,21500,SUV,20,0,44000,0,3.5,265,0,6,A
1608,Lexus,RX 350 Base,2012,"160,900 mi.",Gasoline,Silver,None reported,Yes,15000,SUV,18,0,41000,0,3.5,270,0,6,A
1609,Dodge,Charger Scat Pack,2020,"40,208 mi.",Gasoline,Red,At least 1 accident or damage reported,Yes,38000,Sedan,15,1,39995,0,6.4,485,0,8,A
1610,Lexus,IS 350 Base,2017,"77,300 mi.",Gasoline,White,None reported,Yes,30000,Sedan,25,0,40000,0,3.5,306,0,6,A
1611,Nissan,NV200 SV,2017,"16,700 mi.",Gasoline,White,None reported,Yes,26500,Minivan,24,0,20600,0,2,131,0,4,A
1612,Subaru,Impreza 2.0i Premium,2013,"112,000 mi.",Gasoline,Black,None reported,Yes,9999,Sedan,27,1,21345,0,2,148,0,4,A
1613,BMW,M3 Base,2016,"55,250 mi.",Gasoline,Blue,None reported,Yes,49999,Sedan,18,0,64900,0,3,425,0,6,M
1614,INFINITI,QX80 Luxe,2020,"69,000 mi.",Gasoline,Gray,None reported,Yes,31450,SUV,14,1,66950,0,5.6,400,0,8,A
1615,Rolls-Royce,Phantom,2023,"1,560 mi.",,Beige,None reported,Yes,599995,Sedan,12,1,450000,1,,,0,,A
1616,Ford,Mustang GT Premium,2016,"40,570 mi.",Gasoline,Gray,At least 1 accident or damage reported,Yes,30490,Coupe,15,1,42000,0,5,435,0,8,M
1617,Toyota,RAV4 TRD Off Road,2020,"46,500 mi.",Gasoline,White,None reported,Yes,35200,SUV,22,1,35000,0,2.5,203,0,4,A
1618,Honda,S2000 Base,2000,"26,900 mi.",Gasoline,Silver,None reported,Yes,35000,Convertible,20,0,32000,1,2,240,0,4,M
1619,Jeep,Gladiator Sport,2021,"5,779 mi.",Gasoline,Red,,,41329,Pickup,20,0,35435,0,3.6,,0,6,A
1620,Ford,Bronco Big Bend Advanced,2023,"12,000 mi.",Gasoline,Black,None reported,Yes,54000,SUV,20,1,39695,0,2.3,275,0,4,A
1621,Ford,Expedition Timberline,2022,"30,301 mi.",Gasoline,Black,None reported,Yes,68420,SUV,18,1,86500,0,3.5,,1,6,A
1622,Toyota,Sequoia TRD Pro,2023,600 mi.,Hybrid,Orange,None reported,Yes,91995,SUV,19,1,74900,0,3.4,437,0,6,A
1623,Plymouth,Prowler Base,2001,"22,300 mi.",Gasoline,Blue,None reported,Yes,28500,Convertible,18,1,45000,1,3.5,253,0,6,A
1624,Alfa,Romeo Giulia Ti,2023,"9,275 mi.",Gasoline,White,None reported,,43900,Sedan,24,1,44640,0,2,,1,4,A
1625,Chevrolet,Suburban 1500 LS,2004,"171,750 mi.",E85 Flex Fuel,White,At least 1 accident or damage reported,Yes,12998,SUV,15,0,40000,0,5.3,295,0,8,A
1626,Mitsubishi,Lancer Evolution GSR,2013,"76,500 mi.",Gasoline,Black,None reported,Yes,28000,Sedan,20,1,34000,1,2,291,0,4,M
1627,Mercedes-Benz,AMG GLE 43 Coupe 4MATIC,2018,"49,000 mi.",Gasoline,Blue,At least 1 accident or damage reported,Yes,42995,Coupe,18,1,68800,0,3,385,0,6,A
1628,audi,R8 5.2 quattro Spyder,2011,"75,000 mi.",Gasoline,White,At least 1 accident or damage reported,Yes,74000,Convertible,13,1,162000,1,5.2,525,0,10,A
1629,Ford,Escape XLT,2007,"133,300 mi.",Gasoline,Silver,None reported,Yes,3000,SUV,20,0,24000,0,2.3,153,0,4,A
1630,BMW,X5 3.0si,2007,"99,700 mi.",Gasoline,Black,None reported,Yes,8500,,,,,,3,260,0,6,A
1631,Chevrolet,Camaro 2LT,2011,"126,700 mi.",Gasoline,White,At least 1 accident or damage reported,Yes,14000,Coupe,18,0,27000,0,3.6,312,0,6,A
1632,BMW,340 i,2016,"28,000 mi.",Gasoline,Black,None reported,Yes,36995,Sedan,23,1,42000,0,3,320,0,6,M
1633,Mercedes-Benz,SL-Class SL 550,2012,"21,300 mi.",Gasoline,Silver,At least 1 accident or damage reported,Yes,38500,Convertible,16,1,108000,0,5.5,382,0,8,A
1634,Cadillac,Escalade Platinum,2019,"92,000 mi.",Gasoline,Black,None reported,Yes,51900,SUV,17,1,94995,0,6.2,420,0,8,A
1635,Chevrolet,Silverado 3500 LTZ,2018,"92,149 mi.",Diesel,Black,,,52889,Pickup,15,1,50000,0,6.6,,1,8,A
1636,Lexus,RC F Base,2015,"25,756 mi.",Gasoline,Black,None reported,Yes,49995,Coupe,16,0,62850,0,5,467,0,8,A
1637,Kia,Forte GT-Line,2021,"24,534 mi.",Gasoline,White,None reported,Yes,21900,Sedan,30,0,23990,0,2,147,0,4,A
1638,Land,Rover Range Rover Sport Supercharged Dynamic,2018,"58,100 mi.",Gasoline,Red,None reported,Yes,53499,SUV,22,1,83600,0,5,518,0,8,A
1639,Nissan,Titan S,2017,"20,220 mi.",Gasoline,White,None reported,Yes,32324,Pickup,15,0,30000,0,5.6,390,0,8,A
1640,Honda,Accord EX-L 2.0T,2019,"40,069 mi.",Gasoline,White,At least 1 accident or damage reported,Yes,27500,Sedan,26,1,34000,0,2,252,0,4,A
1641,Subaru,WRX Base,2017,"60,930 mi.",Gasoline,Blue,None reported,Yes,23750,Sedan,21,0,26495,0,2,268,0,4,M
1642,audi,A4 2.0T Titanium Premium,2019,"7,300 mi.",Gasoline,White,None reported,Yes,27900,Sedan,27,1,40000,0,2,188,0,4,A
1643,Ford,Mustang EcoBoost Premium,2018,"34,000 mi.",,Blue,At least 1 accident or damage reported,Yes,25000,Coupe,20,1,30800,0,,,0,,A
1644,Chevrolet,Avalanche 1500 LS,2012,"56,000 mi.",E85 Flex Fuel,Red,At least 1 accident or damage reported,Yes,18000,Pickup,15,0,37000,0,5.3,320,0,8,A
1645,Mercedes-Benz,CLA-Class CLA 250,2014,"136,000 mi.",Gasoline,Gray,At least 1 accident or damage reported,Yes,12000,Sedan,26,0,32000,0,2,208,0,4,A
1646,BMW,228 Gran Coupe i xDrive,2020,"31,100 mi.",Gasoline,Blue,None reported,Yes,26999,Coupe,26,0,38000,0,2,228,0,4,A
1647,Maserati,GranTurismo Base,2012,"12,100 mi.",Gasoline,Blue,None reported,Yes,37900,Coupe,13,1,134000,0,4.7,440,0,8,A
1648,Ford,Expedition Platinum,2021,"51,902 mi.",Gasoline,Red,None reported,Yes,57480,SUV,17,1,79910,0,3.5,,1,6,A
1649,audi,S4 Base,2007,"93,000 mi.",Gasoline,Black,At least 1 accident or damage reported,Yes,10995,Sedan,18,0,48000,1,4.2,340,0,8,M
1650,Land,Rover Range Rover Sport Supercharged HSE,2016,"99,915 mi.",Gasoline,Blue,At least 1 accident or damage reported,Yes,26500,SUV,14,1,83700,0,3,340,0,6,A
1651,Ford,Mustang Mach-E GT,2022,"7,661 mi.",,White,None reported,,49599,SUV,100,1,61000,0,,,0,,A
1652,Chevrolet,Tahoe LTZ,2007,"177,000 mi.",E85 Flex Fuel,Gold,At least 1 accident or damage reported,Yes,10750,SUV,18,1,60000,0,5.3,320,0,8,A
1653,Nissan,Xterra S,2008,"100,900 mi.",Gasoline,Black,None reported,Yes,6999,SUV,16,0,25000,0,4,261,0,6,A
1654,INFINITI,Q60 3.0T Premium,2017,"107,380 mi.",Gasoline,Black,At least 1 accident or damage reported,Yes,17500,Coupe,21,1,47100,0,3,300,0,6,A
1655,FORD,F-150 Raptor,2021,"32,957 mi.",Gasoline,White,None reported,,77900,Pickup,15,1,64990,0,3.5,,1,6,A
1656,Acura,TLX Base,2016,"45,000 mi.",Gasoline,Gray,None reported,Yes,16500,Sedan,24,0,33190,0,2.4,206,0,4,A
1657,Nissan,Frontier SV,2013,"67,000 mi.",Gasoline,Blue,None reported,Yes,15500,Pickup,18,0,29000,0,4,261,0,6,A
1658,Chevrolet,Camaro 1SS,2021,"12,600 mi.",Gasoline,Gray,None reported,Yes,47000,Coupe,19,1,42900,0,6.2,455,0,8,M
1659,Porsche,Panamera 4,2018,"24,882 mi.",Gasoline,White,None reported,Yes,59800,Sedan,22,1,86000,0,3,330,0,6,A
1660,Acura,TLX PMC Edition,2020,"6,900 mi.",Gasoline,Red,None reported,Yes,43500,Sedan,20,1,50000,0,3.5,290,0,6,A
1661,Kia,Sorento EX V6,2019,"66,075 mi.",Gasoline,Silver,None reported,,23754,SUV,25,1,34000,0,3.3,,0,6,A
1662,Hyundai,Palisade SEL,2021,"68,050 mi.",Gasoline,Black,None reported,Yes,29600,SUV,21,0,42000,0,3.8,291,0,6,A
1663,Ford,F-250 Lariat,2017,"128,000 mi.",Diesel,Gray,None reported,Yes,50000,Pickup,20,1,50000,0,6.7,440,0,8,A
1664,BMW,430 i,2021,"9,472 mi.",Gasoline,White,None reported,Yes,51000,Coupe,26,0,46000,0,2,255,0,4,A
1665,Mitsubishi,Lancer GTS,2009,"185,963 mi.",Gasoline,Orange,At least 1 accident or damage reported,Yes,5100,Sedan,24,0,21500,0,2.4,168,0,4,A
1666,Nissan,NV200 S,2019,"52,000 mi.",Gasoline,Black,At least 1 accident or damage reported,Yes,19500,Minivan,24,0,23500,0,2,131,0,4,A
1667,Buick,Enclave Leather,2015,"68,653 mi.",Gasoline,Blue,At least 1 accident or damage reported,Yes,18950,SUV,18,1,39795,0,3.6,288,0,6,A
1668,Lexus,RX 330 Base,2004,"151,896 mi.",Gasoline,Silver,None reported,Yes,7900,SUV,20,0,36000,0,3.3,230,0,6,A
1669,Lexus,RX 450h F Sport,2019,"43,671 mi.",Hybrid,Red,None reported,,44950,SUV,30,1,47000,0,3.5,,0,6,A
1670,Ford,F-250 Lariat,2017,"72,128 mi.",E85 Flex Fuel,White,,,45985,Pickup,20,1,50000,0,6.2,,0,8,A
1671,Kia,Forte Koup EX,2013,"134,207 mi.",Gasoline,Black,At least 1 accident or damage reported,Yes,5500,Coupe,25,0,19500,0,2,156,0,4,A
1672,GMC,Terrain SLE,2020,"26,470 mi.",Gasoline,White,None reported,Yes,29900,SUV,25,0,28000,0,1.5,,1,4,A
1673,Porsche,Macan Base,2018,"82,300 mi.",Gasoline,Black,None reported,Yes,35000,SUV,22,0,47500,0,2,252,0,4,A
1674,Lexus,RC 350 Base,2015,"124,000 mi.",Gasoline,Blue,None reported,Yes,24000,Coupe,20,0,41900,0,3.5,306,0,6,A
1676,GMC,Yukon SLT,2002,"222,600 mi.",Gasoline,Gray,None reported,Yes,4999,,,,,,4.8,275,0,8,A
1677,Lamborghini,Urus Base,2021,"9,500 mi.",Gasoline,White,None reported,Yes,279900,SUV,12,0,218000,1,4,641,0,8,A
1678,INFINITI,QX60 Base,2014,"154,247 mi.",Gasoline,Black,At least 1 accident or damage reported,Yes,12500,SUV,20,0,45000,0,3.5,265,0,6,A
1679,Chevrolet,Silverado 2500 LTZ H/D Extended Cab,2008,"128,000 mi.",Gasoline,Beige,None reported,Yes,23500,Pickup,15,1,35000,0,6,353,0,8,A
1680,Maserati,GranTurismo Base,2008,"70,000 mi.",Gasoline,Blue,At least 1 accident or damage reported,Yes,13000,Coupe,13,0,135000,1,4.2,405,0,8,A
1681,Acura,Integra GS-R,1995,"123,000 mi.",,White,None reported,Yes,10999,Coupe,27,1,19500,1,,,0,,M
1682,BMW,X6 M Base,2016,"52,375 mi.",Gasoline,White,At least 1 accident or damage reported,Yes,48600,SUV,14,1,103050,0,4.4,567,0,8,A
1683,Chrysler,300 S,2016,"100,574 mi.",Gasoline,Black,At least 1 accident or damage reported,Yes,17500,Sedan,19,1,41500,0,3.6,300,0,6,A
1684,Chrysler,300 Base,2014,"85,000 mi.",Gasoline,White,At least 1 accident or damage reported,Yes,11250,Sedan,21,0,30995,0,3.6,292,0,6,A
1685,Acura,RDX w/A-Spec Package,2023,"3,959 mi.",Gasoline,White,None reported,,48998,SUV,24,1,48000,0,2,,1,,A
1686,Chevrolet,Corvette Stingray w/1LT,2021,"10,400 mi.",Gasoline,Silver,None reported,Yes,72900,Coupe,19,0,59995,0,6.2,490,0,8,A
1687,Chevrolet,Camaro 1SS,2019,"19,200 mi.",Gasoline,Orange,None reported,Yes,41500,Coupe,18,1,43000,0,6.2,455,0,8,M
1688,Mercedes-Benz,E-Class E 350 4MATIC,2013,"81,000 mi.",Gasoline,Gray,At least 1 accident or damage reported,Yes,13000,Sedan,20,1,53000,0,3.5,302,0,6,A
1689,Ford,F-150 Raptor,2022,"17,451 mi.",Gasoline,White,None reported,,77900,Pickup,15,1,70975,0,3.5,,1,6,A
1690,Nissan,Versa 1.8 S,2011,"165,000 mi.",Gasoline,Black,None reported,Yes,4000,Sedan,26,0,14500,0,1.8,122,0,4,A
1691,BMW,M3 CS,2024,124 mi.,Gasoline,Green,None reported,Yes,145000,Sedan,18,1,90000,1,3,543,0,6,A
1692,Hyundai,Accent GLS,2013,"117,500 mi.",Gasoline,Silver,At least 1 accident or damage reported,Yes,6500,Sedan,28,0,16150,0,1.6,138,0,4,A
1693,Mercedes-Benz,S-Class S 450 4MATIC,2018,"72,500 mi.",Gasoline,Black,None reported,Yes,60000,Sedan,19,1,83000,0,3,362,0,6,A
1694,Porsche,911 GT3,2023,265 mi.,Gasoline,Black,None reported,Yes,279950,Coupe,15,1,162000,1,4,,0,,M
1695,Mercedes-Benz,AMG GT 63 S 4-Door,2020,"21,214 mi.",Gasoline,Black,None reported,,117900,Sedan,15,1,162900,1,4,,1,8,A
1696,audi,Q5 3.0 TDI Premium Plus,2014,"55,564 mi.",Diesel,Black,At least 1 accident or damage reported,Yes,22500,SUV,24,1,50000,0,3,240,0,6,A
1697,Cadillac,LYRIQ Luxury,2023,"1,090 mi.",,Gray,None reported,Yes,68750,SUV,102,1,59990,0,,500,0,,A
1698,Volvo,XC60 T5 R-Design,2019,"43,500 mi.",Gasoline,Gray,None reported,Yes,30000,SUV,25,1,44100,0,2,250,0,4,A
1699,Mercedes-Benz,AMG GT 53 Base,2019,"35,000 mi.",Hybrid,Black,None reported,Yes,83000,Coupe,20,1,99800,1,3,429,0,6,A
1700,GMC,Yukon SLT,2017,"92,031 mi.",Gasoline,White,At least 1 accident or damage reported,Yes,30000,SUV,22,1,61995,0,5.3,355,0,8,A
1701,Lexus,GS 350 Base,2016,"128,032 mi.",Gasoline,Silver,None reported,Yes,18000,Sedan,20,0,46500,0,3.5,311,0,6,A
1702,Jaguar,XF 25t Premium,2018,"18,800 mi.",Gasoline,White,None reported,Yes,26000,Sedan,24,1,61900,0,2,247,0,4,A
1703,BMW,M8 Gran Coupe Competition,2023,"2,900 mi.",Gasoline,Green,None reported,Yes,117500,Coupe,18,1,130000,1,4.4,617,0,8,A
1704,Honda,Ridgeline Black Edition,2017,"91,600 mi.",Gasoline,Black,None reported,Yes,26000,Pickup,18,1,41945,0,3.5,280,0,6,A
1705,Toyota,4Runner SR5,2019,"91,843 mi.",Gasoline,Blue,At least 1 accident or damage reported,Yes,30500,SUV,18,0,36750,0,4,270,0,6,A
1706,Ford,Bronco Sport Outer Banks,2021,"28,105 mi.",Gasoline,Brown,,,32455,SUV,25,1,36000,0,1.5,,1,3,A
1707,Dodge,Charger R/T 392,2017,"73,350 mi.",Gasoline,Gray,None reported,Yes,37000,Sedan,18,1,42000,0,6.4,485,0,8,A
1708,Mercedes-Benz,GLC 300 GLC 300,2022,"11,875 mi.",Gasoline,Black,None reported,,41598,SUV,24,0,43000,0,2,,1,,A
1709,Tesla,Model S P100D,2018,"47,000 mi.",,Black,None reported,Yes,49900,Sedan,102,1,140000,1,,518,0,,A
1710,INFINITI,Q50 3.0t Signature Edition,2017,"67,000 mi.",Gasoline,Black,None reported,Yes,23000,Sedan,24,1,45300,0,3,300,0,6,A
1711,BMW,340 i,2016,"117,660 mi.",Gasoline,White,At least 1 accident or damage reported,Yes,19500,Sedan,23,1,42000,0,3,320,0,6,A
1712,Pontiac,Firebird Trans Am,2001,"71,448 mi.",Gasoline,Gray,None reported,Yes,10500,Coupe,30,1,32995,0,3.8,200,0,6,A
1713,Nissan,NV Passenger NV3500 HD SV V8,2015,"86,000 mi.",Gasoline,Silver,None reported,Yes,29500,Minivan,11,0,39190,0,5.6,317,0,8,A
1714,Lexus,ES 350 Base,2020,"15,324 mi.",Gasoline,Black,At least 1 accident or damage reported,,33364,Sedan,22,0,40000,0,3.5,,0,6,A
1715,BMW,135 is,2013,"29,400 mi.",Gasoline,White,None reported,Yes,29000,Coupe,20,1,35000,0,3,320,0,6,M
1716,Lexus,IS 300 Base,2017,"68,871 mi.",Gasoline,Silver,None reported,Yes,28450,Sedan,20,0,34100,0,3.5,255,0,6,A
1717,Porsche,Cayenne S,2012,"126,000 mi.",Gasoline,Silver,None reported,Yes,17999,SUV,16,1,63500,0,4.8,400,0,8,A
1718,Pontiac,Solstice GXP,2007,"25,718 mi.",Gasoline,Yellow,None reported,Yes,17900,Convertible,20,1,30100,0,2,260,0,4,M
1719,Porsche,Panamera Turbo,2015,"67,210 mi.",Gasoline,Blue,At least 1 accident or damage reported,Yes,51950,Sedan,18,1,138000,0,4.8,520,0,8,A
1720,BMW,X6 xDrive35i,2018,"27,214 mi.",Gasoline,Black,At least 1 accident or damage reported,Yes,40950,SUV,18,1,60700,0,3,300,0,6,A
1721,Ford,F-150 Limited,2019,"42,728 mi.",Gasoline,Black,None reported,Yes,45950,Pickup,18,1,61000,0,3.5,450,0,6,A
1722,MINI,Cooper S Base,2010,"97,395 mi.",Gasoline,Yellow,None reported,Yes,6699,Hatchback,34,1,24000,0,1.6,172,0,4,M
1723,Mazda,Mazda3 i SV,2015,"91,700 mi.",Gasoline,Red,None reported,Yes,12000,Sedan,30,0,18500,0,2,155,0,4,A
1724,Mitsubishi,Lancer Evolution MR,2011,"94,500 mi.",Gasoline,White,None reported,Yes,27000,Sedan,17,1,38500,1,2,291,0,4,A
1725,Chevrolet,Tahoe LTZ,2014,"196,300 mi.",E85 Flex Fuel,Black,None reported,Yes,10995,SUV,18,1,59450,0,5.3,320,0,8,A
1726,Cadillac,CTS 3.6L Luxury,2015,"54,259 mi.",Gasoline,Red,None reported,Yes,19425,Sedan,20,0,45980,0,3.6,,0,6,A
1727,Acura,RDX w/Advance Package,2021,"36,267 mi.",Gasoline,White,None reported,,39798,SUV,24,1,47000,0,2,,1,,A
1728,Land,Rover Range Rover Sport Supercharged HSE,2015,"175,000 mi.",Gasoline,Black,None reported,Yes,19500,SUV,20,1,68850,0,3,340,0,6,A
1729,Chevrolet,Suburban 1500 LTZ,2015,"159,000 mi.",Gasoline,White,At least 1 accident or damage reported,Yes,26900,SUV,18,1,67180,0,5.3,355,0,8,A
1730,Chevrolet,Camaro 2SS,2016,"74,000 mi.",Gasoline,Black,None reported,Yes,32000,Coupe,20,1,42500,0,6.2,455,0,8,A
1731,Chevrolet,Silverado 1500 Hybrid 1HY,2011,"82,963 mi.",Hybrid,White,None reported,Yes,20995,Pickup,20,0,41000,0,6,332,0,8,A
1732,Cadillac,XT5 Luxury,2019,"54,323 mi.",Gasoline,Red,None reported,,27998,SUV,20,1,50000,0,3.6,,0,,A
1733,Nissan,Armada SL,2019,"59,980 mi.",Gasoline,Silver,None reported,Yes,29000,SUV,14,0,60400,0,5.6,390,0,8,A
1734,audi,Q5 S line Premium,2022,"10,120 mi.",Hybrid,Blue,None reported,,39998,SUV,25,1,46000,0,2,,0,,A
1735,BMW,X6 M Base,2017,"25,000 mi.",Gasoline,White,At least 1 accident or damage reported,Yes,65000,SUV,17,1,103050,0,4.4,567,0,8,A
1736,BMW,740 i,2012,"126,000 mi.",Gasoline,Black,At least 1 accident or damage reported,Yes,12700,Sedan,22,1,82000,0,3,326,0,6,A
1737,Toyota,Sequoia TRD Pro,2020,"37,428 mi.",Gasoline,White,None reported,Yes,61599,SUV,13,1,65000,0,5.7,381,0,8,A
1738,Volkswagen,Jetta GLI,2014,"99,499 mi.",Gasoline,Black,At least 1 accident or damage reported,Yes,15000,Sedan,24,0,26000,0,2,210,0,4,A
1739,Honda,Crosstour EX-L,2012,"90,742 mi.",Gasoline,Gray,None reported,Yes,12980,SUV,21,0,30650,0,2.4,192,0,4,A
1740,Land,Rover Range Rover Sport Supercharged,2014,"125,000 mi.",E85 Flex Fuel,White,At least 1 accident or damage reported,Yes,22500,SUV,18,1,80000,0,5,510,0,8,A
1741,Hyundai,Santa Fe Sport 2.0L Turbo Ultimate,2018,"71,669 mi.",Gasoline,Blue,None reported,Yes,20000,SUV,22,1,35800,0,2,240,0,4,A
1742,Cadillac,XT5 Luxury,2019,"44,692 mi.",Gasoline,Gray,None reported,,32368,SUV,20,1,50000,0,3.6,,0,6,A
1743,Jaguar,F-TYPE R,2018,"16,002 mi.",Gasoline,Black,None reported,Yes,74900,Coupe,23,1,123600,1,5,550,0,8,A
1744,Toyota,FJ Cruiser Base,2014,"86,000 mi.",Gasoline,Blue,None reported,Yes,41500,SUV,17,0,28500,0,4,260,0,6,A
1745,Toyota,Tundra SR5,2019,"56,000 mi.",Gasoline,Blue,None reported,Yes,42000,Pickup,13,0,35800,0,5.7,381,0,8,A
1746,Nissan,300ZX Base,1993,"168,000 mi.",,White,None reported,Yes,7000,Coupe,20,1,34000,1,,,0,,M
1747,RAM,1500 Sport,2017,"41,789 mi.",Gasoline,Green,At least 1 accident or damage reported,Yes,42500,Pickup,20,1,39500,0,5.7,395,0,8,A
1748,Ford,Focus SE,2014,"60,109 mi.",E85 Flex Fuel,Gray,None reported,Yes,9499,Sedan,30,0,19000,0,2,160,0,4,A
1749,Mercedes-Benz,GLE 350 Base 4MATIC,2020,"48,000 mi.",Gasoline,Black,None reported,Yes,49995,SUV,22,0,60000,0,2,255,0,4,A
1750,Acura,TL Type S,2008,"122,000 mi.",Gasoline,Gray,None reported,Yes,11500,Sedan,18,1,35000,0,3.5,286,0,6,A
1751,Land,Rover Range Rover HSE,2012,"102,800 mi.",Gasoline,Gold,None reported,Yes,16000,SUV,14,1,84900,0,5,385,0,8,A
1752,MINI,Convertible Cooper,2022,"15,544 mi.",Gasoline,Blue,,,28000,Convertible,28,0,30000,0,1.5,134,0,3,A
1753,Mazda,CX-9 Signature,2019,"69,771 mi.",Gasoline,Black,None reported,Yes,27500,SUV,22,1,45000,0,2.5,227,0,4,A
1754,Acura,TLX Tech,2023,"2,118 mi.",Gasoline,Red,None reported,,41998,Sedan,22,0,42900,0,2,,1,,A
1755,Ford,F-150 Raptor,2021,"28,260 mi.",Gasoline,Blue,None reported,Yes,72950,Pickup,15,1,64990,0,3.5,450,0,6,A
1756,Honda,Civic Si Base,2020,"6,025 mi.",Gasoline,Gray,None reported,Yes,27500,Sedan,26,0,24950,0,1.5,205,0,4,M
1757,Hyundai,Elantra SE,2018,"32,697 mi.",Gasoline,Gray,At least 1 accident or damage reported,Yes,15900,Sedan,26,0,18750,0,2,147,0,4,A
1758,Ford,Excursion Limited,2001,"239,000 mi.",Gasoline,White,None reported,Yes,8000,SUV,12,1,52995,0,6.8,310,0,10,A
1759,Jaguar,F-TYPE S British Design Edition,2017,"34,150 mi.",Gasoline,Black,None reported,Yes,45999,Coupe,20,1,90600,0,3,380,0,6,A
1760,Honda,Ridgeline RTL-E,2022,"9,642 mi.",Gasoline,Red,None reported,,38999,Pickup,20,1,43000,0,3.5,,0,6,A
1761,Pontiac,G6 GTP,2006,"100,545 mi.",Gasoline,Gray,None reported,Yes,5995,Sedan,28,1,28170,0,3.5,201,0,6,A
1762,Mercedes-Benz,C-Class C300 4MATIC,2021,"11,111 mi.",Gasoline,Gray,None reported,,38998,Sedan,27,0,43300,0,2,,1,,A
1763,Toyota,FJ Cruiser Base,2007,"162,000 mi.",Gasoline,Black,None reported,Yes,23977,SUV,17,0,24000,0,4,239,0,6,A
1764,Buick,Enclave Premium,2020,"87,555 mi.",Gasoline,Blue,At least 1 accident or damage reported,Yes,31650,SUV,20,1,52900,0,3.6,,0,6,A
1765,Chevrolet,Tahoe LTZ,2015,"102,200 mi.",Gasoline,Silver,None reported,Yes,25000,SUV,16,1,67995,0,5.3,355,0,8,A
1766,Bentley,Continental GTC V8,2013,"18,950 mi.",Gasoline,White,None reported,Yes,77999,,,,,,4,500,0,8,A
1767,Mercedes-Benz,SLK-Class SLK 350,2015,"16,000 mi.",Gasoline,White,At least 1 accident or damage reported,Yes,30500,Convertible,23,0,61000,0,3.5,302,0,6,A
1768,Cadillac,Escalade Premium Luxury,2022,"19,250 mi.",Gasoline,Black,None reported,Yes,86999,SUV,16,1,76990,0,6.2,420,0,8,A
1769,BMW,535 i xDrive,2015,"65,000 mi.",Gasoline,Silver,None reported,Yes,24995,Sedan,20,1,63000,0,3,300,0,6,A
1770,MINI,Cooper S Base,2007,"110,022 mi.",Gasoline,Silver,None reported,Yes,6250,Hatchback,30,1,23000,0,1.6,172,0,4,M
1771,Bentley,Continental GT Base,2012,"79,089 mi.",E85 Flex Fuel,White,None reported,Yes,46999,Coupe,12,1,202500,1,6,567,0,12,A
1772,Lexus,GX 460 Premium,2023,"2,533 mi.",Gasoline,Black,None reported,Yes,64900,SUV,15,1,60000,0,4.6,301,0,8,A
1773,audi,Q7 3.0T Premium Plus,2014,"96,273 mi.",Gasoline,Silver,At least 1 accident or damage reported,Yes,15495,SUV,18,1,60000,0,3,280,0,6,A
1774,Cadillac,CT6 Luxury,2020,"22,187 mi.",Gasoline,Black,At least 1 accident or damage reported,Yes,45480,Sedan,18,0,85000,0,3.6,,0,6,A
1775,GMC,Sierra 1500 SL Crew Cab,2009,"137,000 mi.",Gasoline,Red,None reported,Yes,20000,Pickup,18,0,29000,0,4.8,295,0,8,A
1776,Nissan,GT-R Premium,2009,"60,747 mi.",Gasoline,White,At least 1 accident or damage reported,Yes,71999,Coupe,16,1,80000,1,3.8,480,0,6,A
1777,Dodge,Ram 1500 ST,2007,"36,500 mi.",Gasoline,Blue,None reported,Yes,16000,Pickup,16,0,22995,0,3.7,210,0,6,A
1778,Ford,Bronco Outer Banks,2021,"19,590 mi.",Gasoline,Blue,None reported,Yes,54999,SUV,20,1,42000,0,2.7,315,0,6,A
1779,Nissan,GT-R Black Edition,2015,"16,850 mi.",Gasoline,White,None reported,Yes,95000,Coupe,16,1,115000,1,3.8,545,0,6,A
1780,Cadillac,Escalade ESV Sport,2021,"4,500 mi.",Gasoline,White,,,105000,SUV,16,1,86500,0,6.2,420,0,8,A
1781,Chevrolet,Cruze LT,2012,"194,000 mi.",Gasoline,Gray,At least 1 accident or damage reported,Yes,4900,Sedan,26,0,18900,0,1.4,138,0,4,A
1782,Lexus,GX 460 Base,2020,"48,210 mi.",Gasoline,Gray,At least 1 accident or damage reported,Yes,47449,SUV,15,0,52900,0,4.6,,0,8,A
1783,BMW,750 i,2018,"81,500 mi.",Gasoline,White,None reported,Yes,41250,Sedan,20,1,100000,0,4.4,445,0,8,A
1784,FORD,F-150 XLT,2021,"77,107 mi.",Gasoline,Black,,,39995,Pickup,20,0,40000,0,3.5,,1,6,A
1785,BMW,535 i xDrive,2015,"58,664 mi.",Gasoline,Blue,At least 1 accident or damage reported,Yes,20950,Sedan,20,1,63000,0,3,300,0,6,A
1786,Mitsubishi,Montero Limited,2004,"145,000 mi.",Gasoline,Silver,None reported,Yes,8950,SUV,17,1,40000,0,3.8,215,0,6,A
1787,Lexus,LS 500 F Sport,2018,"15,055 mi.",Gasoline,White,None reported,Yes,59000,Sedan,22,1,85900,0,3.5,416,0,6,A
1788,Tesla,Model S 85D,2015,"67,647 mi.",,Blue,None reported,Yes,28000,Sedan,95,1,74900,0,,422,0,,A
1789,Lexus,LC 500 Base,2021,915 mi.,Gasoline,Blue,None reported,Yes,159000,Coupe,17,0,92600,0,5,471,0,8,A
1790,Mazda,MX-5 Miata Shinsen,2003,"46,873 mi.",Gasoline,Gray,None reported,Yes,11500,Convertible,28,0,25000,1,1.8,142,0,4,M
1791,Cadillac,Escalade ESV Premium Luxury,2021,"53,169 mi.",Gasoline,Black,None reported,Yes,81500,SUV,18,1,86600,0,6.2,420,0,8,A
1792,Lexus,GX 460 Premium,2022,"35,700 mi.",Gasoline,Silver,At least 1 accident or damage reported,Yes,51900,SUV,19,1,53000,0,4.6,301,0,8,A
1793,Nissan,Pathfinder Platinum,2014,"112,600 mi.",Gasoline,Black,At least 1 accident or damage reported,Yes,13000,SUV,20,1,46000,0,3.5,260,0,6,A
1794,GMC,Yukon SLE,2015,"112,552 mi.",Gasoline,Black,At least 1 accident or damage reported,Yes,24440,SUV,16,0,48740,0,5.3,,0,8,A
1795,BMW,M3 Base,2003,"127,273 mi.",Gasoline,Silver,None reported,Yes,15000,Coupe,18,1,49000,1,3.2,333,0,6,M
1796,Lexus,IS 250 Base,2007,"189,887 mi.",Gasoline,White,At least 1 accident or damage reported,Yes,3995,Sedan,20,0,34700,0,2.5,204,0,6,A
1797,BMW,640 i,2012,"76,465 mi.",Gasoline,White,At least 1 accident or damage reported,Yes,22500,Coupe,22,1,75700,0,3,315,0,6,A
1798,Mitsubishi,Eclipse Spyder GT,2007,"136,400 mi.",Gasoline,Red,At least 1 accident or damage reported,Yes,6750,Convertible,20,1,30000,0,3.8,260,0,6,A
1799,Ford,Thunderbird Deluxe,2004,"79,635 mi.",Gasoline,Gray,None reported,Yes,13500,Convertible,20,0,40000,1,3.9,280,0,8,A
1800,Tesla,Model Y Long Range,2022,"4,665 mi.",,Silver,None reported,,46598,SUV,115,1,54990,0,,,0,,A
1801,Buick,Enclave 1XL,2011,"170,000 mi.",Gasoline,Gold,At least 1 accident or damage reported,Yes,4000,SUV,16,0,39290,0,3.6,288,0,6,A
1802,FORD,F-150 XLT,2018,"67,650 mi.",Gasoline,Blue,None reported,Yes,30000,Pickup,20,0,35000,0,3.5,375,0,6,A
1803,Lexus,ES 350 Base,2016,"119,850 mi.",Gasoline,White,None reported,Yes,19000,Sedan,24,0,38950,0,3.5,268,0,6,A
1804,Acura,TL Type S,2008,"116,500 mi.",Gasoline,Red,None reported,Yes,15999,Sedan,18,1,35000,0,3.5,286,0,6,M
1805,Mercury,Capri XR2,1993,"120,644 mi.",,Green,None reported,Yes,4200,Convertible,24,0,19795,1,,,0,,M
1806,Ford,Transit Connect XLT,2010,"169,802 mi.",Gasoline,White,None reported,Yes,9985,Minivan,22,0,23990,0,2,,0,4,A
1807,BMW,X3 M40i,2021,"36,905 mi.",Gasoline,Blue,None reported,Yes,50000,SUV,21,1,71600,0,3,382,0,6,A
1808,Jeep,Gladiator Willys,2022,"8,400 mi.",Gasoline,Black,At least 1 accident or damage reported,Yes,47000,Pickup,22,1,39350,0,3.6,285,0,6,A
1809,Hummer,H2 Base,2003,"149,961 mi.",Gasoline,Beige,At least 1 accident or damage reported,Yes,12500,SUV,10,0,50000,0,6,316,0,8,A
1810,Mercedes-Benz,C-Class C 63 AMG,2014,"84,500 mi.",Gasoline,White,None reported,Yes,41500,Sedan,18,1,64000,0,6.2,451,0,8,A
1811,Lamborghini,Aventador LP700-4,2016,"3,254 mi.",Gasoline,White,None reported,,399900,Coupe,10,1,421145,1,6.5,,0,12,A
1812,Mercedes-Benz,G-Class G 550 4MATIC,2016,"96,000 mi.",Gasoline,Blue,None reported,Yes,65000,SUV,13,1,123600,1,4,416,0,8,A
1813,Nissan,GT-R Premium,2009,"88,000 mi.",Gasoline,White,At least 1 accident or damage reported,Yes,57000,Coupe,16,1,80000,1,3.8,480,0,6,A
1814,audi,R8 4.2 quattro Spyder,2011,"35,322 mi.",Gasoline,Black,None reported,,94900,Convertible,14,0,139000,1,4.2,,0,8,M
1815,Acura,TLX A-Spec,2020,"32,500 mi.",Gasoline,White,None reported,Yes,32000,Sedan,20,1,45000,0,2.4,206,0,4,A
1816,audi,A6 3.0T Premium Plus,2016,"71,280 mi.",Gasoline,Silver,None reported,Yes,22000,Sedan,25,1,60000,0,3,333,0,6,A
1817,Porsche,Panamera 2,2011,"37,200 mi.",Gasoline,Black,None reported,Yes,27500,Sedan,18,1,75000,0,3.6,300,0,6,A
1818,Saturn,Sky Red Line,2008,"94,291 mi.",Gasoline,White,None reported,Yes,14500,Convertible,22,1,28100,0,2,260,0,4,A
1819,Maserati,Coupe Cambiocorsa,2006,"54,082 mi.",Gasoline,Blue,None reported,Yes,17000,Coupe,16,1,113000,1,4.2,390,0,8,A
1820,Volvo,XC90 Recharge Plug-In Hybrid T8 Inscription 7 Passenger,2022,"7,800 mi.",Plug-In Hybrid,Black,None reported,Yes,66000,SUV,30,1,66700,0,2,455,0,4,A
1821,Jeep,Wrangler Sport,2016,"86,250 mi.",Gasoline,White,None reported,Yes,22000,SUV,17,0,24000,0,3.6,285,0,6,A
1822,BMW,X5 xDrive50i,2016,"75,479 mi.",Gasoline,Silver,None reported,Yes,27899,SUV,18,1,67100,0,4.4,445,0,8,A
1823,BMW,750 i,2017,"24,650 mi.",Gasoline,Silver,None reported,Yes,50000,Sedan,21,1,97000,0,4.4,445,0,8,A
1824,Volkswagen,Golf R 4-Door,2013,"102,750 mi.",Gasoline,Black,None reported,Yes,20000,Hatchback,20,1,33990,0,2,256,0,4,M
1825,Alfa,Romeo Stelvio Base,2018,"50,000 mi.",Gasoline,Brown,None reported,Yes,27500,SUV,24,0,41995,0,2,280,0,4,A
1826,BMW,X5 xDrive35i,2017,"72,700 mi.",Gasoline,Gray,None reported,Yes,27499,SUV,21,1,57000,0,3,300,0,6,A
1827,BMW,X6 M Base,2018,"54,293 mi.",Gasoline,Black,At least 1 accident or damage reported,Yes,49000,SUV,14,1,103050,0,4.4,567,0,8,A
1828,Lexus,IS 300 Base,2018,"16,000 mi.",Gasoline,Blue,At least 1 accident or damage reported,Yes,30500,Sedan,22,0,38450,0,3.5,260,0,6,A
1829,Lamborghini,Gallardo SE,2006,"19,500 mi.",Gasoline,Green,None reported,Yes,129000,Coupe,14,1,198000,1,5,493,0,10,A
1830,BMW,428 i,2014,"71,000 mi.",Gasoline,White,At least 1 accident or damage reported,Yes,16700,Coupe,24,0,42000,0,2,240,0,4,A
1831,BMW,X5 xDrive40i,2019,"60,000 mi.",Gasoline,White,None reported,Yes,36500,SUV,22,1,60800,0,3,335,0,6,A
1832,Porsche,Boxster Base,1998,"75,539 mi.",Gasoline,Blue,None reported,Yes,11995,Convertible,20,0,45000,1,2.5,201,0,6,M
1833,Alfa,Romeo Giulia Base,2017,"36,000 mi.",Gasoline,White,None reported,Yes,21000,Sedan,24,0,32900,0,2,280,0,4,A
1834,Mercedes-Benz,C-Class C 300,2019,"76,422 mi.",Gasoline,Black,None reported,,28998,Sedan,27,1,41000,0,2,,1,,A
1835,Nissan,370Z NISMO Tech,2016,"42,600 mi.",Gasoline,Red,At least 1 accident or damage reported,Yes,31950,Coupe,20,1,45990,0,3.7,350,0,6,A
1836,Rivian,R1S Adventure Package,2023,211 mi.,,Blue,None reported,Yes,99000,SUV,74,1,74900,0,,835,0,,A
1837,Chevrolet,Suburban LT,2017,"98,888 mi.",Gasoline,White,At least 1 accident or damage reported,Yes,29000,SUV,22,1,60000,0,6,,0,8,A
1838,FORD,Fusion Hybrid SE,2019,"64,532 mi.",Hybrid,Silver,At least 1 accident or damage reported,Yes,19395,Sedan,43,0,29000,0,2,188,0,4,A
1839,BMW,X3 xDrive35i,2011,"75,500 mi.",Gasoline,White,None reported,Yes,12975,,,,,,3,300,0,6,A
1840,Buick,Envision Preferred,2019,"32,000 mi.",Gasoline,Black,None reported,Yes,27000,SUV,24,0,36800,0,2.5,197,0,4,A
1841,Buick,Envision Essence,2019,"47,839 mi.",Gasoline,White,None reported,Yes,24991,SUV,25,0,36000,0,2.5,,0,4,A
1842,Porsche,Cayenne GTS,2013,"98,413 mi.",Gasoline,Green,At least 1 accident or damage reported,Yes,34900,SUV,16,1,100000,0,4.8,420,0,8,A
1843,audi,RS 5 2.9T,2022,"9,628 mi.",Gasoline,White,None reported,Yes,78500,Coupe,21,1,75000,0,2.9,444,0,6,A
1844,Jaguar,XK8 Base,1999,"15,000 mi.",Gasoline,Green,None reported,Yes,16370,Convertible,18,0,80000,1,4,290,0,8,A
1845,Audi,R8 5.2 V10,2021,"6,397 mi.",Gasoline,Gray,None reported,,172900,Coupe,14,1,208000,1,5.2,,0,10,A
1846,Honda,Pilot Black Edition,2022,"22,564 mi.",Gasoline,White,None reported,,44998,SUV,20,1,48800,0,3.5,,0,,A
1847,Lexus,RX 350 Crafted Line F Sport,2015,"110,000 mi.",Gasoline,White,None reported,Yes,28000,SUV,21,1,45650,0,3.5,270,0,6,A
1848,Mercedes-Benz,Sprinter 3500 High Roof,2022,105 mi.,Diesel,Black,None reported,Yes,200000,Minivan,15,0,40000,0,2,161,0,4,A
1849,Toyota,4Runner Limited,2004,"186,117 mi.",Gasoline,Black,None reported,Yes,13000,SUV,18,1,38500,0,4,245,0,6,A
1850,Jeep,Wrangler Sport,2002,"103,500 mi.",Gasoline,Yellow,None reported,Yes,12500,SUV,18,0,23500,0,4,190,0,6,M
1851,Cadillac,CT6-V 4.2L Blackwing Twin Turbo,2019,"8,074 mi.",Gasoline,Black,None reported,,76700,Sedan,18,1,96000,0,4.2,,1,8,A
1852,BMW,M3 Base,2011,"43,000 mi.",Gasoline,Black,None reported,Yes,50900,Coupe,14,1,61900,1,4,414,0,8,M
1853,BMW,750 i,2015,"70,700 mi.",Gasoline,Blue,At least 1 accident or damage reported,Yes,23000,Sedan,20,1,100000,0,4.4,445,0,8,A
1854,Chevrolet,Trailblazer RS,2022,"42,479 mi.",Gasoline,Black,None reported,Yes,28495,SUV,29,1,33600,0,1.3,,1,3,A
1855,Ford,Excursion XLT 4WD,2000,"205,000 mi.",Gasoline,Black,At least 1 accident or damage reported,Yes,9950,SUV,12,0,40000,0,6.8,310,0,10,A
1856,audi,SQ5 3.0T Premium Plus,2019,"22,300 mi.",Gasoline,Blue,None reported,Yes,38999,SUV,21,1,55600,0,3,349,0,6,A
1857,Ford,Expedition EL Limited,2017,"104,000 mi.",Gasoline,Black,At least 1 accident or damage reported,Yes,19995,SUV,18,1,60985,0,3.5,365,0,6,A
1858,FORD,Bronco Sport Base,2022,"13,865 mi.",Gasoline,Black,None reported,Yes,29182,SUV,25,0,29340,0,1.5,,1,3,A
1859,BMW,M4 Competition xDrive,2022,"15,882 mi.",Gasoline,Red,None reported,Yes,84995,Coupe,18,1,73900,1,3,503,0,6,A
1860,Land,Rover Defender,2022,"12,209 mi.",Gasoline,Black,None reported,,104900,SUV,20,0,50000,0,5,,0,8,A
1861,Mercedes-Benz,AMG GLC 43 AMG GLC 43,2021,"10,483 mi.",Gasoline,Gray,None reported,,60998,SUV,20,1,68000,0,3,,1,,A
1862,Nissan,GT-R Premium,2017,"31,150 mi.",Gasoline,Orange,None reported,Yes,113000,Coupe,16,1,111590,1,3.8,565,0,6,A
1863,Chrysler,200 C,2015,"44,000 mi.",E85 Flex Fuel,White,At least 1 accident or damage reported,Yes,12700,Sedan,29,1,26995,0,3.6,295,0,6,A
1864,Hummer,H2 Base,2003,"109,000 mi.",Gasoline,Beige,None reported,Yes,17500,SUV,10,0,50000,0,6,316,0,8,A
1865,BMW,M4 Base,2020,"31,350 mi.",Gasoline,Gray,None reported,Yes,62450,Coupe,20,1,70800,0,3,425,0,6,A
1866,audi,Q8 55 Premium Plus,2021,"30,000 mi.",Hybrid,Black,None reported,Yes,62000,SUV,17,1,84900,0,3,335,0,6,A
1867,Land,Rover Range Rover HSE,2012,"66,500 mi.",Gasoline,Silver,None reported,Yes,19950,SUV,14,1,84900,0,5,385,0,8,A
1868,Nissan,Frontier SV,2012,"96,600 mi.",Gasoline,Beige,At least 1 accident or damage reported,Yes,17000,Pickup,16,0,25640,0,4,261,0,6,A
1869,Toyota,Highlander LE Plus,2015,"198,000 mi.",Gasoline,White,None reported,Yes,14000,SUV,20,0,39490,0,3.5,270,0,6,A
1870,audi,S4 3.0T Premium Plus,2013,"91,877 mi.",Gasoline,Black,At least 1 accident or damage reported,Yes,24000,Sedan,20,1,49400,0,3,333,0,6,A
1871,Ford,Expedition Max Limited,2018,"45,578 mi.",Gasoline,White,None reported,Yes,45023,SUV,22,1,75500,0,3.5,375,0,6,A
1872,BMW,228 i,2015,"54,000 mi.",Gasoline,Black,At least 1 accident or damage reported,Yes,19996,Coupe,24,0,33950,0,2,240,0,4,M
1873,Land,Rover Range Rover Sport HST MHEV,2020,"52,000 mi.",Hybrid,Gray,None reported,Yes,55000,SUV,21,1,83600,0,3,395,0,6,A
1874,Mercedes-Benz,E-Class AMG E 53,2020,"23,044 mi.",Hybrid,Green,None reported,,72598,Sedan,21,1,74900,0,3,,1,,A
1875,Porsche,911 Carrera,2008,"132,500 mi.",Gasoline,Black,None reported,Yes,35000,Coupe,18,0,82200,1,3.6,325,0,6,M
1876,Dodge,Dakota SLT Quad Cab,2006,"256,000 mi.",Gasoline,Black,None reported,Yes,4000,Pickup,15,0,29000,0,4.7,,0,8,A
1877,Mercedes-Benz,SL-Class SL63 AMG Roadster,2009,"31,370 mi.",Gasoline,White,None reported,Yes,65700,Convertible,18,1,139500,1,6.3,518,0,8,A
1878,Chrysler,Sebring LX,2008,"67,303 mi.",Gasoline,Blue,None reported,Yes,4900,Sedan,20,0,22000,0,2.4,173,0,4,A
1879,Chevrolet,Corvette Stingray w/3LT,2021,"12,000 mi.",Gasoline,Blue,At least 1 accident or damage reported,Yes,99900,Coupe,19,1,59900,1,6.2,490,0,8,A
1880,Ford,Bronco Outer Banks,2023,"16,500 mi.",Gasoline,Blue,None reported,Yes,54000,SUV,20,1,43000,0,2.3,275,0,4,A
1881,Toyota,Tacoma TRD Pro,2018,"28,800 mi.",Gasoline,,None reported,,42900,Pickup,18,1,42000,0,3.5,,0,,M
1882,RAM,ProMaster 2500 High Roof,2019,"88,000 mi.",Gasoline,White,At least 1 accident or damage reported,Yes,39900,Van,14,0,35000,0,3.6,280,0,6,A
1883,Ford,Shelby GT350 Base,2018,"18,515 mi.",Gasoline,White,At least 1 accident or damage reported,Yes,60867,Coupe,14,1,60000,1,5.2,526,0,8,M
1884,Tesla,Model 3 Performance,2018,"92,813 mi.",,Red,None reported,Yes,30499,Sedan,130,1,65000,0,,271,0,,A
1885,Land,Rover Range Rover P530 SE LWB 7 Seat,2023,"2,100 mi.",Gasoline,Gray,None reported,Yes,172000,SUV,18,1,115000,0,4.4,523,0,8,A
1886,Volvo,XC60 T6 Inscription,2019,"58,600 mi.",Gasoline,White,At least 1 accident or damage reported,Yes,29000,SUV,24,1,55900,0,2,330,0,4,A
1887,Lexus,LS 460 Crafted Line,2015,"74,500 mi.",Gasoline,White,None reported,Yes,33900,Sedan,19,1,80975,0,4.6,386,0,8,A
1888,Tesla,Model S 100D,2018,"33,500 mi.",,Gray,None reported,Yes,51900,Sedan,102,1,98000,1,,518,0,,A
1889,Cadillac,XT6 Premium Luxury AWD,2023,222 mi.,Gasoline,White,None reported,Yes,69000,SUV,21,1,61000,0,3.6,310,0,6,A
1890,Chevrolet,Avalanche 1500 LTZ,2007,"75,124 mi.",E85 Flex Fuel,Red,None reported,Yes,16499,Pickup,15,1,44000,0,5.3,310,0,8,A
1891,Chevrolet,Corvette Grand Sport,2013,"15,500 mi.",Gasoline,White,None reported,Yes,45000,Coupe,16,1,60000,1,6.2,430,0,8,A
1892,audi,Q8 55 Premium,2020,"34,300 mi.",Hybrid,Gray,None reported,Yes,52500,SUV,18,1,68200,0,3,335,0,6,A
1893,Honda,Odyssey Elite,2019,"82,000 mi.",Gasoline,Silver,None reported,Yes,32471,Minivan,22,1,47000,0,3.5,280,0,6,A
1894,Acura,TLX,2023,"3,389 mi.",Gasoline,White,None reported,,38598,Sedan,24,0,38000,0,2,,1,,A
1895,Porsche,Cayenne GTS Coupe AWD,2023,"10,000 mi.",Gasoline,Gray,None reported,Yes,145000,SUV,18,1,129900,0,4,453,0,8,A
1896,Cadillac,STS V6,2005,"96,000 mi.",Gasoline,Beige,At least 1 accident or damage reported,Yes,4999,Sedan,20,0,48500,0,3.6,260,0,6,A
1897,Dodge,Charger R/T,2021,"7,751 mi.",Gasoline,Black,None reported,Yes,41950,Sedan,22,1,40175,0,5.7,370,0,8,A
1898,Audi,RS 7 4.0T Performance Prestige,2017,"66,250 mi.",Gasoline,Gray,At least 1 accident or damage reported,Yes,59200,Sedan,21,1,115000,0,4,605,0,8,A
1899,Lexus,CT 200h Premium,2012,"109,000 mi.",Hybrid,White,At least 1 accident or damage reported,Yes,14945,Hatchback,43,1,31300,0,1.8,134,0,4,A
1900,Hyundai,Genesis Coupe 3.8 Base,2015,"60,000 mi.",Gasoline,Black,None reported,Yes,17000,Coupe,18,0,25000,0,3.8,348,0,6,A
1901,Tesla,Model S Performance,2020,"14,700 mi.",,Gray,None reported,Yes,63000,Sedan,100,1,99990,1,,778,0,,A
1902,Mercedes-Benz,E-Class E 350 4MATIC,2022,"9,006 mi.",Gasoline,Black,None reported,Yes,56999,Sedan,26,1,53850,0,2,255,0,4,A
1903,Toyota,GR86 Base,2022,"13,400 mi.",Gasoline,Silver,None reported,Yes,33499,Coupe,23,0,29990,0,2.4,228,0,4,A
1904,Porsche,Macan S,2020,"28,570 mi.",Gasoline,White,None reported,,55998,SUV,19,1,63500,0,3,,1,,A
1905,Dodge,Durango SRT,2018,"78,000 mi.",Gasoline,White,At least 1 accident or damage reported,Yes,44700,SUV,13,1,65000,0,6.4,475,0,8,A
1906,Lexus,LX 570 Base,2013,"134,000 mi.",Gasoline,Gray,At least 1 accident or damage reported,Yes,29995,SUV,14,1,82800,0,5.7,383,0,8,A
1907,Kia,Optima Hybrid EX,2013,"104,994 mi.",Hybrid,Black,None reported,Yes,9000,Sedan,40,0,30000,0,2.4,199,0,4,A
1908,Bentley,Continental GT V8 S,2016,"31,500 mi.",Gasoline,Black,None reported,Yes,103900,Coupe,18,1,232600,0,4,521,0,8,A
1909,Alfa,Romeo Giulia Base,2020,"30,000 mi.",Gasoline,Black,None reported,Yes,28900,Sedan,24,0,39995,0,2,280,0,4,A
1910,Lexus,LX 600 F SPORT,2023,490 mi.,Gasoline,Black,None reported,Yes,124999,SUV,17,1,127000,0,3.4,409,0,6,A
1911,Porsche,Taycan Turbo,2020,"18,000 mi.",,Silver,None reported,Yes,105000,Sedan,76,1,150000,0,,616,0,,A
1912,Toyota,Sequoia Limited,2017,"67,000 mi.",E85 Flex Fuel,Silver,None reported,Yes,37999,SUV,13,1,65800,0,5.7,381,0,8,A
1913,Kia,K5 EX,2021,"8,263 mi.",Gasoline,Gray,None reported,Yes,29000,Sedan,29,0,27190,0,1.6,180,0,4,A
1914,RAM,1500 Big Horn,2021,"35,003 mi.",Gasoline,White,None reported,Yes,40999,Pickup,22,0,39600,0,5.7,,0,8,A
1915,Chevrolet,Corvette Base,2008,"80,000 mi.",Gasoline,Red,None reported,Yes,31000,Convertible,18,0,50000,1,6.2,430,0,8,A
1916,Chevrolet,Corvette Stingray w/1LT,2022,"6,200 mi.",Gasoline,Brown,None reported,Yes,99999,Coupe,19,0,59900,0,6.2,490,0,8,A
1917,Jaguar,F-TYPE S,2014,"74,595 mi.",Gasoline,Green,At least 1 accident or damage reported,Yes,32450,Coupe,20,1,99600,0,5,495,0,8,A
1918,Audi,A7 3.0T Prestige,2013,"87,066 mi.",Gasoline,Silver,None reported,Yes,20999,Sedan,20,1,68000,0,3,310,0,6,A
1919,audi,Q8 3.0T Prestige,2019,"38,360 mi.",Gasoline,Black,None reported,,49936,SUV,17,1,74900,0,3,,1,6,A
1920,Kia,Telluride SX,2020,"38,000 mi.",Gasoline,Green,None reported,Yes,41999,SUV,20,1,44000,0,3.8,291,0,6,A
1921,Toyota,Camry Hybrid XLE,2018,"69,641 mi.",Hybrid,White,At least 1 accident or damage reported,Yes,23995,Sedan,51,1,34450,0,2.5,208,0,4,A
1922,Toyota,GR86 Premium,2022,"1,275 mi.",Gasoline,Blue,None reported,Yes,47999,Coupe,20,1,32990,0,2.4,228,0,4,A
1923,BMW,M3 Base,2001,"60,000 mi.",Gasoline,Black,None reported,Yes,25000,Coupe,20,1,45000,1,3.2,333,0,6,M
1924,Jeep,Wrangler Rubicon,2014,"99,450 mi.",Gasoline,Gray,None reported,Yes,21000,SUV,20,1,35000,0,3.6,285,0,6,M
1925,Toyota,Tundra Hybrid Capstone,2023,200 mi.,Hybrid,Blue,None reported,Yes,82500,Pickup,21,1,75800,0,3.4,437,0,6,A
1926,Porsche,Panamera 4 Edition,2016,"68,000 mi.",Gasoline,Gray,At least 1 accident or damage reported,Yes,32950,Sedan,22,1,92900,0,3.6,310,0,6,A
1927,Lexus,GS 350 Base,2010,"212,000 mi.",Gasoline,Gray,At least 1 accident or damage reported,Yes,9450,Sedan,19,0,46000,0,3.5,303,0,6,A
1928,GMC,Sierra 3500 Denali,2019,"73,091 mi.",Diesel,White,At least 1 accident or damage reported,Yes,58500,Pickup,13,1,65000,0,6.6,445,0,8,A
1929,Kia,Niro Plug-In Hybrid EX,2023,"9,400 mi.",Plug-In Hybrid,Black,None reported,Yes,31500,,,,,,1.6,180,0,4,A
1930,Porsche,Cayenne Base,2014,"117,697 mi.",Gasoline,Black,At least 1 accident or damage reported,Yes,16975,SUV,20,0,51000,0,3.6,300,0,6,A
1931,Mercedes-Benz,S-Class S 65 AMG,2015,"95,428 mi.",Gasoline,Silver,None reported,Yes,55000,Sedan,19,1,232000,0,6,621,0,12,A
1932,Lexus,GX 460 Premium,2017,"116,300 mi.",Gasoline,Gray,None reported,Yes,31950,SUV,15,1,53200,0,4.6,301,0,8,A
1933,Acura,MDX Sport Hybrid 3.0L w/Technology Package,2019,"56,778 mi.",Hybrid,Black,None reported,Yes,41899,SUV,26,1,52800,0,3,321,0,6,A
1934,Audi,Q5 S line Premium Plus,2023,"5,682 mi.",Hybrid,Gray,None reported,,48698,SUV,24,1,55000,0,2,,0,,A
1935,BMW,530 i,2017,"37,000 mi.",Gasoline,Gray,None reported,Yes,31000,Sedan,25,1,52000,0,2,248,0,4,A
1936,Kia,Forte Koup EX,2015,"103,748 mi.",Gasoline,Gray,None reported,Yes,8500,Coupe,26,0,24500,0,2,173,0,4,A
1937,Toyota,Sequoia Limited,2005,"86,000 mi.",Gasoline,Silver,None reported,Yes,22500,SUV,14,1,44000,0,4.7,282,0,8,A
1938,Land,Rover LR4 HSE,2013,"125,900 mi.",Gasoline,Black,None reported,Yes,21000,SUV,16,1,49995,0,5,375,0,8,A
1939,Nissan,Titan SV,2023,"6,200 mi.",Gasoline,Black,None reported,Yes,48000,Pickup,15,0,39800,0,5.6,400,0,8,A
1940,FORD,F-250 Lariat,2019,"85,000 mi.",Diesel,Black,At least 1 accident or damage reported,Yes,52500,Pickup,15,1,58500,0,6.7,450,0,8,A
1941,Mercedes-Benz,AMG GT AMG GT,2017,"19,324 mi.",Gasoline,Gray,None reported,Yes,75000,Coupe,16,1,130000,1,4,456,0,8,A
1942,Cadillac,Escalade Platinum,2018,"49,273 mi.",Gasoline,Red,None reported,Yes,54000,SUV,17,1,90000,0,6.2,420,0,8,A
1943,Tesla,Model 3 Standard Range Plus,2019,"42,094 mi.",,White,None reported,Yes,32000,Sedan,130,1,39990,0,,,0,,A
1944,BMW,M3 Base,2017,"44,000 mi.",Gasoline,Blue,None reported,Yes,55000,Sedan,17,1,65000,1,3,425,0,6,A
1945,Chevrolet,Cruze LT,2012,"148,377 mi.",Gasoline,Blue,,,5500,Sedan,26,0,18900,0,1.4,138,0,4,A
1946,Dodge,Challenger SRT8,2010,"70,000 mi.",Gasoline,Orange,None reported,Yes,22000,Coupe,14,1,43000,0,6.1,425,0,8,M
1947,Mercedes-Benz,Sprinter 2500,2016,"143,290 mi.",Diesel,White,None reported,Yes,33490,Van,0,0,0,0,2.1,161,0,4,A
1948,Ford,F-350 Platinum,2019,"69,205 mi.",Diesel,White,None reported,Yes,73500,Pickup,20,1,83500,0,6.7,450,0,8,A
1949,Chevrolet,Tahoe LTZ,2015,"123,500 mi.",Gasoline,White,None reported,Yes,25650,SUV,16,1,67995,0,5.3,355,0,8,A
1950,audi,Q7 3.0T Prestige,2018,"70,773 mi.",Gasoline,White,None reported,Yes,30950,SUV,21,1,70000,0,3,333,0,6,A
1951,Jeep,Patriot Latitude,2015,"109,000 mi.",Gasoline,Gray,At least 1 accident or damage reported,Yes,7599,SUV,23,0,23500,0,2,158,0,4,A
1952,INFINITI,QX70 Base,2014,"71,097 mi.",Gasoline,Black,None reported,Yes,18995,SUV,20,1,46500,0,3.7,325,0,6,A
1953,BMW,X5 xDrive35i,2013,"76,309 mi.",Gasoline,Silver,,,12000,SUV,18,1,50000,0,3,300,0,6,A
1954,Tesla,Model 3,2018,"26,609 mi.",,Gray,None reported,,36998,Sedan,130,1,35000,0,,,0,,A
1955,Land,Rover Range Rover P400 SE LWB 7 Seat,2023,"4,126 mi.",Hybrid,Black,,,155000,SUV,20,1,96000,0,3,395,0,6,A
1956,Nissan,240SX Base,1996,"160,490 mi.",,Gray,None reported,Yes,15500,Coupe,24,0,15999,1,,,0,,M
1957,Cadillac,ATS 2.5L,2014,"80,400 mi.",Gasoline,Silver,At least 1 accident or damage reported,Yes,15000,Sedan,26,0,33900,0,2.5,202,0,4,A
1958,Toyota,RAV4 Base,2010,"123,620 mi.",Gasoline,Black,At least 1 accident or damage reported,Yes,9900,SUV,22,0,23950,0,2.5,179,0,4,A
1959,Acura,TSX Technology,2011,"187,883 mi.",Gasoline,Red,None reported,Yes,5500,Sedan,22,0,29900,0,2.4,201,0,4,A
1960,Mercedes-Benz,G-Class G 550 4MATIC,2020,"45,000 mi.",Gasoline,Black,None reported,Yes,133000,SUV,13,1,131750,1,4,416,0,8,A
1961,Honda,Civic Sport,2022,"25,420 mi.",Gasoline,Red,None reported,Yes,24500,Sedan,30,0,24600,0,2,158,0,4,A
1962,BMW,M3 Base,2011,"129,999 mi.",Gasoline,White,None reported,Yes,29999,Coupe,14,1,61900,1,4,414,0,8,M
1963,BMW,M3 Base,2008,"41,048 mi.",Gasoline,Gray,None reported,Yes,38490,Coupe,14,1,57800,1,4,414,0,8,A
1964,Nissan,Cube 1.8 S,2010,"72,500 mi.",Gasoline,Brown,None reported,Yes,6750,Hatchback,27,0,13900,0,1.8,122,0,4,M
1965,RAM,ProMaster 3500 Tradesman,2014,"143,390 mi.",Gasoline,White,None reported,Yes,13000,Van,14,0,35000,0,3.6,280,0,6,A
1966,Acura,RDX Base,2018,"68,425 mi.",Gasoline,Gray,At least 1 accident or damage reported,Yes,23500,SUV,21,0,35950,0,3.5,279,0,6,A
1967,Toyota,4Runner Limited,2018,"95,000 mi.",Gasoline,Silver,None reported,Yes,33000,SUV,17,1,45500,0,4,270,0,6,A
1968,RAM,1500 Limited,2019,"29,000 mi.",Gasoline,Gray,At least 1 accident or damage reported,Yes,49500,Pickup,20,1,53000,0,5.7,395,0,8,A
1969,Chevrolet,Corvette Base,2003,"145,000 mi.",Gasoline,Blue,None reported,Yes,22000,Coupe,19,0,49995,1,5.7,350,0,8,A
1970,Land,Rover Defender 110 SE,2020,"29,700 mi.",Hybrid,Green,,,68000,SUV,17,1,60000,0,3,395,0,6,A
1971,Jeep,Grand Cherokee Laredo,2011,"98,658 mi.",Gasoline,White,None reported,Yes,14995,SUV,16,0,29995,0,5.7,360,0,8,A
1972,Volvo,S80 T6,2009,"97,615 mi.",Gasoline,Black,None reported,Yes,10500,Sedan,16,0,46300,0,3,281,0,6,A
1973,Porsche,Cayenne S,2014,"36,000 mi.",Gasoline,Black,None reported,Yes,37000,SUV,18,0,82300,0,4.8,400,0,8,A
1974,Mazda,CX-30 Select,2021,"61,874 mi.",Gasoline,Black,None reported,Yes,22389,SUV,25,0,26000,0,2.5,,0,4,A
1975,Chrysler,Town & Country Touring,2012,"74,582 mi.",E85 Flex Fuel,Black,None reported,Yes,8500,Minivan,17,0,30500,0,3.6,283,0,6,A
1976,INFINITI,FX37 Base,2013,"51,500 mi.",Gasoline,Gray,None reported,Yes,23900,SUV,18,0,45000,0,3.7,325,0,6,A
1977,Toyota,FJ Cruiser Base,2007,"193,827 mi.",Gasoline,Silver,None reported,Yes,14950,SUV,17,0,24000,0,4,239,0,6,A
1978,Chevrolet,Silverado 1500 LT,2019,"53,433 mi.",Gasoline,Blue,None reported,Yes,36950,Pickup,18,0,40000,0,5.3,355,0,8,A
1979,Mercedes-Benz,C-Class C 63 AMG,2012,"103,000 mi.",Gasoline,Silver,At least 1 accident or damage reported,Yes,40000,Sedan,16,1,64000,1,6.3,451,0,8,A
1980,BMW,428 Gran Coupe i xDrive,2016,"59,000 mi.",Gasoline,Black,At least 1 accident or damage reported,Yes,20999,Coupe,26,1,44000,0,2,240,0,4,A
1981,Lexus,GX 460 Premium,2017,"82,000 mi.",Gasoline,Gray,None reported,Yes,32900,SUV,15,1,53200,0,4.6,301,0,8,A
1982,Porsche,Panamera Edition,2016,"60,000 mi.",Gasoline,Gray,None reported,Yes,45000,Sedan,22,0,89000,0,3.6,310,0,6,A
1983,Cadillac,Escalade ESV Platinum,2017,"93,971 mi.",Gasoline,White,None reported,Yes,47000,SUV,17,1,100000,0,6.2,420,0,8,A
1984,Lexus,IS 350 Base,2015,"62,600 mi.",Gasoline,Gray,None reported,Yes,27500,Sedan,19,0,39000,0,3.5,306,0,6,A
1985,Mercedes-Benz,E-Class E 350 4MATIC,2014,"84,450 mi.",Gasoline,Gray,None reported,Yes,19000,Sedan,20,0,59700,0,3.5,302,0,6,A
1986,audi,Q5 S line Premium,2022,"18,099 mi.",Hybrid,Gray,None reported,,40798,SUV,25,1,46000,0,2,,0,,A
1987,Mercedes-Benz,E-Class E 350 4MATIC,2014,"76,500 mi.",Gasoline,Silver,None reported,Yes,17999,Sedan,20,0,59700,0,3.5,302,0,6,A
1988,Chevrolet,Camaro 1LT,2017,"74,000 mi.",Gasoline,Yellow,None reported,Yes,19800,Coupe,26,0,25000,0,2,275,0,4,A
1989,RAM,1500 Laramie,2022,"15,607 mi.",Gasoline,Silver,None reported,,45999,Pickup,22,1,45000,0,5.7,,0,8,A
1990,Chevrolet,Silverado 1500 1LZ,2014,"111,095 mi.",E85 Flex Fuel,White,At least 1 accident or damage reported,Yes,26000,Pickup,18,0,40300,0,5.3,355,0,8,A
1991,Toyota,Camry Solara SLE,2007,"37,216 mi.",Gasoline,Red,At least 1 accident or damage reported,Yes,14995,Convertible,21,1,30000,0,3.3,210,0,6,A
1992,Jaguar,F-TYPE S,2015,"25,786 mi.",Gasoline,Blue,None reported,Yes,38500,Coupe,20,1,92100,0,3,380,0,6,A
1993,Jeep,Gladiator Sport,2021,"15,520 mi.",Gasoline,Gray,None reported,Yes,40459,Pickup,20,0,35435,0,3.6,,0,6,A
1994,RAM,1500 Big Horn,2021,"49,583 mi.",Gasoline,Silver,None reported,,42816,Pickup,22,0,39600,0,5.7,,0,8,A
1995,Porsche,Cayenne Diesel,2015,"97,300 mi.",Diesel,Black,None reported,Yes,29995,SUV,28,0,66000,0,3,240,0,6,A
1996,Chevrolet,Camaro Base,2002,"89,000 mi.",Gasoline,Silver,None reported,Yes,10400,Coupe,18,0,20000,0,3.8,200,0,6,A
1997,Porsche,Cayenne S,2015,"52,111 mi.",Gasoline,Black,At least 1 accident or damage reported,Yes,37500,SUV,19,1,87000,0,3.6,420,0,6,A
1998,Dodge,Challenger R/T Scat Pack,2019,"75,800 mi.",Gasoline,Gray,None reported,,35998,Coupe,15,1,39995,0,6.4,,0,,A
1999,Lexus,ES 350 Base,2010,"113,500 mi.",Gasoline,Red,At least 1 accident or damage reported,Yes,11000,Sedan,19,0,35000,0,3.5,272,0,6,A
2000,Audi,Q3 2.0T Premium Plus,2015,"155,382 mi.",Gasoline,Brown,At least 1 accident or damage reported,Yes,13500,SUV,20,1,35100,0,2,200,0,4,A
2001,Mercedes-Benz,E-Class E 550,2016,"49,643 mi.",Gasoline,White,At least 1 accident or damage reported,Yes,33995,Sedan,21,1,67500,0,4.7,402,0,8,A
2002,BMW,650 i xDrive,2015,"76,474 mi.",Gasoline,White,None reported,Yes,32000,Coupe,22,1,90800,0,4.4,445,0,8,A
2003,Porsche,Cayman Base,2016,"10,431 mi.",Gasoline,Red,None reported,Yes,50999,Coupe,24,0,52900,0,2.7,275,0,6,A
2004,INFINITI,FX50 Base,2009,"190,120 mi.",Gasoline,Gray,At least 1 accident or damage reported,Yes,12500,SUV,14,1,56000,0,5,390,0,8,A
2005,FORD,F-150 XLT,2020,"92,000 mi.",Gasoline,Gray,None reported,Yes,29999,Pickup,18,0,35000,0,3.5,375,0,6,A
2006,Chevrolet,Camaro 2LT,2017,"24,000 mi.",Gasoline,Yellow,None reported,Yes,32000,Coupe,22,1,34000,0,3.6,335,0,6,M
2007,RAM,1500 Big Horn,2020,"25,396 mi.",Gasoline,Black,None reported,Yes,43250,Pickup,22,1,40000,0,5.7,,0,8,A
2008,Chevrolet,Silverado 2500 H/D,2001,"167,000 mi.",Gasoline,White,At least 1 accident or damage reported,Yes,6500,Pickup,12,0,32000,0,6,300,0,8,A
2009,RAM,1500 Laramie,2022,"18,645 mi.",Gasoline,Black,None reported,Yes,49700,Pickup,22,1,45000,0,5.7,,0,8,A
2010,Porsche,911 Turbo,2018,"28,470 mi.",Gasoline,White,At least 1 accident or damage reported,Yes,147500,Coupe,18,1,150000,1,3.8,540,0,6,A
2011,Ford,Mustang V6,2016,"54,000 mi.",Gasoline,White,None reported,Yes,23999,Coupe,22,0,25950,0,3.7,300,0,6,A
2012,Hyundai,Accent GL,2003,"83,000 mi.",Gasoline,Blue,None reported,Yes,2900,Sedan,25,0,13999,0,1.6,104,0,4,M
2013,audi,Q5 S line Premium Plus,2022,"10,071 mi.",Hybrid,Black,None reported,,40598,SUV,24,1,55000,0,2,,0,,A
2014,Ford,F-150 XLT,2021,"43,329 mi.",Gasoline,Gray,None reported,Yes,43642,Pickup,20,0,40000,0,3.5,,1,6,A
2015,Lexus,RC F Base,2015,"51,400 mi.",Gasoline,Silver,None reported,Yes,43000,Coupe,16,0,62850,0,5,467,0,8,A
2016,Chevrolet,Suburban 1500 LT,2015,"153,800 mi.",E85 Flex Fuel,Silver,At least 1 accident or damage reported,Yes,23000,SUV,18,1,60000,0,5.3,355,0,8,A
2017,Land,Rover Range Rover Sport SVR Carbon Edition,2022,"9,000 mi.",Gasoline,Green,None reported,Yes,115000,SUV,16,1,115000,1,5,575,0,8,A
2018,Dodge,Viper SRT-10,2003,"10,800 mi.",Gasoline,Silver,None reported,Yes,65499,Coupe,15,1,84995,1,8.3,500,0,10,M
2019,RAM,1500 Laramie,2020,"10,458 mi.",Gasoline,Red,None reported,Yes,48815,Pickup,20,1,40000,0,5.7,,0,8,A
2020,BMW,328 i,2014,"84,709 mi.",Gasoline,Silver,None reported,Yes,13800,Sedan,24,0,35000,0,2,240,0,4,A
2021,Mercedes-Benz,AMG C 43 AMG C 43 4MATIC,2019,"33,500 mi.",Gasoline,Red,None reported,Yes,45770,Sedan,20,1,52000,0,3,385,0,6,A
2022,BMW,M4 Base,2015,"98,000 mi.",Gasoline,Black,None reported,Yes,32999,Coupe,20,1,65000,1,3,425,0,6,A
2023,BMW,750 i,2008,"94,653 mi.",Gasoline,Green,At least 1 accident or damage reported,Yes,7300,Sedan,15,1,82000,0,4.8,360,0,8,A
2024,Ford,Expedition Limited,2023,"9,281 mi.",Gasoline,Black,None reported,Yes,85000,SUV,20,1,74400,0,3.5,440,0,6,A
2025,Chevrolet,Traverse Premier,2023,"11,806 mi.",Gasoline,White,None reported,Yes,47000,SUV,22,1,51500,0,3.6,310,0,6,A
2026,Mercedes-Benz,E-Class D 2.5 Turbo,1993,"70,015 mi.",,Gray,None reported,Yes,22500,Sedan,30,0,40000,0,,,0,,A
2027,Cadillac,Escalade Platinum,2020,"48,613 mi.",Gasoline,Black,At least 1 accident or damage reported,Yes,61500,SUV,17,1,100000,0,6.2,420,0,8,A
2028,RAM,3500 Tradesman,2023,"2,990 mi.",Diesel,White,At least 1 accident or damage reported,Yes,69900,Pickup,12,0,42000,0,6.7,400,0,6,A
2029,audi,TT 1.8L,2005,"124,747 mi.",Gasoline,Silver,None reported,Yes,6900,Coupe,24,0,30000,0,1.8,180,0,4,A
2030,RAM,1500 Big Horn,2021,"24,000 mi.",Hybrid,Silver,None reported,Yes,42000,Pickup,22,0,39600,0,5.7,395,0,8,A
2032,INFINITI,QX60 Base,2017,"89,106 mi.",Gasoline,White,None reported,Yes,18000,SUV,20,0,44000,0,3.5,295,0,6,A
2033,Ford,F-250 Platinum,2017,"22,000 mi.",E85 Flex Fuel,Beige,At least 1 accident or damage reported,Yes,53000,Pickup,20,1,65000,0,6.2,385,0,8,A
2034,Jeep,Compass Limited,2022,"20,472 mi.",Gasoline,Red,None reported,,28298,SUV,22,1,34360,0,2.4,,0,4,A
2035,INFINITI,QX80 SENSORY,2023,"8,600 mi.",Gasoline,Black,,,78990,SUV,17,1,83850,0,5.6,400,0,8,A
2036,Chevrolet,Silverado 1500 Limited LT Trail Boss,2022,"4,753 mi.",Gasoline,White,None reported,Yes,57000,Pickup,18,1,54500,0,5.3,355,0,8,A
2037,Hyundai,Genesis Coupe 2.0T,2010,"65,000 mi.",Gasoline,Gray,,,8900,Coupe,20,0,25000,0,2,210,0,4,A
2038,Chevrolet,Camaro 1SS,2021,"15,000 mi.",Gasoline,Blue,None reported,Yes,43500,Coupe,19,1,42900,0,6.2,455,0,8,M
2039,Chevrolet,Tahoe Base,1997,"229,000 mi.",Diesel,Green,At least 1 accident or damage reported,Yes,19500,SUV,16,0,25000,0,6.5,180,0,8,A
2040,audi,A6 3.0 TDI Premium Plus,2014,"42,400 mi.",Diesel,Silver,None reported,Yes,26500,Sedan,24,1,60900,0,3,240,0,6,A
2041,Land,Rover Defender S,2023,"15,840 mi.",Gasoline,White,None reported,Yes,69900,SUV,18,0,55000,0,2,296,0,4,A
2042,Porsche,Cayenne S,2016,"76,200 mi.",Gasoline,Gray,None reported,Yes,42000,SUV,19,1,82900,0,3.6,420,0,6,A
2043,Chevrolet,Suburban Premier,2019,"105,667 mi.",Gasoline,Black,None reported,Yes,39000,SUV,15,1,74900,0,5.3,355,0,8,A
2044,Chevrolet,Suburban Premier,2019,"51,338 mi.",Gasoline,White,None reported,Yes,49900,SUV,15,1,74900,0,5.3,355,0,8,A
2045,Dodge,Dart SE,2016,"76,857 mi.",Gasoline,Black,At least 1 accident or damage reported,Yes,8100,Sedan,25,0,19590,0,2,160,0,4,M
2046,FORD,F-250 Lariat,2019,"80,200 mi.",E85 Flex Fuel,White,None reported,Yes,42500,Pickup,15,1,58500,0,6.2,385,0,8,A
2047,Toyota,Sequoia SR5,2002,"244,200 mi.",Gasoline,White,At least 1 accident or damage reported,Yes,3950,SUV,15,0,35000,0,4.7,240,0,8,A
2048,Ford,Mustang GT,2014,"38,560 mi.",Gasoline,Black,At least 1 accident or damage reported,Yes,28500,Coupe,15,1,40000,0,5,420,0,8,M
2049,Chevrolet,Corvette Stingray w/2LT,2020,"12,500 mi.",Gasoline,Yellow,None reported,Yes,84999,Convertible,19,1,60000,1,6.2,490,0,8,A
2050,Hyundai,Genesis Coupe 3.8 Base,2016,"45,303 mi.",Gasoline,White,None reported,Yes,20999,Coupe,16,0,25000,0,3.8,348,0,6,A
2051,FORD,Focus ST Base,2014,"110,000 mi.",Gasoline,Silver,None reported,Yes,9495,Hatchback,26,0,24500,0,2,252,0,4,M
2052,Cadillac,CTS Luxury,2011,"66,200 mi.",Gasoline,Black,None reported,Yes,16499,Sedan,18,0,41000,0,3,270,0,6,A
2053,Subaru,Baja Base,2003,"71,000 mi.",Gasoline,Red,None reported,Yes,14900,Pickup,20,0,19000,0,2.5,165,0,4,M
2054,Toyota,Highlander XLE,2019,"81,301 mi.",Gasoline,Black,None reported,Yes,30275,SUV,21,1,40115,0,3.5,,0,6,A
2055,Chevrolet,Corvette Stingray Z51,2019,"7,033 mi.",Gasoline,White,None reported,Yes,63900,Coupe,19,1,67000,1,6.2,460,0,8,A
2056,Dodge,Durango SRT,2020,"36,000 mi.",Gasoline,Gray,None reported,Yes,62000,SUV,13,1,66500,0,6.4,475,0,8,A
2057,Acura,TSX 2.4,2010,"116,000 mi.",Gasoline,Silver,At least 1 accident or damage reported,Yes,9000,Sedan,20,0,29000,0,2.4,201,0,4,M
2058,Chevrolet,Camaro 2SS,2018,"42,780 mi.",Gasoline,Black,At least 1 accident or damage reported,Yes,41100,Coupe,20,1,42000,0,6.2,455,0,8,A
2059,BMW,640 Gran Coupe i,2014,"39,886 mi.",Gasoline,Black,At least 1 accident or damage reported,Yes,26000,Coupe,22,1,76700,0,3,315,0,6,A
2060,audi,S5 3.0T Premium Plus,2014,"151,400 mi.",Gasoline,Gray,None reported,Yes,15400,Coupe,18,1,61000,0,3,333,0,6,A
2061,Alfa,Romeo Giulia Base,2017,"48,000 mi.",Gasoline,Red,None reported,Yes,20500,Sedan,24,0,32900,0,2,280,0,4,A
2062,Toyota,Highlander XLE,2023,"8,727 mi.",Gasoline,Red,None reported,,44596,SUV,21,0,43420,0,2.4,,1,4,A
2063,Rolls-Royce,Ghost Base,2011,"79,000 mi.",Gasoline,Black,At least 1 accident or damage reported,Yes,80300,Sedan,12,0,245000,1,6.6,563,0,12,A
2064,Dodge,Challenger R/T,2020,"54,000 mi.",Gasoline,Gray,None reported,Yes,34000,Coupe,15,1,37000,1,5.7,372,0,8,A
2065,Porsche,Cayenne Base,2016,"110,000 mi.",Gasoline,White,At least 1 accident or damage reported,Yes,25900,SUV,19,0,61000,0,3.6,300,0,6,A
2066,Chevrolet,Bolt EV LT,2020,"49,688 mi.",,Blue,None reported,Yes,24900,Hatchback,118,0,36620,0,,200,0,,A
2067,Mercedes-Benz,Metris Base,2020,"14,000 mi.",Gasoline,Black,None reported,Yes,48000,Minivan,20,0,31000,0,2,208,0,4,A
2068,Dodge,Charger SRT Hellcat Widebody,2023,"5,000 mi.",Gasoline,Gray,None reported,Yes,110000,Sedan,16,1,82995,1,6.2,717,0,8,A
2069,Chevrolet,Silverado 1500 ZR2,2022,"11,597 mi.",Gasoline,Silver,None reported,,68590,Pickup,16,1,70000,0,6.2,,0,8,A
2070,Mercedes-Benz,AMG S 63 Base 4MATIC,2017,"86,101 mi.",Gasoline,Gray,At least 1 accident or damage reported,Yes,72777,Sedan,18,1,149000,0,5.5,577,0,8,A
2071,Chevrolet,Silverado 1500 LT,2017,"58,816 mi.",Gasoline,Black,None reported,,36590,Pickup,18,0,40000,0,5.3,,0,8,A
2072,Lexus,RC 350 Base,2016,"77,856 mi.",Gasoline,Silver,None reported,Yes,30919,Coupe,20,0,42900,0,3.5,,0,6,A
2073,Lamborghini,Urus Base,2021,"20,069 mi.",Gasoline,Red,None reported,,229900,SUV,12,0,218000,1,4,,1,8,A
2074,GMC,Acadia SLE-1,2015,"115,282 mi.",Gasoline,Red,At least 1 accident or damage reported,Yes,12433,SUV,17,0,31000,0,3.6,,0,6,A
2075,Porsche,911 GT3,2016,"30,700 mi.",Gasoline,White,None reported,Yes,138999,Coupe,16,1,132000,1,3.8,475,0,6,A
2076,MINI,Cooper Base,2003,"103,726 mi.",Gasoline,Red,At least 1 accident or damage reported,Yes,5995,Hatchback,30,0,20000,0,1.6,115,0,4,M
2077,Mazda,MX-5 Miata Sport,2008,"39,800 mi.",Gasoline,Blue,None reported,Yes,13250,Convertible,22,0,25000,0,2,158,0,4,A
2078,Toyota,4Runner TRD Off Road,2019,"79,500 mi.",Gasoline,White,None reported,Yes,33333,SUV,16,0,37000,0,4,270,0,6,A
2079,Toyota,Highlander Limited,2008,"165,520 mi.",Gasoline,Gray,At least 1 accident or damage reported,Yes,9000,SUV,20,1,40000,0,3.5,270,0,6,A
2080,BMW,650 Gran Coupe i,2014,"92,000 mi.",Gasoline,Black,At least 1 accident or damage reported,Yes,24000,Sedan,20,1,85000,0,4.4,445,0,8,A
2081,Hyundai,Palisade Calligraphy,2023,"1,500 mi.",Gasoline,Green,None reported,Yes,55000,SUV,21,1,49000,0,3.8,291,0,6,A
2082,Pontiac,Solstice GXP,2008,"38,100 mi.",Gasoline,Orange,None reported,Yes,19950,Convertible,19,1,30745,0,2,260,0,4,M
2083,Land,Rover Range Rover Evoque SE Premium,2018,"42,125 mi.",Gasoline,White,None reported,Yes,38999,SUV,24,1,43000,0,2,237,0,4,A
2084,Porsche,Cayenne Diesel,2014,"86,818 mi.",Diesel,Silver,None reported,Yes,33500,SUV,24,0,81200,0,3,240,0,6,A
2085,BMW,M3 Competition xDrive,2023,"3,490 mi.",Gasoline,Gray,None reported,Yes,95580,Sedan,19,1,74800,0,3,503,0,6,A
2086,Toyota,Avalon Limited,2008,"111,300 mi.",Gasoline,Gold,None reported,Yes,7900,Sedan,20,1,35000,0,3.5,268,0,6,A
2087,BMW,M3 Base,2011,"98,200 mi.",Gasoline,White,None reported,Yes,27000,Coupe,14,1,61900,1,4,414,0,8,A
2088,Porsche,Panamera Base,2018,"42,500 mi.",Gasoline,Black,At least 1 accident or damage reported,Yes,53999,Sedan,21,0,85000,0,3,330,0,6,A
2089,Jeep,Wrangler Sport,2001,"171,000 mi.",Gasoline,White,At least 1 accident or damage reported,Yes,15000,SUV,15,0,20000,0,4,181,0,6,M
2090,Honda,Passport TrailSport,2023,"11,649 mi.",Gasoline,Black,,,39999,SUV,21,0,43900,0,3.5,280,0,6,A
2091,Mercedes-Benz,SL-Class SL 550,2013,"24,933 mi.",Gasoline,Silver,At least 1 accident or damage reported,Yes,40250,Convertible,17,1,105000,0,4.6,429,0,8,A
2092,Audi,RS 4 Base,2007,"99,769 mi.",Gasoline,Gray,None reported,Yes,29995,Sedan,18,1,70000,1,4.2,420,0,8,M
2093,Toyota,Avalon Limited,2022,"16,156 mi.",Gasoline,Blue,None reported,,39390,Sedan,26,1,42900,0,3.5,,0,6,A
2094,Mercedes-Benz,E-Class E 350 4MATIC,2008,"67,250 mi.",Gasoline,White,None reported,Yes,11900,Sedan,18,0,55000,0,3.5,268,0,6,A
2095,GMC,Yukon Denali,2021,"30,022 mi.",Gasoline,Blue,At least 1 accident or damage reported,Yes,74500,SUV,18,1,79000,0,6.2,420,0,8,A
2096,Porsche,Panamera 4S,2017,"42,596 mi.",Gasoline,Black,None reported,Yes,78000,Sedan,22,0,100000,1,2.9,440,0,6,A
2097,Ford,Explorer XLT,2021,"33,705 mi.",Gasoline,White,At least 1 accident or damage reported,Yes,36995,SUV,24,0,35000,0,2.3,,1,4,A
2098,Land,Rover LR4 HSE LUX Landmark Edition,2016,"63,300 mi.",Gasoline,White,None reported,Yes,31000,SUV,18,1,59000,0,3,340,0,6,A
2099,Acura,TLX Type S w/Performance Tire,2023,"4,700 mi.",Gasoline,Red,None reported,Yes,52000,Sedan,21,1,51745,0,3,355,0,6,A
2100,Toyota,Tacoma Base,2020,"27,256 mi.",Gasoline,Black,None reported,,42998,Pickup,20,0,26680,0,3.5,,0,,M
2101,Hummer,H3 Base,2010,"107,481 mi.",Gasoline,White,None reported,Yes,13500,SUV,16,0,32000,0,3.7,239,0,5,A
2102,Tesla,Model 3 Long Range,2018,"61,700 mi.",,White,None reported,Yes,25900,Sedan,133,1,54900,0,,271,0,,A
2103,Volvo,850 Turbo,1995,"94,000 mi.",,White,None reported,Yes,4500,Sedan,22,0,30000,1,,,0,,A
2104,Jeep,Wrangler Unlimited Sahara,2017,"128,000 mi.",Gasoline,Gray,None reported,Yes,26800,SUV,18,1,38000,0,3.6,285,0,6,A
2105,Chevrolet,Camaro 2SS,2018,"26,000 mi.",Gasoline,White,None reported,Yes,39000,Coupe,20,1,42000,0,6.2,455,0,8,A
2106,Audi,S6 4.0T,2015,"74,000 mi.",Gasoline,Blue,None reported,Yes,29950,Sedan,22,0,84000,0,4,420,0,8,A
2107,audi,TT RS Base,2012,"54,900 mi.",Gasoline,White,,,28900,Coupe,20,1,64900,0,2.5,360,0,5,M
2108,INFINITI,QX56 Base,2012,"141,775 mi.",Gasoline,White,None reported,Yes,11500,SUV,14,0,59900,0,5.6,400,0,8,A
2109,Volkswagen,New Beetle GLS,2001,"63,250 mi.",Gasoline,Yellow,None reported,Yes,12000,Hatchback,20,0,18800,0,2,115,0,4,A
2110,audi,Q5 S line Premium Plus,2022,"13,895 mi.",Hybrid,Gray,None reported,,44998,SUV,24,1,55000,0,2,,0,,A
2111,Lamborghini,Aventador LP750-4 Superveloce,2017,"10,654 mi.",Gasoline,White,None reported,,449991,Coupe,12,1,493100,1,6.5,,0,,A
2112,FORD,F-250 XL,2014,"35,900 mi.",E85 Flex Fuel,Blue,At least 1 accident or damage reported,Yes,27900,Pickup,16,0,31900,0,6.2,385,0,8,A
2113,GMC,Yukon XL Denali,2022,"48,306 mi.",Gasoline,White,At least 1 accident or damage reported,Yes,71999,SUV,20,1,83500,0,6.2,,0,8,A
2114,audi,A4 2.0T Premium,2012,"125,000 mi.",Gasoline,Black,None reported,Yes,10500,Sedan,30,0,35900,0,2,211,0,4,A
2115,Dodge,Challenger SRT 392,2016,"37,700 mi.",,Black,At least 1 accident or damage reported,Yes,38000,Coupe,15,1,54995,1,,,0,,A
2116,Tesla,Model S P100D,2017,"103,000 mi.",,Black,None reported,Yes,36000,Sedan,99,1,135000,1,,,0,,A
2117,Mazda,CX-30 Premium Package,2021,"45,303 mi.",Gasoline,White,None reported,,25382,SUV,25,1,29000,0,2.5,,0,4,A
2118,Lexus,ES 350 Base,2016,"53,900 mi.",Gasoline,Red,None reported,Yes,27500,Sedan,24,0,38950,0,3.5,268,0,6,A
2119,Jeep,Wrangler Sahara,2008,"54,000 mi.",Gasoline,Green,None reported,Yes,20000,SUV,18,0,27070,0,3.8,202,0,6,A
2120,Chevrolet,Avalanche 1500 LTZ,2007,"129,000 mi.",Gasoline,White,None reported,Yes,17950,Pickup,15,1,44000,0,6,366,0,8,A
2121,Jeep,Grand Cherokee L Laredo,2022,"10,232 mi.",Gasoline,Black,None reported,Yes,44646,SUV,19,0,39995,0,3.6,,0,6,A
2122,Acura,MDX w/Advance Package,2023,"3,708 mi.",Gasoline,White,None reported,,58998,SUV,21,1,62000,0,3.5,,0,,A
2123,Nissan,Pathfinder SL,2018,"167,000 mi.",Gasoline,Black,,,14500,SUV,20,0,40000,0,3.5,284,0,6,A
2124,Tesla,Model X Long Range,2019,"37,000 mi.",,Gray,None reported,Yes,58000,SUV,100,1,84990,0,,518,0,,A
2125,Subaru,Impreza Premium,2022,"10,419 mi.",Gasoline,White,At least 1 accident or damage reported,,24998,Sedan,36,1,26000,0,,,0,,A
2126,Audi,A8 4.0T,2014,"96,238 mi.",Gasoline,Black,At least 1 accident or damage reported,Yes,22500,Sedan,24,0,82500,0,4,420,0,8,A
2127,Subaru,Ascent Limited 7-Passenger,2022,"12,700 mi.",Gasoline,White,None reported,Yes,38500,SUV,20,1,42000,0,2.4,260,0,4,A
2128,Chevrolet,Avalanche 1500 LT,2007,"244,000 mi.",E85 Flex Fuel,Gray,None reported,Yes,16900,Pickup,14,1,34000,0,5.3,320,0,8,A
2129,Porsche,Cayenne S,2015,"124,000 mi.",Gasoline,White,None reported,Yes,25000,SUV,19,1,87000,0,3.6,420,0,6,A
2130,BMW,335 i,2009,"123,000 mi.",Gasoline,Purple,None reported,Yes,15000,Sedan,20,1,40000,0,3,300,0,6,A
2131,GMC,Sierra 1500 Limited Elevation,2022,"24,900 mi.",Gasoline,Black,None reported,Yes,49900,Pickup,20,1,44800,0,2.7,310,0,4,A
2132,Ford,Explorer Sport,2016,"95,500 mi.",Gasoline,Black,None reported,Yes,20000,SUV,20,1,40820,0,3.5,365,0,6,A
2133,Cadillac,Escalade ESV Sport,2021,"4,283 mi.",Gasoline,Black,None reported,Yes,479995,SUV,16,1,86500,0,6.2,,0,8,A
2134,Lexus,LX 570 Three-Row,2021,"48,300 mi.",Gasoline,White,None reported,Yes,82000,SUV,18,0,86000,0,5.7,383,0,8,A
2135,BMW,M3 Base,2008,"94,000 mi.",Gasoline,Gray,None reported,Yes,25999,Coupe,14,1,57800,1,4,414,0,8,M
2136,Nissan,Xterra Pro-4X,2011,"183,000 mi.",Gasoline,Black,At least 1 accident or damage reported,Yes,12000,SUV,17,1,30300,0,4,261,0,6,A
2137,Ford,Fusion Hybrid SE Hybrid,2013,"126,225 mi.",Hybrid,Silver,At least 1 accident or damage reported,Yes,11500,Sedan,41,0,29500,0,2,188,0,4,A
2138,Volkswagen,Golf GTI 2.0T SE 4-Door,2016,"87,892 mi.",Gasoline,Gray,None reported,Yes,16000,Hatchback,24,1,26995,0,2,210,0,4,M
2139,Cadillac,CTS-V Base,2012,"45,000 mi.",Gasoline,Red,None reported,Yes,41500,Sedan,14,1,65000,1,6.2,556,0,8,A
2140,Aston,Martin Vantage Base,2022,"1,023 mi.",Gasoline,Blue,None reported,Yes,156900,Coupe,18,0,139000,0,4,503,0,8,A
2141,Lexus,GX 460 Base,2015,"106,000 mi.",Gasoline,Black,None reported,Yes,37500,SUV,15,1,50000,0,4.6,301,0,8,A
2142,GMC,Acadia SLT-1,2019,"51,300 mi.",Gasoline,Black,At least 1 accident or damage reported,Yes,25500,SUV,22,0,41000,0,2.5,193,0,4,A
2143,Ford,Bronco Sport Big Bend,2021,"30,176 mi.",Gasoline,Black,None reported,Yes,28979,SUV,25,0,32890,0,1.5,,1,3,A
2144,Nissan,Titan SV,2021,"27,598 mi.",Gasoline,Black,None reported,,39884,Pickup,17,0,48600,0,5.6,,0,8,A
2145,Volkswagen,Jetta SportWagen SE,2012,"107,000 mi.",Gasoline,Black,None reported,Yes,9499,Hatchback,30,0,24900,0,2.5,170,0,5,A
2146,Land,Rover Range Rover 5.0L V8 Supercharged,2019,"17,500 mi.",Gasoline,Black,None reported,Yes,65000,SUV,15,1,90000,0,5,518,0,8,A
2147,RAM,2500 Laramie,2017,"117,878 mi.",Diesel,Red,None reported,Yes,42000,Pickup,14,1,57000,0,6.7,350,0,6,A
2148,Nissan,Murano SL,2010,"138,700 mi.",Gasoline,Gray,At least 1 accident or damage reported,Yes,7000,SUV,21,0,28000,0,3.5,265,0,6,A
2149,Cadillac,Escalade ESV Base,2009,"152,068 mi.",E85 Flex Fuel,White,At least 1 accident or damage reported,Yes,12350,SUV,12,1,62945,0,6.2,403,0,8,A
2150,BMW,428 i xDrive SULEV,2016,"77,000 mi.",Gasoline,White,At least 1 accident or damage reported,Yes,26999,Coupe,28,1,40000,0,2,240,0,4,A
2151,Ford,Focus RS Base,2017,"26,000 mi.",Gasoline,Gray,None reported,Yes,37000,Hatchback,22,1,35600,0,2.3,350,0,4,M
2152,Lexus,CT 200h Premium,2014,"131,200 mi.",Hybrid,Brown,None reported,Yes,14000,Hatchback,43,1,32000,0,1.8,134,0,4,A
2153,Buick,Enclave Leather,2017,"83,280 mi.",Gasoline,Silver,None reported,,20599,SUV,18,0,43000,0,3.6,,0,6,A
2154,BMW,M3 Base,2015,"59,000 mi.",Gasoline,Gray,None reported,Yes,53500,Sedan,17,1,64900,1,3,425,0,6,M
2155,Volkswagen,Arteon 2.0T SEL R-Line,2020,"15,500 mi.",Gasoline,Silver,None reported,Yes,30000,Sedan,22,0,46000,0,2,268,0,4,A
2156,BMW,X6 xDrive35i,2013,"90,000 mi.",Gasoline,White,None reported,Yes,19950,SUV,16,1,60400,0,3,300,0,6,A
2157,INFINITI,G35 Base,2006,"94,000 mi.",Gasoline,White,At least 1 accident or damage reported,Yes,10995,Sedan,20,0,31000,0,3.5,280,0,6,A
2158,Hummer,H2 Base,2008,"63,750 mi.",Gasoline,White,At least 1 accident or damage reported,Yes,55000,SUV,10,0,49970,0,6.2,393,0,8,A
2160,Acura,ILX Premium Package,2019,"37,900 mi.",Gasoline,White,None reported,Yes,26000,Sedan,28,1,30900,0,2.4,201,0,4,A
2161,Porsche,911 GT3,2015,"13,250 mi.",Gasoline,Brown,None reported,Yes,154900,Coupe,18,1,130000,1,3.8,475,0,6,A
2162,RAM,1500 Longhorn,2019,"76,249 mi.",Gasoline,Black,At least 1 accident or damage reported,,40995,Pickup,20,1,53000,0,5.7,,0,8,A
2163,BMW,M3 Base,2001,"81,000 mi.",Gasoline,Blue,None reported,Yes,39000,Coupe,20,1,45000,1,3.2,333,0,6,M
2164,Chevrolet,Suburban LT,2022,"37,806 mi.",Gasoline,Black,None reported,Yes,60894,SUV,18,0,60000,0,5.3,355,0,8,A
2165,Dodge,Ram 2500 ST,2010,"151,544 mi.",Gasoline,Brown,At least 1 accident or damage reported,Yes,17700,Pickup,14,0,28000,0,5.7,355,0,8,A
2166,Chevrolet,Camaro 2SS,2012,"60,345 mi.",Gasoline,Yellow,None reported,Yes,26950,Coupe,22,1,37900,0,6.2,400,0,8,A
2167,Dodge,Challenger SE,2010,"90,305 mi.",Gasoline,Gray,None reported,Yes,12000,Coupe,18,0,22500,0,3.5,250,0,6,A
2168,Jeep,Grand Cherokee L Limited,2022,"13,275 mi.",Gasoline,Red,None reported,,42599,SUV,20,1,49500,0,3.6,,0,6,A
2169,Chevrolet,Camaro 2SS,2018,"8,660 mi.",Gasoline,White,None reported,Yes,45000,Coupe,20,1,42000,0,6.2,455,0,8,A
2170,Ford,F-350 Lariat,2021,"28,220 mi.",Diesel,Silver,None reported,Yes,73600,Pickup,21,1,65000,0,6.7,475,0,8,A
2171,Ford,F-250 King Ranch,2015,"97,700 mi.",Diesel,Black,None reported,Yes,39950,Pickup,18,1,50000,0,6.7,440,0,8,A
2172,Chevrolet,Corvette Stingray w/3LT,2023,"4,200 mi.",Gasoline,White,None reported,Yes,98000,Coupe,15,1,80000,1,6.2,490,0,8,A
2173,Bentley,Continental GT V8 First Edition,2020,"27,404 mi.",Gasoline,Blue,None reported,,199991,Coupe,18,1,232600,1,,,0,,A
2174,Lincoln,MKC Reserve,2016,"100,000 mi.",Gasoline,White,None reported,Yes,24000,SUV,26,1,40000,0,2,240,0,4,A
2175,Ford,Excursion Limited,2001,"333,361 mi.",Diesel,Black,At least 1 accident or damage reported,Yes,17000,SUV,12,1,52995,0,7.3,250,0,8,A
2176,Land,Rover Discovery SE,2018,"63,295 mi.",Gasoline,Blue,None reported,Yes,29993,SUV,21,0,59900,0,3,340,0,6,A
2177,Land,Rover Defender V8,2022,"3,000 mi.",Gasoline,Black,None reported,Yes,96500,SUV,18,1,101500,0,5,518,0,8,A
2178,Chevrolet,Silverado 1500 2LT,2014,"102,604 mi.",E85 Flex Fuel,Gray,None reported,Yes,25500,Pickup,18,0,40700,0,5.3,355,0,8,A
2179,Mercedes-Benz,AMG G 63 Base,2017,"39,800 mi.",Gasoline,White,None reported,Yes,99000,SUV,13,1,148900,1,5.5,563,0,8,A
2180,Ford,F-250 XLT,2019,"124,000 mi.",E85 Flex Fuel,White,None reported,Yes,40100,Pickup,18,0,40000,0,6.2,385,0,8,A
2181,Tesla,Model 3 Base,2022,"12,080 mi.",,Black,None reported,Yes,36750,Sedan,134,0,39990,0,,271,0,,A
2182,Lexus,LX 570 Three-Row,2018,"39,300 mi.",Gasoline,Black,None reported,Yes,69500,SUV,17,1,86500,0,5.7,383,0,8,A
2183,INFINITI,QX60 Luxe,2019,"51,000 mi.",Gasoline,Gray,At least 1 accident or damage reported,Yes,29000,SUV,20,1,46900,0,3.5,295,0,6,A
2184,Rivian,R1S Adventure Package,2023,250 mi.,,Green,,,97500,SUV,74,1,74900,0,,835,0,,A
2185,Land,Rover Range Rover Sport 3.0L Supercharged HSE,2017,"67,000 mi.",Gasoline,Gray,None reported,Yes,35999,SUV,22,1,70600,0,3,340,0,6,A
2186,INFINITI,QX60 Base,2014,"95,400 mi.",Gasoline,White,,,14195,SUV,20,0,45000,0,3.5,265,0,6,A
2187,Hyundai,Sonata GLS,2013,"136,991 mi.",Gasoline,Gray,None reported,Yes,11000,Sedan,24,0,22800,0,2.4,198,0,4,A
2188,Toyota,Tundra Limited,2022,"3,959 mi.",Gasoline,Blue,None reported,Yes,55000,Pickup,18,1,50000,0,3.4,389,0,6,A
2189,Jeep,Grand Cherokee Limited,2020,"47,500 mi.",Gasoline,Purple,None reported,Yes,31000,SUV,19,0,42370,0,3.6,293,0,6,A
2190,Ford,F-350 Lariat Crew Cab Super Duty DRW,2005,"176,691 mi.",Diesel,White,At least 1 accident or damage reported,Yes,13000,Pickup,12,1,45000,0,6,325,0,8,A
2191,Tesla,Model 3 Performance,2021,"33,000 mi.",,Red,None reported,Yes,55000,Sedan,130,1,59990,0,,455,0,,A
2192,Mercedes-Benz,CLS-Class CLS 550,2014,"34,600 mi.",Gasoline,Black,None reported,Yes,27500,Sedan,23,1,75400,0,4.7,402,0,8,A
2193,RAM,2500 SLT,2014,"84,500 mi.",Gasoline,Black,None reported,Yes,34000,Pickup,17,0,36500,0,6.4,410,0,8,A
2194,Kia,Sorento Hybrid EX,2022,"36,100 mi.",Hybrid,Black,None reported,Yes,37500,SUV,39,0,35000,0,1.6,227,0,4,A
2195,Hyundai,Genesis 3.8,2015,"92,225 mi.",Gasoline,Black,At least 1 accident or damage reported,Yes,17000,Sedan,18,0,60000,0,3.8,311,0,6,A
2196,Jeep,Compass Latitude,2020,"17,500 mi.",Gasoline,Silver,None reported,Yes,25695,SUV,22,0,26730,0,2.4,180,0,4,A
2197,FORD,Fusion SE,2011,"114,323 mi.",Gasoline,Black,None reported,Yes,6000,Sedan,20,0,18000,0,2.5,175,0,4,A
2198,Toyota,FJ Cruiser Base,2014,"92,000 mi.",Gasoline,Beige,None reported,Yes,27500,SUV,17,0,28500,0,4,260,0,6,A
2199,BMW,430 Gran Coupe i xDrive,2018,"29,025 mi.",Gasoline,Black,None reported,,29998,Coupe,25,1,46000,0,2,,0,,A
2200,Dodge,Durango SRT 392,2021,"17,000 mi.",Gasoline,Blue,None reported,Yes,65000,SUV,13,1,82895,1,6.4,475,0,8,A
2201,Hyundai,Santa Fe GLS,2015,"96,476 mi.",Gasoline,White,None reported,Yes,13000,SUV,20,0,30350,0,3.3,290,0,6,A
2202,Volkswagen,Atlas 3.6L SEL Premium,2021,"36,311 mi.",Gasoline,Black,None reported,Yes,39127,SUV,21,1,48000,0,3.6,,0,6,A
2203,Land,Rover Range Rover Sport 5.0L Supercharged Dynamic,2016,"56,842 mi.",Gasoline,Silver,None reported,Yes,35000,SUV,14,1,113200,1,5,510,0,8,A
2204,Nissan,Murano SV,2021,"23,677 mi.",Gasoline,Red,None reported,,29510,SUV,20,0,39990,0,3.5,,0,6,A
2205,Buick,Envision Essence,2020,"27,340 mi.",Gasoline,White,None reported,,31700,SUV,24,1,36000,0,2.5,,0,4,A
2206,Chevrolet,Silverado 1500 RST,2020,"26,177 mi.",Gasoline,Gray,,,41986,Pickup,20,0,53400,0,5.3,,0,8,A
2207,Pontiac,Solstice GXP,2009,"122,348 mi.",Gasoline,Red,At least 1 accident or damage reported,Yes,10000,Convertible,26,1,30755,1,2,260,0,4,A
2208,BMW,640 Gran Coupe i xDrive,2015,"98,000 mi.",Gasoline,Black,None reported,Yes,22500,Coupe,23,1,81700,0,3,315,0,6,A
2209,Tesla,Model 3 Standard Range Plus,2019,"32,300 mi.",,Black,None reported,Yes,29000,Sedan,130,1,39990,0,,,0,,A
2210,MINI,Countryman Cooper S,2019,"18,997 mi.",Gasoline,Red,None reported,Yes,26750,SUV,28,1,29350,0,2,189,0,4,A
2211,Porsche,Boxster GTS,2016,"40,350 mi.",Gasoline,Gray,None reported,Yes,67995,Convertible,20,1,73900,1,3.4,330,0,6,A
2212,Ford,Expedition EL King Ranch,2011,"156,856 mi.",E85 Flex Fuel,Black,None reported,Yes,14300,SUV,20,1,55605,0,5.4,310,0,8,A
2213,Bentley,Continental GT GT Speed,2022,"1,919 mi.",Gasoline,Black,None reported,,289991,Coupe,12,1,335000,1,,,0,12,A
2214,BMW,X5 M Base,2017,"61,773 mi.",Gasoline,Gray,None reported,Yes,46000,SUV,14,1,99900,0,4.4,567,0,8,A
2215,Ford,Mustang GT Premium,2011,"74,500 mi.",Gasoline,Black,None reported,Yes,22000,Coupe,25,1,30000,0,5,412,0,8,M
2216,Jeep,Compass Sport,2016,"99,000 mi.",Gasoline,White,At least 1 accident or damage reported,Yes,5000,SUV,23,0,22495,0,2.4,172,0,4,A
2217,INFINITI,G37 Sport,2008,"63,496 mi.",Gasoline,Black,None reported,Yes,15000,Coupe,18,1,42000,0,3.7,330,0,6,M
2218,Ford,F-150 XLT,2022,"18,465 mi.",Gasoline,Black,None reported,Yes,47500,Pickup,22,0,35000,0,3.5,400,0,6,A
2219,Porsche,911 Carrera 4S,2007,"42,635 mi.",Gasoline,Blue,None reported,Yes,72995,Coupe,19,1,95000,1,3.8,355,0,6,A
2220,INFINITI,G35 Base,2005,"99,000 mi.",Gasoline,Silver,None reported,Yes,18900,Sedan,20,0,30000,0,3.5,298,0,6,M
2221,Chrysler,300C Base,2013,"87,500 mi.",Gasoline,White,None reported,Yes,13750,Sedan,20,0,35000,0,3.6,292,0,6,A
2222,Toyota,Camry Solara SLE,2007,"138,000 mi.",Gasoline,White,None reported,Yes,6800,Convertible,21,1,30000,0,3.3,210,0,6,A
2223,Lexus,IS 300 Base,2018,"70,891 mi.",Gasoline,White,None reported,Yes,28995,Sedan,22,0,38450,0,3.5,260,0,6,A
2224,Buick,Enclave Essence,2020,"55,403 mi.",Gasoline,Red,At least 1 accident or damage reported,Yes,29444,SUV,21,0,43000,0,3.6,310,0,6,A
2225,BMW,M4 Competition xDrive,2022,"3,213 mi.",Gasoline,Black,None reported,Yes,89995,Coupe,18,1,73900,1,3,503,0,6,A
2226,Pontiac,GTO Base,2005,"142,314 mi.",Gasoline,Red,At least 1 accident or damage reported,Yes,21999,Coupe,20,0,33500,0,6,400,0,8,M
2227,Toyota,FJ Cruiser Base,2013,"53,000 mi.",Gasoline,Blue,None reported,Yes,36740,SUV,17,0,29800,0,4,260,0,6,A
2228,Hyundai,Elantra SE,2014,"120,250 mi.",Gasoline,Blue,None reported,Yes,7500,Sedan,28,0,17995,0,1.8,145,0,4,A
2229,Porsche,Macan S,2015,"72,329 mi.",Gasoline,Silver,None reported,Yes,29500,SUV,20,1,60000,0,3,340,0,6,A
2230,Hummer,H3 Base,2007,"153,692 mi.",Gasoline,Beige,None reported,Yes,9995,SUV,18,0,29000,0,3.7,242,0,5,A
2231,Tesla,Model 3 Long Range,2021,"32,670 mi.",,White,None reported,Yes,37000,Sedan,120,1,49990,0,,,0,,A
2232,Ford,Transit-350 Base,2018,"235,000 mi.",Gasoline,White,,,18000,Van,15,0,35000,0,3.7,275,0,6,A
2233,Rivian,R1T Launch Edition,2022,"8,681 mi.",,Gray,None reported,Yes,82000,Pickup,74,1,73900,0,,835,0,,A
2234,Audi,S4 3.0 Prestige,2012,"98,400 mi.",Gasoline,White,None reported,Yes,18000,Sedan,20,1,50000,0,3,333,0,6,A
2235,Toyota,4Runner SR5 Premium,2023,"1,400 mi.",Gasoline,White,None reported,Yes,46500,SUV,16,1,42500,0,4,270,0,6,A
2236,Tesla,Model 3 Mid Range,2018,"32,000 mi.",,Black,None reported,Yes,29999,Sedan,134,1,48900,0,,271,0,,A
2237,Ford,F-250 Base,1997,"92,800 mi.",Gasoline,White,None reported,Yes,9000,Pickup,12,0,30000,0,5.8,210,0,8,A
2238,Mercedes-Benz,G-Class G 550 4MATIC,2021,"75,151 mi.",Gasoline,Black,None reported,Yes,130000,SUV,13,1,131750,1,4,416,0,8,A
2239,Subaru,Legacy 2.5 GT spec.B,2008,"94,000 mi.",Gasoline,Gray,None reported,Yes,12500,Sedan,20,0,32800,0,2.5,243,0,4,M
2240,Mercedes-Benz,E-Class E 350,2014,"67,350 mi.",Gasoline,Silver,At least 1 accident or damage reported,Yes,18700,Sedan,21,1,52800,0,3.5,302,0,6,A
2241,BMW,M3 Base,2001,"66,500 mi.",Gasoline,Red,None reported,Yes,21000,Coupe,20,1,45000,1,3.2,333,0,6,M
2242,Mercedes-Benz,C-Class C 250 Sport,2014,"70,612 mi.",Gasoline,White,None reported,Yes,14500,Sedan,27,0,38600,0,1.8,201,0,4,A
2243,Toyota,Sienna XLE Limited,2007,"112,630 mi.",Gasoline,Silver,At least 1 accident or damage reported,Yes,11500,Minivan,18,1,38000,0,3.5,266,0,6,A
2244,Dodge,Avenger SE,2014,"124,705 mi.",E85 Flex Fuel,Black,None reported,Yes,6499,Sedan,21,0,20500,0,3.6,283,0,6,A
2245,BMW,M240 i,2018,"61,000 mi.",Gasoline,Blue,At least 1 accident or damage reported,Yes,34000,Coupe,25,1,46000,0,3,335,0,6,M
2246,RAM,3500 SLT,2017,"157,272 mi.",Diesel,White,At least 1 accident or damage reported,Yes,32999,,,,,,6.7,350,0,6,A
2247,Mercedes-Benz,GL-Class GL 450 4MATIC,2015,"84,000 mi.",Gasoline,Blue,None reported,Yes,20399,SUV,18,1,64900,0,3,362,0,6,A
2248,Jeep,Gladiator Rubicon,2020,"27,981 mi.",Gasoline,Red,None reported,Yes,47500,Pickup,17,1,43300,0,3.6,285,0,6,A
2249,Bentley,Continental GT Base,2009,"18,000 mi.",Gasoline,Blue,None reported,Yes,63000,Coupe,12,1,192500,1,6,552,0,12,A
2250,Tesla,Model 3 Long Range,2019,"27,123 mi.",,Red,None reported,Yes,38200,Sedan,116,1,49900,0,,425,0,,A
2251,Chevrolet,Corvette Stingray w/2LT,2021,"3,053 mi.",Gasoline,Silver,None reported,Yes,83900,Coupe,17,1,65000,1,6.2,490,0,8,A
2252,audi,Q5 3.0T Premium Plus,2015,"60,251 mi.",Gasoline,Black,At least 1 accident or damage reported,Yes,19000,SUV,24,1,46400,0,3,272,0,6,A
2253,Mazda,MX-5 Miata Club,2021,"5,093 mi.",Gasoline,Gray,None reported,Yes,28000,Convertible,26,0,31490,0,2,181,0,4,M
2254,Bentley,Bentayga W12 Signature,2018,"31,875 mi.",Gasoline,White,None reported,Yes,115785,SUV,12,1,246000,0,6,600,0,12,A
2255,Mercedes-Benz,S-Class S500,2005,"175,722 mi.",Gasoline,White,None reported,Yes,7000,Sedan,18,1,77875,0,5,302,0,8,A
2256,BMW,M6 Base,2015,"17,900 mi.",Gasoline,Black,None reported,Yes,59900,Coupe,15,1,113000,1,4.4,560,0,8,A
2257,GMC,Yukon SLT,2015,"142,792 mi.",Gasoline,White,None reported,Yes,22999,SUV,16,1,65000,0,5.3,355,0,8,A
2258,BMW,750 iL,2001,"53,814 mi.",Gasoline,Gray,,,11800,Sedan,18,1,80000,0,5.4,326,0,12,A
2259,Toyota,Tundra Limited,2010,"89,400 mi.",Gasoline,White,None reported,Yes,26900,Pickup,14,1,30000,0,5.7,381,0,8,A
2260,Chrysler,300C Base,2007,"86,000 mi.",Gasoline,Gray,None reported,Yes,15000,Sedan,18,1,33945,0,5.7,340,0,8,A
2261,smart,ForTwo Pure,2008,"61,595 mi.",Gasoline,Blue,None reported,Yes,5000,Coupe,33,0,11500,0,1,70,0,3,A
2262,Toyota,Tundra SR,2018,"74,000 mi.",E85 Flex Fuel,Beige,At least 1 accident or damage reported,Yes,38000,Pickup,13,0,32800,0,5.7,381,0,8,A
2263,Hummer,H2 Base,2004,"130,000 mi.",Gasoline,Black,At least 1 accident or damage reported,Yes,16500,SUV,10,0,50000,0,6,316,0,8,A
2264,BMW,ALPINA B7 Base,2015,"86,000 mi.",Gasoline,Black,At least 1 accident or damage reported,Yes,29000,Sedan,22,1,139900,1,4.4,540,0,8,A
2265,Land,Rover Range Rover Sport Supercharged,2008,"140,600 mi.",Gasoline,Red,None reported,Yes,7500,SUV,12,1,71400,0,4.2,390,0,8,A
2266,audi,A4 2.0T Tech Premium,2018,"27,532 mi.",Gasoline,Gray,None reported,Yes,27900,Sedan,27,1,45000,0,2,252,0,4,A
2267,Ford,Focus SE,2017,"91,000 mi.",E85 Flex Fuel,Gray,None reported,Yes,12500,Sedan,30,0,21800,0,2,160,0,4,A
2268,Mercedes-Benz,E-Class E 550 4MATIC,2014,"63,000 mi.",Gasoline,Silver,None reported,Yes,28500,Sedan,18,1,63000,0,4.7,402,0,8,A
2269,Jeep,Wrangler Unlimited 4xe Sahara,2022,"10,500 mi.",Plug-In Hybrid,Green,None reported,Yes,49999,SUV,49,1,55000,0,2,375,0,4,A
2270,Mercedes-Benz,M-Class ML 350 4MATIC,2014,"75,073 mi.",E85 Flex Fuel,Gray,None reported,Yes,21500,SUV,20,0,49900,0,3.5,302,0,6,A
2271,Jeep,Wrangler Sahara,2008,"140,000 mi.",Gasoline,Silver,At least 1 accident or damage reported,Yes,9000,SUV,18,0,27070,0,3.8,202,0,6,A
2272,Mercedes-Benz,A-Class A 220 4MATIC,2019,"30,300 mi.",Gasoline,Silver,None reported,Yes,30500,Sedan,24,0,33500,0,2,188,0,4,A
2273,Chevrolet,Malibu 1LT,2009,"139,000 mi.",Gasoline,White,None reported,Yes,4200,Sedan,22,0,23000,0,2.4,169,0,4,A
2274,Hummer,H3 Base,2006,"118,000 mi.",Gasoline,Gray,None reported,Yes,17900,SUV,16,0,30000,0,3.5,220,0,5,A
2275,BMW,i8 Base,2015,"51,000 mi.",Plug-In Hybrid,Gray,None reported,Yes,53000,Coupe,76,0,147500,1,1.5,357,0,3,A
2276,Cadillac,XLR Base,2009,"69,423 mi.",Gasoline,Red,None reported,Yes,36500,,,,,,4.6,320,0,8,A
2277,Lincoln,MKZ Select,2017,"52,284 mi.",Gasoline,Blue,At least 1 accident or damage reported,Yes,12500,Sedan,21,0,39990,0,2,240,0,4,A
2278,Chevrolet,Silverado 1500 W/T,2006,"111,228 mi.",Gasoline,Blue,At least 1 accident or damage reported,Yes,4000,Pickup,18,0,22000,0,4.3,195,0,6,A
2279,Land,Rover Range Rover Sport HSE,2019,"52,300 mi.",Gasoline,Black,None reported,Yes,49900,SUV,20,1,66850,0,3,340,0,6,A
2280,Nissan,Titan SL,2021,"95,993 mi.",Gasoline,White,None reported,Yes,32612,Pickup,17,1,58890,0,5.6,,0,8,A
2281,Kia,Telluride SX,2022,"26,716 mi.",Gasoline,Green,None reported,,47541,SUV,20,1,42000,0,3.8,,0,,A
2282,Chevrolet,Tahoe RST,2023,"39,517 mi.",Gasoline,Black,At least 1 accident or damage reported,,67190,SUV,20,1,65400,0,5.3,,0,8,A
2283,Ford,Mustang GT Premium,2019,"31,600 mi.",Gasoline,Blue,None reported,Yes,41000,Coupe,15,1,45000,0,5,460,0,8,M
2284,BMW,330 i,2017,"83,298 mi.",Gasoline,Black,None reported,Yes,18300,Sedan,26,1,41000,0,2,248,0,4,A
2285,Land,Rover Range Rover Sport 3.0L Supercharged HSE,2017,"95,212 mi.",Gasoline,Brown,None reported,Yes,31599,SUV,22,1,70600,0,3,340,0,6,A
2286,Porsche,911 Carrera,2010,"61,600 mi.",Gasoline,Black,None reported,Yes,51750,Coupe,19,0,82000,0,3.6,345,0,6,A
2287,INFINITI,QX56 Base,2011,"130,921 mi.",Gasoline,White,None reported,Yes,12000,SUV,14,1,58900,0,5.6,400,0,8,A
2288,RAM,2500 Tradesman,2020,"41,000 mi.",Gasoline,White,,,45515,Pickup,16,0,35000,0,6.4,410,0,8,A
2289,BMW,840 i xDrive,2024,"1,500 mi.",Gasoline,Gray,None reported,Yes,90000,Coupe,24,1,100000,0,3,335,0,6,A
2290,MINI,Clubman Cooper S ALL4,2017,"79,950 mi.",Gasoline,Blue,None reported,Yes,17390,Sedan,25,1,29900,0,2,189,0,4,A
2291,Cadillac,Escalade ESV Premium Luxury Platinum,2021,"31,500 mi.",Gasoline,White,None reported,Yes,95000,SUV,16,1,102000,0,6.2,420,0,8,A
2292,Audi,R8 5.2 V10 plus,2017,"61,000 mi.",Gasoline,Gray,None reported,Yes,140000,Coupe,14,1,189900,1,5.2,610,0,10,A
2293,RAM,2500 Big Horn,2021,"45,867 mi.",Gasoline,Silver,None reported,Yes,43449,Pickup,18,0,45000,0,6.4,,0,8,A
2294,Porsche,911 Carrera 4,2014,"22,700 mi.",Gasoline,Silver,At least 1 accident or damage reported,Yes,85500,Coupe,20,1,84000,1,3.4,350,0,6,M
2295,Bentley,Continental GT Base,2009,"43,000 mi.",Gasoline,Black,None reported,Yes,48500,Coupe,12,1,192500,1,6,552,0,12,A
2296,Toyota,Tundra SR5,2015,"99,000 mi.",Gasoline,Gray,None reported,Yes,27000,Pickup,13,0,33150,0,4.6,310,0,8,A
2297,Toyota,4Runner SR5,2006,"135,000 mi.",Gasoline,White,None reported,Yes,16900,SUV,18,0,30000,0,4,236,0,6,A
2298,Cadillac,CTS 2.0L Turbo Luxury,2019,"46,000 mi.",Gasoline,Black,At least 1 accident or damage reported,Yes,29000,Sedan,27,0,46490,0,2,265,0,4,A
2299,FORD,Focus SE,2014,"79,615 mi.",Gasoline,Black,None reported,Yes,10995,Sedan,30,0,19000,0,2,,0,4,A
2300,BMW,M5 Base,2021,"13,250 mi.",Gasoline,White,None reported,,86900,Sedan,15,1,104000,0,4.4,,1,8,A
2301,Land,Rover Range Rover 3.0L V6 Supercharged HSE,2019,"41,200 mi.",Gasoline,Black,None reported,Yes,60500,SUV,18,1,91900,0,3,380,0,6,A
2302,Cadillac,Escalade ESV Luxury,2016,"116,500 mi.",Gasoline,Black,At least 1 accident or damage reported,Yes,30500,SUV,16,1,72300,0,6.2,420,0,8,A
2303,Acura,NSX Base,1993,"75,980 mi.",,Silver,None reported,Yes,90200,Coupe,20,0,60000,1,,,0,,A
2304,Chevrolet,Corvette Z06,2018,"24,059 mi.",Gasoline,Gray,None reported,Yes,87150,Coupe,15,1,85000,1,6.2,650,0,8,A
2305,audi,Q5 2.0T Premium Plus,2015,"118,500 mi.",E85 Flex Fuel,Silver,At least 1 accident or damage reported,Yes,15400,SUV,24,1,40000,0,2,220,0,4,A
2306,BMW,ALPINA B7 ALPINA B7 xDrive,2020,"15,097 mi.",Gasoline,Silver,None reported,,99998,Sedan,25,1,142000,0,4.4,,1,,A
2307,Maserati,Ghibli S Q4,2018,"20,000 mi.",Gasoline,White,None reported,Yes,43000,Sedan,15,1,80000,0,3,424,0,6,A
2308,BMW,228 Gran Coupe i xDrive,2020,"10,426 mi.",Gasoline,Black,None reported,,30798,Coupe,26,0,38000,0,2,,1,,A
2309,Ford,Expedition Limited,2023,"9,500 mi.",Gasoline,Black,At least 1 accident or damage reported,Yes,63500,SUV,20,1,74400,0,3.5,400,0,6,A
2310,Nissan,Frontier SE Crew Cab,2006,"134,000 mi.",Gasoline,Gray,At least 1 accident or damage reported,Yes,8500,Pickup,15,0,25000,0,4,265,0,6,A
2311,Subaru,BRZ Limited,2022,"10,500 mi.",Gasoline,Gray,None reported,Yes,32500,Coupe,22,1,31995,0,2.4,228,0,4,A
2312,Chevrolet,Malibu LT,2018,"53,100 mi.",Gasoline,Red,None reported,Yes,17500,Sedan,26,0,25995,0,1.5,160,0,4,A
2313,Ford,Focus SEL,2017,"80,134 mi.",E85 Flex Fuel,White,None reported,Yes,13895,Sedan,30,0,23000,0,2,,0,4,A
2314,Nissan,Rogue Sport S,2021,"24,000 mi.",Gasoline,Gray,None reported,Yes,25500,SUV,25,0,25270,0,2,141,0,4,A
2315,Volvo,C70 T5,2006,"61,000 mi.",Gasoline,Blue,None reported,Yes,10299,Convertible,24,0,35000,0,2.5,218,0,5,M
2316,Lincoln,Nautilus Reserve,2021,"19,700 mi.",Gasoline,White,None reported,Yes,48000,SUV,21,1,52980,0,2.7,335,0,6,A
2317,Mercedes-Benz,AMG GT Base,2018,"28,182 mi.",Gasoline,White,At least 1 accident or damage reported,Yes,84500,Coupe,16,1,112000,1,4,469,0,8,A
2318,Ford,Mustang EcoBoost Premium,2017,"59,500 mi.",Gasoline,Black,At least 1 accident or damage reported,Yes,21000,Coupe,23,1,34800,0,2.3,310,0,4,A
2319,FORD,Ranger XLT,1999,"115,402 mi.",E85 Flex Fuel,Gold,None reported,Yes,8000,Pickup,20,0,18500,0,3,152,0,6,A
2320,GMC,Yukon SLT,2018,"85,500 mi.",Gasoline,Black,At least 1 accident or damage reported,Yes,35899,SUV,16,1,59500,0,5.3,355,0,8,A
2321,RAM,2500 Big Horn,2020,"51,000 mi.",Gasoline,Red,None reported,Yes,44900,Pickup,15,0,40000,0,6.4,410,0,8,A
2322,Tesla,Model Y Performance,2021,"17,500 mi.",,Gray,None reported,Yes,45000,SUV,130,1,60000,0,,455,0,,A
2323,Lexus,ES 350 Base,2011,"132,000 mi.",Gasoline,Black,None reported,Yes,9999,Sedan,20,0,36150,0,3.5,272,0,6,A
2324,Jeep,Wrangler Rubicon Hard Rock,2016,"67,882 mi.",Gasoline,White,None reported,,32798,SUV,16,1,42990,0,3.6,,0,,A
2325,Volvo,XC90 T6 Momentum,2018,"62,000 mi.",Gasoline,Silver,None reported,Yes,30500,SUV,22,0,56900,0,2,316,0,4,A
2326,Porsche,911 R,2016,"12,454 mi.",Gasoline,Purple,None reported,Yes,210000,Coupe,22,1,184900,1,4,500,0,6,M
2327,BMW,M6 Gran Coupe Base,2017,"27,965 mi.",Gasoline,Green,None reported,Yes,58000,Coupe,15,1,113000,0,4.4,560,0,8,A
2328,Cadillac,Escalade ESV Platinum Edition,2013,"119,000 mi.",E85 Flex Fuel,Black,,,20500,SUV,14,1,82930,0,6.2,403,0,8,A
2329,BMW,X5 xDrive35i,2018,"48,000 mi.",Gasoline,Black,None reported,Yes,32000,SUV,21,1,59500,0,3,300,0,6,A
2330,BMW,X5 xDrive40i,2020,"5,541 mi.",Gasoline,White,None reported,,56598,SUV,21,1,60900,0,3,,1,,A
2331,Mitsubishi,Outlander SEL,2018,"29,000 mi.",Gasoline,Red,None reported,Yes,19500,SUV,25,0,28000,0,2.4,166,0,4,A
2332,Dodge,Ram 1500 ST,2010,"131,100 mi.",E85 Flex Fuel,White,At least 1 accident or damage reported,Yes,12995,Pickup,14,0,24000,0,4.7,310,0,8,A
2333,Subaru,Impreza 2.0i,2015,"102,242 mi.",Gasoline,Blue,At least 1 accident or damage reported,,11498,Sedan,28,0,18700,0,,,0,,M
2334,Mercedes-Benz,Maybach S S 600,2016,"18,069 mi.",Gasoline,Black,None reported,Yes,79999,Sedan,18,1,200000,0,6,523,0,12,A
2335,Kia,Sportage LX,2023,"13,000 mi.",Gasoline,White,None reported,Yes,31900,SUV,28,0,24800,0,2.5,187,0,4,A
2336,Porsche,911 Turbo Cabriolet,2008,"51,000 mi.",Gasoline,Silver,At least 1 accident or damage reported,Yes,69500,Convertible,18,1,130000,1,3.6,480,0,6,A
2337,Hummer,H3 Base,2007,"137,333 mi.",Gasoline,Blue,At least 1 accident or damage reported,Yes,10000,SUV,18,0,29000,0,3.7,242,0,5,A
2338,Buick,LaCrosse Leather,2014,"125,559 mi.",Gasoline,White,At least 1 accident or damage reported,Yes,11200,Sedan,25,0,36625,0,3.6,304,0,6,A
2339,Chevrolet,Silverado 1500 High Country,2020,"88,161 mi.",Gasoline,White,At least 1 accident or damage reported,Yes,48889,Pickup,20,1,57000,0,6.2,,0,8,A
2340,Toyota,4Runner SR5,2016,"101,900 mi.",Gasoline,Black,None reported,Yes,29000,SUV,17,0,34800,0,4,270,0,6,A
2341,Cadillac,Escalade ESV Luxury,2015,"159,500 mi.",Gasoline,Black,At least 1 accident or damage reported,Yes,18800,SUV,16,1,80000,0,6.2,420,0,8,A
2342,Subaru,Legacy 2.5i Premium,2015,"68,860 mi.",Gasoline,Silver,At least 1 accident or damage reported,Yes,15000,Sedan,29,1,23995,0,2.5,175,0,4,A
2343,Tesla,Model 3 Long Range,2018,"43,000 mi.",,Red,At least 1 accident or damage reported,Yes,30499,Sedan,133,1,54900,0,,271,0,,A
2344,Ford,Expedition EL XLT,2017,"182,000 mi.",Gasoline,Black,At least 1 accident or damage reported,Yes,16500,SUV,18,0,50000,0,3.5,365,0,6,A
2345,Tesla,Model Y Long Range,2022,"21,404 mi.",,White,None reported,Yes,49500,SUV,115,1,54990,0,,425,0,,A
2346,FORD,Expedition EL Limited,2017,"81,000 mi.",Gasoline,Black,None reported,Yes,27000,SUV,18,1,60985,0,3.5,365,0,6,A
2347,Chevrolet,Silverado 1500 LTZ,2021,"62,257 mi.",Gasoline,Silver,None reported,,42590,Pickup,23,1,48000,0,5.3,,0,8,A
2348,BMW,X5 xDrive40e,2016,"91,798 mi.",Hybrid,White,None reported,,22998,,,,,,,,0,,A
2349,BMW,335 is,2011,"82,000 mi.",Gasoline,Gray,At least 1 accident or damage reported,Yes,20000,Coupe,21,1,51000,1,3,320,0,6,A
2350,Ford,F-150 XLT,2012,"207,100 mi.",Gasoline,Black,At least 1 accident or damage reported,Yes,15000,Pickup,20,0,29000,0,3.5,365,0,6,A
2351,Land,Rover Range Rover Sport P400 SE Dynamic,2023,450 mi.,Hybrid,Blue,None reported,Yes,124000,SUV,22,1,75000,0,3,395,0,6,A
2352,Porsche,Panamera Edition,2016,"77,945 mi.",Gasoline,Blue,At least 1 accident or damage reported,Yes,30000,Sedan,22,0,89000,0,3.6,310,0,6,A
2353,Kia,Sorento Plug-In Hybrid SX,2022,"15,583 mi.",Hybrid,Black,None reported,,40599,SUV,37,1,41990,0,1.6,,1,4,A
2354,BMW,M240 i,2017,"37,100 mi.",Gasoline,White,At least 1 accident or damage reported,Yes,26125,Coupe,21,1,45600,0,3,335,0,6,A
2355,Maserati,Quattroporte Base,2006,"51,000 mi.",Gasoline,Blue,At least 1 accident or damage reported,Yes,18000,Sedan,16,0,94800,1,4.2,394,0,8,A
2356,FORD,F-150 XLT,2017,"94,000 mi.",Gasoline,White,None reported,Yes,26000,Pickup,20,0,35000,0,2.7,325,0,6,A
2357,Land,Rover Discovery S,2003,"121,886 mi.",Gasoline,White,At least 1 accident or damage reported,Yes,6000,SUV,15,0,40000,0,4.6,217,0,8,A
2358,FORD,F-250 XLT Crew Cab Super Duty,2008,"157,500 mi.",Gasoline,Green,At least 1 accident or damage reported,Yes,15000,Pickup,12,0,32000,0,5.4,300,0,8,A
2359,Ford,Taurus SHO,2014,"138,415 mi.",Gasoline,Silver,At least 1 accident or damage reported,Yes,15500,Sedan,20,1,40000,0,3.5,365,0,6,A
2360,Land,Rover Range Rover Sport HSE,2012,"110,000 mi.",Gasoline,Silver,None reported,Yes,10200,SUV,14,1,58900,0,5,375,0,8,A
2361,Cadillac,Escalade Sport,2023,"8,532 mi.",Diesel,Black,None reported,,109900,SUV,15,1,79895,0,3,,1,6,A
2362,GMC,Sierra 1500 SLT,2021,"12,941 mi.",Gasoline,White,At least 1 accident or damage reported,Yes,51500,Pickup,22,1,53100,0,5.3,355,0,8,A
2363,BMW,335 i xDrive,2009,"69,764 mi.",Gasoline,Black,None reported,Yes,19500,Sedan,19,1,40000,0,3,300,0,6,M
2364,Porsche,911 Carrera 4S,2003,"90,000 mi.",Gasoline,Silver,,,24000,Coupe,18,1,86900,1,3.6,315,0,6,M
2365,audi,Q5 S line Premium,2022,"8,193 mi.",Hybrid,Silver,None reported,,42598,SUV,25,1,46000,0,2,,0,,A
2366,Lexus,RX 350 F Sport Performance,2020,"43,277 mi.",Gasoline,Red,None reported,,43599,SUV,22,1,47000,0,3.5,,0,6,A
2367,audi,S4 3.0T Premium Plus,2018,"26,500 mi.",Gasoline,Gray,At least 1 accident or damage reported,Yes,38000,Sedan,21,1,55000,0,3,354,0,6,A
2368,Chevrolet,Silverado 1500 LT,2019,"36,021 mi.",Gasoline,Red,,,35670,Pickup,18,0,40000,0,2.7,,1,4,A
2369,Chevrolet,Colorado Z71,2019,"25,462 mi.",Gasoline,Gray,None reported,,36139,Pickup,20,0,34300,0,3.6,,0,6,A
2370,Audi,A5 2.0T Prestige,2018,"35,850 mi.",Gasoline,White,None reported,Yes,33000,Coupe,27,1,60000,0,2,252,0,4,A
2371,Mazda,Mazda3 s Sport,2008,"77,700 mi.",Gasoline,Red,None reported,Yes,6300,Sedan,25,0,19670,0,2.3,156,0,4,M
2372,Jaguar,E-PACE 300 Sport,2021,"23,600 mi.",Hybrid,Black,None reported,Yes,42999,SUV,22,1,55000,0,2,296,0,4,A
2373,Ferrari,GTC4Lusso T,2019,"8,870 mi.",Gasoline,Black,None reported,Yes,215000,Coupe,18,1,250000,1,3.9,,1,8,A
2374,Toyota,Celica GT,2001,"122,000 mi.",Gasoline,Blue,None reported,Yes,7800,Coupe,28,0,20500,0,1.8,140,0,4,M
2375,Ford,Excursion Limited 4WD,2003,"245,000 mi.",Diesel,Black,At least 1 accident or damage reported,Yes,17999,SUV,14,1,57500,0,6,325,0,8,A
2376,Porsche,718 Spyder Base,2022,"4,700 mi.",Gasoline,White,None reported,Yes,134000,Convertible,20,1,100000,1,4,414,0,6,M
2377,Subaru,WRX STI Base,2016,"84,100 mi.",Gasoline,Gray,None reported,Yes,34000,Sedan,18,0,34995,0,2.5,305,0,4,M
2378,audi,A6 45 Premium Plus,2021,"33,000 mi.",Hybrid,Black,None reported,Yes,40000,Sedan,25,1,70500,0,2,248,0,4,A
2379,Tesla,Model S P100D,2018,"10,065 mi.",,Red,None reported,,59999,Sedan,102,1,140000,1,,,0,,A
2380,Mercedes-Benz,AMG GT R,2018,"3,811 mi.",Gasoline,Black,None reported,Yes,148500,Coupe,15,1,162900,1,4,577,0,8,A
2381,Acura,RDX PMC Edition,2021,"44,457 mi.",Gasoline,Black,None reported,,40598,SUV,21,1,50000,0,2,,1,,A
2382,audi,S4 3.0T Premium Plus,2013,"139,355 mi.",Gasoline,Black,None reported,Yes,20900,Sedan,20,1,49400,0,3,333,0,6,A
2383,Lotus,Evora Base,2010,"9,100 mi.",Gasoline,Black,None reported,Yes,55000,Coupe,20,0,65000,0,3.5,276,0,6,M
2384,Mercedes-Benz,S-Class S 560 4MATIC,2019,"10,500 mi.",Gasoline,Silver,None reported,Yes,77900,Sedan,21,1,100000,0,4,463,0,8,A
2385,Chevrolet,Silverado 1500 RST,2023,"5,006 mi.",Gasoline,Gray,None reported,,59590,Pickup,19,1,48500,0,5.3,,0,8,A
2386,Hyundai,Genesis Coupe 2.0T R-Spec,2013,"55,000 mi.",Gasoline,White,,,18000,Coupe,20,0,24950,0,2,260,0,4,M
2387,BMW,M3 Competition,2021,"33,500 mi.",Gasoline,Gray,None reported,Yes,71000,Sedan,20,1,70900,1,3,503,0,6,A
2388,BMW,435 i,2014,"126,500 mi.",Gasoline,White,None reported,Yes,15000,Coupe,25,1,45000,0,3,300,0,6,A
2389,Land,Rover Range Rover Evoque HSE Dynamic,2016,"79,000 mi.",Gasoline,Red,None reported,Yes,24000,SUV,21,1,48000,0,2,240,0,4,A
2390,Porsche,911 Targa 4 GTS,2018,"19,000 mi.",Gasoline,Gray,None reported,Yes,145000,Convertible,20,1,136000,1,3,450,0,6,A
2391,RAM,3500 Tradesman,2021,"57,000 mi.",Diesel,Blue,None reported,Yes,52000,Pickup,15,0,35000,0,6.7,400,0,6,A
2392,BMW,X5 xDrive40i,2020,"4,880 mi.",Gasoline,White,None reported,,57998,SUV,21,1,60900,0,3,,1,,A
2393,Acura,NSX Base,2018,"6,523 mi.",Hybrid,White,None reported,,143900,Coupe,21,1,157800,0,3.5,,1,6,A
2394,Mercedes-Benz,SL-Class SL500 Roadster,2005,"127,000 mi.",Gasoline,White,None reported,Yes,14000,Convertible,18,1,81800,1,5,302,0,8,A
2395,Lexus,SC 430 Base,2002,"89,500 mi.",Gasoline,Black,None reported,Yes,15999,Convertible,18,0,81000,0,4.3,300,0,8,A
2396,Chevrolet,Silverado 1500 Base,2000,"97,000 mi.",Gasoline,White,None reported,Yes,27500,Pickup,15,0,23995,0,4.3,200,0,6,A
2397,Buick,Enclave Avenir,2021,"31,181 mi.",Gasoline,Red,At least 1 accident or damage reported,Yes,42442,SUV,18,1,60000,0,3.6,,0,6,A
2398,Lexus,NX 300h Base,2020,"16,425 mi.",Hybrid,Gray,At least 1 accident or damage reported,,33200,SUV,33,0,40400,0,2.5,,0,4,A
2399,Lexus,RX 350 RX 350 F SPORT Handling,2022,"11,238 mi.",Gasoline,Silver,None reported,,54798,SUV,22,0,47000,0,3.5,,0,,A
2400,Chevrolet,Avalanche 1500 LS,2005,"97,146 mi.",E85 Flex Fuel,Black,At least 1 accident or damage reported,Yes,7999,Pickup,15,0,32300,0,5.3,295,0,8,A
2401,Mercedes-Benz,SL-Class SL400,2015,"36,670 mi.",Gasoline,White,None reported,,39998,Convertible,24,1,87900,0,3,,0,,A
2402,Chevrolet,Suburban Premier,2019,"44,800 mi.",Gasoline,Black,None reported,Yes,52500,SUV,15,1,74900,0,6.2,420,0,8,A
2403,Ford,Transit-350 Base,2015,"150,000 mi.",Gasoline,Black,At least 1 accident or damage reported,Yes,17100,Van,15,0,35000,0,3.5,310,0,6,A
2404,INFINITI,QX60 Luxe,2020,"38,400 mi.",Gasoline,Blue,None reported,Yes,32100,SUV,27,1,46000,0,3.5,295,0,6,A
2405,Bentley,Continental GTC Base,2008,"7,960 mi.",Gasoline,White,None reported,Yes,81500,Convertible,13,1,200000,1,6,552,0,12,A
2406,Nissan,350Z Enthusiast,2007,"117,000 mi.",Gasoline,Silver,At least 1 accident or damage reported,Yes,9975,Coupe,20,0,29990,0,3.5,306,0,6,A
2407,Rivian,R1S Adventure Package,2023,159 mi.,,White,None reported,Yes,95500,SUV,74,1,74900,0,,533,0,,A
2408,McLaren,570S Base,2017,"30,200 mi.",Gasoline,Orange,None reported,Yes,139000,Coupe,20,1,192000,0,3.8,562,0,8,A
2409,Nissan,Altima 2.5 SL,2012,"91,545 mi.",Gasoline,Silver,None reported,Yes,8999,Sedan,27,1,24900,0,2.5,175,0,4,A
2410,Land,Rover Range Rover 5.0L Supercharged,2015,"110,000 mi.",E85 Flex Fuel,Black,At least 1 accident or damage reported,Yes,26499,SUV,18,1,100000,1,5,510,0,8,A
2411,BMW,X5 xDrive35i,2017,"105,100 mi.",Gasoline,Gray,At least 1 accident or damage reported,Yes,23300,SUV,21,1,57000,0,3,300,0,6,A
2412,INFINITI,QX56 Base,2012,"110,000 mi.",Gasoline,White,None reported,Yes,15600,SUV,14,0,59900,0,5.6,400,0,8,A
2413,Ford,F-150 XLT,2019,"81,778 mi.",Gasoline,Black,None reported,Yes,32769,Pickup,20,0,43000,0,3.5,,1,6,A
2414,Lexus,RX 450h Base,2010,"168,422 mi.",Hybrid,Black,At least 1 accident or damage reported,Yes,10900,SUV,30,0,47000,0,3.5,245,0,6,A
2415,Maserati,Ghibli S Q4 GranSport,2018,"80,500 mi.",Gasoline,Black,None reported,Yes,34900,Sedan,19,1,83500,0,3,424,0,6,A
2416,Volvo,XC90 T6 Momentum,2018,"81,200 mi.",Gasoline,Black,At least 1 accident or damage reported,Yes,28825,SUV,22,0,56900,0,2,316,0,4,A
2417,Lamborghini,Huracan EVO Base,2020,"6,246 mi.",Gasoline,Black,None reported,Yes,267950,Coupe,15,1,261274,1,5.2,,0,10,A
2418,Jeep,Wrangler Unlimited Rubicon,2017,"20,172 mi.",Gasoline,Gray,None reported,Yes,47500,SUV,21,1,37290,0,3.6,285,0,6,A
2419,Hummer,H2 Base,2005,"145,000 mi.",Gasoline,Green,None reported,Yes,22500,SUV,10,0,59995,0,6,325,0,8,A
2420,FORD,Flex Limited,2009,"162,000 mi.",Gasoline,Gray,At least 1 accident or damage reported,Yes,7500,SUV,20,1,35800,0,3.5,262,0,6,A
2421,Porsche,718 Cayman GT4,2020,"13,554 mi.",Gasoline,Blue,None reported,Yes,124995,Coupe,22,1,100000,1,4,414,0,6,M
2422,Toyota,Camry XLE,2007,"59,700 mi.",Gasoline,Green,None reported,Yes,9500,Sedan,30,1,30000,0,3.5,268,0,6,A
2423,Mercedes-Benz,A-Class A 220 4MATIC,2020,"30,930 mi.",Gasoline,Black,None reported,,28900,Sedan,24,0,35000,0,2,,1,4,A
2424,BMW,335 i,2009,"51,983 mi.",Gasoline,Gray,None reported,Yes,19999,Sedan,20,1,40000,0,3,300,0,6,M
2425,Chevrolet,Camaro 2SS,2022,"22,000 mi.",Gasoline,Blue,None reported,Yes,50000,Coupe,16,1,42995,0,6.2,455,0,8,M
2426,Volkswagen,ID.4 Pro S,2023,"16,800 mi.",,Gray,None reported,Yes,45000,SUV,104,1,45000,0,,295,0,,A
2427,Chevrolet,Silverado 2500 High Country,2022,"16,000 mi.",Diesel,Black,At least 1 accident or damage reported,Yes,73995,Pickup,15,1,58000,0,6.6,445,0,8,A
2428,Nissan,Altima 2.5 SV,2020,"22,295 mi.",Gasoline,Red,None reported,,23599,Sedan,28,0,25100,0,2.5,,0,4,A
2429,Bentley,Continental GT V8,2020,"33,000 mi.",Gasoline,Beige,None reported,Yes,188500,Coupe,18,1,202500,1,4,542,0,8,A
2430,Toyota,Sequoia Platinum,2023,"1,025 mi.",Hybrid,Black,None reported,Yes,85000,SUV,20,1,74900,0,3.4,437,0,6,A
2431,Acura,TL Technology,2013,"89,190 mi.",Gasoline,Gray,At least 1 accident or damage reported,Yes,15499,Sedan,20,1,45500,0,3.7,305,0,6,A
2432,Toyota,Highlander Limited,2020,"53,550 mi.",Gasoline,Blue,None reported,Yes,39687,SUV,20,1,40000,0,3.5,,0,6,A
2433,FORD,Edge SEL,2021,"56,946 mi.",Gasoline,Silver,None reported,Yes,26299,SUV,21,0,34500,0,2,,1,4,A
2434,Jaguar,F-TYPE R,2016,"11,684 mi.",Gasoline,Black,None reported,Yes,54900,Coupe,20,1,103600,0,5,550,0,8,A
2435,GMC,Yukon XL Denali,2018,"45,617 mi.",Gasoline,White,None reported,Yes,51000,SUV,16,1,75000,0,6.2,420,0,8,A
2436,Chevrolet,Suburban LT,2018,"75,466 mi.",Gasoline,Gray,None reported,Yes,34500,SUV,20,0,57000,0,5.3,355,0,8,A
2437,Maserati,Levante GTS,2021,"19,513 mi.",Gasoline,Black,At least 1 accident or damage reported,Yes,84645,SUV,14,1,198000,0,3.8,,1,8,A
2438,Subaru,Outback Limited,2021,"15,636 mi.",Gasoline,Black,None reported,,33531,SUV,26,1,36895,0,2.5,,0,,A
2439,Mercedes-Benz,S-Class S 450,2018,"69,600 mi.",Gasoline,Black,None reported,Yes,40888,Sedan,20,1,100000,0,3,362,0,6,A
2440,Mercedes-Benz,GL-Class GL 450,2011,"138,050 mi.",Gasoline,White,None reported,Yes,16500,SUV,14,1,62900,0,4.7,335,0,8,A
2441,FORD,F-250 Lariat,2017,"132,269 mi.",E85 Flex Fuel,Gray,None reported,Yes,35900,Pickup,20,1,50000,0,6.2,385,0,8,A
2442,Hyundai,Palisade Limited,2020,"45,815 mi.",Gasoline,Silver,None reported,Yes,37700,SUV,21,1,49900,0,3.8,291,0,6,A
2443,Ford,F-150 XLT,2021,"25,352 mi.",Gasoline,Gray,None reported,Yes,48459,Pickup,20,0,40000,0,3.5,,1,6,A
2444,Mercedes-Benz,R-Class R 350 4MATIC,2008,"120,000 mi.",Gasoline,Silver,None reported,Yes,8995,SUV,18,0,47000,0,3.5,268,0,6,A
2445,Chevrolet,Camaro 2SS,2018,"75,151 mi.",Gasoline,Gray,At least 1 accident or damage reported,Yes,45000,Coupe,20,1,42000,0,6.2,455,0,8,M
2446,Jeep,Wrangler Sport,2016,"74,139 mi.",Gasoline,Red,None reported,Yes,23000,SUV,17,0,24000,0,3.6,285,0,6,M
2447,Chevrolet,1500 Cheyenne,1994,"170,443 mi.",,Red,At least 1 accident or damage reported,Yes,6000,Pickup,15,0,20000,0,,,0,,A
2448,Jaguar,XJ6 Vanden Plas,1995,"70,000 mi.",,Gold,None reported,Yes,19000,Sedan,18,1,60000,1,,,0,,A
2449,BMW,550 i xDrive,2012,"68,500 mi.",Gasoline,Black,None reported,Yes,17800,Sedan,18,1,60000,0,4.4,400,0,8,A
2450,Lexus,GX 460 Luxury,2020,"37,366 mi.",Gasoline,White,,,51890,SUV,19,1,71800,0,4.6,,0,8,A
2451,Tesla,Model S Long Range,2021,"35,315 mi.",,White,None reported,Yes,66900,Sedan,102,1,79990,0,,670,0,,A
2452,Volkswagen,Jetta 1.4T SE,2017,"61,000 mi.",Gasoline,White,None reported,Yes,15995,Sedan,30,0,23800,0,1.4,150,0,4,A
2453,Jeep,Grand Cherokee Limited,2022,"12,050 mi.",Gasoline,White,None reported,,41599,SUV,22,0,48700,0,3.6,,0,6,A
2454,Jaguar,XK8 Base,2001,"150,000 mi.",Gasoline,Green,At least 1 accident or damage reported,Yes,9875,Coupe,18,0,81000,1,4,290,0,8,A
2455,Porsche,Macan S,2016,"46,200 mi.",Gasoline,Gray,At least 1 accident or damage reported,Yes,41500,SUV,20,1,60000,0,3,340,0,6,A
2456,Mercedes-Benz,E-Class E 350,2014,"88,000 mi.",Gasoline,Silver,None reported,Yes,15500,Sedan,21,1,52800,0,3.5,302,0,6,A
2457,Mercedes-Benz,GL-Class GL 450 4MATIC,2015,"47,000 mi.",Gasoline,Silver,None reported,Yes,30089,SUV,18,1,64900,0,3,362,0,6,A
2458,Land,Rover Range Rover 3.0L Supercharged HSE,2017,"50,340 mi.",Gasoline,White,At least 1 accident or damage reported,Yes,47000,SUV,18,1,90000,0,3,380,0,6,A
2459,Mercedes-Benz,E-Class E 350 4MATIC,2010,"67,800 mi.",Gasoline,Black,None reported,Yes,13999,Sedan,20,0,55950,0,3.5,268,0,6,A
2460,Dodge,Dakota Sport,2002,"150,000 mi.",Gasoline,Black,At least 1 accident or damage reported,Yes,5500,Pickup,16,0,20770,0,3.9,175,0,6,M
2461,Chevrolet,Camaro ZL1,2018,"13,500 mi.",Gasoline,Black,At least 1 accident or damage reported,Yes,54000,Coupe,16,1,65000,1,6.2,650,0,8,M
2462,Hummer,H3 Base,2007,"101,750 mi.",Gasoline,White,None reported,Yes,12900,SUV,18,0,29000,0,3.7,242,0,5,A
2463,Honda,Odyssey EX-L,2022,"18,385 mi.",Gasoline,Red,None reported,Yes,37950,Minivan,28,0,39700,0,3.5,280,0,6,A
2464,Nissan,350Z Touring,2008,"123,500 mi.",Gasoline,Gray,At least 1 accident or damage reported,Yes,13500,Coupe,20,1,30000,0,3.5,306,0,6,A
2465,GMC,Savana 2500 Work Van,2017,"117,000 mi.",E85 Flex Fuel,Silver,None reported,Yes,38000,Van,13,0,32000,0,6,342,0,8,A
2466,Mercedes-Benz,E-Class E 350 4MATIC,2010,"86,121 mi.",Gasoline,Gray,None reported,Yes,13600,Sedan,20,0,55950,0,3.5,268,0,6,A
2467,Lexus,GX 460 Premium,2020,"22,466 mi.",Gasoline,White,None reported,Yes,45900,SUV,15,1,52900,0,4.6,301,0,8,A
2468,Nissan,Titan XD SV,2017,"80,000 mi.",Gasoline,Silver,None reported,Yes,23800,Pickup,15,0,41000,0,5.6,390,0,8,A
2469,Chrysler,300 Touring,2020,"23,152 mi.",Gasoline,White,None reported,Yes,28250,Sedan,19,0,32000,0,3.6,292,0,6,A
2470,Dodge,Charger R/T,2006,"91,300 mi.",Gasoline,Yellow,None reported,Yes,9200,Sedan,19,0,29770,0,5.7,350,0,8,A
2471,Nissan,Pathfinder SL,2020,"45,000 mi.",Gasoline,Black,None reported,Yes,28999,SUV,20,0,42000,0,3.5,284,0,6,A
2472,Rivian,R1S Launch Edition,2023,"1,885 mi.",,Green,None reported,Yes,93500,SUV,74,1,74900,0,,835,0,,A
2473,Ford,Explorer Platinum,2018,"73,049 mi.",Gasoline,Gray,At least 1 accident or damage reported,Yes,30510,SUV,20,1,52000,0,3.5,,1,6,A
2474,Nissan,Titan SV,2021,"7,250 mi.",Gasoline,Black,None reported,Yes,38000,Pickup,17,0,48600,0,5.6,400,0,8,A
2475,Jaguar,E-PACE S,2019,"44,000 mi.",Gasoline,Black,None reported,Yes,29000,SUV,24,1,42850,0,2,246,0,4,A
2476,Ford,F-150 FX4,2014,"85,500 mi.",Gasoline,Black,None reported,Yes,26900,Pickup,17,0,38000,0,6.2,411,0,8,A
2477,GMC,Acadia Denali,2021,"18,083 mi.",Gasoline,Beige,None reported,Yes,43999,SUV,22,1,48600,0,3.6,,0,6,A
2478,Lamborghini,Murcielago Base,2005,"22,703 mi.",Gasoline,Black,None reported,Yes,220000,Coupe,13,1,354000,1,6.2,571,0,12,M
2479,Chevrolet,Camaro 1LT,2011,"111,000 mi.",Gasoline,Blue,None reported,Yes,10900,Coupe,28,0,24000,0,3.6,312,0,6,A
2480,GMC,Acadia SLT-2,2013,"115,000 mi.",Gasoline,White,None reported,Yes,14000,SUV,17,1,43070,0,3.6,288,0,6,A
2481,Chevrolet,Malibu Premier,2021,"33,400 mi.",Gasoline,White,None reported,Yes,28000,Sedan,27,1,33500,0,2,250,0,4,A
2482,Toyota,Sequoia SR5,2007,"136,000 mi.",Gasoline,Black,None reported,Yes,12500,SUV,14,0,34000,0,4.7,273,0,8,A
2483,Lexus,IS 350 F Sport,2021,"26,800 mi.",Gasoline,Black,None reported,Yes,44000,Sedan,23,1,43000,0,3.5,311,0,6,A
2484,Tesla,Model Y Performance,2022,"30,000 mi.",,White,None reported,Yes,51999,SUV,108,1,61990,0,,455,0,,A
2485,Dodge,Challenger SRT8,2008,"251,634 mi.",Gasoline,Silver,None reported,Yes,10500,Coupe,14,1,40000,0,6.1,425,0,8,A
2486,Chrysler,300 Touring,2005,"119,000 mi.",Gasoline,Blue,None reported,Yes,3500,Sedan,20,0,30995,0,3.5,250,0,6,A
2487,Cadillac,Escalade Sport Platinum,2021,"28,121 mi.",Gasoline,Black,None reported,,89000,SUV,17,1,130000,0,6.2,,0,8,A
2488,Chrysler,Town & Country Touring,2009,"111,000 mi.",Gasoline,Blue,None reported,Yes,7900,Minivan,17,0,31500,0,3.8,197,0,6,A
2489,Mazda,CX-5 Touring,2016,"116,500 mi.",Gasoline,Blue,None reported,Yes,14311,SUV,26,0,25000,0,2.5,,0,4,A
2490,Acura,TL 3.2,2005,"199,296 mi.",Gasoline,Black,None reported,Yes,4900,Sedan,20,1,35000,0,3.2,270,0,6,A
2491,Chevrolet,Corvette Z06 w/2LZ,2023,202 mi.,Gasoline,White,None reported,Yes,179000,Coupe,17,1,106000,1,5.5,670,0,8,A
2492,Tesla,Model Y Performance,2021,"11,200 mi.",,White,None reported,Yes,47500,SUV,130,1,60000,0,,455,0,,A
2493,Volvo,XC40 T5 Momentum,2020,"56,536 mi.",Gasoline,White,None reported,,26599,SUV,24,0,34700,0,2,,1,4,A
2494,Chevrolet,Camaro 2SS,2016,"49,600 mi.",Gasoline,Blue,None reported,Yes,32500,Coupe,20,1,42500,0,6.2,455,0,8,A
2495,Acura,TLX Type S PMC Edition,2023,"13,600 mi.",Gasoline,Blue,None reported,Yes,65000,Sedan,20,1,60000,1,3,355,0,6,A
2496,Volkswagen,Eos 2.0T,2007,"59,700 mi.",Gasoline,Blue,None reported,Yes,10000,Convertible,30,0,29990,0,2,200,0,4,A
2497,Dodge,Charger R/T Scat Pack,2018,"19,000 mi.",Gasoline,Purple,None reported,Yes,44888,Sedan,15,1,39500,0,6.4,485,0,8,A
2498,Chevrolet,Corvette Z06,2002,"17,300 mi.",Gasoline,Black,None reported,Yes,33999,Coupe,18,1,49995,1,5.7,405,0,8,M
2499,Mercedes-Benz,CLA-Class CLA 250,2014,"91,140 mi.",Gasoline,Gray,None reported,Yes,13500,Sedan,26,0,32000,0,2,208,0,4,A
2500,BMW,M5 Base,2015,"33,000 mi.",Gasoline,Gray,None reported,Yes,65000,Sedan,15,1,89900,1,4.4,560,0,8,A
2501,Jeep,Wrangler Unlimited Sport,2019,"52,775 mi.",Gasoline,Gray,None reported,Yes,39799,SUV,18,0,33190,0,3.6,285,0,6,A
2502,Mitsubishi,Lancer Sportback ES,2011,"113,000 mi.",Gasoline,White,None reported,Yes,5800,Hatchback,25,0,20000,0,2,148,0,4,M
2503,Porsche,Macan Base,2022,"13,000 mi.",Gasoline,Black,None reported,Yes,60000,SUV,23,0,54500,0,2,261,0,4,A
2504,Mercedes-Benz,CLK-Class CLK 350,2009,"77,925 mi.",Gasoline,Silver,None reported,Yes,16500,Coupe,18,0,51000,0,3.5,268,0,6,A
2505,Dodge,Challenger SRT8,2011,"106,500 mi.",,White,At least 1 accident or damage reported,Yes,22500,Coupe,13,1,46000,1,,,0,,A
2506,Mazda,Mazda3 Grand Touring,2018,"15,175 mi.",Gasoline,White,At least 1 accident or damage reported,,19212,Sedan,28,1,27000,0,2.5,,0,4,A
2507,Audi,A3 2.0T Premium,2017,"137,000 mi.",Gasoline,White,None reported,Yes,10995,Sedan,25,1,32900,0,2,186,0,4,A
2508,BMW,528 i,2015,"111,000 mi.",Gasoline,Gray,At least 1 accident or damage reported,Yes,15000,Sedan,24,1,53000,0,2,240,0,4,A
2509,Land,Rover Range Rover 3.0L V6 Supercharged HSE,2019,"49,208 mi.",Gasoline,Black,None reported,Yes,62425,SUV,18,1,91900,0,3,380,0,6,A
2510,audi,S5 3.0T Prestige,2018,"44,000 mi.",Gasoline,Gray,None reported,Yes,39000,Coupe,21,1,61250,0,3,354,0,6,A
2511,Porsche,718 Boxster Base,2017,"26,000 mi.",Gasoline,Gray,None reported,Yes,45500,Convertible,25,0,57000,0,2,300,0,4,A
2512,Chevrolet,Corvette Stingray w/2LT,2020,"1,800 mi.",Gasoline,Blue,None reported,Yes,76000,Convertible,19,1,60000,1,6.2,490,0,8,A
2513,Lamborghini,Urus Pearl Capsule,2021,"3,771 mi.",Gasoline,Beige,None reported,,259991,SUV,14,1,207326,0,,,0,,A
2514,Maserati,Quattroporte S,2012,"50,000 mi.",Gasoline,White,None reported,Yes,26497,Sedan,16,1,132000,0,4.7,425,0,8,A
2515,Subaru,Impreza 2.0i,2018,"93,000 mi.",Gasoline,Silver,At least 1 accident or damage reported,Yes,16000,Sedan,28,0,19000,0,2,152,0,4,A
2516,Mercedes-Benz,AMG GT C,2020,"15,000 mi.",Gasoline,Gray,None reported,Yes,129000,Coupe,18,1,157000,1,4,550,0,8,A
2517,Mazda,Mazda6 i Touring,2016,"119,500 mi.",Gasoline,Silver,None reported,Yes,15000,Sedan,30,0,23495,0,2.5,184,0,4,A
2518,Porsche,Macan S,2016,"50,000 mi.",Gasoline,Blue,None reported,Yes,36000,SUV,20,1,60000,0,3,340,0,6,A
2519,Porsche,Panamera 4,2011,"85,000 mi.",Gasoline,Gray,,,21500,Sedan,18,0,80000,1,3.6,300,0,6,A
2520,Genesis,G70 3.3T Advanced,2019,"48,000 mi.",Gasoline,Black,None reported,Yes,29999,Sedan,20,1,61000,0,3.3,365,0,6,A
2521,Jeep,Wrangler Sport,2021,"11,756 mi.",Gasoline,Black,At least 1 accident or damage reported,,33400,SUV,20,0,30000,0,,,1,,A
2522,Audi,Q5 2.0T Premium Plus,2018,"50,400 mi.",Gasoline,White,None reported,Yes,28500,SUV,22,1,52000,0,2,252,0,4,A
2523,BMW,335 i xDrive,2012,"153,600 mi.",Gasoline,Black,None reported,Yes,17500,Sedan,20,1,42000,0,3,300,0,6,M
2524,Land,Rover Range Rover P530 SE,2023,"1,869 mi.",Gasoline,Gray,None reported,Yes,164725,SUV,18,1,104500,0,4.4,,1,8,A
2525,Dodge,Durango SRT 392,2022,"31,917 mi.",Gasoline,Gray,None reported,Yes,64683,SUV,14,1,82000,0,6.4,475,0,8,A
2526,BMW,M3 Base,2016,"56,235 mi.",Gasoline,Orange,None reported,Yes,50500,Sedan,18,0,64900,0,3,425,0,6,M
2527,Ford,Fiesta ST,2019,"28,724 mi.",Gasoline,Gray,At least 1 accident or damage reported,Yes,18300,,,,,,1.6,197,0,4,M
2528,Lincoln,MKS Base,2015,"124,400 mi.",Gasoline,White,At least 1 accident or damage reported,Yes,9500,Sedan,19,0,45000,0,3.7,305,0,6,A
2529,Chevrolet,Tahoe Premier,2020,"137,000 mi.",Gasoline,Black,None reported,Yes,46000,SUV,15,1,67000,0,5.3,355,0,8,A
2530,Ferrari,F430 Berlinetta,2005,"38,686 mi.",Gasoline,White,None reported,Yes,99999,Coupe,15,1,186000,1,4.3,483,0,8,A
2531,Ford,F-250 Platinum,2022,"6,600 mi.",Gasoline,Blue,At least 1 accident or damage reported,Yes,72900,Pickup,18,1,70300,0,7.3,430,0,8,A
2532,Mercedes-Benz,SLK-Class SLK280 Roadster,2007,"67,200 mi.",Gasoline,Silver,None reported,Yes,11500,Convertible,25,0,45600,0,3,228,0,6,A
2533,Porsche,Macan,2021,"16,554 mi.",Gasoline,White,None reported,,51698,SUV,19,1,52000,0,2,,0,,A
2534,BMW,X5 PHEV xDrive45e,2023,"15,736 mi.",Plug-In Hybrid,Blue,None reported,Yes,67900,SUV,50,1,65000,0,3,389,0,6,A
2535,Mercedes-Benz,E-Class E500,2005,"153,460 mi.",Gasoline,Gold,At least 1 accident or damage reported,Yes,5800,Sedan,19,0,61700,0,5,302,0,8,A
2536,Acura,TL 3.7,2012,"70,000 mi.",Gasoline,Black,At least 1 accident or damage reported,Yes,15051,Sedan,20,0,35000,0,3.7,305,0,6,A
2537,Hyundai,Equus Signature,2011,"143,898 mi.",Gasoline,Gray,None reported,Yes,9950,Sedan,15,0,60500,0,4.6,378,0,8,A
2538,Mercedes-Benz,SL-Class SL500 Roadster,2003,"26,190 mi.",Gasoline,Gold,None reported,Yes,22000,Convertible,17,1,83500,1,5,302,0,8,A
2539,Toyota,Land Cruiser Base,2000,"209,193 mi.",Gasoline,Black,None reported,Yes,15900,SUV,15,0,42000,0,4.7,230,0,8,A
2540,RAM,2500 Big Horn,2018,"27,839 mi.",Gasoline,Black,None reported,Yes,41688,Pickup,16,0,50000,0,6.4,,0,8,A
2541,Chevrolet,Silverado 2500 WT,2018,"141,195 mi.",E85 Flex Fuel,White,,,28499,Pickup,16,0,35000,0,6,,0,8,A
2542,Porsche,Macan S,2022,"20,250 mi.",Gasoline,White,None reported,Yes,68500,SUV,20,1,60000,0,2.9,375,0,6,A
2543,Jeep,Grand Cherokee L Limited,2022,"18,333 mi.",Gasoline,Red,None reported,,41599,SUV,20,1,49500,0,3.6,,0,6,A
2544,Mercedes-Benz,E-Class E 350,2014,"35,000 mi.",Gasoline,Red,None reported,Yes,29998,Sedan,21,1,52800,0,3.5,302,0,6,A
2545,Dodge,Magnum Base,2006,"133,255 mi.",Gasoline,Silver,None reported,Yes,4000,Hatchback,20,0,25000,0,3.5,250,0,6,A
2546,Porsche,Macan Turbo,2021,"14,526 mi.",Gasoline,Black,None reported,,79998,SUV,18,1,83700,0,2.9,,1,,A
2547,Mercedes-Benz,E-Class E 550,2014,"43,690 mi.",Gasoline,Black,None reported,Yes,23500,Sedan,24,1,70000,0,4.7,402,0,8,A
2548,Porsche,Macan S,2020,"29,136 mi.",Gasoline,White,None reported,,58598,SUV,19,1,63500,0,3,,1,,A
2549,Cadillac,XT5 Luxury,2017,"72,060 mi.",Gasoline,Black,None reported,,24590,SUV,21,0,38990,0,3.6,,0,6,A
2550,Toyota,Tundra Platinum,2023,"8,800 mi.",Gasoline,Silver,None reported,Yes,68500,Pickup,18,1,57600,0,3.4,389,0,6,A
2551,Nissan,Versa 1.6 SL,2015,"85,768 mi.",Gasoline,White,At least 1 accident or damage reported,Yes,8250,Sedan,31,0,16400,0,1.6,109,0,4,A
2552,Mercedes-Benz,AMG GT 53 Base,2022,"2,235 mi.",Hybrid,Gray,None reported,Yes,110000,Coupe,20,1,100000,0,3,429,0,6,A
2553,Buick,Enclave Avenir,2019,"121,521 mi.",Gasoline,Blue,None reported,Yes,26772,SUV,18,1,58000,0,3.6,,0,6,A
2554,Porsche,911 GT3,2015,"23,700 mi.",Gasoline,Black,None reported,Yes,144940,Coupe,18,1,130000,1,3.8,475,0,6,A
2555,BMW,328 i,2013,"124,000 mi.",Gasoline,White,None reported,Yes,11900,Sedan,24,0,35000,0,3,230,0,6,A
2556,Acura,ILX Premium Package,2018,"32,260 mi.",Gasoline,Black,None reported,Yes,20999,Sedan,28,1,28500,0,2.4,201,0,4,A
2557,Lexus,GX 460 Base,2015,"92,000 mi.",Gasoline,Black,None reported,Yes,28000,SUV,15,1,50000,0,4.6,301,0,8,A
2558,Toyota,Land Cruiser Base,2010,"269,885 mi.",Gasoline,Black,At least 1 accident or damage reported,Yes,22500,SUV,13,1,72000,0,5.7,381,0,8,A
2559,Chevrolet,Corvette Base,2008,"51,855 mi.",Gasoline,Red,None reported,Yes,35900,Convertible,18,0,50000,1,6.2,430,0,8,A
2560,Mazda,Mazda6 i Touring,2015,"124,000 mi.",Gasoline,White,At least 1 accident or damage reported,Yes,12900,Sedan,28,0,24700,0,2.5,184,0,4,M
2561,Jaguar,F-TYPE R,2015,"26,000 mi.",Gasoline,Blue,None reported,Yes,52500,Coupe,23,1,102000,0,5,550,0,8,A
2562,Audi,A3 2.0T Premium,2018,"36,500 mi.",Gasoline,Gray,At least 1 accident or damage reported,Yes,25500,Sedan,28,0,34000,0,2,220,0,4,A
2563,Chevrolet,Camaro 2SS,2022,"1,400 mi.",Gasoline,Black,None reported,Yes,54900,Coupe,16,1,42995,0,6.2,455,0,8,A
2564,Jeep,Wrangler Unlimited Sport S,2018,"17,000 mi.",Gasoline,Black,None reported,Yes,38500,SUV,18,0,34490,0,3.6,285,0,6,A
2565,Honda,Civic Sport,2021,"42,750 mi.",Gasoline,Black,None reported,Yes,25698,Sedan,30,0,24500,0,1.5,,1,4,A
2566,Porsche,Cayman Base,2011,"67,998 mi.",Gasoline,White,None reported,Yes,30000,Coupe,20,0,52000,1,2.9,265,0,6,M
2567,FORD,Mustang GT,2008,"64,500 mi.",Gasoline,Black,At least 1 accident or damage reported,Yes,16000,Coupe,18,0,30000,0,4.6,300,0,8,M
2568,Toyota,FJ Cruiser Base,2007,"102,000 mi.",Gasoline,Blue,None reported,Yes,24900,SUV,17,0,24000,0,4,239,0,6,M
2569,Land,Rover Discovery SE,2004,"145,000 mi.",Gasoline,Green,None reported,Yes,15500,SUV,12,0,43000,1,4.6,217,0,8,A
2570,Porsche,718 Boxster S,2018,"50,000 mi.",Gasoline,Blue,At least 1 accident or damage reported,Yes,55000,Convertible,22,1,71300,0,2.5,350,0,4,A
2571,Chevrolet,Corvette Base,2004,"37,622 mi.",Gasoline,Blue,None reported,Yes,25500,Coupe,18,1,49995,1,5.7,350,0,8,A
2572,Toyota,Avalon Limited,2006,"89,987 mi.",Gasoline,Green,None reported,Yes,9499,Sedan,24,1,34980,0,3.5,268,0,6,A
2573,INFINITI,QX80 Base,2015,"136,390 mi.",Gasoline,Black,None reported,Yes,20470,SUV,14,0,65900,0,5.6,,0,8,A
2574,Cadillac,DeVille Base,1994,"90,000 mi.",,Green,At least 1 accident or damage reported,Yes,2990,Sedan,18,0,33500,0,,,0,,A
2575,Chevrolet,Camaro 2SS,2015,"27,000 mi.",Gasoline,Black,None reported,Yes,33000,Coupe,16,1,38900,0,6.2,426,0,8,A
2576,Jeep,Liberty Renegade,2004,"144,770 mi.",Gasoline,Beige,At least 1 accident or damage reported,Yes,6500,SUV,18,0,24100,0,3.7,210,0,6,A
2577,Toyota,4Runner Trail,2011,"157,000 mi.",Gasoline,Black,None reported,Yes,23500,SUV,16,0,32000,0,4,270,0,6,A
2578,BMW,328 i xDrive,2010,"132,000 mi.",Gasoline,Silver,At least 1 accident or damage reported,Yes,8500,Sedan,23,1,36350,0,3,230,0,6,A
2579,Ford,Excursion Limited Ultimate,2002,"137,000 mi.",Diesel,Gold,None reported,Yes,15000,SUV,16,0,50000,0,7.3,250,0,8,A
2580,Lexus,IS 300 Base,2018,"50,992 mi.",Gasoline,White,At least 1 accident or damage reported,Yes,28000,Sedan,22,0,38450,0,3.5,260,0,6,A
2581,Cadillac,CTS Performance,2010,"105,760 mi.",Gasoline,Black,None reported,Yes,12900,Sedan,18,1,46000,0,3,270,0,6,A
2582,Lexus,LC 500 Base,2018,"29,800 mi.",Gasoline,Black,None reported,Yes,68495,Coupe,19,0,92000,0,5,471,0,8,A
2583,BMW,540 i xDrive,2019,"21,000 mi.",Gasoline,Blue,At least 1 accident or damage reported,Yes,42000,Sedan,25,1,75000,0,3,335,0,6,A
2584,Chevrolet,Corvette Base,1998,"152,195 mi.",Gasoline,Black,None reported,Yes,9900,Coupe,18,0,45900,1,5.7,340,0,8,A
2585,Hummer,H2 Base,2006,"169,900 mi.",Gasoline,Orange,At least 1 accident or damage reported,Yes,16900,SUV,10,0,62000,0,6,325,0,8,A
2586,Volvo,XC90 3.2,2008,"196,000 mi.",Gasoline,Black,None reported,Yes,6499,SUV,18,0,41000,0,3.2,235,0,6,A
2587,Jeep,Wrangler Unlimited Sahara,2009,"180,036 mi.",Gasoline,Black,At least 1 accident or damage reported,Yes,9100,SUV,16,1,32745,0,3.8,202,0,6,A
2588,Land,Rover Discovery HSE LUXURY,2017,"57,918 mi.",Gasoline,Gray,None reported,Yes,33500,SUV,18,1,59995,0,3,340,0,6,A
2589,BMW,340 i,2017,"98,600 mi.",Gasoline,Silver,None reported,Yes,26500,Sedan,26,1,42000,0,3,320,0,6,A
2590,Ford,F-250 Lariat,2018,"120,000 mi.",Diesel,Silver,At least 1 accident or damage reported,Yes,55000,Pickup,18,1,50000,0,6.7,450,0,8,A
2591,BMW,M3 Competition,2022,"14,269 mi.",Gasoline,Gray,None reported,Yes,80000,Sedan,18,1,73500,0,3,503,0,6,A
2592,Lexus,LC 500 Base,2022,"6,875 mi.",Gasoline,White,None reported,Yes,89000,Coupe,19,0,93250,0,5,471,0,8,A
2593,Honda,CR-V Touring,2019,"55,100 mi.",Gasoline,White,None reported,,28324,SUV,28,1,33500,0,1.5,,1,4,A
2594,Porsche,Panamera S,2012,"49,000 mi.",Gasoline,White,,,41500,Sedan,18,1,95000,1,4.8,400,0,8,A
2595,BMW,750 i,2009,"74,600 mi.",Gasoline,White,None reported,Yes,15000,Sedan,15,0,86000,0,4.4,400,0,8,A
2596,audi,A7 3.0T Premium,2019,"45,900 mi.",Hybrid,Black,At least 1 accident or damage reported,Yes,41500,Sedan,22,1,68800,0,3,335,0,6,A
2597,Chrysler,200 Limited,2015,"95,271 mi.",E85 Flex Fuel,Black,,,12468,Sedan,26,0,22000,0,2.4,184,0,4,A
2598,Ford,F-150 XL,2021,"88,883 mi.",Gasoline,Black,None reported,Yes,33172,Pickup,20,0,29100,0,2.7,,1,6,A
2599,Dodge,Grand Caravan R/T,2013,"43,000 mi.",E85 Flex Fuel,Red,None reported,Yes,35000,Minivan,25,0,30795,0,3.6,283,0,6,A
2600,Ford,Focus SE,2018,"33,700 mi.",E85 Flex Fuel,Gray,At least 1 accident or damage reported,Yes,12000,Sedan,30,0,20995,0,2,160,0,4,A
2601,RAM,2500 Big Horn,2016,"95,115 mi.",Diesel,White,None reported,Yes,43640,Pickup,16,0,44000,0,6.7,,1,6,A
2602,Lotus,Elise Base,2005,"25,250 mi.",Gasoline,Red,,,44000,Coupe,29,0,49990,0,1.8,190,0,4,M
2603,Chevrolet,Corvette Base,2007,"20,200 mi.",Gasoline,Red,None reported,Yes,27500,Convertible,18,0,50000,1,6,400,0,8,A
2604,audi,allroad 2.0T Prestige,2013,"104,457 mi.",Gasoline,Silver,None reported,Yes,17900,SUV,20,1,45000,0,2,211,0,4,A
2605,McLaren,570S Spider,2018,"8,984 mi.",Gasoline,Blue,None reported,,171900,Convertible,24,1,208000,1,3.8,,1,8,A
2606,Chevrolet,Express 2500 Work Van,2017,"76,000 mi.",Gasoline,Silver,None reported,Yes,41400,Van,12,0,33000,0,4.8,285,0,8,A
2607,Chevrolet,Traverse High Country,2020,"56,247 mi.",Gasoline,Gray,None reported,Yes,39244,SUV,20,1,53200,0,3.6,,0,6,A
2608,Jeep,Wrangler S,1994,"50,750 mi.",,Blue,None reported,Yes,15000,SUV,15,0,19500,1,,,0,,M
2609,Acura,ILX Technology Plus Package,2016,"61,000 mi.",Gasoline,Black,At least 1 accident or damage reported,Yes,21000,Sedan,25,1,30000,0,2.4,201,0,4,A
2610,Chevrolet,Camaro 1LT,2019,"9,111 mi.",Gasoline,White,None reported,,27599,Coupe,26,0,25300,0,3.6,,0,6,A
2611,Lexus,ES 350 Base,2015,"100,900 mi.",Gasoline,Red,None reported,,21998,Sedan,21,0,38850,0,3.5,,0,,A
2612,Ford,F-150 XLT,2021,"24,207 mi.",Gasoline,Black,None reported,Yes,43430,Pickup,20,0,40000,0,2.7,,1,6,A
2613,Tesla,Model Y Long Range,2022,"9,411 mi.",,Silver,None reported,,47998,SUV,115,1,54990,0,,,0,,A
2614,Chevrolet,Corvette Z06,2006,"21,000 mi.",Gasoline,Silver,None reported,Yes,47500,Coupe,19,1,65000,1,7,505,0,8,M
2615,Cadillac,CTS 3.6L Premium Luxury,2019,"136,150 mi.",Gasoline,Silver,At least 1 accident or damage reported,Yes,22500,Sedan,24,1,68890,0,3.6,335,0,6,A
2616,BMW,M3 Base,2009,"78,414 mi.",Gasoline,Silver,At least 1 accident or damage reported,Yes,28750,Coupe,14,1,62000,1,4,420,0,8,A
2617,Mazda,Mazda3 FWD w/Preferred Package,2019,"60,800 mi.",Gasoline,Red,None reported,Yes,19900,Sedan,26,0,27600,0,2.5,186,0,4,A
2618,Ford,Maverick XLT,2022,"16,400 mi.",Hybrid,Gray,None reported,Yes,34000,Pickup,24,0,24000,0,2.5,191,0,4,A
2619,Toyota,Highlander Hybrid Limited,2018,"62,200 mi.",Hybrid,Brown,None reported,Yes,35707,SUV,29,1,47450,0,3.5,306,0,6,A
2620,BMW,X6 xDrive40i,2021,"72,903 mi.",Hybrid,Black,At least 1 accident or damage reported,,53998,SUV,21,1,65000,0,3,,1,,A
2621,Lincoln,Town Car Signature,2003,"142,215 mi.",Gasoline,Gray,None reported,Yes,5000,Sedan,18,1,48700,0,4.6,239,0,8,A
2622,Mercedes-Benz,SL-Class SL550 Roadster,2007,"150,000 mi.",Gasoline,Black,None reported,Yes,8000,Convertible,15,1,111000,1,5.5,382,0,8,A
2623,Ford,Mustang GT,1998,"49,170 mi.",Gasoline,Silver,None reported,Yes,12500,Coupe,17,0,18495,0,4.6,225,0,8,A
2624,Chevrolet,Suburban 1500 LT,2015,"167,500 mi.",Gasoline,Silver,None reported,Yes,18000,SUV,18,1,60000,0,5.3,355,0,8,A
2625,Ford,Fusion SE,2016,"110,450 mi.",Gasoline,Silver,None reported,Yes,11000,Sedan,25,0,22000,0,2,231,0,4,A
2626,Audi,S4 3.0T Premium Plus,2014,"106,000 mi.",Gasoline,Gray,At least 1 accident or damage reported,Yes,23000,Sedan,18,1,50000,0,3,333,0,6,M
2627,Chevrolet,Suburban Premier,2017,"92,728 mi.",Gasoline,White,None reported,Yes,34900,SUV,18,1,75800,0,5.3,355,0,8,A
2628,Ford,Bronco Big Bend,2022,"17,000 mi.",Gasoline,Gray,None reported,Yes,44000,SUV,20,0,35000,0,2.3,275,0,4,A
2629,Ford,F-250 XL,2016,"75,200 mi.",E85 Flex Fuel,White,None reported,Yes,22000,Pickup,20,0,33500,0,6.2,385,0,8,A
2630,Dodge,Challenger SRT Hellcat,2015,"1,800 mi.",Gasoline,Green,None reported,Yes,64990,Coupe,22,1,60000,1,6.2,707,0,8,A
2631,Toyota,Tacoma TRD Sport,2019,"36,283 mi.",Gasoline,Red,None reported,,39598,Pickup,18,0,35300,0,3.5,,0,,A
2632,audi,Q5 S line Premium Plus,2023,"6,682 mi.",Hybrid,Black,None reported,,47798,SUV,24,1,55000,0,2,,0,,A
2633,Jeep,Wrangler Sport,2018,"23,399 mi.",Gasoline,Black,None reported,,28999,SUV,17,0,28445,0,2,,1,4,A
2634,Genesis,G80 3.8,2017,"29,720 mi.",Gasoline,Brown,None reported,Yes,29500,Sedan,21,0,60000,0,3.8,311,0,6,A
2635,Mercedes-Benz,SL-Class SL63 AMG Roadster,2009,"56,000 mi.",Gasoline,Black,None reported,Yes,44850,Convertible,18,1,139500,1,6.3,518,0,8,A
2636,Lexus,LX 570 Three-Row,2020,"59,419 mi.",Gasoline,Silver,None reported,Yes,73000,SUV,18,1,89900,0,5.7,383,0,8,A
2637,Kia,Stinger GT2,2018,"69,100 mi.",Gasoline,Red,None reported,Yes,32500,Sedan,22,1,52500,0,3.3,365,0,6,A
2638,Nissan,GT-R Premium,2021,"22,185 mi.",Gasoline,Blue,None reported,Yes,131999,Coupe,16,1,113540,1,3.8,,1,6,A
2639,Chevrolet,Trailblazer SS,2008,"29,586 mi.",Gasoline,White,None reported,Yes,47900,SUV,12,1,33600,0,6,390,0,8,A
2640,Chevrolet,Silverado 2500 WT,2021,"63,866 mi.",Gasoline,Silver,None reported,Yes,41885,Pickup,14,0,35100,0,6.6,,0,8,A
2641,Chevrolet,Suburban LTZ,2016,"135,484 mi.",Gasoline,Beige,,,29748,SUV,22,1,66900,0,5.3,,0,8,A
2642,Mercedes-Benz,E-Class E 350,2014,"78,500 mi.",Gasoline,Silver,At least 1 accident or damage reported,Yes,17900,Sedan,21,1,52800,0,3.5,302,0,6,A
2643,BMW,M3 Base,2012,"7,982 mi.",Gasoline,Silver,,,51900,Coupe,14,1,61000,1,4,414,0,8,A
2644,Bentley,Continental GT V8,2022,"1,795 mi.",Gasoline,Black,None reported,,269991,Coupe,18,1,202500,1,,,0,,A
2645,Volkswagen,Golf R Base,2022,"1,067 mi.",Gasoline,White,None reported,Yes,48000,Hatchback,24,1,44795,0,2,315,0,4,A
2646,Ford,Explorer Limited,2017,"152,000 mi.",Gasoline,Gray,None reported,Yes,15499,SUV,20,1,52000,0,3.5,290,0,6,A
2647,Honda,Odyssey LX,2011,"185,000 mi.",Gasoline,Purple,None reported,Yes,8900,Minivan,18,0,28750,0,3.5,248,0,6,A
2648,Dodge,Ram 2500 SLT Mega Cab,2007,"97,724 mi.",Diesel,Red,None reported,Yes,19998,Pickup,13,0,32000,0,6.7,350,0,6,A
2649,Honda,Civic Sport,2020,"22,227 mi.",Gasoline,Red,,,25980,Sedan,30,0,24000,0,2,,0,4,A
2650,Honda,Civic LX,2016,"111,000 mi.",Gasoline,Blue,None reported,Yes,13000,Sedan,31,0,21500,0,2,158,0,4,A
2651,Ford,F-250 XLT,2019,"32,268 mi.",E85 Flex Fuel,White,None reported,Yes,46500,Pickup,18,0,40000,0,6.2,385,0,8,A
2652,Nissan,Pathfinder SV,2019,"122,009 mi.",Gasoline,Gray,None reported,,18998,SUV,20,0,33500,0,3.5,,0,,A
2653,Land,Rover Range Rover HSE SWB,2020,"57,785 mi.",Hybrid,Black,None reported,Yes,63995,SUV,20,1,90000,1,3,395,0,6,A
2654,BMW,M3 Base,2002,"204,884 mi.",Gasoline,Silver,At least 1 accident or damage reported,Yes,21500,Coupe,20,1,50000,1,3.2,333,0,6,M
2655,Hummer,H2 Base,2003,"179,400 mi.",Gasoline,White,At least 1 accident or damage reported,Yes,15000,SUV,10,0,50000,0,6,316,0,8,A
2656,Mazda,RX-8 R3,2009,"57,000 mi.",Gasoline,Red,None reported,Yes,14000,Coupe,16,1,33500,0,1.3,232,0,,M
2657,Lexus,LX 570 Three-Row,2021,"25,997 mi.",Gasoline,Green,None reported,Yes,87000,SUV,18,0,86000,0,5.7,383,0,8,A
2658,Chevrolet,Suburban Z71,2022,"36,555 mi.",Gasoline,White,None reported,Yes,64288,SUV,21,1,63500,0,5.3,,0,8,A
2659,Mercedes-Benz,S-Class S 580 4MATIC,2023,989 mi.,Gasoline,Black,None reported,Yes,122950,Sedan,19,1,113800,0,4,,1,8,A
2660,Chevrolet,Corvette Base,2007,"28,514 mi.",Gasoline,Red,None reported,Yes,32000,Convertible,18,0,50000,1,6,400,0,8,A
2661,FORD,Mustang GT Premium,2019,"10,400 mi.",Gasoline,Red,None reported,Yes,40000,Coupe,15,1,45000,0,5,460,0,8,A
2662,Chevrolet,Equinox Premier w/2LZ,2020,"51,133 mi.",Gasoline,White,At least 1 accident or damage reported,,25800,SUV,26,1,31000,0,2,,1,4,A
2663,Chevrolet,Camaro Z28,1999,"58,800 mi.",Gasoline,White,None reported,Yes,15000,Coupe,18,0,23995,1,5.7,305,0,8,A
2664,Land,Rover Discovery HSE,2018,"85,000 mi.",Gasoline,Gray,None reported,Yes,33000,SUV,21,1,60000,0,3,340,0,6,A
2665,Jeep,Wrangler SE,2000,"95,200 mi.",Gasoline,Black,None reported,Yes,11999,SUV,17,0,21000,0,2.5,120,0,4,M
2666,Toyota,Highlander XLE,2015,"68,575 mi.",Gasoline,Silver,At least 1 accident or damage reported,Yes,26000,SUV,21,1,40490,0,3.5,270,0,6,A
2667,Chevrolet,Corvette Grand Sport,2011,"12,300 mi.",Gasoline,Red,None reported,Yes,45000,Coupe,16,1,58880,1,6.2,430,0,8,A
2668,Chevrolet,Corvette Stingray,2018,"13,900 mi.",Gasoline,White,None reported,Yes,54490,Convertible,16,1,55900,1,6.2,455,0,8,A
2669,Mercedes-Benz,SLK-Class SLK230 Kompressor,2001,"58,800 mi.",Gasoline,Silver,None reported,Yes,9000,Convertible,20,0,40000,0,2.3,190,0,4,A
2670,Nissan,Juke NISMO RS,2016,"30,700 mi.",Gasoline,Black,At least 1 accident or damage reported,Yes,21500,SUV,25,1,29900,0,1.6,215,0,4,M
2671,Porsche,911 Carrera C2S,2005,"104,000 mi.",Gasoline,Silver,None reported,Yes,44800,Coupe,20,1,83500,1,3.8,355,0,6,M
2672,Chevrolet,Colorado LT,2019,"139,116 mi.",Gasoline,Red,At least 1 accident or damage reported,Yes,24899,Pickup,18,0,33500,0,3.6,,0,6,A
2673,Porsche,Macan S,2019,"36,700 mi.",Gasoline,Blue,At least 1 accident or damage reported,Yes,48990,SUV,22,1,61000,0,3,348,0,6,A
2674,Mercedes-Benz,GLE 350 Base 4MATIC,2022,"24,500 mi.",Gasoline,White,None reported,Yes,82150,SUV,22,0,60000,0,2,255,0,4,A
2675,Toyota,Land Cruiser Base,2017,"65,000 mi.",Gasoline,Black,At least 1 accident or damage reported,Yes,65000,SUV,13,1,84965,1,5.7,381,0,8,A
2676,BMW,X6 xDrive40i,2021,"27,654 mi.",Hybrid,White,None reported,,61998,SUV,21,1,65000,0,3,,1,,A
2677,Rivian,R1S Adventure Package,2023,542 mi.,,Black,None reported,Yes,92500,SUV,74,1,74900,0,,835,0,,A
2678,Toyota,Highlander Platinum,2020,"41,000 mi.",Gasoline,Blue,None reported,Yes,38700,SUV,21,1,49000,0,3.5,295,0,6,A
2679,Mercedes-Benz,SL-Class SL 63 AMG,2011,"47,400 mi.",Gasoline,White,At least 1 accident or damage reported,Yes,41000,Convertible,15,1,140000,1,6.3,518,0,8,A
2680,Ford,Thunderbird Deluxe,2002,"40,110 mi.",Gasoline,Yellow,None reported,Yes,18500,Convertible,20,0,37000,1,3.9,252,0,8,A
2681,RAM,2500 Big Horn,2014,"124,700 mi.",Gasoline,Silver,None reported,Yes,30000,Pickup,19,0,42000,0,6.4,410,0,8,A
2682,Ford,F-350 XLT,2013,"31,000 mi.",E85 Flex Fuel,Black,At least 1 accident or damage reported,Yes,35000,Pickup,20,0,32000,0,6.2,316,0,8,A
2683,Toyota,RAV4 Prime XSE,2022,"7,100 mi.",Plug-In Hybrid,Gray,None reported,Yes,49000,SUV,38,1,39940,0,2.5,302,0,4,A
2684,Jeep,Grand Cherokee Limited,2018,"91,677 mi.",Gasoline,Black,None reported,,26816,SUV,24,1,43995,0,3.6,,0,6,A
2685,Ford,Focus SE,2009,"107,500 mi.",Gasoline,White,None reported,Yes,9500,Sedan,24,0,17300,0,2,132,0,4,A
2686,Porsche,911 Carrera 4 GTS,2023,"1,518 mi.",Gasoline,Beige,None reported,Yes,194965,Coupe,18,1,137800,1,3,473,0,6,A
2687,Chevrolet,Corvette Stingray w/2LT,2023,"5,200 mi.",Gasoline,White,None reported,Yes,88900,Coupe,20,1,68000,1,6.2,490,0,8,A
2688,Ford,F-150 XLT SuperCab,1999,"48,054 mi.",Gasoline,White,None reported,Yes,9500,Pickup,15,0,22000,0,4.6,220,0,8,A
2689,Porsche,Macan Base,2018,"87,500 mi.",Gasoline,Blue,None reported,Yes,28000,SUV,22,0,47500,0,2,252,0,4,A
2690,Acura,ZDX Base,2012,"106,335 mi.",Gasoline,White,None reported,Yes,19000,SUV,22,0,49900,0,3.7,300,0,6,A
2691,Chevrolet,Suburban Premier,2017,"133,598 mi.",Gasoline,Red,At least 1 accident or damage reported,Yes,29999,SUV,18,1,75800,0,5.3,,0,8,A
2692,Chevrolet,Traverse Premier,2018,"68,455 mi.",Gasoline,Silver,None reported,Yes,30989,SUV,20,1,48990,0,3.6,,0,6,A
2693,Mercedes-Benz,E-Class E 400,2018,"28,690 mi.",Gasoline,White,None reported,Yes,38880,Sedan,20,0,60000,0,3,329,0,6,A
2694,BMW,M3 Base,2012,"83,000 mi.",Gasoline,Black,At least 1 accident or damage reported,Yes,31000,Coupe,14,1,61000,1,4,414,0,8,A
2695,FORD,F-250 XLT,2019,"38,600 mi.",Diesel,Blue,None reported,Yes,54500,Pickup,18,0,40000,0,6.7,450,0,8,A
2696,Toyota,Highlander SE,2019,"92,000 mi.",Gasoline,Red,At least 1 accident or damage reported,Yes,30000,SUV,21,0,40500,0,3.5,295,0,6,A
2697,Saturn,Sky Red Line,2009,"134,000 mi.",Gasoline,Blue,At least 1 accident or damage reported,Yes,9500,Convertible,20,1,31000,0,2,260,0,4,M
2698,Lexus,LS 460 Base,2012,"103,000 mi.",Gasoline,White,None reported,Yes,20500,Sedan,19,0,66500,0,4.6,380,0,8,A
2699,Honda,CR-V LX,2004,"176,261 mi.",Gasoline,Gray,None reported,Yes,3750,SUV,20,0,22000,0,2.4,160,0,4,M
2700,Ford,Mustang GT Premium,2010,"58,500 mi.",Gasoline,White,At least 1 accident or damage reported,Yes,20000,Coupe,17,1,30000,0,4.6,315,0,8,M
2701,Ford,F-250 Limited,2018,"64,000 mi.",Diesel,Red,None reported,Yes,64000,Pickup,18,1,82000,0,6.7,450,0,8,A
2702,Porsche,Boxster Black Edition,2016,"24,881 mi.",Gasoline,Black,At least 1 accident or damage reported,Yes,49999,Convertible,22,1,68800,0,2.7,265,0,6,A
2703,Chevrolet,Corvette Base,1998,"134,000 mi.",Gasoline,Red,None reported,Yes,11500,Coupe,18,0,45900,1,5.7,340,0,8,A
2704,Ford,Explorer XLT,2013,"82,900 mi.",Gasoline,White,At least 1 accident or damage reported,Yes,16000,SUV,20,0,29995,0,3.5,290,0,6,A
2705,BMW,Z4 3.0si,2008,"59,257 mi.",Gasoline,Gray,None reported,Yes,18200,Convertible,23,1,45000,0,3,255,0,6,M
2706,Lexus,RX 350 F Sport,2016,"81,400 mi.",Gasoline,Gray,At least 1 accident or damage reported,Yes,26000,SUV,20,1,50000,0,3.5,295,0,6,A
2707,Hyundai,Accent SEL,2022,"5,100 mi.",Gasoline,Blue,None reported,Yes,19500,,,,,,1.6,120,0,4,A
2708,Ford,Expedition Max XLT,2020,"67,072 mi.",Gasoline,Purple,None reported,Yes,38500,SUV,20,0,57000,0,3.5,375,0,6,A
2709,BMW,328 i xDrive,2016,"65,000 mi.",Gasoline,Silver,None reported,Yes,19500,Sedan,30,0,38000,0,2,240,0,4,A
2710,Ford,Fusion SE,2014,"80,800 mi.",Gasoline,Blue,None reported,Yes,10000,Sedan,22,0,22000,0,2.5,175,0,4,A
2711,Ford,F-150 XLT,2020,"53,401 mi.",Gasoline,Gray,None reported,Yes,39500,Pickup,18,0,35000,0,3.5,375,0,6,A
2712,Ford,F-150 Platinum,2021,"15,555 mi.",Gasoline,Blue,None reported,Yes,62890,Pickup,20,1,59745,0,5,,0,8,A
2713,Dodge,Ram 1500 SLT Mega Cab,2006,"201,509 mi.",Gasoline,Gray,At least 1 accident or damage reported,Yes,11000,Pickup,15,0,36795,0,5.7,345,0,8,A
2714,Honda,Civic EX,2013,"107,000 mi.",Gasoline,Silver,None reported,Yes,14000,Sedan,28,0,21500,0,1.8,140,0,4,A
2715,Land,Rover Range Rover Velar P250 S R-Dynamic,2020,"30,500 mi.",Gasoline,Silver,None reported,Yes,44000,SUV,24,1,59900,0,2,247,0,4,A
2716,Toyota,Tacoma Base,2011,"36,000 mi.",Gasoline,Gray,None reported,Yes,20000,Pickup,21,0,23000,0,2.7,159,0,4,M
2717,Ford,F-250 XLT,2019,"38,514 mi.",E85 Flex Fuel,Black,At least 1 accident or damage reported,Yes,45998,Pickup,18,0,40000,0,6.2,385,0,8,A
2718,Mercedes-Benz,Sprinter 2500 Standard Roof,2022,"4,590 mi.",Gasoline,White,None reported,Yes,64000,Van,0,0,0,0,2,188,0,4,A
2719,RAM,2500 Big Horn,2019,"97,000 mi.",Diesel,White,At least 1 accident or damage reported,Yes,45000,Pickup,15,0,50000,0,6.7,370,0,6,A
2720,BMW,328 i xDrive,2011,"110,000 mi.",Gasoline,Black,At least 1 accident or damage reported,Yes,6000,Sedan,21,1,35000,0,3,230,0,6,A
2721,Ford,Explorer XLT,2017,"53,000 mi.",E85 Flex Fuel,Red,At least 1 accident or damage reported,Yes,25000,SUV,20,0,31500,0,3.5,290,0,6,A
2722,Chevrolet,Suburban LTZ,2016,"110,000 mi.",E85 Flex Fuel,Brown,None reported,Yes,30999,SUV,22,1,66900,0,5.3,355,0,8,A
2723,Mazda,MX-5 Miata Sport,2006,"218,000 mi.",Gasoline,Black,At least 1 accident or damage reported,Yes,4999,Convertible,25,0,25300,0,2,170,0,4,M
2724,INFINITI,G35 Base,2003,"106,500 mi.",Gasoline,Red,None reported,Yes,9500,Sedan,20,0,29000,0,3.5,280,0,6,M
2725,Chevrolet,Express 2500 Work Van,2012,"140,500 mi.",E85 Flex Fuel,White,None reported,Yes,11800,Van,13,0,30700,0,6,324,0,8,A
2726,FORD,Explorer Eddie Bauer,2010,"144,200 mi.",Gasoline,Black,None reported,Yes,9999,SUV,20,1,36000,0,4,210,0,6,A
2727,Chevrolet,Suburban RST,2022,"21,400 mi.",Diesel,Gray,None reported,Yes,69000,SUV,15,1,74900,0,3,277,0,6,A
2728,Mercedes-Benz,GL-Class GL 550 4MATIC,2015,"130,000 mi.",Gasoline,Blue,None reported,Yes,24500,SUV,19,1,88725,0,4.7,429,0,8,A
2729,FORD,Focus SE,2012,"108,045 mi.",Gasoline,Blue,None reported,Yes,6500,Sedan,26,0,18995,0,2,160,0,4,A
2730,Subaru,Crosstrek Premium,2022,"10,000 mi.",Gasoline,White,None reported,Yes,28000,SUV,28,1,26000,0,2,152,0,4,A
2731,Hyundai,Genesis Coupe 3.8 Track,2011,"75,000 mi.",Gasoline,Red,At least 1 accident or damage reported,Yes,12000,Coupe,19,1,31950,0,3.8,306,0,6,A
2732,Chrysler,Town & Country LX,2009,"73,500 mi.",Gasoline,Silver,At least 1 accident or damage reported,Yes,7858,Minivan,17,0,29500,0,3.3,170,0,6,A
2733,Porsche,Panamera Turbo,2018,"29,850 mi.",Gasoline,Silver,None reported,Yes,89750,Sedan,18,1,150000,1,4,550,0,8,A
2734,Honda,Pilot EX-L,2016,"135,350 mi.",Gasoline,White,At least 1 accident or damage reported,Yes,19900,SUV,20,0,38745,0,3.5,280,0,6,A
2735,Mercedes-Benz,GLC 300 GLC 300,2022,"16,983 mi.",Gasoline,Black,None reported,,40998,SUV,24,0,43000,0,2,,1,,A
2736,Audi,A8 L 55,2019,"35,580 mi.",Hybrid,Black,None reported,Yes,49500,Sedan,23,1,83500,0,3,335,0,6,A
2737,FORD,Edge SE,2020,"71,200 mi.",Gasoline,White,None reported,Yes,18900,SUV,21,0,30000,0,2,250,0,4,A
2738,Dodge,Durango GT,2022,"24,778 mi.",Gasoline,Red,At least 1 accident or damage reported,,36599,SUV,20,0,39990,0,3.6,,0,6,A
2739,BMW,328 i,2015,"109,330 mi.",Gasoline,Black,None reported,Yes,13349,Sedan,24,0,33000,0,2,240,0,4,A
2740,Alfa,Romeo Stelvio Ti,2023,"6,645 mi.",Gasoline,White,None reported,,43900,SUV,22,1,48500,0,2,,1,4,A
2741,Mercedes-Benz,GL-Class GL 450 4MATIC,2007,"90,400 mi.",Gasoline,Silver,None reported,Yes,10199,SUV,16,0,60900,0,4.7,335,0,8,A
2742,FORD,Ranger XLT SuperCab,2002,"192,100 mi.",Gasoline,Gold,At least 1 accident or damage reported,Yes,6450,Pickup,18,0,22905,0,4,207,0,6,A
2743,BMW,M3 CS,2018,"32,000 mi.",Gasoline,White,None reported,Yes,70000,Sedan,23,1,103000,1,3,453,0,6,A
2744,Volkswagen,Golf GTI 2.0T Autobahn,2022,"6,400 mi.",Gasoline,Green,None reported,Yes,41500,Hatchback,24,1,36795,0,2,241,0,4,A
2745,Toyota,4Runner SR5 Premium,2021,"36,180 mi.",Gasoline,Black,None reported,Yes,36990,SUV,16,1,40900,0,4,270,0,6,A
2746,GMC,Yukon SLT,2014,"142,400 mi.",E85 Flex Fuel,Black,At least 1 accident or damage reported,Yes,13500,SUV,15,0,48600,0,5.3,320,0,8,A
2747,Cadillac,ATS 2.0L Turbo Luxury,2016,"83,000 mi.",Gasoline,Red,None reported,Yes,16500,Sedan,24,1,38790,0,2,272,0,4,A
2748,Nissan,Xterra S,2012,"80,000 mi.",Gasoline,Black,None reported,Yes,14800,SUV,18,0,25800,0,4,261,0,6,A
2749,Ford,Bronco Badlands,2021,"32,437 mi.",Gasoline,Gray,None reported,Yes,51000,SUV,20,1,40000,0,2.7,315,0,6,A
2750,BMW,328 i,2011,"67,500 mi.",Gasoline,White,None reported,Yes,18000,Sedan,20,0,35000,0,3,230,0,6,A
2751,Toyota,4Runner Limited,2021,"25,882 mi.",Gasoline,Black,None reported,,43837,SUV,17,1,49300,0,,270,0,,A
2752,Porsche,911 Turbo,2018,"12,088 mi.",Gasoline,Gray,None reported,Yes,169000,Coupe,18,1,150000,1,3.8,540,0,6,A
2753,Toyota,Tundra SR5 Double Cab,2005,"170,000 mi.",Gasoline,Silver,At least 1 accident or damage reported,Yes,11200,Pickup,16,0,27000,0,4.7,282,0,8,A
2754,Ford,F-250 Lariat,2023,"3,763 mi.",Diesel,Red,None reported,Yes,92000,Pickup,20,1,85000,0,6.7,475,0,8,A
2755,Land,Rover Range Rover Velar P380 S,2018,"46,000 mi.",Gasoline,Red,None reported,Yes,40000,SUV,22,1,59900,0,3,380,0,6,A
2756,Ford,F-250 XLT Crew Cab Super Duty,2008,"190,321 mi.",Diesel,White,None reported,Yes,15900,Pickup,12,0,32000,0,6.4,350,0,8,A
2757,Porsche,Macan S,2018,"40,950 mi.",Gasoline,Black,None reported,Yes,39750,SUV,20,1,60000,0,3,340,0,6,A
2758,Mercedes-Benz,C-Class C 63 AMG,2014,"42,000 mi.",Gasoline,Gray,None reported,Yes,45000,Sedan,18,1,64000,0,6.2,451,0,8,A
2759,Nissan,Pathfinder S,2014,"135,000 mi.",Gasoline,White,None reported,Yes,8500,SUV,20,0,29390,0,3.5,260,0,6,A
2760,Jeep,Gladiator Overland,2020,"20,655 mi.",Gasoline,Red,,,42850,Pickup,20,1,43000,0,3.6,,0,6,A
2761,Porsche,911 Carrera S,2023,"1,877 mi.",Gasoline,Red,None reported,Yes,185950,Coupe,22,1,116000,1,3,443,0,6,A
2762,Ford,F-250 XLT,2019,"33,000 mi.",Diesel,Black,None reported,Yes,59000,Pickup,18,0,40000,0,6.7,450,0,8,A
2763,FORD,Fusion SE,2016,"68,000 mi.",Gasoline,Black,None reported,Yes,12500,Sedan,25,0,22000,0,2.5,175,0,4,A
2764,Honda,Accord Sport,2013,"405,000 mi.",Gasoline,Black,None reported,Yes,6000,Sedan,26,0,24000,0,2.4,185,0,4,A
2765,BMW,330 i xDrive,2018,"117,000 mi.",Gasoline,Black,None reported,Yes,17000,Sedan,30,1,42000,0,2,248,0,4,A
2766,Acura,MDX Sport,2007,"183,455 mi.",Gasoline,White,At least 1 accident or damage reported,Yes,7700,SUV,17,1,45500,0,3.7,300,0,6,A
2767,Chevrolet,Suburban Premier,2021,"51,890 mi.",Gasoline,Gray,None reported,Yes,59980,SUV,15,1,74900,0,5.3,,0,8,A
2768,Chevrolet,Suburban High Country,2021,"59,528 mi.",Gasoline,Silver,None reported,Yes,68995,SUV,16,1,81900,0,6.2,,0,8,A
2769,Cadillac,CTS-V Base,2006,"123,000 mi.",Gasoline,Black,None reported,Yes,15000,Sedan,16,1,59000,0,6,400,0,8,M
2770,Kia,Niro EV EX,2022,"20,000 mi.",,Silver,None reported,Yes,29998,SUV,112,0,39990,0,,201,0,,A
2771,BMW,X3 xDrive30i,2021,"38,352 mi.",Gasoline,Blue,None reported,,37400,SUV,25,1,42600,0,2,,1,4,A
2772,Porsche,Taycan Base,2021,"13,344 mi.",,Black,At least 1 accident or damage reported,Yes,83499,Sedan,76,0,81700,0,,321,0,,A
2773,Honda,S2000 CR,2008,"44,300 mi.",Gasoline,Yellow,None reported,Yes,62000,Convertible,20,1,35000,1,2.2,237,0,4,M
2774,Lexus,HS 250h Premium,2010,"123,500 mi.",Hybrid,Red,At least 1 accident or damage reported,Yes,9500,Sedan,35,1,34900,0,2.4,147,0,4,A
2775,Lincoln,Navigator Base,2013,"134,000 mi.",E85 Flex Fuel,Red,None reported,Yes,21500,SUV,20,1,61700,0,5.4,310,0,8,A
2776,Ford,F-150 XLT,2020,"57,000 mi.",Gasoline,Gray,At least 1 accident or damage reported,Yes,37500,Pickup,18,0,35000,0,3.5,375,0,6,A
2777,Kia,K5 GT-Line,2021,"100,312 mi.",Gasoline,Gray,None reported,,19980,Sedan,27,0,26500,0,1.6,,1,4,A
2778,Bentley,Continental GT W12,2021,"16,146 mi.",Gasoline,Blue,None reported,,239991,Coupe,12,1,202500,1,,,0,,A
2779,Tesla,Model S Performance,2012,"61,000 mi.",,Green,None reported,Yes,29000,Sedan,89,1,104500,0,,416,0,,A
2780,BMW,Z4 sDrive28i,2014,"15,889 mi.",Gasoline,Blue,None reported,Yes,34500,Convertible,24,0,50000,0,2,240,0,4,A
2781,BMW,528 i xDrive,2015,"125,500 mi.",Gasoline,Black,At least 1 accident or damage reported,Yes,12950,Sedan,27,1,52000,0,2,240,0,4,A
2782,FORD,Expedition Limited,2013,"163,500 mi.",E85 Flex Fuel,Gray,None reported,Yes,16490,SUV,20,1,60000,0,5.4,310,0,8,A
2783,Buick,Enclave Leather,2015,"89,726 mi.",Gasoline,White,None reported,Yes,16000,SUV,18,1,39795,0,3.6,288,0,6,A
2784,Mercedes-Benz,SL-Class SL600 Roadster,2005,"93,000 mi.",Gasoline,Black,None reported,Yes,22500,Convertible,16,1,139800,1,5.5,493,0,12,A
2785,MINI,Cooper S Base,2012,"128,000 mi.",Gasoline,Black,None reported,Yes,8500,Hatchback,28,0,23000,0,1.6,181,0,4,A
2786,Porsche,Cayenne Turbo,2017,"70,800 mi.",Gasoline,White,None reported,Yes,52999,SUV,17,1,165000,1,4.8,520,0,8,A
2787,Saturn,Vue Hybrid Base,2009,"115,000 mi.",Hybrid,Blue,None reported,Yes,4400,SUV,29,0,26525,0,2.4,172,0,4,A
2788,RAM,2500 Laramie,2018,"98,650 mi.",Diesel,Black,None reported,Yes,56750,Pickup,13,1,53000,0,6.7,350,0,6,A
2789,RAM,1500 Limited,2019,"87,768 mi.",Hybrid,Silver,None reported,Yes,44000,Pickup,20,1,53000,0,5.7,395,0,8,A
2790,Chevrolet,Traverse RS,2023,"6,000 mi.",Gasoline,Gray,None reported,Yes,48500,SUV,18,1,45500,0,3.6,310,0,6,A
2791,Lexus,RX 350 F SPORT Appearance,2021,"28,262 mi.",Gasoline,Black,None reported,,49998,SUV,24,1,45000,0,3.5,,0,,A
2792,Mazda,CX-50 2.5 Turbo Premium Package,2023,"16,200 mi.",Gasoline,Blue,None reported,Yes,36900,SUV,24,1,36000,0,2.5,227,0,4,A
2793,Cadillac,SRX Luxury Collection,2012,"87,500 mi.",E85 Flex Fuel,White,None reported,Yes,11499,SUV,16,1,51300,0,3.6,308,0,6,A
2794,FIAT,500 Lounge,2013,"85,458 mi.",Gasoline,White,None reported,Yes,9000,Hatchback,31,0,19750,0,1.4,101,0,4,A
2795,Mercedes-Benz,EQS 450+ Base,2022,"16,500 mi.",,Blue,None reported,Yes,69500,Sedan,0,1,102000,0,,329,0,,A
2796,MINI,Cooper S Clubman Base,2009,"83,853 mi.",Gasoline,Gray,At least 1 accident or damage reported,Yes,6950,Hatchback,25,1,25000,0,1.6,172,0,4,M
2797,BMW,X6 M50i,2022,"22,500 mi.",Gasoline,Black,At least 1 accident or damage reported,Yes,74999,SUV,21,1,84700,0,4.4,523,0,8,A
2798,Lexus,LS 460 Base,2013,"99,524 mi.",Gasoline,Gray,At least 1 accident or damage reported,Yes,24900,Sedan,19,0,72000,0,4.6,386,0,8,A
2799,Genesis,GV80 2.5T,2023,"8,100 mi.",Gasoline,Silver,None reported,Yes,57300,SUV,23,0,60000,0,2.5,300,0,4,A
2800,MINI,Hardtop Cooper S,2016,"43,073 mi.",Gasoline,Orange,None reported,,17999,Hatchback,26,1,25000,0,2,,1,4,A
2801,Land,Rover Range Rover Velar R-Dynamic S,2023,"12,425 mi.",Gasoline,Red,None reported,,57619,SUV,20,1,65000,0,,,0,4,A
2802,BMW,530 i xDrive,2020,"23,195 mi.",Gasoline,Black,None reported,,38900,Sedan,25,0,55900,0,2,,1,4,A
2803,Jeep,Grand Cherokee Laredo,2011,"118,000 mi.",Gasoline,Gold,At least 1 accident or damage reported,Yes,12500,SUV,16,0,29995,0,5.7,360,0,8,A
2804,Toyota,Tacoma SR5,2018,"65,290 mi.",Gasoline,Blue,At least 1 accident or damage reported,Yes,26450,Pickup,18,0,35000,0,3.5,278,0,6,A
2805,Porsche,911 Carrera Cabriolet,2001,"47,885 mi.",Gasoline,Gray,,,31995,Convertible,20,1,80000,1,3.4,300,0,6,M
2806,Jeep,Gladiator Sport S,2020,"13,000 mi.",Gasoline,Gray,None reported,Yes,39500,Pickup,22,0,43000,0,3.6,285,0,6,A
2807,Dodge,Challenger SRT Hellcat,2018,"29,475 mi.",Gasoline,Orange,None reported,Yes,62999,Coupe,22,1,65000,1,6.2,707,0,8,A
2808,Jeep,Renegade Trailhawk,2017,"78,717 mi.",Gasoline,Black,None reported,Yes,17500,SUV,24,1,29945,0,2.4,180,0,4,A
2809,Ford,F-150 Lariat,2021,"9,142 mi.",Hybrid,Black,None reported,Yes,61500,Pickup,19,1,49000,0,3.5,430,0,6,A
2810,Jaguar,XF Premium,2011,"106,000 mi.",Gasoline,Brown,At least 1 accident or damage reported,Yes,9400,Sedan,19,1,60000,0,5,385,0,8,A
2811,RAM,1500 Laramie,2022,"3,521 mi.",Gasoline,Black,None reported,Yes,51074,Pickup,22,1,45000,0,5.7,,0,8,A
2812,Volkswagen,Golf GTI 2.0T SE 4-Door,2016,"90,000 mi.",Gasoline,Gray,None reported,Yes,16750,Hatchback,24,1,26995,0,2,210,0,4,A
2813,Porsche,Macan Turbo,2016,"46,000 mi.",Gasoline,Gray,None reported,Yes,38000,SUV,17,1,79600,0,3.6,400,0,6,A
2814,BMW,X4 M Competition,2020,"18,362 mi.",Gasoline,Black,None reported,Yes,60000,SUV,17,1,86000,0,3,503,0,6,A
2815,Lexus,RX 350 Base,2013,"164,500 mi.",Gasoline,White,At least 1 accident or damage reported,Yes,16500,SUV,24,0,40500,0,3.5,270,0,6,A
2816,GMC,Terrain SLT,2020,"55,018 mi.",Gasoline,Black,At least 1 accident or damage reported,Yes,25500,SUV,25,0,35000,0,1.5,170,0,4,A
2817,Nissan,Maxima SV,2022,"36,466 mi.",Gasoline,Silver,None reported,,24980,Sedan,20,0,39240,0,3.5,,0,6,A
2818,Volvo,S60 B5 Inscription,2022,"14,280 mi.",Hybrid,Blue,None reported,Yes,36500,Sedan,28,1,45000,0,2,247,0,4,A
2819,Subaru,Outback 2.5i Premium,2013,"116,000 mi.",Gasoline,Blue,At least 1 accident or damage reported,Yes,12500,SUV,24,1,26100,0,2.5,173,0,4,A
2820,RAM,1500 Laramie,2022,"16,184 mi.",Gasoline,Black,None reported,,46999,Pickup,22,1,45000,0,5.7,,0,8,A
2821,Porsche,Boxster Base,1997,"132,800 mi.",Gasoline,Red,,,8500,Convertible,20,0,40000,1,2.5,201,0,6,M
2822,FORD,Explorer XLT,2020,"45,000 mi.",Gasoline,Silver,None reported,Yes,33500,SUV,24,0,35500,0,2.3,300,0,4,A
2823,FORD,F-150 Lariat,2013,"102,000 mi.",Gasoline,White,None reported,Yes,23000,Pickup,20,1,40855,0,3.5,365,0,6,A
2824,Ford,Excursion XLS,2004,"163,000 mi.",Diesel,Silver,At least 1 accident or damage reported,Yes,18000,SUV,12,0,50000,0,6,325,0,8,A
2825,BMW,M8 Competition,2023,"3,500 mi.",Gasoline,Gray,None reported,Yes,129000,Coupe,17,1,135000,0,4.4,617,0,8,A
2826,Porsche,Panamera GTS,2016,"42,526 mi.",Gasoline,Blue,None reported,Yes,66200,Sedan,16,1,130000,1,4.8,440,0,8,A
2827,Mazda,Mazda3 i Touring,2012,"144,900 mi.",Gasoline,Black,None reported,Yes,6000,Sedan,28,0,20750,0,2,155,0,4,A
2828,GMC,Sierra 1500 SLT,2016,"85,000 mi.",Gasoline,White,None reported,Yes,32750,Pickup,18,1,49000,0,5.3,355,0,8,A
2829,Mercedes-Benz,Sprinter 2500 Standard Roof,2022,"16,113 mi.",Diesel,Gray,None reported,Yes,111000,Van,0,0,0,0,3,188,0,6,A
2830,Mercedes-Benz,GL-Class GL 450,2011,"93,000 mi.",Gasoline,Gray,At least 1 accident or damage reported,Yes,11900,SUV,14,1,62900,0,4.7,335,0,8,A
2831,RAM,1500 Big Horn,2022,"11,468 mi.",Gasoline,White,None reported,Yes,50204,Pickup,20,0,39000,0,5.7,,0,8,A
2832,Lexus,NX 300 Base,2019,"25,470 mi.",Gasoline,Silver,None reported,Yes,32500,SUV,24,0,36350,0,2,235,0,4,A
2833,BMW,435 i xDrive,2014,"90,347 mi.",Gasoline,Silver,None reported,Yes,21800,Coupe,22,1,50000,0,3,300,0,6,A
2834,GMC,Yukon SLE,2017,"96,000 mi.",Gasoline,Gray,None reported,Yes,34000,SUV,18,0,52000,0,5.3,355,0,8,A
2835,Honda,Pilot EX-L,2016,"80,500 mi.",Gasoline,Gray,None reported,Yes,23000,SUV,20,0,38745,0,3.5,280,0,6,A
2836,audi,A5 Sportback S line Premium Plus,2021,"35,000 mi.",Hybrid,Black,None reported,Yes,37499,Coupe,24,1,56300,0,2,261,0,4,A
2837,Porsche,911 Carrera,1995,"49,900 mi.",,Silver,At least 1 accident or damage reported,Yes,97993,Coupe,23,1,80000,1,,,0,,M
2838,Honda,Civic Sport,2020,"121,212 mi.",Gasoline,White,At least 1 accident or damage reported,Yes,18387,Sedan,30,0,24000,0,1.5,,1,4,A
2839,Mercedes-Benz,G 550 4x4 Squared Base,2018,"14,381 mi.",Gasoline,White,None reported,,204900,SUV,13,1,225000,1,4,,1,8,A
2840,Porsche,Panamera Platinum Edition,2022,"13,500 mi.",Gasoline,Green,None reported,Yes,86999,Sedan,20,1,100000,0,2.9,325,0,6,A
2841,BMW,740e xDrive iPerformance,2019,"33,214 mi.",Plug-In Hybrid,White,None reported,Yes,43500,Sedan,30,1,84000,0,2,322,0,4,A
2842,FORD,F-250 XLT,2017,"29,719 mi.",E85 Flex Fuel,White,None reported,Yes,31000,Pickup,18,0,34000,0,6.2,385,0,8,A
2843,Lincoln,Corsair Standard,2022,"4,520 mi.",Gasoline,Beige,None reported,Yes,38500,SUV,25,0,37000,0,2,250,0,4,A
2844,Hyundai,Sonata Sport,2017,"84,129 mi.",Gasoline,Black,None reported,,14599,Sedan,25,0,24500,0,2.4,,0,4,A
2845,Nissan,Maxima 3.5 SR,2019,"72,150 mi.",Gasoline,White,At least 1 accident or damage reported,Yes,26999,Sedan,20,1,43330,0,3.5,300,0,6,A
2846,GMC,Yukon SLT,2015,"94,500 mi.",Gasoline,White,At least 1 accident or damage reported,Yes,30000,SUV,16,1,65000,0,5.3,355,0,8,A
2847,Mercedes-Benz,GLS 550 Base 4MATIC,2017,"88,454 mi.",Gasoline,White,None reported,Yes,39999,SUV,15,1,95000,0,4.7,449,0,8,A
2848,Cadillac,CTS Base,2010,"81,696 mi.",Gasoline,Silver,At least 1 accident or damage reported,Yes,9499,Sedan,20,0,35000,0,3,270,0,6,A
2849,Cadillac,CTS Base,2005,"94,100 mi.",Gasoline,White,None reported,Yes,6099,Sedan,20,0,32900,0,3.6,255,0,6,M
2850,FORD,Explorer Limited,2022,"17,500 mi.",Hybrid,White,None reported,Yes,46000,SUV,24,1,46755,0,3.3,318,0,6,A
2851,Acura,RDX,2016,"132,252 mi.",Gasoline,Black,None reported,,18998,SUV,22,0,36000,0,3.5,,0,,A
2852,Toyota,Highlander XLE,2022,"4,437 mi.",Gasoline,Gray,None reported,Yes,42000,SUV,20,1,40000,0,3.5,295,0,6,A
2853,Volkswagen,Golf GTI 2.0T SE 4-Door,2018,"70,500 mi.",Gasoline,White,None reported,Yes,23000,Hatchback,24,0,26900,0,2,220,0,4,A
2854,Nissan,Pickup Truck XE,1994,"89,144 mi.",,Red,None reported,Yes,5899,Pickup,20,0,15000,0,,,0,,A
2855,Toyota,Corolla CE,2008,"170,000 mi.",Gasoline,Gray,None reported,Yes,5199,Sedan,28,0,18000,0,1.8,126,0,4,A
2856,Honda,Element EX,2008,"122,000 mi.",Gasoline,Blue,None reported,Yes,10500,SUV,20,0,23900,0,2.4,166,0,4,A
2857,Toyota,Camry Solara SE,2008,"57,852 mi.",Gasoline,Silver,,,13900,Coupe,21,0,24000,0,3.3,210,0,6,A
2858,Hyundai,Genesis 4.6,2010,"120,321 mi.",Gasoline,White,None reported,Yes,10500,Sedan,18,1,59900,0,4.6,378,0,8,A
2859,BMW,325 Ci,2004,"178,000 mi.",Gasoline,Blue,None reported,Yes,5750,Coupe,20,1,32000,1,2.5,184,0,6,A
2860,BMW,M3 Base,2002,"60,255 mi.",Gasoline,Yellow,None reported,Yes,28750,Coupe,20,1,50000,1,3.2,333,0,6,M
2861,Land,Rover Range Rover Sport HSE Dynamic,2019,"77,690 mi.",Gasoline,White,None reported,Yes,43500,SUV,22,1,83500,0,3,380,0,6,A
2862,Chevrolet,Corvette ZR-1,2009,"18,000 mi.",Gasoline,Gray,None reported,Yes,78000,Coupe,16,1,112000,1,6.2,638,0,8,M
2863,Honda,Prelude Type SH,2001,"125,000 mi.",Gasoline,Red,None reported,Yes,18000,Coupe,20,0,29000,1,2.2,200,0,4,M
2864,Lexus,NX 300 Base,2021,"6,449 mi.",Gasoline,Silver,At least 1 accident or damage reported,,35999,SUV,25,0,37000,0,2,,1,4,A
2865,Volkswagen,Golf GTI 2.0T SE 4-Door,2019,"33,000 mi.",Gasoline,Black,None reported,Yes,27500,Hatchback,25,0,30000,0,2,228,0,4,M
2866,Nissan,Armada LE,2009,"87,130 mi.",Gasoline,Brown,None reported,Yes,20000,SUV,12,1,50000,0,5.6,317,0,8,A
2867,Lexus,SC 300 Base,1998,"165,000 mi.",Gasoline,Purple,None reported,Yes,8700,Coupe,19,0,35000,1,3,225,0,6,A
2868,Toyota,Camry Solara SLE,2008,"73,000 mi.",Gasoline,Blue,At least 1 accident or damage reported,Yes,11500,Coupe,20,0,28000,0,3.3,210,0,6,A
2869,Porsche,Macan S,2020,"22,354 mi.",Gasoline,Black,None reported,,54900,SUV,19,1,63500,0,3,,1,6,A
2870,Tesla,Model Y Performance,2023,"6,188 mi.",,Gray,None reported,Yes,53900,SUV,110,1,66990,0,,455,0,,A
2871,GMC,Terrain SLT,2019,"60,807 mi.",Gasoline,Red,At least 1 accident or damage reported,Yes,25925,SUV,26,0,32100,0,2,,1,4,A
2872,Jeep,Compass Latitude,2014,"105,000 mi.",Gasoline,Black,None reported,Yes,10950,SUV,20,0,23995,0,2,158,0,4,A
2873,audi,Q7 3.0T Prestige,2018,"63,400 mi.",Gasoline,Black,None reported,Yes,29900,SUV,21,1,70000,0,3,333,0,6,A
2874,Ford,F-250 Platinum,2022,"4,500 mi.",Gasoline,Black,None reported,Yes,86500,Pickup,18,1,70300,0,7.3,430,0,8,A
2875,Jeep,Gladiator Overland,2020,"8,025 mi.",Gasoline,Red,None reported,Yes,42433,Pickup,20,1,43000,0,3.6,,0,6,A
2876,Lincoln,Navigator L Reserve,2019,"49,131 mi.",Gasoline,Beige,,,55460,SUV,21,1,87960,0,3.5,,1,6,A
2877,Tesla,Model X P100D,2017,"100,346 mi.",,Silver,None reported,Yes,45999,SUV,90,1,140000,0,,,0,,A
2878,Mercedes-Benz,CLS-Class CLS 400 4MATIC,2016,"62,285 mi.",Gasoline,Black,At least 1 accident or damage reported,Yes,29950,Sedan,21,1,67000,0,3,329,0,6,A
2879,Lexus,RX 350 Base,2021,"5,040 mi.",Gasoline,Beige,At least 1 accident or damage reported,Yes,48900,SUV,20,0,45000,0,3.5,295,0,6,A
2880,RAM,1500 Laramie,2022,"12,940 mi.",Gasoline,White,At least 1 accident or damage reported,,46999,Pickup,22,1,45000,0,5.7,,0,8,A
2881,Mitsubishi,Outlander Sport ES,2015,"98,385 mi.",Gasoline,Silver,At least 1 accident or damage reported,Yes,10500,SUV,23,0,19995,0,2.4,166,0,4,A
2882,Hyundai,Sonata SE,2013,"43,903 mi.",Gasoline,Red,At least 1 accident or damage reported,Yes,12500,Sedan,29,0,22500,0,2.4,200,0,4,A
2883,Ford,Mustang EcoBoost Premium,2017,"41,650 mi.",Gasoline,Blue,None reported,Yes,23600,Coupe,23,1,34800,0,2.3,310,0,4,A
2884,BMW,X5 PHEV xDrive45e,2022,"31,850 mi.",Plug-In Hybrid,White,None reported,Yes,60500,SUV,50,1,65000,0,3,389,0,6,A
2885,Hyundai,Sonata Hybrid Limited,2013,"96,419 mi.",Hybrid,Black,At least 1 accident or damage reported,Yes,14999,Sedan,38,1,31850,0,2.4,199,0,4,A
2886,Honda,Odyssey EX-L,2007,"170,000 mi.",Gasoline,Black,None reported,Yes,7700,Minivan,20,0,27000,0,3.5,244,0,6,A
2887,Chevrolet,Colorado LT Crew Cab,2009,"139,000 mi.",Gasoline,Black,None reported,Yes,14500,Pickup,18,0,25000,0,5.3,300,0,8,A
2888,Buick,Enclave Premium,2016,"134,655 mi.",Gasoline,Beige,None reported,Yes,18051,SUV,17,1,48000,0,3.6,,0,6,A
2889,BMW,M235 i,2015,"81,000 mi.",Gasoline,White,None reported,Yes,27890,Coupe,22,1,43000,0,3,320,0,6,M
2890,McLaren,720S Performance,2020,"9,989 mi.",Gasoline,Black,None reported,Yes,324995,Coupe,15,1,299000,1,4,710,0,8,A
2891,Kia,Telluride SX,2022,"46,347 mi.",Gasoline,White,None reported,,46120,SUV,20,1,42000,0,3.8,,0,6,A
2892,Chevrolet,Corvette Base,2007,"4,048 mi.",Gasoline,Yellow,None reported,Yes,38000,Convertible,18,0,50000,1,6,400,0,8,M
2893,Mercedes-Benz,S-Class S 63 AMG,2015,"79,876 mi.",Gasoline,Black,None reported,Yes,45750,Sedan,18,1,150000,1,5.5,577,0,8,A
2894,Toyota,Mirai Limited,2021,"44,000 mi.",not supported,Gray,None reported,Yes,18500,Sedan,76,1,59900,0,,182,0,,A
2895,Alfa,Romeo Giulia Ti,2017,"56,910 mi.",Gasoline,Blue,,,23000,Sedan,26,0,38900,0,2,280,0,4,A
2896,Land,Rover Range Rover Sport HSE,2019,"65,019 mi.",Gasoline,Black,None reported,Yes,40500,SUV,20,1,66850,0,3,340,0,6,A
2897,Nissan,370Z Touring,2009,"133,409 mi.",Gasoline,Silver,At least 1 accident or damage reported,Yes,14999,Coupe,18,1,31690,0,3.7,332,0,6,M
2898,BMW,330 i xDrive,2018,"74,381 mi.",Gasoline,White,At least 1 accident or damage reported,Yes,22995,Sedan,30,1,42000,0,2,248,0,4,A
2899,Porsche,Macan,2023,"2,925 mi.",Gasoline,White,None reported,Yes,73300,SUV,20,0,52000,0,2,,1,4,A
2900,BMW,128 i,2013,"67,874 mi.",Gasoline,Gray,None reported,Yes,18000,Coupe,18,0,32000,0,3,230,0,6,A
2901,Mercedes-Benz,AMG GLE 63 S Coupe 4MATIC,2018,"71,500 mi.",Gasoline,White,None reported,Yes,61000,Coupe,17,1,111200,1,5.5,577,0,8,A
2902,Jeep,Wrangler Sport,2014,"71,000 mi.",Gasoline,Gray,None reported,Yes,22000,SUV,21,0,23945,0,3.6,285,0,6,A
2903,Ford,F-150 Raptor,2018,"64,517 mi.",Gasoline,Black,None reported,Yes,47995,Pickup,15,1,53000,0,3.5,450,0,6,A
2904,Dodge,Sprinter 2500 High Roof,2004,"55,000 mi.",Diesel,White,None reported,Yes,24000,Van,0,0,0,0,2.7,154,0,5,A
2905,BMW,M550 i xDrive,2019,"7,580 mi.",Gasoline,Black,None reported,Yes,51500,Sedan,23,1,89500,0,4.4,456,0,8,A
2906,Hyundai,Sonata GLS,2010,"135,000 mi.",Gasoline,Blue,None reported,Yes,3999,Sedan,24,0,19500,0,2.4,168,0,4,A
2907,Honda,Accord EX-L,2019,"62,200 mi.",Gasoline,White,At least 1 accident or damage reported,Yes,21500,Sedan,30,1,33500,0,1.5,192,0,4,A
2908,Cadillac,CTS 3.6L Premium,2014,"69,001 mi.",Gasoline,Red,None reported,Yes,19500,Sedan,21,1,61900,0,3.6,321,0,6,A
2909,Toyota,4Runner Venture Special Edition,2021,"28,567 mi.",Gasoline,,None reported,,44775,SUV,16,1,45000,0,,,0,,A
2910,Jaguar,XJ8 L,2006,"78,049 mi.",Gasoline,White,None reported,Yes,13980,Sedan,20,1,74900,0,4.2,300,0,8,A
2911,Ford,F-150 Lariat,2021,"36,821 mi.",Gasoline,Black,,,49273,Pickup,19,1,49000,0,3.5,,1,6,A
2912,Chevrolet,Suburban High Country,2021,"23,292 mi.",Gasoline,Brown,None reported,Yes,73500,SUV,16,1,81900,0,6.2,420,0,8,A
2913,Chevrolet,Suburban 1500 LTZ,2010,"162,671 mi.",E85 Flex Fuel,Black,None reported,Yes,12000,SUV,15,1,61000,0,5.3,320,0,8,A
2914,Land,Rover LR2 HSE,2010,"100,472 mi.",Gasoline,Gray,None reported,Yes,9975,SUV,18,1,38500,0,3.2,230,0,6,A
2915,Subaru,WRX Limited,2017,"73,120 mi.",Gasoline,White,At least 1 accident or damage reported,Yes,19950,Sedan,20,1,36000,0,2,268,0,4,A
2916,FORD,Expedition Timberline,2022,"23,300 mi.",Gasoline,Green,None reported,Yes,67500,SUV,18,1,86500,0,3.5,440,0,6,A
2917,Honda,Clarity Plug-In Hybrid Base,2018,"71,000 mi.",Plug-In Hybrid,Red,At least 1 accident or damage reported,Yes,17500,Sedan,110,0,33900,0,1.5,212,0,4,A
2918,RAM,3500 Laramie,2022,"16,648 mi.",Diesel,Red,None reported,,70999,Pickup,15,1,58000,0,6.7,,1,6,A
2919,Chevrolet,Silverado 2500 LT,2011,"240,000 mi.",Diesel,White,None reported,Yes,18500,Pickup,15,0,40000,0,6.6,335,0,8,A
2920,Lexus,RX 450h Base,2013,"119,755 mi.",Hybrid,Silver,None reported,Yes,19500,SUV,30,0,45900,0,3.5,295,0,6,A
2921,Mercedes-Benz,M-Class ML 350 4MATIC,2015,"88,000 mi.",E85 Flex Fuel,Silver,None reported,Yes,19500,SUV,20,1,52900,0,3.5,302,0,6,A
2922,BMW,X5 xDrive40i,2021,"41,000 mi.",Hybrid,White,None reported,Yes,50000,SUV,24,1,59600,0,3,335,0,6,A
2923,Chevrolet,Camaro 2SS,2022,"7,458 mi.",Gasoline,Red,None reported,Yes,47500,Coupe,16,1,42995,0,6.2,455,0,8,M
2924,Jeep,Gladiator Sport S,2022,"23,000 mi.",Gasoline,Green,None reported,Yes,43000,Pickup,17,0,46000,0,3.6,285,0,6,A
2925,Land,Rover Discovery LSE,1998,"149,437 mi.",Gasoline,Green,None reported,Yes,9995,SUV,14,0,47500,1,4,182,0,8,A
2926,Ford,F-250 XLT,2017,"244,000 mi.",Diesel,Red,None reported,Yes,35500,Pickup,18,0,34000,0,6.7,440,0,8,A
2927,RAM,1500 Rebel,2019,"46,000 mi.",Hybrid,White,None reported,Yes,37900,Pickup,22,1,45700,0,3.6,305,0,6,A
2928,audi,Q5 S line Premium Plus,2022,"13,133 mi.",Hybrid,Silver,None reported,,42998,SUV,24,1,55000,0,2,,0,,A
2929,RAM,1500 SLT,2017,"45,000 mi.",Gasoline,Black,None reported,Yes,29999,Pickup,20,0,43000,0,5.7,395,0,8,A
2930,Mazda,CX-30 Premium Package,2021,"18,385 mi.",Gasoline,Red,None reported,Yes,29255,SUV,25,1,29000,0,2.5,,0,4,A
2931,BMW,840 Gran Coupe i xDrive,2020,"25,793 mi.",Gasoline,Black,None reported,,52999,Coupe,22,1,85000,0,3,,1,6,A
2932,Porsche,Boxster S,2005,"44,400 mi.",Gasoline,Silver,None reported,Yes,29800,Convertible,20,1,60000,0,3.2,280,0,6,M
2933,Chevrolet,Malibu Limited LT,2016,"104,000 mi.",Gasoline,Silver,None reported,Yes,10500,Sedan,25,0,22670,0,2.5,,0,4,A
2934,Cadillac,Escalade Premium Luxury,2023,600 mi.,Gasoline,Black,None reported,Yes,103000,SUV,15,1,97000,0,6.2,420,0,8,A
2935,MINI,Cooper S Base,2007,"45,000 mi.",Gasoline,Yellow,None reported,Yes,7900,Hatchback,30,1,23000,0,1.6,172,0,4,M
2936,Jeep,Gladiator Mojave,2022,"24,500 mi.",Gasoline,Blue,None reported,Yes,64000,Pickup,21,1,62000,0,3.6,285,0,6,A
2937,Buick,Encore GX Essence,2020,"35,569 mi.",Gasoline,Silver,None reported,,21999,SUV,26,1,32500,0,1.3,,1,3,A
2938,Toyota,Highlander XLE,2020,"35,000 mi.",Gasoline,Silver,None reported,Yes,36999,SUV,21,0,39970,0,3.5,295,0,6,A
2939,Acura,MDX Touring,2003,"165,000 mi.",Gasoline,Silver,At least 1 accident or damage reported,Yes,4000,SUV,20,1,40000,0,3.5,260,0,6,A
2940,Land,Rover Range Rover Sport SE MHEV,2021,"15,000 mi.",Hybrid,Black,None reported,Yes,69000,SUV,22,1,77900,0,3,355,0,6,A
2941,BMW,535 i xDrive,2014,"119,750 mi.",Gasoline,White,None reported,Yes,15499,Sedan,20,1,60000,0,3,300,0,6,A
2942,Nissan,350Z Touring,2007,"90,000 mi.",Gasoline,White,At least 1 accident or damage reported,Yes,12000,Coupe,19,1,31999,0,3.5,306,0,6,M
2943,Ford,Transit Connect XLT,2015,"112,000 mi.",Gasoline,White,At least 1 accident or damage reported,Yes,14500,Minivan,24,0,24490,0,2.5,169,0,4,A
2944,Mercedes-Benz,SL-Class SL550 Roadster,2008,"150,000 mi.",Gasoline,Black,None reported,Yes,16800,Convertible,15,1,108000,1,5.5,382,0,8,A
2945,Porsche,911 Turbo S,2021,"1,912 mi.",Gasoline,Silver,None reported,Yes,240000,Coupe,18,1,207000,1,3.8,640,0,6,A
2946,Hyundai,Sonata Sport 2.0T,2015,"82,900 mi.",Gasoline,Black,At least 1 accident or damage reported,Yes,13995,Sedan,24,0,29900,0,2,245,0,4,A
2947,Audi,TT 1.8T,2004,"79,500 mi.",Gasoline,Silver,None reported,Yes,12000,Coupe,26,0,30000,1,1.8,180,0,4,A
2948,Volvo,XC90 T6 Inscription,2019,"60,000 mi.",Gasoline,White,None reported,Yes,37000,SUV,20,1,65500,0,2,316,0,4,A
2949,RAM,1500 Big Horn,2021,"41,800 mi.",Diesel,White,None reported,Yes,44900,Pickup,22,0,39600,0,3,260,0,6,A
2950,Chevrolet,Tahoe LT,2021,"71,536 mi.",Gasoline,Black,None reported,Yes,49685,SUV,18,0,59995,0,5.3,,0,8,A
2951,FORD,Explorer XLT,2014,"127,558 mi.",Gasoline,Green,None reported,Yes,13715,SUV,20,0,32995,0,3.5,,0,6,A
2952,Ford,Mustang Mach-E Premium,2023,"13,232 mi.",,Gray,None reported,Yes,45000,SUV,102,1,44000,0,,346,0,,A
2953,Chevrolet,Camaro 1SS,2017,"39,000 mi.",Gasoline,Yellow,None reported,Yes,31500,Coupe,22,1,34000,0,6.2,455,0,8,A
2954,Ford,Bronco Big Bend Advanced,2023,"11,500 mi.",Gasoline,Gray,None reported,Yes,54490,SUV,20,1,39695,0,2.7,315,0,6,A
2955,Chrysler,Pacifica Launch Edition,2020,"22,200 mi.",Gasoline,Black,None reported,Yes,36800,Minivan,19,1,43500,0,3.6,287,0,6,A
2956,Tesla,Model Y Long Range,2023,"7,414 mi.",,Black,None reported,Yes,56515,SUV,129,1,59990,0,,425,0,,A
2957,Lamborghini,Huracan LP580-2,2017,"14,586 mi.",Gasoline,Blue,None reported,,209991,Coupe,18,1,192000,1,5.2,,0,,A
2958,RAM,1500 Rebel,2021,"32,000 mi.",Hybrid,White,None reported,Yes,50927,Pickup,18,1,45000,0,5.7,395,0,8,A
2959,Toyota,86 Base,2020,"14,700 mi.",Gasoline,White,None reported,Yes,27350,Coupe,24,0,29990,0,2,200,0,4,A
2960,BMW,X5 xDrive50i,2016,"79,995 mi.",Gasoline,Black,None reported,Yes,23995,SUV,18,1,67100,0,4.4,445,0,8,A
2961,GMC,Yukon Denali,2018,"76,000 mi.",Gasoline,Black,None reported,Yes,44500,SUV,20,1,76000,0,6.2,420,0,8,A
2962,Honda,Accord EX-L,2014,"62,000 mi.",Gasoline,Gray,At least 1 accident or damage reported,Yes,18987,Sedan,27,0,30000,0,2.4,185,0,4,A
2963,Maserati,Ghibli S Q4,2017,"53,500 mi.",Gasoline,Gray,None reported,Yes,28700,Sedan,15,1,83000,0,3,404,0,6,A
2964,Hyundai,Kona EV SEL,2022,"9,400 mi.",,Red,None reported,Yes,31999,SUV,120,0,43000,0,,201,0,,A
2965,BMW,435 i,2014,"86,500 mi.",Gasoline,Silver,None reported,Yes,20900,Coupe,25,1,45000,0,3,300,0,6,A
2966,Mercedes-Benz,GL-Class GL 450,2011,"148,000 mi.",Gasoline,Black,At least 1 accident or damage reported,Yes,9900,SUV,14,1,62900,0,4.7,335,0,8,A
2967,GMC,Sierra 1500 SLE,2014,"100,080 mi.",E85 Flex Fuel,White,None reported,Yes,22989,Pickup,18,0,33500,0,4.3,285,0,6,A
2968,Dodge,Challenger SRT Demon,2018,"2,620 mi.",Gasoline,Black,,,155700,Coupe,13,1,84000,1,6.2,808,0,8,A
2969,BMW,X5 PHEV xDrive45e,2023,"3,099 mi.",Plug-In Hybrid,Black,None reported,Yes,74995,SUV,50,1,65000,0,3,389,0,6,A
2970,Dodge,Durango R/T,2020,"78,000 mi.",Gasoline,Black,At least 1 accident or damage reported,Yes,29500,SUV,20,1,60500,0,5.7,360,0,8,A
2971,Ferrari,488 Spider Base,2019,"9,005 mi.",Gasoline,White,None reported,,319900,Convertible,15,1,250000,1,3.9,,1,8,A
2972,Ford,Bronco Sport Big Bend,2022,"16,700 mi.",Gasoline,Blue,None reported,Yes,31000,SUV,25,0,33000,0,1.5,181,0,3,A
2973,Honda,Civic LX,2015,"51,300 mi.",Gasoline,Black,None reported,Yes,17500,Sedan,30,0,20500,0,1.8,143,0,4,M
2974,Ford,Shelby GT350 Base,2018,"8,237 mi.",Gasoline,Gray,None reported,Yes,62900,Coupe,14,1,60000,1,5.2,526,0,8,M
2975,Volkswagen,Jetta S,2010,"99,000 mi.",Gasoline,Gray,At least 1 accident or damage reported,Yes,6000,Sedan,24,0,18400,0,2.5,170,0,5,A
2976,Mazda,CX-5 Grand Touring,2021,"62,377 mi.",Gasoline,Black,None reported,Yes,26288,SUV,25,1,30500,0,2.5,,0,4,A
2977,Jeep,Wrangler Rubicon,2009,"130,000 mi.",Gasoline,Black,None reported,Yes,15500,SUV,15,0,29995,0,3.8,202,0,6,M
2978,Ford,F-250 XLT,2016,"94,300 mi.",E85 Flex Fuel,Silver,At least 1 accident or damage reported,Yes,28999,Pickup,20,0,35000,0,6.2,385,0,8,A
2979,Tesla,Model Y Performance,2022,"24,115 mi.",,Gray,None reported,Yes,46500,SUV,108,1,61990,0,,455,0,,A
2980,BMW,528 i,2016,"82,000 mi.",Gasoline,Silver,At least 1 accident or damage reported,Yes,16995,Sedan,24,0,52000,0,2,240,0,4,A
2981,Kia,Rio S,2021,"67,686 mi.",Gasoline,Silver,None reported,Yes,15700,Sedan,33,0,16400,0,1.6,120,0,4,A
2982,Tesla,Model S 85,2014,"96,800 mi.",,Blue,None reported,Yes,28450,Sedan,90,1,70000,0,,362,0,,A
2983,Jeep,Wrangler Sport,1997,"131,000 mi.",Gasoline,Green,At least 1 accident or damage reported,Yes,5500,SUV,15,0,20000,1,4,181,0,6,M
2984,Tesla,Model 3 Standard Range,2020,"23,097 mi.",,Black,None reported,Yes,29900,Sedan,0,0,39990,0,,271,0,,A
2985,Ferrari,GTC4Lusso T,2018,"31,000 mi.",Gasoline,White,None reported,Yes,197499,Coupe,18,1,300000,1,3.9,602,0,8,A
2986,BMW,X5 M50i,2021,"28,898 mi.",Gasoline,Black,None reported,Yes,71000,SUV,18,1,82800,0,4.4,523,0,8,A
2987,Mazda,MX-5 Miata RF Club,2022,"7,250 mi.",Gasoline,Gray,None reported,Yes,35619,Convertible,26,1,36655,1,2,181,0,4,M
2988,Ford,F-250 XLT,2014,"59,459 mi.",Diesel,Black,At least 1 accident or damage reported,Yes,40999,Pickup,20,0,32000,0,6.7,400,0,8,A
2989,Jeep,Wrangler Sahara,2012,"78,000 mi.",Gasoline,Beige,At least 1 accident or damage reported,Yes,22000,SUV,17,0,30995,0,3.6,285,0,6,A
2990,RAM,1500 Laramie,2021,"24,213 mi.",Gasoline,White,None reported,Yes,46500,Pickup,20,1,45000,0,5.7,395,0,8,A
2991,RAM,1500 Laramie,2020,"21,165 mi.",Gasoline,White,None reported,,46105,Pickup,20,1,40000,0,5.7,,0,8,A
2992,GMC,Yukon Denali,2016,"107,750 mi.",Gasoline,Black,None reported,Yes,35500,SUV,16,1,75995,0,6.2,420,0,8,A
2993,Ford,F-150 Lariat,2016,"117,000 mi.",Gasoline,White,None reported,Yes,26500,Pickup,18,1,40000,0,3.5,365,0,6,A
2994,Chevrolet,Corvette Base,2006,"39,132 mi.",Gasoline,Red,None reported,Yes,35000,Coupe,18,0,50000,1,6,400,0,8,A
2995,BMW,Z4 2.5i,2004,"94,500 mi.",Gasoline,Gray,None reported,Yes,9000,Convertible,20,0,30900,0,2.5,184,0,6,M
2996,Subaru,Crosstrek 2.0i Premium,2017,"50,011 mi.",Gasoline,Red,At least 1 accident or damage reported,Yes,21495,SUV,26,1,22000,0,2,148,0,4,A
2997,Lexus,GX 470 Base,2004,"215,000 mi.",Gasoline,White,At least 1 accident or damage reported,Yes,7350,SUV,15,0,50000,0,4.7,235,0,8,A
2998,RAM,1500 Laramie,2022,"16,616 mi.",Gasoline,Black,None reported,,45999,Pickup,22,1,45000,0,5.7,,0,8,A
2999,Ford,F-150 XLT,2022,"33,818 mi.",Gasoline,Black,None reported,Yes,46552,Pickup,22,0,35000,0,5,,0,8,A
3000,Jeep,Wagoneer Series III,2022,"9,099 mi.",Gasoline,Red,None reported,Yes,68362,SUV,15,1,86995,0,5.7,,0,8,A
3001,Volkswagen,GTI Base,2008,"95,798 mi.",Gasoline,White,None reported,Yes,9850,Hatchback,24,0,23000,0,2,200,0,4,M
3002,Mercedes-Benz,AMG GLE AMG GLE 63 S-Model 4MATIC,2016,"35,943 mi.",Gasoline,Black,None reported,Yes,51700,SUV,18,1,109900,0,5.5,577,0,8,A
3003,Mazda,Mazda6 iSport VE,2008,"106,000 mi.",Gasoline,Black,None reported,Yes,4300,Sedan,22,0,22135,0,2.3,156,0,4,A
3004,Kia,Telluride EX X-Line,2023,"10,400 mi.",Gasoline,Green,None reported,Yes,48000,SUV,20,1,44000,0,3.8,291,0,6,A
3005,Chevrolet,Tahoe LT,2022,"2,894 mi.",Gasoline,Blue,None reported,Yes,63900,SUV,20,1,61000,0,5.3,355,0,8,A
3006,Dodge,Durango GT,2022,"15,592 mi.",Gasoline,Black,None reported,Yes,39985,SUV,20,0,39990,0,3.6,,0,6,A
3007,Mercedes-Benz,AMG C 63 Base,2020,"33,548 mi.",Gasoline,Silver,None reported,Yes,57999,Sedan,20,1,70000,0,4,469,0,8,A
3008,BMW,320 i xDrive,2016,"185,000 mi.",Gasoline,Black,At least 1 accident or damage reported,Yes,7500,Sedan,24,0,35000,0,2,180,0,4,A
3009,Porsche,Macan GTS,2023,"6,483 mi.",Gasoline,Beige,None reported,,96900,SUV,18,1,89100,0,2.9,,1,6,A
3010,Honda,Pilot EX-L,2020,"28,886 mi.",Gasoline,Gray,,,35645,SUV,20,0,40000,0,3.5,,0,6,A
3011,Mercedes-Benz,GLE 350 Base,2020,"26,293 mi.",Gasoline,White,None reported,,49998,SUV,21,0,54000,0,2,,1,,A
3012,Chevrolet,Camaro 2SS,2017,"62,000 mi.",Gasoline,Blue,None reported,Yes,34500,Coupe,18,1,42995,0,6.2,455,0,8,A
3013,Jaguar,XF 35t Prestige,2017,"101,453 mi.",Gasoline,White,At least 1 accident or damage reported,Yes,18500,Sedan,24,1,60800,0,3,340,0,6,A
3014,RAM,3500 Laramie,2013,"106,385 mi.",Diesel,White,At least 1 accident or damage reported,Yes,42900,Pickup,12,1,60000,0,6.7,385,0,6,A
3015,BMW,335 is,2012,"86,629 mi.",Gasoline,White,None reported,Yes,20995,Sedan,20,1,41000,0,3,320,0,6,A
3016,audi,S6 4.0T Premium Plus,2018,"61,258 mi.",Gasoline,White,None reported,Yes,49999,Sedan,22,1,75600,0,4,450,0,8,A
3017,Chrysler,300 S,2014,"121,500 mi.",Gasoline,Blue,None reported,Yes,15999,Sedan,19,1,35995,0,5.7,363,0,8,A
3018,GMC,Sierra 1500 AT4,2022,100 mi.,Diesel,White,None reported,Yes,62499,Pickup,20,1,61785,0,3,277,0,6,A
3019,Chrysler,200 C,2015,"170,000 mi.",E85 Flex Fuel,Silver,At least 1 accident or damage reported,Yes,5995,Sedan,29,1,26995,0,3.6,295,0,6,A
3020,Ford,F-150 XLT SuperCab,2010,"232,000 mi.",Gasoline,Blue,None reported,Yes,3000,Pickup,15,0,29000,0,4.6,292,0,8,A
3021,MINI,Cooper S Base,2006,"95,000 mi.",Gasoline,Gray,None reported,Yes,12500,Hatchback,30,1,22000,0,1.6,168,0,4,M
3022,Toyota,Venza XLE,2013,"103,466 mi.",Gasoline,White,At least 1 accident or damage reported,Yes,14200,SUV,19,1,35300,0,3.5,268,0,6,A
3023,Toyota,Camry Hybrid Base,2011,"133,121 mi.",Hybrid,White,At least 1 accident or damage reported,Yes,7900,Sedan,39,0,26200,0,2.4,147,0,4,A
3024,Chevrolet,Tahoe LT,2012,"162,731 mi.",E85 Flex Fuel,Brown,None reported,Yes,14500,SUV,16,0,56000,0,5.3,320,0,8,A
3025,Mercedes-Benz,CLS-Class CLS 63 AMG S-Model 4MATIC,2014,"64,500 mi.",Gasoline,Silver,,,37500,Sedan,19,1,106600,0,5.5,577,0,8,A
3026,Ford,Shelby GT500 Base,2021,568 mi.,Gasoline,Orange,None reported,Yes,90788,Coupe,18,1,70000,1,5.2,760,0,8,A
3027,Lexus,RX 300 4WD,1999,"249,083 mi.",Gasoline,Red,At least 1 accident or damage reported,Yes,3500,SUV,20,0,35000,0,3,220,0,6,A
3028,Porsche,Macan S,2015,"80,300 mi.",Gasoline,Gray,None reported,Yes,23999,SUV,20,1,60000,0,3,340,0,6,A
3029,FORD,F-150 XLT SuperCab,2004,"187,000 mi.",Gasoline,Beige,None reported,Yes,6299,Pickup,15,0,25000,0,5.4,300,0,8,A
3030,Subaru,Outback 2.5 i Special Edition,2009,"181,870 mi.",Gasoline,Black,None reported,Yes,6500,SUV,20,0,22700,0,2.5,169,0,4,A
3031,GMC,Sierra 2500 AT4,2022,"22,600 mi.",Diesel,Beige,,,76740,Pickup,17,1,59900,0,6.6,,1,8,A
3032,BMW,X5 xDrive40i,2020,"37,000 mi.",Gasoline,Black,At least 1 accident or damage reported,Yes,50000,SUV,21,1,60900,0,3,335,0,6,A
3033,Porsche,Taycan Base,2022,"9,728 mi.",,White,None reported,Yes,89000,Sedan,84,0,86500,0,,375,0,,A
3034,Lexus,GX 470 Base,2006,"152,000 mi.",Gasoline,Blue,At least 1 accident or damage reported,Yes,13995,SUV,15,0,50000,0,4.7,263,0,8,A
3035,Ford,F-150 Heritage XL SuperCab Flareside,2004,"60,260 mi.",Gasoline,Blue,At least 1 accident or damage reported,Yes,30500,Pickup,15,0,24800,0,5.4,380,0,8,A
3036,Mazda,MazdaSpeed Miata MX-5 Base,2004,"33,362 mi.",Gasoline,Silver,At least 1 accident or damage reported,Yes,17599,Convertible,23,0,26850,1,1.8,178,0,4,M
3037,GMC,Acadia Denali,2021,"47,907 mi.",Gasoline,Beige,None reported,Yes,38436,SUV,22,1,48600,0,3.6,,0,6,A
3038,Mercedes-Benz,Metris Base,2016,"17,340 mi.",Gasoline,White,None reported,Yes,29000,Minivan,20,0,30000,0,2,208,0,4,A
3039,Cadillac,DeVille Base,1994,"85,000 mi.",,White,None reported,Yes,7900,Sedan,18,0,33500,0,,,0,,A
3040,Ford,Expedition EL XLT,2011,"195,500 mi.",E85 Flex Fuel,White,None reported,Yes,8999,SUV,14,0,44920,0,5.4,310,0,8,A
3041,Chevrolet,Monte Carlo SS,2000,"74,000 mi.",Gasoline,Red,None reported,Yes,4700,Coupe,18,0,24795,0,3.8,200,0,6,A
3042,RAM,1500 Big Horn,2015,"140,500 mi.",Gasoline,Red,At least 1 accident or damage reported,Yes,14000,Pickup,20,0,39700,0,5.7,395,0,8,A
3043,Jeep,Commander Base,2006,"212,500 mi.",Gasoline,Black,None reported,Yes,6500,SUV,17,0,29995,0,3.7,210,0,6,A
3044,Lexus,IS-F Base,2010,"77,400 mi.",Gasoline,White,At least 1 accident or damage reported,Yes,34500,Sedan,16,0,61000,0,5,416,0,8,A
3045,Ford,Utility Police Interceptor Base,2017,"118,000 mi.",Gasoline,Black,None reported,Yes,15000,SUV,16,0,31000,0,3.5,365,0,6,A
3046,Porsche,Carrera GT Base,2005,"4,400 mi.",Gasoline,Gray,None reported,Yes,1599000,Convertible,10,1,448000,1,5.7,605,0,10,M
3047,Cadillac,Escalade ESV Luxury,2016,"146,200 mi.",Gasoline,White,None reported,Yes,24500,SUV,16,1,72300,0,6.2,420,0,8,A
3048,Tesla,Model Y Performance,2020,"39,000 mi.",,Silver,None reported,Yes,43000,SUV,15,1,59990,0,,455,0,,A
3049,Chevrolet,Avalanche 1500 LS,2005,"130,000 mi.",E85 Flex Fuel,Red,None reported,Yes,7200,Pickup,15,0,32300,0,5.3,295,0,8,A
3050,Ford,F-150 Lariat,2021,"33,080 mi.",Gasoline,White,None reported,Yes,47850,Pickup,19,1,49000,0,2.7,325,0,6,A
3051,Mercedes-Benz,GLB 250 Base 4MATIC,2023,"1,219 mi.",Gasoline,Black,None reported,,46479,,,,,,2,,1,4,A
3052,Jeep,Wrangler Sport,2016,"41,000 mi.",Gasoline,White,None reported,Yes,25000,SUV,17,0,24000,0,3.6,285,0,6,A
3053,Nissan,350Z Touring,2004,"110,897 mi.",Gasoline,Black,At least 1 accident or damage reported,Yes,11500,Coupe,18,1,32000,0,3.5,287,0,6,M
3054,Chevrolet,Corvette Z06,2016,"49,000 mi.",Gasoline,Orange,None reported,Yes,75000,Coupe,15,1,100000,1,6.2,650,0,8,M
3055,Pontiac,Solstice GXP,2007,"47,000 mi.",Gasoline,Black,None reported,Yes,13300,Convertible,20,1,30100,0,2,260,0,4,M
3056,Hyundai,Sonata SE,2018,"57,690 mi.",Gasoline,Gray,At least 1 accident or damage reported,Yes,15900,Sedan,28,0,22900,0,2.4,185,0,4,A
3057,Mercedes-Benz,SLS AMG Base,2012,"17,941 mi.",Gasoline,Silver,None reported,Yes,226000,Coupe,16,1,200000,1,6.2,,0,8,A
3058,Lincoln,Navigator Reserve,2018,"54,000 mi.",Gasoline,Brown,At least 1 accident or damage reported,Yes,46500,SUV,21,1,74900,0,3.5,450,0,6,A
3059,Nissan,Maxima SL,2007,"101,600 mi.",Gasoline,Silver,None reported,Yes,6700,Sedan,20,0,30000,0,3.5,255,0,6,A
3060,Ford,Ranger XLT,2021,"89,000 mi.",Gasoline,Black,None reported,Yes,34000,Pickup,20,0,33500,0,2.3,270,0,4,A
3061,Tesla,Model 3 Long Range,2021,"18,000 mi.",,Black,None reported,Yes,42500,Sedan,120,1,49990,0,,,0,,A
3062,Jaguar,XE 35t Premium,2017,"55,000 mi.",Gasoline,Gray,None reported,Yes,25000,Sedan,24,1,49300,0,3,340,0,6,A
3063,Lincoln,MKZ Reserve,2017,"71,964 mi.",Gasoline,Blue,None reported,Yes,18750,Sedan,25,1,40000,0,2,240,0,4,A
3064,Cadillac,Escalade ESV Platinum,2020,"92,000 mi.",Gasoline,Black,None reported,Yes,50000,SUV,15,1,99995,0,6.2,420,0,8,A
3065,Ford,Fusion SE,2012,"160,000 mi.",E85 Flex Fuel,Gray,None reported,Yes,4500,Sedan,24,0,25000,0,3,240,0,6,A
3066,Mercedes-Benz,E-Class E 350,2012,"95,816 mi.",Gasoline,White,None reported,Yes,12000,Sedan,20,0,53000,0,3.5,302,0,6,A
3067,Jeep,Wrangler Unlimited Sport,2014,"132,600 mi.",Gasoline,White,At least 1 accident or damage reported,Yes,17000,SUV,21,0,30620,0,3.6,285,0,6,A
3068,Cadillac,DeVille Base,1994,"47,000 mi.",,White,None reported,Yes,5990,Sedan,18,0,33500,0,,,0,,A
3069,Jeep,Wrangler Sport,2010,"149,460 mi.",Gasoline,Black,None reported,Yes,10700,SUV,15,0,23000,0,3.8,202,0,6,A
3070,Jeep,Wrangler Sport,2011,"109,646 mi.",Gasoline,Orange,None reported,,16998,SUV,16,0,22000,0,3.8,,0,6,A
3071,Acura,MDX 3.5L w/Technology Package,2019,"90,605 mi.",Gasoline,White,None reported,,27698,SUV,20,1,53000,0,3.5,,0,,A
3072,Volkswagen,Jetta 1.4T S,2019,"59,000 mi.",Gasoline,Gray,None reported,Yes,17000,Sedan,30,0,19500,0,1.4,147,0,4,A
3073,Chevrolet,Camaro Z28,2002,"48,000 mi.",Gasoline,White,None reported,Yes,21999,Coupe,18,1,23000,0,5.7,310,0,8,A
3074,Chevrolet,Corvette Z06,2016,"41,500 mi.",Gasoline,White,None reported,Yes,66000,Coupe,15,1,100000,1,6.2,650,0,8,M
3075,Porsche,Cayman R,2012,"54,000 mi.",Gasoline,Black,None reported,Yes,75000,Coupe,20,1,66100,1,3.4,330,0,6,A
3076,Porsche,Cayenne Base,2018,"70,455 mi.",Gasoline,White,None reported,Yes,45855,SUV,20,0,65000,0,3.6,300,0,6,A
3077,Subaru,Crosstrek 2.0i Limited,2018,"84,054 mi.",Gasoline,Gray,None reported,Yes,21499,SUV,27,1,27000,0,2,152,0,4,A
3078,BMW,750 Li,2007,"114,528 mi.",Gasoline,Black,None reported,Yes,9000,Sedan,15,1,80000,0,4.8,360,0,8,A
3079,Jeep,Wrangler Sahara,2013,"111,850 mi.",Gasoline,Red,At least 1 accident or damage reported,Yes,26500,SUV,17,1,32000,0,3.6,285,0,6,A
3080,GMC,Sierra 2500 AT4,2020,"52,673 mi.",Diesel,Black,None reported,Yes,69500,Pickup,15,1,61900,0,6.6,445,0,8,A
3081,BMW,X3 M AWD,2021,"31,500 mi.",Gasoline,Black,None reported,Yes,54500,SUV,20,1,69900,0,3,473,0,6,A
3082,BMW,335 i,2011,"73,000 mi.",Gasoline,Red,None reported,Yes,16000,Sedan,20,1,40000,0,3,300,0,6,A
3083,Jeep,Wrangler Unlimited Sahara,2019,"59,692 mi.",Gasoline,Gray,None reported,Yes,35900,SUV,21,1,44845,0,3.6,285,0,6,A
3084,Toyota,Corolla S Plus,2016,"68,364 mi.",Gasoline,White,None reported,Yes,16000,Sedan,28,0,22800,0,1.8,132,0,4,A
3085,Land,Rover Discovery HSE LUXURY,2017,"47,200 mi.",Gasoline,Black,At least 1 accident or damage reported,Yes,29000,SUV,18,1,59995,0,3,340,0,6,A
3086,Mercedes-Benz,E-Class E 450 4MATIC,2021,"18,000 mi.",Hybrid,Gray,At least 1 accident or damage reported,Yes,62000,Sedan,24,1,77600,0,3,362,0,6,A
3087,Ford,Fusion Hybrid Base,2012,"158,366 mi.",Hybrid,Gray,At least 1 accident or damage reported,Yes,8250,Sedan,41,0,29800,0,2.5,191,0,4,A
3088,BMW,X1 xDrive 28i,2017,"49,700 mi.",Gasoline,Blue,None reported,Yes,26000,SUV,24,1,35000,0,2,228,0,4,A
3089,GMC,Terrain SLE,2010,"81,500 mi.",Gasoline,Brown,None reported,Yes,12250,SUV,20,0,25000,0,2.4,182,0,4,A
3090,BMW,i3 120Ah w/Range Extender,2019,"16,975 mi.",,Black,None reported,Yes,26990,Hatchback,0,0,44900,0,0.65,170,0,,A
3091,Porsche,911 GT3,2018,"5,989 mi.",Gasoline,Silver,None reported,,209000,Coupe,15,1,144000,1,,,0,,M
3092,FORD,Mustang SVT Cobra,2003,"16,100 mi.",Gasoline,Red,None reported,Yes,35500,Coupe,20,1,35995,1,4.6,390,0,8,M
3093,Land,Rover Range Rover Supercharged LWB,2020,"54,225 mi.",Gasoline,White,None reported,Yes,67500,SUV,18,1,215000,0,5,518,0,8,A
3094,RAM,2500 Big Horn,2016,"89,500 mi.",Gasoline,Black,None reported,Yes,35000,Pickup,16,0,44000,0,6.4,410,0,8,A
3095,Ford,E250 Cargo,2013,"87,501 mi.",E85 Flex Fuel,White,At least 1 accident or damage reported,Yes,17777,Minivan,12,0,28300,0,4.6,225,0,8,A
3096,MINI,Countryman Cooper S ALL4,2018,"12,370 mi.",Gasoline,Blue,None reported,Yes,28900,SUV,25,0,29000,0,2,189,0,4,A
3097,RAM,1500 Classic Tradesman,2019,"12,466 mi.",Gasoline,Gray,None reported,Yes,28995,Pickup,15,0,28000,0,5.7,395,0,8,A
3098,Volvo,C70 T5,2011,"199,000 mi.",Gasoline,Red,At least 1 accident or damage reported,Yes,5500,Convertible,20,0,35900,0,2.5,227,0,5,A
3099,Mercedes-Benz,SL-Class SL600 Roadster,2007,"78,200 mi.",Gasoline,Black,At least 1 accident or damage reported,Yes,22999,Convertible,15,1,137600,0,5.5,510,0,12,A
3100,Toyota,Camry Hybrid XLE,2018,"22,000 mi.",Hybrid,White,None reported,Yes,29500,Sedan,51,1,34450,0,2.5,208,0,4,A
3101,GMC,Acadia SLE-2,2016,"100,795 mi.",Gasoline,White,At least 1 accident or damage reported,Yes,12995,SUV,18,0,33700,0,3.6,,0,6,A
3102,Chevrolet,Impala 1LT,2019,"99,941 mi.",Gasoline,Silver,None reported,Yes,17816,Sedan,28,0,33995,0,3.6,,0,6,A
3103,Jeep,Grand Cherokee L Laredo,2021,"23,588 mi.",Gasoline,Gray,,,38633,SUV,19,0,36500,0,3.6,,0,6,A
3104,Jeep,Liberty Sport,2003,"103,000 mi.",Gasoline,Black,None reported,Yes,5200,SUV,20,0,22000,0,3.7,210,0,6,A
3105,Jaguar,XF Luxury,2009,"91,491 mi.",Gasoline,Blue,None reported,Yes,7000,Sedan,15,0,49900,0,4.2,300,0,8,A
3106,Honda,Civic Sport,2020,"23,131 mi.",Gasoline,Black,At least 1 accident or damage reported,,23739,Sedan,30,0,24000,0,2,,0,4,A
3107,Subaru,Outback 2.5i Premium,2019,"77,000 mi.",Gasoline,Gray,At least 1 accident or damage reported,Yes,18749,SUV,28,1,27295,0,2.5,175,0,4,A
3108,Land,Rover Range Rover Sport HSE Dynamic,2019,"20,500 mi.",Gasoline,White,None reported,Yes,76000,SUV,22,1,83500,0,3,380,0,6,A
3109,Tesla,Model Y Long Range,2022,500 mi.,,White,None reported,Yes,45900,SUV,115,1,54990,0,,425,0,,A
3110,Lexus,ES 350 Base,2019,"49,810 mi.",Gasoline,Gray,At least 1 accident or damage reported,Yes,33900,Sedan,22,0,39850,0,3.5,302,0,6,A
3111,Honda,CR-V Touring,2022,"20,229 mi.",Gasoline,Black,None reported,,36727,SUV,28,1,35000,0,1.5,,1,4,A
3112,Alfa,Romeo Giulia Quadrifoglio,2021,"10,558 mi.",Gasoline,White,None reported,Yes,75000,Sedan,24,1,74990,1,2.9,505,0,6,A
3113,BMW,330 i,2005,"59,300 mi.",Gasoline,Red,None reported,Yes,30900,Sedan,20,0,30000,0,3,225,0,6,M
3114,Maybach,Type 57 Base,2004,"34,254 mi.",Gasoline,Brown,None reported,Yes,64250,Sedan,14,1,357000,1,5.5,543,0,12,A
3115,Lexus,ES 250 Base,2021,"24,364 mi.",Gasoline,White,None reported,,37998,Sedan,28,0,39900,0,2.5,,0,,A
3116,Mercedes-Benz,Sprinter 2500,2016,"139,200 mi.",Diesel,White,At least 1 accident or damage reported,Yes,22000,Van,0,0,0,0,2.1,161,0,4,A
3117,Mercedes-Benz,E-Class E 350,2012,"82,046 mi.",Gasoline,Black,None reported,Yes,13999,Sedan,20,0,53000,0,3.5,302,0,6,A
3118,Dodge,Dakota Sport,1997,"285,000 mi.",Gasoline,White,None reported,Yes,6399,Pickup,15,0,19000,0,5.2,230,0,8,A
3119,RAM,1500 Tradesman/Express,2017,"26,269 mi.",E85 Flex Fuel,White,At least 1 accident or damage reported,,25307,Pickup,20,0,31000,0,3.6,,0,6,A
3120,Mazda,CX-9 Touring,2016,"127,131 mi.",Gasoline,Brown,At least 1 accident or damage reported,Yes,16770,SUV,22,0,36680,0,2.5,227,0,4,A
3121,Porsche,911 Turbo S,2019,"31,000 mi.",Gasoline,White,None reported,Yes,179900,Coupe,18,1,207000,1,3.8,580,0,6,A
3122,BMW,X3 xDrive30i,2021,"27,000 mi.",Gasoline,Black,None reported,Yes,38400,SUV,25,1,42600,0,2,248,0,4,A
3123,Jeep,Grand Cherokee Limited,2015,"93,400 mi.",E85 Flex Fuel,White,None reported,Yes,18900,SUV,20,1,36500,0,3.6,290,0,6,A
3124,BMW,X7 xDrive40i,2021,"9,200 mi.",Hybrid,White,At least 1 accident or damage reported,Yes,71200,SUV,21,1,74900,0,3,335,0,6,A
3125,Mercedes-Benz,SL-Class SL 550,2014,"76,850 mi.",Gasoline,Brown,At least 1 accident or damage reported,Yes,32999,Convertible,19,1,104000,0,4.7,429,0,8,A
3126,Bentley,Continental GT W12,2016,"61,160 mi.",Gasoline,Black,At least 1 accident or damage reported,Yes,98000,Coupe,12,1,202500,1,6,582,0,12,A
3127,Jeep,Wrangler Unlimited,2005,"146,000 mi.",Gasoline,Red,At least 1 accident or damage reported,Yes,15900,SUV,15,0,27000,0,4,190,0,6,A
3128,Tesla,Model S 100D,2017,"38,957 mi.",,Silver,None reported,Yes,46750,Sedan,101,1,134500,1,,,0,,A
3129,Volkswagen,Golf SportWagen TSI SE,2017,"33,850 mi.",Gasoline,Blue,None reported,Yes,16500,Hatchback,25,0,24000,0,1.8,170,0,4,A
3130,Jeep,Wrangler Unlimited Sahara,2020,"61,830 mi.",Gasoline,Black,At least 1 accident or damage reported,,39860,SUV,22,1,43190,0,2,,1,4,A
3131,Kia,Sorento SXL,2017,"108,559 mi.",Gasoline,Silver,None reported,,15998,SUV,22,1,45000,0,3.3,,0,6,A
3132,Lexus,LS 430 Base,2006,"192,000 mi.",Gasoline,Silver,At least 1 accident or damage reported,Yes,7390,Sedan,19,0,60900,0,4.3,278,0,8,A
3133,Mercedes-Benz,E-Class E 350 4MATIC,2014,"83,112 mi.",Gasoline,Black,None reported,Yes,15500,Sedan,20,0,59700,0,3.5,302,0,6,A
3134,Tesla,Model X 75D,2016,"52,000 mi.",,Black,None reported,Yes,52000,SUV,90,1,82800,0,,518,0,,A
3135,RAM,1500 Rebel,2020,"57,300 mi.",Gasoline,Black,None reported,Yes,43500,Pickup,21,1,45300,0,5.7,395,0,8,A
3136,MINI,Cooper Base,2008,"104,500 mi.",Gasoline,Red,At least 1 accident or damage reported,Yes,4100,Hatchback,28,0,20000,0,1.6,118,0,4,A
3137,Jeep,Cherokee Sport,1996,"170,552 mi.",Gasoline,Black,At least 1 accident or damage reported,Yes,6500,SUV,20,0,20000,0,4,190,0,6,A
3138,Ford,Mustang GT Premium,2013,"18,000 mi.",Gasoline,Silver,None reported,Yes,29000,Coupe,20,1,35000,0,5,412,0,8,A
3139,Lincoln,Navigator Reserve,2019,"39,000 mi.",Gasoline,Black,None reported,Yes,51999,SUV,20,1,90000,0,3.5,450,0,6,A
3140,Jeep,Gladiator Rubicon,2020,"38,000 mi.",Gasoline,Black,None reported,Yes,45000,Pickup,17,1,43300,0,3.6,285,0,6,A
3141,Porsche,Cayman GT4,2016,"15,168 mi.",Gasoline,White,None reported,Yes,115000,Coupe,18,1,84800,1,3.8,385,0,6,M
3142,Honda,Civic EX,2012,"167,506 mi.",Gasoline,Black,None reported,Yes,6500,Sedan,28,0,21555,0,1.8,140,0,4,A
3143,Jeep,Grand Cherokee Laredo,2012,"166,000 mi.",E85 Flex Fuel,White,At least 1 accident or damage reported,Yes,13000,SUV,16,0,29995,0,3.6,290,0,6,A
3144,Ford,Shelby GT500 Base,2021,"19,200 mi.",Gasoline,Black,None reported,Yes,82950,Coupe,18,1,70000,1,5.2,760,0,8,A
3145,Land,Rover Defender SE,2022,"46,000 mi.",Hybrid,Green,None reported,Yes,75000,SUV,17,1,54800,0,3,395,0,6,A
3146,Hummer,H3 Base,2007,"201,000 mi.",Gasoline,White,At least 1 accident or damage reported,Yes,7200,SUV,18,0,29000,0,3.7,242,0,5,A
3147,Kia,Sportage LX,2014,"87,000 mi.",Gasoline,Black,At least 1 accident or damage reported,Yes,8900,SUV,20,0,24800,0,2.4,182,0,4,A
3148,GMC,Yukon XL 1500 SLT,2015,"145,000 mi.",Gasoline,White,None reported,Yes,24950,SUV,16,1,56500,0,5.3,355,0,8,A
3149,Jeep,Wrangler Unlimited Sport,2020,"33,060 mi.",Gasoline,White,None reported,Yes,36500,SUV,20,0,33500,0,3.6,285,0,6,A
3150,Ford,Bronco XLT,1995,"195,000 mi.",,Blue,None reported,Yes,15000,SUV,15,0,27900,1,,,0,,A
3151,Tesla,Model S Long Range Plus,2021,"10,550 mi.",,Gray,None reported,Yes,67800,Sedan,100,1,79990,1,,557,0,,A
3152,audi,A6 3.0T Prestige,2014,"89,500 mi.",Gasoline,Gray,None reported,Yes,18000,Sedan,20,1,61000,0,3,310,0,6,A
3153,Jeep,Wrangler 80th Anniversary,2021,"27,000 mi.",Hybrid,Red,None reported,Yes,37500,SUV,21,1,38385,0,3.6,285,0,6,A
3154,Jeep,Wrangler Sport,2010,"87,250 mi.",Gasoline,Blue,None reported,Yes,18500,SUV,15,0,23000,0,3.8,202,0,6,M
3155,Volkswagen,CC 2.0T Sport,2016,"76,495 mi.",Gasoline,White,At least 1 accident or damage reported,Yes,13000,Sedan,24,0,32000,0,2,200,0,4,A
3156,Cadillac,SRX Luxury Collection,2016,"70,503 mi.",Gasoline,Silver,None reported,Yes,15500,SUV,24,1,47100,0,3.6,308,0,6,A
3157,Porsche,Cayenne Turbo,2009,"41,965 mi.",Gasoline,Black,At least 1 accident or damage reported,Yes,35000,SUV,14,1,89000,0,4.8,500,0,8,A
3158,Toyota,4Runner 4WD,1999,"267,000 mi.",Gasoline,Silver,At least 1 accident or damage reported,Yes,8000,SUV,17,0,30000,1,2.7,150,0,4,M
3159,Mitsubishi,Eclipse GT,2003,"146,000 mi.",Gasoline,Gray,At least 1 accident or damage reported,Yes,4200,Coupe,20,0,24195,0,3,200,0,6,A
3160,Chevrolet,Corvette Stingray w/1LT,2023,"9,000 mi.",Gasoline,White,None reported,Yes,82500,Coupe,15,0,63900,1,6.2,490,0,8,A
3161,Toyota,GR86 Premium,2022,"1,050 mi.",Gasoline,Gray,None reported,Yes,40000,Coupe,20,1,32990,0,2.4,228,0,4,A
3162,Land,Rover Range Rover P525 Westminster,2021,"22,270 mi.",Gasoline,Gray,None reported,,89900,SUV,18,1,107000,0,5,,0,8,A
3163,Ford,Mustang GT Premium,2012,"19,900 mi.",Gasoline,White,None reported,Yes,26500,Coupe,15,1,36000,0,5,412,0,8,A
3164,Tesla,Model Y Long Range,2020,"19,800 mi.",,White,None reported,Yes,44990,SUV,126,1,49990,0,,425,0,,A
3165,RAM,1500 Sport,2012,"113,500 mi.",Gasoline,Black,None reported,Yes,17900,Pickup,14,0,42000,0,5.7,390,0,8,A
3166,Lamborghini,Gallardo LP550-2,2013,"22,000 mi.",Gasoline,Black,None reported,Yes,150000,Coupe,15,1,198000,1,5.2,550,0,10,A
3167,INFINITI,Q60 3.0t Red Sport 400,2022,"3,300 mi.",Gasoline,Red,None reported,Yes,54000,Coupe,20,1,64000,0,3,400,0,6,A
3168,Volkswagen,e-Golf SE,2016,"41,615 mi.",,Blue,None reported,Yes,12000,Hatchback,126,0,29900,0,,115,0,,A
3169,Tesla,Model X Long Range,2022,"11,860 mi.",,White,None reported,Yes,92500,SUV,100,1,94990,0,,670,0,,A
3170,BMW,M5 Base,2015,"27,000 mi.",Gasoline,Black,None reported,Yes,52500,Sedan,15,1,89900,1,4.4,560,0,8,A
3171,Kia,K5 GT-Line,2022,"22,101 mi.",Gasoline,White,At least 1 accident or damage reported,Yes,29430,Sedan,29,0,28690,0,1.6,,1,4,A
3172,Chevrolet,Caprice Classic Base,1996,"60,000 mi.",Gasoline,Purple,,,18500,Sedan,18,0,26000,1,5.7,260,0,8,A
3173,Subaru,BRZ Limited,2013,"46,452 mi.",Gasoline,Gray,None reported,Yes,22888,Coupe,22,1,29995,0,2,200,0,4,M
3174,Lincoln,MKZ Reserve I,2019,"36,000 mi.",Gasoline,White,None reported,Yes,26500,Sedan,20,1,46635,0,2,245,0,4,A
3175,Chevrolet,Corvette Grand Sport,2019,"13,100 mi.",Gasoline,Silver,None reported,Yes,61950,Coupe,16,1,66900,1,6.2,460,0,8,M
3176,Audi,Q5 2.0T Premium Plus,2019,"50,000 mi.",Gasoline,White,At least 1 accident or damage reported,Yes,27000,SUV,22,1,49800,0,2,248,0,4,A
3177,Mazda,CX-9 Signature,2018,"19,500 mi.",Gasoline,White,None reported,Yes,32250,SUV,22,1,44710,0,2.5,227,0,4,A
3178,Ford,Mustang GT,2016,"36,000 mi.",Gasoline,Orange,At least 1 accident or damage reported,Yes,31000,Coupe,15,1,42500,0,5,435,0,8,M
3179,Rolls-Royce,Wraith Base,2016,"21,000 mi.",Gasoline,Brown,,,217000,Coupe,18,0,315000,1,6.6,624,0,12,A
3180,Chevrolet,Camaro 1SS,2022,"6,640 mi.",Gasoline,Orange,None reported,Yes,51999,Coupe,16,0,42200,0,6.2,455,0,8,A
3181,BMW,X5 xDrive35i,2016,"74,850 mi.",Gasoline,White,At least 1 accident or damage reported,Yes,21900,SUV,24,1,59000,0,3,300,0,6,A
3182,Nissan,Maxima SV,2014,"117,000 mi.",Gasoline,White,At least 1 accident or damage reported,Yes,10900,Sedan,20,0,35000,0,3.5,290,0,6,A
3183,Toyota,Tundra TRD Pro,2016,"51,400 mi.",E85 Flex Fuel,Black,,,39900,Pickup,13,1,47000,0,5.7,381,0,8,A
3184,INFINITI,QX60 AUTOGRAPH,2022,"6,000 mi.",Gasoline,Gold,None reported,Yes,57999,SUV,20,1,70710,0,3.5,295,0,6,A
3185,Mitsubishi,Lancer Evolution MR,2006,"128,000 mi.",Gasoline,Silver,None reported,Yes,37999,Sedan,17,1,40000,1,2,286,0,4,M
3186,BMW,X3 xDrive30i,2021,"15,000 mi.",Gasoline,White,None reported,Yes,39995,SUV,25,1,42600,0,2,248,0,4,A
3187,Toyota,Tundra SR5,2016,"119,000 mi.",Gasoline,Red,None reported,Yes,29950,Pickup,13,0,35000,0,5.7,381,0,8,A
3188,Lincoln,Mark LT Base,2006,"87,500 mi.",Gasoline,Silver,At least 1 accident or damage reported,Yes,12999,Pickup,14,0,50000,0,5.4,300,0,8,A
3189,Ford,Flex SEL,2011,"149,000 mi.",Gasoline,Black,None reported,Yes,7999,SUV,18,0,30900,0,3.5,262,0,6,A
3190,audi,Q5 2.0T Premium Plus,2015,"54,700 mi.",E85 Flex Fuel,Gray,At least 1 accident or damage reported,Yes,20995,SUV,24,1,40000,0,2,220,0,4,A
3191,Ford,F-150 XL,2021,"45,979 mi.",Gasoline,Black,None reported,Yes,38532,Pickup,20,0,29100,0,3.5,,1,6,A
3192,Lincoln,Continental Reserve,2017,"56,846 mi.",Gasoline,White,None reported,Yes,29000,Sedan,18,1,65000,0,2.7,335,0,6,A
3193,Tesla,Model X 75D,2017,"94,100 mi.",,Black,At least 1 accident or damage reported,Yes,49900,SUV,90,1,85000,0,,518,0,,A
3194,Jeep,Grand Cherokee Limited,2017,"80,150 mi.",Gasoline,Blue,At least 1 accident or damage reported,Yes,22500,SUV,21,1,39790,0,3.6,293,0,6,A
3195,GMC,Terrain SLT-1,2013,"11,563 mi.",Gasoline,Blue,At least 1 accident or damage reported,Yes,12300,SUV,20,1,30000,0,2.4,182,0,4,A
3197,Mercedes-Benz,AMG E 53 Base 4MATIC,2021,"15,615 mi.",Hybrid,Gray,None reported,Yes,78000,Sedan,20,1,74600,0,3,429,0,6,A
3198,Subaru,Impreza WRX Base,2013,"113,000 mi.",Gasoline,Blue,At least 1 accident or damage reported,Yes,16000,Sedan,27,0,26995,1,2.5,265,0,4,M
3199,Kia,Optima S,2018,"74,000 mi.",Gasoline,White,None reported,Yes,15000,Sedan,31,0,25000,0,2.4,185,0,4,A
3200,Mercedes-Benz,M-Class ML 350,2011,"99,200 mi.",Gasoline,Black,None reported,Yes,11900,SUV,21,1,48650,0,3.5,268,0,6,A
3201,Volkswagen,Beetle 2.0T S,2018,"36,824 mi.",Gasoline,Red,None reported,Yes,23999,Coupe,26,0,20500,0,2,174,0,4,A
3202,Acura,RSX Base,2005,"186,040 mi.",Gasoline,Gray,At least 1 accident or damage reported,Yes,6700,Coupe,26,0,19750,0,2,160,0,4,A
3203,GMC,Acadia SLE,2020,"58,000 mi.",Gasoline,Black,None reported,Yes,27700,SUV,22,0,34700,0,3.6,310,0,6,A
3204,Ford,F-150 Lariat,2020,"31,250 mi.",Gasoline,Blue,None reported,Yes,42500,Pickup,20,1,45000,0,2.7,325,0,6,A
3205,Jeep,Gladiator Overland,2020,"43,000 mi.",Gasoline,White,None reported,Yes,46500,Pickup,20,1,43000,0,3.6,285,0,6,A
3206,Toyota,Tacoma TRD Sport,2020,"41,199 mi.",Gasoline,Black,None reported,,41598,Pickup,20,0,33500,0,3.5,,0,,M
3207,Kia,EV6 GT-Line,2022,"22,000 mi.",,Gray,None reported,Yes,45000,SUV,117,1,55000,0,,320,0,,A
3208,Genesis,GV70 3.5T Sport,2022,"12,900 mi.",Gasoline,Gray,None reported,Yes,53000,SUV,20,1,62900,0,3.5,375,0,6,A
3210,MINI,Countryman Cooper,2020,"74,725 mi.",Gasoline,Black,None reported,Yes,21612,SUV,25,0,30000,0,1.5,,1,3,A
3211,Mazda,CX-5 Grand Touring,2021,"61,117 mi.",Gasoline,Silver,None reported,Yes,26485,SUV,25,1,30500,0,2.5,,0,4,A
3212,BMW,325 i,2003,"142,000 mi.",Gasoline,Silver,At least 1 accident or damage reported,Yes,4800,Sedan,30,0,29000,0,2.5,184,0,6,M
3213,Ford,Mustang EcoBoost Premium,2019,"31,000 mi.",,Gray,None reported,Yes,34700,Coupe,22,1,35000,0,,,0,,M
3214,Toyota,Yaris L,2012,"129,355 mi.",Gasoline,Black,At least 1 accident or damage reported,Yes,7950,Hatchback,30,0,15000,0,1.5,106,0,4,A
3215,Chevrolet,Express 1500 Base,2010,"204,000 mi.",E85 Flex Fuel,White,At least 1 accident or damage reported,Yes,4900,Minivan,16,0,26000,0,5.3,310,0,8,A
3216,Lincoln,Navigator L Select,2016,"115,600 mi.",Gasoline,Black,None reported,Yes,22500,SUV,18,1,82400,0,3.5,380,0,6,A
3217,Jeep,Wrangler Sahara Altitude,2023,"1,563 mi.",Hybrid,Gray,None reported,Yes,62500,SUV,22,1,46000,0,3.6,285,0,6,A
3218,Bentley,Continental GT Base,2007,"72,166 mi.",Gasoline,Black,At least 1 accident or damage reported,Yes,35995,Coupe,12,1,189800,1,6,552,0,12,A
3219,Lexus,RX 350 F Sport,2018,"26,100 mi.",Gasoline,Gray,None reported,Yes,37899,SUV,24,1,43900,0,3.5,295,0,6,A
3220,BMW,430 i,2017,"58,880 mi.",Gasoline,White,None reported,Yes,21000,Coupe,24,1,46000,0,2,248,0,4,A
3221,Cadillac,Escalade Sport Platinum,2021,"26,000 mi.",Gasoline,Black,None reported,Yes,104000,SUV,17,1,130000,0,6.2,420,0,8,A
3222,Honda,Civic EX,2008,"190,640 mi.",Gasoline,Silver,At least 1 accident or damage reported,Yes,5500,Sedan,30,0,19000,0,1.8,140,0,4,M
3223,Porsche,Cayenne AWD,2020,"37,500 mi.",Gasoline,White,None reported,Yes,59900,SUV,19,1,67500,0,3,335,0,6,A
3224,FORD,Mustang Mach-E GT,2022,"13,856 mi.",,White,None reported,Yes,54000,SUV,100,1,61000,0,,480,0,,A
3225,Cadillac,ATS 2.5L Luxury,2013,"225,000 mi.",Gasoline,Blue,None reported,Yes,13600,Sedan,26,0,34995,0,2.5,202,0,4,A
3226,Lexus,LS 460 Base,2014,"123,256 mi.",Gasoline,White,None reported,Yes,24995,Sedan,16,1,72000,0,4.6,386,0,8,A
3227,Cadillac,Escalade Premium Luxury,2021,"11,459 mi.",Gasoline,White,None reported,Yes,88900,SUV,16,1,85995,0,6.2,420,0,8,A
3228,Mercedes-Benz,C-Class C 300 4MATIC Sport,2016,"67,289 mi.",Gasoline,White,None reported,Yes,20490,Sedan,25,1,40000,0,2,241,0,4,A
3229,Hyundai,Veloster Base,2013,"56,837 mi.",Gasoline,Silver,At least 1 accident or damage reported,Yes,10500,Hatchback,30,0,18000,0,1.6,132,0,4,A
3230,Chevrolet,Corvette Base,2002,"44,168 mi.",Gasoline,Orange,None reported,Yes,30000,Coupe,18,1,50000,0,5.7,350,0,8,A
3231,Mercedes-Benz,C-Class C 300 4MATIC,2019,"59,766 mi.",Gasoline,Blue,None reported,,26900,Sedan,24,1,41200,0,2,,1,4,A
3232,Kia,Stinger GT,2018,"56,300 mi.",Gasoline,Silver,None reported,Yes,29950,,,,,,3.3,365,0,6,A
3233,Volvo,S60 R,2004,"167,000 mi.",Gasoline,Black,None reported,Yes,8000,Sedan,18,1,36000,0,2.5,300,0,5,M
3234,Chevrolet,Silverado 2500 LT,2015,"122,770 mi.",E85 Flex Fuel,Brown,None reported,Yes,27499,Pickup,16,0,45000,0,6,360,0,8,A
3235,Land,Rover Range Rover 3.0L V6 Supercharged HSE,2019,"59,271 mi.",Gasoline,Black,None reported,Yes,54995,SUV,18,1,91900,0,3,380,0,6,A
3236,GMC,Sierra 1500 SLE,2015,"102,000 mi.",Gasoline,Silver,At least 1 accident or damage reported,Yes,24500,Pickup,17,0,39200,0,5.3,355,0,8,A
3237,Chevrolet,Silverado 1500 RST,2020,"40,929 mi.",Gasoline,Red,At least 1 accident or damage reported,Yes,44800,Pickup,20,0,53400,0,5.3,,0,8,A
3238,Porsche,911 Turbo S,2019,"22,000 mi.",Gasoline,White,None reported,Yes,174900,Coupe,18,1,207000,1,3.8,580,0,6,A
3239,Chevrolet,Suburban Z71,2022,"19,200 mi.",Gasoline,White,None reported,Yes,69790,SUV,21,1,63500,0,6.2,420,0,8,A
3240,Mercedes-Benz,G-Class G 550 4MATIC,2019,"32,376 mi.",Gasoline,Black,None reported,Yes,128000,SUV,13,1,130900,1,4,416,0,8,A
3241,Porsche,911 Carrera,2023,"19,800 mi.",Gasoline,Silver,None reported,Yes,134900,Coupe,20,1,103000,1,3,379,0,6,A
3242,Land,Rover Range Rover Sport HSE,2011,"105,000 mi.",Gasoline,Black,None reported,Yes,10000,SUV,14,1,58900,0,5,375,0,8,A
3243,FORD,F-250 Lariat,2016,"122,650 mi.",Diesel,Gray,None reported,Yes,38900,Pickup,20,1,50000,0,6.7,440,0,8,A
3244,Subaru,BRZ Limited,2022,"14,000 mi.",Gasoline,White,None reported,Yes,34999,Coupe,22,1,31995,0,2.4,228,0,4,M
3245,Lexus,LS 460 Base,2008,"100,868 mi.",Gasoline,Black,None reported,Yes,15397,Sedan,18,0,65000,0,4.6,380,0,8,A
3246,Land,Rover Range Rover Sport HSE,2013,"111,000 mi.",Gasoline,Black,At least 1 accident or damage reported,Yes,15000,SUV,18,1,59995,0,5,375,0,8,A
3247,Cadillac,Escalade Sport Platinum,2021,"38,500 mi.",Gasoline,White,At least 1 accident or damage reported,Yes,94995,SUV,17,1,130000,0,6.2,420,0,8,A
3248,Nissan,Pathfinder S,2020,"41,250 mi.",Gasoline,White,None reported,Yes,21865,SUV,21,0,31410,0,3.5,284,0,6,A
3249,MINI,Cooper S Base,2006,"99,600 mi.",Gasoline,Orange,None reported,Yes,5500,Hatchback,30,1,22000,0,1.6,168,0,4,A
3250,Acura,ILX 2.0L w/Premium Package,2013,"198,000 mi.",Gasoline,White,At least 1 accident or damage reported,Yes,11000,Sedan,28,1,29900,0,2,150,0,4,A
3251,Lexus,RX 350 Base,2021,"20,598 mi.",Gasoline,Silver,At least 1 accident or damage reported,,42599,SUV,20,0,45000,0,3.5,,0,6,A
3252,Porsche,911 Carrera S,2013,"52,044 mi.",Gasoline,White,None reported,Yes,76500,Coupe,20,1,100000,1,3.8,400,0,6,M
3253,MINI,Hardtop Cooper S,2022,"23,777 mi.",Gasoline,Gray,None reported,Yes,30000,Hatchback,26,1,29500,0,2,189,0,4,M
3254,Ford,F-150 Platinum,2018,"60,660 mi.",Gasoline,Gold,At least 1 accident or damage reported,Yes,46900,Pickup,18,1,53500,0,3.5,375,0,6,A
3255,BMW,i3 Base,2015,"26,000 mi.",,White,None reported,Yes,14999,Hatchback,124,0,43500,0,0.65,170,0,,A
3256,Mazda,CX-5 Touring,2018,"61,000 mi.",Gasoline,Gray,None reported,Yes,21800,SUV,24,0,28000,0,2.5,187,0,4,A
3257,Lexus,RX 350 F Sport Performance,2020,"53,750 mi.",Gasoline,Black,None reported,Yes,32600,SUV,22,1,47000,0,3.5,295,0,6,A
3258,BMW,X5 M50i,2023,"13,735 mi.",Gasoline,Black,None reported,,77897,SUV,20,1,85800,0,4.4,,1,8,A
3259,Mercedes-Benz,E-Class E 300,2019,"32,580 mi.",Gasoline,Black,None reported,,33998,Sedan,24,1,52900,0,2,,1,,A
3260,Porsche,911 Carrera Cabriolet,2006,"96,275 mi.",Gasoline,Silver,At least 1 accident or damage reported,Yes,52500,Convertible,19,1,81100,1,3.6,325,0,6,M
3261,FORD,F-350 Lariat,2015,"162,000 mi.",Diesel,Red,None reported,Yes,32000,Pickup,15,1,57000,0,6.7,440,0,8,A
3262,BMW,X3 xDrive30i,2019,"92,040 mi.",Gasoline,White,None reported,Yes,24999,SUV,25,1,42000,0,2,,1,4,A
3263,RAM,1500 SLT,2017,"73,690 mi.",Gasoline,Blue,At least 1 accident or damage reported,Yes,27000,Pickup,20,0,43000,0,5.7,395,0,8,A
3264,Toyota,Tacoma Base,2009,"48,750 mi.",Gasoline,Brown,None reported,Yes,17900,Pickup,20,0,20000,0,2.7,159,0,4,M
3265,Cadillac,SRX Performance Collection,2011,"124,542 mi.",Gasoline,Gray,None reported,Yes,8450,SUV,20,1,40000,0,3,265,0,6,A
3266,Ford,Mustang GT Premium,2010,"69,000 mi.",Gasoline,White,None reported,Yes,20000,Coupe,17,1,30000,0,4.6,315,0,8,A
3267,Dodge,Ram 2500 Laramie Quad Cab,2004,"148,000 mi.",Diesel,Black,None reported,Yes,19000,Pickup,15,1,36000,0,5.9,250,0,6,A
3268,BMW,650 i,2006,"122,141 mi.",Gasoline,Silver,None reported,Yes,10500,Coupe,15,1,80000,0,4.8,360,0,8,M
3269,Subaru,Impreza WRX,2012,"106,000 mi.",Gasoline,Black,None reported,Yes,15000,Sedan,19,1,28000,1,2.5,265,0,4,M
3270,FORD,Edge Titanium,2017,"113,294 mi.",Gasoline,Gray,At least 1 accident or damage reported,Yes,16500,SUV,21,1,40200,0,2,245,0,4,A
3271,Kia,Telluride SX,2021,"24,423 mi.",Gasoline,Black,None reported,,44315,SUV,20,1,45000,0,3.8,,0,6,A
3272,Tesla,Model S Long Range,2022,"28,000 mi.",,Gray,None reported,Yes,68750,Sedan,120,1,94990,0,,670,0,,A
3273,RAM,1500 Rebel,2018,"54,800 mi.",Gasoline,White,At least 1 accident or damage reported,Yes,37050,Pickup,15,1,48000,0,5.7,395,0,8,A
3274,FORD,Explorer XLT,2017,"161,000 mi.",Gasoline,Gray,None reported,Yes,17500,SUV,20,0,31500,0,3.5,290,0,6,A
3275,Mercedes-Benz,AMG GLE 43 4MATIC Coupe,2019,"28,755 mi.",Gasoline,Black,None reported,Yes,61350,Coupe,18,1,70000,0,3,385,0,6,A
3276,audi,Q5 2.0T Premium Plus,2016,"52,105 mi.",E85 Flex Fuel,White,At least 1 accident or damage reported,Yes,20499,SUV,24,1,48700,0,2,220,0,4,A
3277,Nissan,Armada Platinum,2018,"119,950 mi.",Gasoline,Black,None reported,Yes,20999,SUV,14,1,61000,0,5.6,390,0,8,A
3278,Mercedes-Benz,SL-Class SL500 Roadster,2003,"80,081 mi.",Gasoline,White,None reported,Yes,12500,Convertible,17,1,83500,1,5,302,0,8,A
3279,Bentley,Bentayga V8,2021,"24,500 mi.",Gasoline,White,None reported,Yes,165000,SUV,18,1,166425,0,4,542,0,8,A
3280,Jeep,Gladiator Overland,2021,"4,100 mi.",Gasoline,Black,None reported,Yes,55000,Pickup,22,1,41790,0,3.6,285,0,6,A
3281,BMW,M2 CS,2020,"9,670 mi.",Gasoline,Blue,None reported,Yes,103500,Coupe,20,1,84000,1,3,444,0,6,A
3282,Dodge,Charger SE,2017,"63,250 mi.",Gasoline,Red,None reported,Yes,18650,Sedan,19,0,27995,0,3.6,292,0,6,A
3283,Lincoln,MKX Black Label,2017,"69,431 mi.",Gasoline,Silver,None reported,Yes,26500,SUV,20,1,55000,0,2.7,335,0,6,A
3284,Toyota,Tundra SR5,2015,"108,044 mi.",Gasoline,Black,None reported,Yes,31380,Pickup,13,0,33150,0,5.7,,0,8,A
3285,BMW,335 i,2008,"98,000 mi.",Gasoline,Black,None reported,Yes,13998,Sedan,18,1,41000,0,3,300,0,6,A
3286,BMW,X1 xDrive28i,2019,"52,253 mi.",Gasoline,White,None reported,Yes,34500,SUV,24,1,35800,0,2,228,0,4,A
3287,Ford,F-350 Platinum,2022,"23,850 mi.",Diesel,Silver,None reported,Yes,99750,Pickup,20,1,85000,0,6.7,475,0,8,A
3288,Mercedes-Benz,Sprinter High Roof,2015,"1,500 mi.",Diesel,White,None reported,Yes,39500,Van,24,0,40000,0,3,188,0,6,A
3289,Dodge,Challenger GT,2021,"40,000 mi.",Gasoline,Black,None reported,Yes,32500,Coupe,18,0,33995,0,3.6,303,0,6,A
3290,Audi,S4 3.0 Prestige,2012,"38,718 mi.",Gasoline,Black,None reported,Yes,31000,Sedan,20,1,50000,0,3,333,0,6,A
3291,Toyota,Tacoma TRD Sport,2018,"84,184 mi.",Gasoline,Gray,None reported,,35998,Pickup,21,0,33500,0,3.5,,0,,A
3292,Mercedes-Benz,Sprinter 2500 Standard Roof,2021,"13,344 mi.",Diesel,Red,None reported,Yes,56500,Van,0,0,0,0,3,188,0,6,A
3293,INFINITI,Q50 3.0t Red Sport 400,2018,"51,850 mi.",Gasoline,Black,None reported,Yes,28900,Sedan,20,1,60000,0,3,400,0,6,A
3294,Porsche,911 Carrera 4S,2002,"119,500 mi.",Gasoline,Black,At least 1 accident or damage reported,Yes,36995,Coupe,18,1,85000,0,3.6,320,0,6,M
3295,FORD,Expedition Max Limited,2021,"30,918 mi.",Gasoline,White,None reported,Yes,51999,SUV,18,1,75999,0,3.5,375,0,6,A
3296,Chevrolet,Corvette Stingray w/3LT,2023,"1,100 mi.",Gasoline,Gray,None reported,Yes,92000,Coupe,15,1,80000,1,6.2,490,0,8,A
3297,Mercedes-Benz,C-Class C 300,2019,"40,000 mi.",Gasoline,Blue,None reported,Yes,27900,Sedan,27,1,41000,0,2,255,0,4,A
3298,Jeep,Grand Cherokee Limited,2005,"100,500 mi.",Gasoline,Black,None reported,Yes,9998,SUV,17,1,39210,0,5.7,325,0,8,A
3299,Dodge,Charger SRT Hellcat,2020,"54,320 mi.",Gasoline,Gray,At least 1 accident or damage reported,Yes,67000,Sedan,12,1,69995,1,6.2,707,0,8,A
3300,Mercedes-Benz,C-Class C 300 4MATIC,2018,"49,000 mi.",Gasoline,Black,None reported,Yes,23450,Sedan,25,1,41000,0,2,241,0,4,A
3301,Porsche,911 Carrera S,2020,"28,000 mi.",Gasoline,Gray,None reported,Yes,134999,Coupe,22,1,113300,1,3,443,0,6,A
3302,Porsche,911 GT3,2022,"1,750 mi.",Gasoline,White,None reported,Yes,275000,Coupe,18,1,162000,1,4,502,0,6,A
3303,Cadillac,DTS Luxury,2007,"130,000 mi.",Gasoline,Gold,At least 1 accident or damage reported,Yes,3499,Sedan,17,1,53000,0,4.6,275,0,8,A
3304,Maserati,Grecale Modena,2023,"3,721 mi.",Gasoline,White,None reported,Yes,69645,SUV,22,1,64900,0,2,,1,4,A
3305,Mercedes-Benz,S-Class S 550,2016,"78,101 mi.",Gasoline,Black,None reported,Yes,34500,Sedan,18,1,96500,0,4.7,449,0,8,A
3306,Chevrolet,Malibu 1LT,2017,"54,000 mi.",Gasoline,Gray,At least 1 accident or damage reported,Yes,16000,Sedan,27,0,24000,0,1.5,160,0,4,A
3308,Mercedes-Benz,SLK-Class SLK 250,2015,"49,000 mi.",Gasoline,Blue,None reported,Yes,23500,Convertible,25,0,43000,0,1.8,201,0,4,A
3309,GMC,Sierra 2500 Denali,2024,"2,043 mi.",Gasoline,White,None reported,Yes,81500,Pickup,15,1,75000,0,6.6,401,0,8,A
3310,Lexus,RX 350 Base,2016,"71,750 mi.",Gasoline,Black,None reported,Yes,28000,SUV,20,0,42900,0,3.5,295,0,6,A
3311,Chevrolet,Corvette Stingray w/3LT,2020,"5,194 mi.",Gasoline,White,None reported,,87500,Coupe,15,1,60000,1,6.2,,0,8,A
3312,BMW,330 i,2019,"42,200 mi.",Gasoline,White,None reported,Yes,27500,Sedan,30,0,41000,0,2,255,0,4,A
3313,Mercedes-Benz,GLC 300 Base,2020,"42,717 mi.",Gasoline,Gold,None reported,Yes,33500,SUV,24,0,45000,0,2,255,0,4,A
3314,Tesla,Model S 75D,2016,"102,260 mi.",,White,None reported,Yes,31300,Sedan,90,1,75000,0,,518,0,,A
3315,Chevrolet,Corvette Stingray w/2LT,2022,"11,089 mi.",Gasoline,Silver,None reported,,80900,Convertible,18,1,70300,1,6.2,,0,8,M
3316,Jaguar,XF 25t Prestige,2018,"37,777 mi.",Gasoline,Black,None reported,Yes,32500,Sedan,24,0,61600,0,2,247,0,4,A
3317,Ford,F-150 XLT,2021,"35,921 mi.",Gasoline,Blue,None reported,,42995,Pickup,20,0,40000,0,2.7,,1,6,A
3318,Ford,Bronco Outer Banks,2023,"1,800 mi.",Gasoline,Gray,,,54900,SUV,20,1,43000,0,2.3,275,0,4,A
3319,Scion,FR-S Monogram,2014,"163,019 mi.",Gasoline,Black,At least 1 accident or damage reported,Yes,8900,Coupe,30,0,30000,0,2,200,0,4,M
3320,Mercedes-Benz,C-Class C 300 4MATIC,2020,"14,220 mi.",Gasoline,Blue,None reported,Yes,35500,Sedan,24,1,42000,0,2,255,0,4,A
3321,Chevrolet,Tahoe Premier,2019,"48,879 mi.",Gasoline,Silver,None reported,,49573,SUV,18,1,68000,0,5.3,,0,8,A
3322,BMW,M3 Base,2002,"117,200 mi.",Gasoline,Black,None reported,Yes,15000,Coupe,20,1,50000,1,3.2,333,0,6,A
3323,FORD,F-150 Lariat,2016,"25,000 mi.",E85 Flex Fuel,Gray,None reported,Yes,65000,Pickup,18,1,40000,0,5,385,0,8,A
3324,BMW,i3 Base w/Range Extender,2014,"74,500 mi.",,White,None reported,Yes,11499,Hatchback,97,0,45700,0,0.65,170,0,,A
3325,INFINITI,G37 Journey,2013,"33,300 mi.",Gasoline,Gray,None reported,Yes,21990,Sedan,20,0,35000,0,3.7,328,0,6,A
3326,Ford,Expedition XLT,2007,"123,921 mi.",Gasoline,White,None reported,Yes,6900,SUV,14,0,36500,0,5.4,300,0,8,A
3327,BMW,X3 sDrive30i,2021,"12,800 mi.",Gasoline,Blue,None reported,Yes,39990,SUV,25,0,41000,0,2,248,0,4,A
3328,Aston,Martin Vantage GT Base,2015,"21,100 mi.",Gasoline,Black,None reported,Yes,80000,Coupe,20,1,150000,0,4.7,430,0,8,M
3329,Chevrolet,Tahoe LT,2009,"104,733 mi.",E85 Flex Fuel,Black,None reported,Yes,15000,SUV,16,1,38000,0,5.3,320,0,8,A
3330,FORD,Transit-250 Base,2020,"53,000 mi.",Gasoline,White,At least 1 accident or damage reported,Yes,38500,Van,14,0,35000,0,3.5,310,0,6,A
3331,Lexus,ES 250 Base,2021,"17,570 mi.",Gasoline,White,None reported,,39998,Sedan,28,0,39900,0,2.5,,0,,A
3332,RAM,1500 Rebel,2020,"63,875 mi.",Hybrid,Gray,At least 1 accident or damage reported,Yes,41900,Pickup,21,1,45300,0,5.7,395,0,8,A
3333,FORD,Maverick XL,2023,"12,500 mi.",Hybrid,Silver,None reported,Yes,29999,Pickup,25,0,20500,0,2.5,191,0,4,A
3334,BMW,Z3 3.0i Roadster,2001,"103,990 mi.",Gasoline,Black,None reported,Yes,10500,Convertible,19,0,38500,1,3,225,0,6,M
3335,Chevrolet,Camaro 1SS,2022,"7,000 mi.",Gasoline,Blue,None reported,Yes,50000,Coupe,16,0,42200,0,6.2,455,0,8,M
3336,Chevrolet,Corvette Stingray w/3LT,2023,"9,000 mi.",Gasoline,Blue,None reported,Yes,92000,Coupe,15,1,80000,1,6.2,490,0,8,A
3337,Pontiac,Solstice GXP,2007,"7,800 mi.",Gasoline,Silver,None reported,Yes,19000,Convertible,20,1,30100,0,2,260,0,4,A
3338,Cadillac,XTS Luxury,2017,"69,289 mi.",Gasoline,Gray,At least 1 accident or damage reported,Yes,20997,Sedan,20,1,58000,0,3.6,304,0,6,A
3339,Toyota,Highlander Limited,2011,"106,000 mi.",Gasoline,White,At least 1 accident or damage reported,Yes,16600,SUV,20,1,38000,0,3.5,270,0,6,A
3340,Lincoln,Navigator Reserve,2020,"68,000 mi.",Gasoline,Black,At least 1 accident or damage reported,Yes,55999,SUV,18,1,82995,0,3.5,450,0,6,A
3341,Toyota,Highlander Hybrid Limited Platinum,2019,"13,828 mi.",Hybrid,Blue,None reported,Yes,43000,SUV,29,1,47980,0,3.5,306,0,6,A
3342,Audi,A3 2.0T Tech Premium,2018,"39,600 mi.",Gasoline,White,None reported,Yes,26999,Sedan,32,1,33100,0,2,220,0,4,A
3343,Jeep,Wrangler SE,2003,"92,000 mi.",Gasoline,Gold,None reported,Yes,12500,SUV,16,0,19545,0,2.4,150,0,4,M
3344,Toyota,Tacoma SR,2022,"5,020 mi.",Gasoline,Black,None reported,Yes,36500,Pickup,20,0,26500,0,3.5,278,0,6,A
3345,Chevrolet,Trailblazer SS,2007,"107,800 mi.",Gasoline,Black,At least 1 accident or damage reported,Yes,15000,SUV,20,1,30660,0,6,395,0,8,A
3346,Audi,A5 2.0T Premium Plus,2019,"23,827 mi.",Gasoline,Gray,None reported,Yes,34995,Coupe,24,1,55000,0,2,248,0,4,A
3347,audi,A6 55 Premium,2020,"25,300 mi.",Hybrid,White,None reported,Yes,39900,Sedan,24,1,58900,0,3,335,0,6,A
3348,Mercedes-Benz,Sprinter 2500,2016,"399,000 mi.",Diesel,Silver,At least 1 accident or damage reported,Yes,24500,Van,0,0,0,0,3,188,0,6,A
3349,Porsche,911 Carrera,2005,"46,200 mi.",Gasoline,Silver,None reported,Yes,49999,Coupe,20,0,80000,0,3.6,325,0,6,M
3350,Chevrolet,Corvette Stingray w/2LT,2022,"3,158 mi.",Gasoline,Red,None reported,Yes,85989,Convertible,18,1,70300,1,6.2,490,0,8,A
3351,GMC,Acadia SLE,2021,"26,000 mi.",Gasoline,White,None reported,Yes,30900,SUV,21,0,34700,0,2,228,0,4,A
3352,Porsche,911 Carrera,2020,"12,758 mi.",Gasoline,Silver,None reported,Yes,107900,Coupe,20,1,99700,1,3,379,0,6,A
3353,Chevrolet,Corvette Base,2007,"123,500 mi.",Gasoline,Red,At least 1 accident or damage reported,Yes,27000,Convertible,18,0,50000,1,6,400,0,8,A
3354,Ford,Mustang GT Premium,2018,"26,840 mi.",Gasoline,White,None reported,Yes,42500,Coupe,15,1,45000,0,5,460,0,8,M
3355,Ford,Edge SEL,2021,"17,836 mi.",Gasoline,Silver,None reported,Yes,31933,SUV,21,0,34500,0,2,,1,4,A
3356,Cadillac,Escalade Luxury,2012,"114,500 mi.",E85 Flex Fuel,Black,None reported,Yes,16100,SUV,14,1,70670,0,6.2,403,0,8,A
3357,Chevrolet,Corvette Stingray w/3LT,2022,"5,400 mi.",Gasoline,White,None reported,Yes,89900,Coupe,16,1,74900,1,6.2,490,0,8,A
3358,Toyota,Corolla LE,2016,"17,500 mi.",Gasoline,Red,None reported,Yes,15100,Sedan,30,0,20700,0,1.8,132,0,4,A
3359,Chevrolet,Express 2500 Work Van,2017,"56,000 mi.",Gasoline,Blue,None reported,Yes,44600,Van,12,0,33000,0,4.8,285,0,8,A
3360,Chevrolet,Trax LS,2020,"20,800 mi.",Gasoline,Black,None reported,Yes,19000,SUV,24,0,21700,0,1.4,138,0,4,A
3361,Volkswagen,Golf Auto TSI S,2015,"107,543 mi.",Gasoline,Black,None reported,Yes,13200,Hatchback,30,0,20000,0,1.8,170,0,4,A
3362,Nissan,Pathfinder Silver,2012,"206,000 mi.",Gasoline,Black,None reported,Yes,5000,SUV,15,0,30000,0,4,266,0,6,A
3363,Ford,F-150 Platinum,2018,"37,100 mi.",E85 Flex Fuel,Black,None reported,Yes,46000,Pickup,18,1,53500,0,5,395,0,8,A
3364,Land,Rover Range Rover Velar P380 SE R-Dynamic,2019,"19,813 mi.",Gasoline,Silver,None reported,Yes,51900,SUV,22,1,66950,0,3,380,0,6,A
3365,Kia,Sportage LX,2010,"208,321 mi.",Gasoline,White,None reported,Yes,3500,SUV,20,0,22000,0,2.7,173,0,6,A
3366,Lexus,LS 460 Base,2012,"200,000 mi.",Gasoline,White,At least 1 accident or damage reported,Yes,9995,Sedan,19,0,66500,0,4.6,380,0,8,A
3367,MINI,Cooper S Base,2012,"66,000 mi.",Gasoline,White,None reported,Yes,10999,Hatchback,28,0,23000,0,1.6,181,0,4,A
3368,Bentley,Bentayga Activity Edition,2018,"41,000 mi.",Gasoline,Gray,None reported,Yes,113000,SUV,18,1,245000,0,6,600,0,12,A
3369,Volvo,XC60 T6 Inscription,2019,"20,623 mi.",Gasoline,Silver,None reported,Yes,36800,SUV,24,1,55900,0,2,330,0,4,A
3370,Ford,Explorer Limited,2018,"86,000 mi.",Gasoline,Black,None reported,Yes,26900,SUV,20,1,52000,0,3.5,290,0,6,A
3371,Porsche,Cayenne Turbo GT,2022,"1,766 mi.",Gasoline,Custom Color,None reported,,209995,SUV,15,1,180000,1,4,,0,,A
3372,Mercedes-Benz,G-Class G 550 4MATIC,2016,"51,354 mi.",Gasoline,Blue,None reported,Yes,73000,SUV,13,1,123600,1,4,416,0,8,A
3373,Jeep,Wrangler Unlimited Rubicon 392,2021,"38,000 mi.",Gasoline,Gray,None reported,Yes,72980,SUV,13,1,74995,0,6.4,470,0,8,A
3374,Toyota,Avalon Hybrid XLE Premium,2015,"161,000 mi.",Hybrid,Blue,None reported,Yes,11500,Sedan,40,1,38000,0,2.5,200,0,4,A
3375,Nissan,Juke SL,2012,"74,750 mi.",Gasoline,Black,None reported,Yes,12500,SUV,27,1,23900,0,1.6,188,0,4,A
3376,Porsche,911 Carrera 4,2013,"67,522 mi.",Gasoline,Gray,At least 1 accident or damage reported,Yes,59500,Coupe,20,1,100000,1,3.4,350,0,6,A
3377,MINI,Cooper S Base,2012,"152,000 mi.",Gasoline,White,None reported,Yes,9000,Hatchback,28,0,23000,0,1.6,181,0,4,A
3378,Subaru,Ascent Touring 7-Passenger,2019,"71,273 mi.",Gasoline,Black,None reported,Yes,23900,SUV,20,0,44795,0,2.4,260,0,4,A
3379,Subaru,WRX STI Base,2017,"37,800 mi.",Gasoline,Blue,None reported,Yes,32500,Sedan,20,0,34995,0,2.5,305,0,4,M
3380,Land,Rover Range Rover Sport HSE,2019,"42,000 mi.",Gasoline,White,None reported,Yes,48990,SUV,20,1,66850,0,3,340,0,6,A
3381,Kia,Sorento Plug-In Hybrid SX Prestige,2022,"10,101 mi.",Plug-In Hybrid,White,None reported,Yes,44990,SUV,79,1,46360,0,1.6,261,0,4,A
3382,Chevrolet,Corvette Stingray w/2LT,2022,"7,900 mi.",Gasoline,White,None reported,Yes,92500,Convertible,18,1,70300,1,6.2,490,0,8,A
3383,Tesla,Model 3 Performance,2020,"45,468 mi.",,Silver,None reported,Yes,45999,Sedan,124,1,59990,0,,455,0,,A
3384,Nissan,Armada SV,2017,"187,141 mi.",Gasoline,Black,None reported,Yes,16995,SUV,14,0,46650,0,5.6,390,0,8,A
3385,Porsche,Cayenne Turbo S,2014,"99,100 mi.",Gasoline,White,None reported,Yes,32000,SUV,14,1,160000,1,4.8,550,0,8,A
3386,Subaru,Outback Touring XT,2021,"33,500 mi.",Gasoline,Blue,None reported,Yes,34000,SUV,26,1,37995,0,2.4,260,0,4,A
3387,Acura,RLX Advance Package,2016,"102,665 mi.",Gasoline,Black,None reported,Yes,15450,Sedan,28,1,62000,0,3.5,310,0,6,A
3388,Ford,Mustang GT,2001,"52,675 mi.",Gasoline,Black,None reported,Yes,16995,Coupe,17,0,24795,0,4.6,260,0,8,M
3389,BMW,330 i xDrive,2017,"59,203 mi.",Gasoline,White,None reported,Yes,23000,Sedan,30,1,40000,0,2,248,0,4,A
3390,Mercedes-Benz,SL-Class SL550 Roadster,2009,"60,100 mi.",Gasoline,Black,None reported,Yes,27000,Convertible,16,1,101000,0,5.5,382,0,8,A
3391,Audi,SQ8 4.0T Premium Plus,2021,"43,238 mi.",Gasoline,Black,None reported,Yes,76400,SUV,16,1,90000,0,4,500,0,8,A
3392,MINI,Cooper S Base,2007,"118,000 mi.",Gasoline,Beige,None reported,Yes,3600,Hatchback,30,1,23000,0,1.6,172,0,4,A
3393,Ford,Mustang EcoBoost,2021,"17,300 mi.",Gasoline,Yellow,None reported,Yes,31000,Coupe,25,0,27000,0,2.3,310,0,4,A
3394,audi,RS 7 4.0T Prestige,2016,"64,800 mi.",Gasoline,White,None reported,Yes,50000,Sedan,22,1,112000,1,4,560,0,8,A
3395,Mercedes-Benz,GLC 300 GLC 300,2022,"1,408 mi.",Gasoline,Blue,None reported,,46798,SUV,24,0,43000,0,2,,1,,A
3396,Volkswagen,Touareg TDI Lux,2015,"15,167 mi.",Diesel,Gold,None reported,Yes,35000,SUV,29,0,48200,0,3,240,0,6,A
3397,Porsche,Cayenne GTS,2016,"64,600 mi.",Gasoline,White,None reported,Yes,41000,SUV,18,1,110000,0,3.6,440,0,6,A
3398,Jeep,Grand Wagoneer Series III,2022,"31,112 mi.",Gasoline,Black,None reported,Yes,83000,SUV,15,1,87900,0,6.4,471,0,8,A
3399,Tesla,Model X 100D,2018,"23,250 mi.",,Gray,None reported,Yes,57000,SUV,90,1,100000,0,,518,0,,A
3400,MINI,Cooper S Base,2011,"63,500 mi.",Gasoline,Silver,None reported,Yes,10500,Hatchback,28,0,24500,0,1.6,181,0,4,M
3401,RAM,1500 Laramie,2022,"13,464 mi.",Gasoline,Black,None reported,,46999,Pickup,22,1,45000,0,5.7,,0,8,A
3402,Chevrolet,Camaro Base,2001,"64,776 mi.",Gasoline,Black,None reported,Yes,7500,Coupe,19,0,23000,0,3.8,200,0,6,A
3403,Jeep,Cherokee X,2022,"9,601 mi.",Gasoline,Gray,None reported,,33498,SUV,24,0,32800,0,3.2,,0,6,A
3404,BMW,ALPINA B7 xDrive,2013,"135,000 mi.",Gasoline,Black,At least 1 accident or damage reported,Yes,14000,Sedan,20,1,138300,1,4.4,445,0,8,A
3405,Volvo,XC90 3.2 Premier Plus,2013,"208,864 mi.",Gasoline,White,At least 1 accident or damage reported,Yes,7500,SUV,19,1,43300,0,3.2,240,0,6,A
3406,INFINITI,Q50 3.0T Premium,2016,"49,872 mi.",Gasoline,Gray,At least 1 accident or damage reported,Yes,21500,Sedan,20,1,41000,0,3,300,0,6,A
3407,MINI,Cooper Base,2009,"90,367 mi.",Gasoline,Red,None reported,Yes,9250,Hatchback,28,0,19900,0,1.6,118,0,4,M
3408,Porsche,911 Carrera 4S,2014,"36,670 mi.",Gasoline,White,None reported,Yes,82499,Coupe,20,1,100000,1,3.8,400,0,6,A
3409,Jeep,Grand Wagoneer Base,2023,"3,752 mi.",Gasoline,White,None reported,Yes,84620,SUV,15,1,87900,0,6.4,,0,8,A
3410,Lexus,RX 350 Base,2021,"30,761 mi.",Gasoline,White,None reported,,44950,SUV,20,0,45000,0,3.5,,0,6,A
3411,RAM,1500 Laramie,2022,"13,438 mi.",Gasoline,Black,None reported,,46599,Pickup,22,1,45000,0,5.7,,0,8,A
3412,Jeep,Gladiator Overland,2020,"9,100 mi.",Gasoline,Red,None reported,Yes,49895,Pickup,20,1,43000,0,3.6,285,0,6,A
3413,Chrysler,200 Limited,2017,"100,600 mi.",,Black,None reported,Yes,10000,Sedan,24,0,22000,0,,,0,,A
3414,FORD,Fusion Hybrid Base,2011,"223,824 mi.",Hybrid,White,At least 1 accident or damage reported,Yes,4500,Sedan,41,0,29900,0,2.5,156,0,4,A
3415,Audi,A6 2.0T Premium Plus,2016,"96,000 mi.",Gasoline,Black,None reported,Yes,21990,Sedan,30,1,56000,0,2,252,0,4,A
3416,Chevrolet,Silverado 1500 Z71 Extended Cab,2004,"185,000 mi.",Gasoline,Red,At least 1 accident or damage reported,Yes,10500,Pickup,15,0,30000,0,5.3,295,0,8,A
3417,Porsche,Taycan Base,2021,"6,900 mi.",,White,None reported,Yes,79999,Sedan,76,0,81700,0,,375,0,,A
3418,Honda,Accord Hybrid Touring,2017,"96,400 mi.",Hybrid,White,At least 1 accident or damage reported,Yes,18500,Sedan,49,1,33500,0,2,212,0,4,A
3419,RAM,2500 SLT,2018,"67,865 mi.",Gasoline,White,None reported,Yes,36500,Pickup,15,0,42000,0,6.4,410,0,8,A
3420,Land,Rover Range Rover Sport Supercharged,2015,"64,300 mi.",E85 Flex Fuel,Blue,None reported,Yes,44850,SUV,19,1,83450,0,5,550,0,8,A
3421,Chevrolet,Colorado ZR2,2018,"76,500 mi.",Gasoline,White,None reported,Yes,33500,Pickup,18,1,43000,0,3.6,308,0,6,A
3422,GMC,Sierra 2500 Denali,2017,"96,343 mi.",Diesel,Blue,At least 1 accident or damage reported,Yes,53000,Pickup,16,1,60000,0,6.6,445,0,8,A
3423,Subaru,Crosstrek 2.0i Limited,2018,"74,600 mi.",Gasoline,Blue,None reported,Yes,24000,SUV,27,1,27000,0,2,152,0,4,A
3424,Subaru,Outback 2.5i Limited,2014,"157,530 mi.",Gasoline,Blue,At least 1 accident or damage reported,Yes,9995,SUV,25,0,30695,0,2.5,,0,,A
3425,Tesla,Model X Plaid,2022,"15,000 mi.",,White,None reported,Yes,95999,SUV,102,1,120990,0,,1020,0,,A
3426,Jeep,Wrangler Unlimited Rubicon,2012,"80,000 mi.",Gasoline,Orange,None reported,Yes,30000,SUV,16,0,35000,0,3.6,285,0,6,A
3427,Tesla,Model S 100D,2018,"83,424 mi.",,Gray,None reported,Yes,45000,Sedan,102,1,98000,1,,518,0,,A
3428,Mercedes-Benz,C-Class C 300 4MATIC,2021,"19,000 mi.",Gasoline,Blue,None reported,Yes,37999,Sedan,27,1,43200,0,2,255,0,4,A
3429,Porsche,911 Carrera S,2013,"64,000 mi.",Gasoline,Gray,At least 1 accident or damage reported,Yes,67000,Coupe,20,1,100000,1,3.8,400,0,6,A
3430,Mercedes-Benz,GLS 450 Base 4MATIC,2019,"34,068 mi.",Gasoline,White,None reported,Yes,46900,SUV,18,1,68500,0,3,362,0,6,A
3431,Buick,Envision Preferred,2021,"20,104 mi.",Gasoline,Gray,None reported,Yes,33295,SUV,25,0,33875,0,2,,1,4,A
3432,Nissan,Armada Platinum,2022,"8,400 mi.",Gasoline,Red,None reported,Yes,59950,SUV,14,1,67500,0,5.6,400,0,8,A
3433,Porsche,911 Turbo,2021,"11,938 mi.",Gasoline,Black,,,209000,Coupe,24,1,200000,1,3.8,572,0,6,A
3434,Chevrolet,Corvette Stingray w/2LT,2021,"24,670 mi.",Gasoline,White,None reported,Yes,72500,Coupe,17,1,65000,1,6.2,490,0,8,A
3435,Ford,Mustang Shelby GT500,2013,"16,478 mi.",Gasoline,White,None reported,Yes,66400,Coupe,15,1,55000,1,5.8,650,0,8,M
3436,FORD,F-150 XL,2018,"52,500 mi.",E85 Flex Fuel,Gray,None reported,Yes,35000,Pickup,20,0,28740,0,5,395,0,8,A
3437,Porsche,Cayenne Turbo,2004,"92,500 mi.",Gasoline,Silver,None reported,Yes,12000,SUV,14,1,100000,0,4.5,450,0,8,A
3438,Mitsubishi,Eclipse Spyder GT,2008,"62,930 mi.",Gasoline,Gray,At least 1 accident or damage reported,Yes,10000,Convertible,24,0,30000,0,3.8,260,0,6,A
3439,Lexus,GX 470 Base,2007,"116,600 mi.",Gasoline,White,None reported,Yes,19975,SUV,15,0,50000,0,4.7,263,0,8,A
3440,Dodge,Dakota Big Horn/Lone Star,2010,"172,024 mi.",Gasoline,Red,At least 1 accident or damage reported,Yes,7500,Pickup,15,0,29000,0,3.7,210,0,6,A
3441,Jeep,Wrangler Sport,2012,"57,237 mi.",Gasoline,Black,None reported,Yes,22500,SUV,17,0,22695,0,3.6,285,0,6,A
3442,Subaru,Outback Limited,2020,"44,600 mi.",Gasoline,Silver,None reported,Yes,28300,SUV,26,1,35395,0,2.5,182,0,4,A
3443,Jeep,Wrangler Unlimited Rubicon,2013,"181,830 mi.",Gasoline,Black,None reported,Yes,21000,SUV,16,1,32000,0,3.6,285,0,6,M
3444,Subaru,Ascent Touring 7-Passenger,2021,"39,948 mi.",Gasoline,Silver,None reported,Yes,36791,SUV,21,1,45000,0,2.4,,1,,A
3445,Ford,F-350 XL,2017,"156,453 mi.",Diesel,White,None reported,Yes,40000,Pickup,19,0,35000,0,6.7,440,0,8,A
3446,Porsche,Cayenne Turbo S,2014,"156,193 mi.",Gasoline,Silver,None reported,Yes,36000,SUV,14,1,160000,1,4.8,550,0,8,A
3447,BMW,X1 xDrive28i,2020,"27,989 mi.",Gasoline,Gray,None reported,Yes,29000,SUV,24,1,36000,0,2,228,0,4,A
3448,Toyota,4Runner Limited,2014,"146,700 mi.",Gasoline,Blue,At least 1 accident or damage reported,Yes,24999,SUV,20,1,42910,0,4,270,0,6,A
3449,GMC,Yukon Denali,2019,"88,450 mi.",Gasoline,Black,At least 1 accident or damage reported,Yes,42900,SUV,20,1,73500,0,6.2,420,0,8,A
3450,Toyota,C-HR LE,2020,"14,065 mi.",Gasoline,Gray,At least 1 accident or damage reported,Yes,27671,SUV,27,0,24999,0,2,,0,4,A
3451,Subaru,Outback Limited XT,2020,"36,844 mi.",Gasoline,Gray,At least 1 accident or damage reported,,30427,SUV,26,1,35895,0,2.4,,1,,A
3452,Chevrolet,Silverado 1500 LT Trail Boss,2020,"49,000 mi.",Gasoline,White,None reported,Yes,44900,Pickup,18,0,45500,0,5.3,355,0,8,A
3453,BMW,X5 xDrive50i,2013,"58,000 mi.",Gasoline,White,None reported,Yes,17900,SUV,14,1,60000,0,4.4,400,0,8,A
3454,Audi,A6 55 Prestige,2021,"22,800 mi.",Hybrid,Blue,None reported,Yes,52000,Sedan,25,1,73900,0,3,335,0,6,A
3455,Subaru,Outback 2.5i Limited,2014,"78,007 mi.",Gasoline,Blue,None reported,Yes,14750,SUV,25,0,30695,0,2.5,173,0,4,A
3456,Ford,F-250 King Ranch,2020,"36,500 mi.",Diesel,Gray,None reported,Yes,69900,Pickup,15,1,60000,0,6.7,475,0,8,A
3457,Honda,CR-V EX,2004,"156,350 mi.",Gasoline,Brown,At least 1 accident or damage reported,Yes,3990,SUV,24,0,21380,0,2.4,160,0,4,A
3458,Lexus,GX 460 Luxury,2021,"17,710 mi.",Gasoline,White,None reported,Yes,59000,SUV,19,1,66500,0,4.6,301,0,8,A
3459,Ford,Explorer XLT,2013,"149,000 mi.",Gasoline,Brown,At least 1 accident or damage reported,Yes,7850,SUV,20,0,29995,0,3.5,290,0,6,A
3460,Subaru,Forester 2.5i Limited,2015,"90,000 mi.",Gasoline,Silver,None reported,Yes,16000,SUV,28,0,29995,0,2.5,170,0,4,A
3461,Ford,Bronco Wildtrak Advanced,2022,"9,990 mi.",Gasoline,Silver,None reported,Yes,64500,SUV,20,1,60000,0,2.7,315,0,6,A
3462,Mercedes-Benz,A-Class A 220 4MATIC,2019,"28,663 mi.",Gasoline,Red,None reported,,29500,Sedan,24,0,33500,0,2,,1,4,A
3463,Lexus,NX 200t Base,2015,"124,250 mi.",Gasoline,Gray,At least 1 accident or damage reported,Yes,17900,SUV,25,0,34900,0,2,235,0,4,A
3464,Ford,F-250 Lariat,2017,"50,780 mi.",Diesel,White,None reported,Yes,61000,Pickup,20,1,50000,0,6.7,440,0,8,A
3465,Porsche,911 Carrera C4S,2006,"65,000 mi.",Gasoline,Blue,,,43000,Coupe,20,1,100000,1,3.8,355,0,6,M
3466,Tesla,Model 3 Long Range,2022,"22,457 mi.",,Silver,None reported,,40036,Sedan,134,1,54990,0,,,0,,A
3467,Toyota,Camry XSE,2022,"19,361 mi.",Gasoline,Red,None reported,,38298,Sedan,28,1,32920,0,3.5,,0,,A
3468,BMW,i3 94 Ah,2017,"43,000 mi.",,Black,None reported,Yes,16500,Hatchback,124,0,44500,0,0.65,170,0,,A
3469,FORD,F-250 XL SuperCab H/D,1993,"115,000 mi.",,Red,None reported,Yes,21900,Pickup,14,0,20000,0,,,0,,A
3470,Porsche,Taycan Turbo,2020,"2,076 mi.",,Gray,None reported,,115998,Sedan,76,1,150000,0,,,0,,A
3471,Porsche,911 GT3,2018,"9,712 mi.",Gasoline,Red,None reported,,188900,Coupe,15,1,144000,1,4,,0,,A
3472,Mercedes-Benz,E-Class E55 AMG,2005,"131,000 mi.",Gasoline,Gray,None reported,Yes,16500,Sedan,16,1,90000,1,5.4,469,0,8,A
3473,Toyota,Highlander XLE,2022,"31,000 mi.",Gasoline,Gray,None reported,Yes,43000,SUV,20,1,40000,0,3.5,295,0,6,A
3474,Volvo,S60 Recharge Plug-In Hybrid T8 Inscription,2021,"24,158 mi.",Plug-In Hybrid,Gray,None reported,Yes,44900,Sedan,30,1,59000,0,2,400,0,4,A
3475,Audi,A6 3.0T Premium Plus,2016,"72,865 mi.",Gasoline,Black,At least 1 accident or damage reported,Yes,22000,Sedan,25,1,60000,0,3,333,0,6,A
3476,Mercedes-Benz,E-Class E 350 4MATIC,2014,"89,563 mi.",Gasoline,Blue,None reported,Yes,18995,Sedan,20,0,59700,0,3.5,302,0,6,A
3477,Nissan,Juke SL,2012,"72,639 mi.",Gasoline,Black,At least 1 accident or damage reported,Yes,15000,SUV,27,1,23900,0,1.6,188,0,4,A
3478,Mercedes-Benz,CLS-Class CLS 550,2012,"79,000 mi.",Gasoline,Black,None reported,Yes,19999,Sedan,17,1,73500,0,4.6,402,0,8,A
3479,audi,A3 2.0T Premium,2012,"111,564 mi.",Gasoline,White,None reported,Yes,11200,Hatchback,30,1,30000,0,2,200,0,4,A
3480,Lexus,GX 460 Base,2018,"75,000 mi.",Gasoline,White,At least 1 accident or damage reported,Yes,38095,SUV,15,0,51800,0,4.6,301,0,8,A
3481,Ford,Mustang Premium,2007,"169,613 mi.",Gasoline,Black,At least 1 accident or damage reported,Yes,5900,Coupe,18,1,29000,0,4,210,0,6,A
3482,Honda,Pilot EX-L,2011,"175,000 mi.",Gasoline,Black,None reported,Yes,9000,SUV,18,0,33930,0,3.5,250,0,6,A
3483,BMW,540 i,2017,"98,500 mi.",Gasoline,Black,None reported,Yes,24500,Sedan,24,1,62800,0,3,335,0,6,A
3484,Chrysler,300 S,2012,"53,000 mi.",Gasoline,Black,At least 1 accident or damage reported,Yes,13750,Sedan,19,1,39995,0,3.6,292,0,6,A
3485,RAM,2500 Longhorn,2015,"72,200 mi.",Diesel,Black,None reported,Yes,52500,Pickup,10,1,52000,0,6.7,370,0,6,A
3486,Acura,TSX Base,2005,"151,600 mi.",Gasoline,Black,None reported,Yes,7899,Sedan,24,0,29500,0,2.4,200,0,4,M
3487,Lotus,Evora 2+2,2011,"20,000 mi.",Gasoline,White,None reported,Yes,51000,Coupe,20,0,65000,1,3.5,276,0,6,M
3488,Chevrolet,Avalanche 1500 LT,2010,"170,000 mi.",E85 Flex Fuel,Black,At least 1 accident or damage reported,Yes,9000,Pickup,16,0,32000,0,5.3,320,0,8,A
3489,Ford,F-150 XLT,2019,"69,800 mi.",E85 Flex Fuel,Silver,None reported,Yes,34600,Pickup,20,0,43000,0,5,395,0,8,A
3490,Toyota,Tundra SR5,2020,"26,300 mi.",Gasoline,Gray,At least 1 accident or damage reported,Yes,46199,Pickup,13,0,38700,0,5.7,381,0,8,A
3491,Honda,Fit Sport,2007,"156,111 mi.",Gasoline,Red,At least 1 accident or damage reported,Yes,5200,Hatchback,28,0,17000,0,1.5,109,0,4,A
3492,Chevrolet,Silverado 2500 LTZ,2016,"172,600 mi.",Diesel,Red,At least 1 accident or damage reported,Yes,32500,Pickup,15,1,50000,0,6.6,397,0,8,A
3493,Honda,Accord Crosstour EX-L,2010,"145,000 mi.",Gasoline,Green,None reported,Yes,9000,SUV,20,0,30000,0,3.5,271,0,6,A
3494,FORD,F-250 XLT Super Duty,2001,"64,309 mi.",Gasoline,White,None reported,Yes,7500,Pickup,16,0,29880,0,5.4,260,0,8,A
3495,RAM,1500 TRX,2021,"15,183 mi.",Gasoline,Black,None reported,Yes,90000,Pickup,10,1,71000,0,6.2,702,0,8,A
3496,Buick,Envision Essence,2020,"28,548 mi.",Gasoline,Beige,None reported,,32063,SUV,24,1,36000,0,2.5,,0,4,A
3497,Volkswagen,Atlas 3.6L SEL Premium R-Line,2022,"14,000 mi.",Gasoline,Gray,None reported,Yes,46900,SUV,20,1,52500,0,3.6,276,0,6,A
3498,Mercedes-Benz,CLS 450 Base,2019,"67,000 mi.",Hybrid,Yellow,None reported,Yes,44500,Sedan,24,1,70000,0,3,369,0,6,A
3499,Jeep,Wrangler Unlimited Sport,2017,"84,786 mi.",Gasoline,Gray,None reported,Yes,23500,SUV,21,0,30845,0,3.6,285,0,6,A
3500,Mercedes-Benz,S-Class S 63 AMG,2008,"93,000 mi.",Gasoline,Black,None reported,Yes,17800,Sedan,15,1,140000,1,6.2,518,0,8,A
3501,Hyundai,Genesis Coupe 3.8 Track,2010,"127,500 mi.",Gasoline,Blue,At least 1 accident or damage reported,Yes,6000,Coupe,18,1,31900,0,3.8,306,0,6,M
3502,Ford,Mustang Mach-E GT,2022,"8,000 mi.",,Blue,None reported,Yes,60999,SUV,100,1,61000,0,,480,0,,A
3503,GMC,Canyon Elevation Standard,2022,"16,500 mi.",Gasoline,Gray,None reported,Yes,32900,Pickup,20,0,34700,0,3.6,308,0,6,A
3504,Jaguar,XK Base,2013,"55,700 mi.",Gasoline,Black,None reported,Yes,27200,Coupe,22,1,83500,0,5,385,0,8,A
3505,FORD,F-250 LARIAT,2021,"42,245 mi.",Diesel,Black,None reported,,76598,Pickup,20,1,55000,0,6.7,,1,,A
3506,Toyota,RAV4 Base,2009,"78,500 mi.",Gasoline,Silver,None reported,Yes,12000,SUV,22,0,23000,0,2.5,179,0,4,A
3507,Ford,Expedition Platinum,2018,"48,619 mi.",Gasoline,Gray,None reported,Yes,51499,SUV,22,1,75000,0,3.5,400,0,6,A
3508,Jeep,Wrangler Unlimited 4xe Sahara,2021,"51,105 mi.",Hybrid,Black,None reported,Yes,42700,SUV,49,1,51590,0,2,,1,4,A
3509,Ford,F-150 XLT,2016,"25,880 mi.",E85 Flex Fuel,Red,None reported,Yes,25500,Pickup,20,0,30000,0,3.5,282,0,6,A
3510,Tesla,Model S Plaid,2021,"20,100 mi.",,Red,None reported,Yes,69995,Sedan,118,1,129990,0,,1020,0,,A
3511,Toyota,Tacoma SR5,2018,"25,083 mi.",Gasoline,Red,At least 1 accident or damage reported,Yes,34955,Pickup,18,0,35000,0,3.5,,0,6,A
3512,audi,TT Roadster quattro,2002,"69,300 mi.",Gasoline,Gray,At least 1 accident or damage reported,Yes,9995,Convertible,24,0,40000,1,1.8,225,0,4,M
3513,Toyota,Highlander Hybrid Limited Platinum,2019,"46,000 mi.",Hybrid,Silver,None reported,Yes,40000,SUV,29,1,47980,0,3.5,306,0,6,A
3514,Jeep,Liberty Sport,2008,"141,485 mi.",Gasoline,Black,At least 1 accident or damage reported,Yes,6500,SUV,20,0,22000,0,3.7,210,0,6,A
3515,Toyota,Sequoia Limited,2018,"63,990 mi.",Gasoline,White,At least 1 accident or damage reported,Yes,48000,SUV,13,0,62940,0,5.7,381,0,8,A
3516,Ford,Transit-350 Base,2020,"19,400 mi.",Gasoline,White,None reported,Yes,58000,Van,10,0,35000,0,3.5,310,0,6,A
3517,Subaru,BRZ Limited,2013,"129,858 mi.",Gasoline,Silver,At least 1 accident or damage reported,Yes,13490,Coupe,22,1,29995,0,2,200,0,4,A
3518,Volvo,XC60 3.2,2012,"102,000 mi.",Gasoline,Blue,None reported,Yes,10800,SUV,21,0,35000,0,3.2,240,0,6,A
3519,Subaru,Impreza WRX Sti Special Edition,2010,"8,700 mi.",Gasoline,Gray,None reported,Yes,39900,Sedan,17,1,36000,0,2.5,305,0,4,M
3520,Chevrolet,Bolt EV LT,2018,"49,279 mi.",,Red,None reported,Yes,17500,SUV,119,0,36620,0,,200,0,,A
3521,Chevrolet,Monte Carlo Supercharged SS,2004,"148,800 mi.",Gasoline,Red,None reported,Yes,6500,Coupe,20,1,25000,1,3.8,240,0,6,A
3522,Cadillac,Escalade Platinum Edition,2012,"160,249 mi.",E85 Flex Fuel,Black,None reported,Yes,12900,SUV,14,1,73310,0,6.2,403,0,8,A
3523,Chrysler,300M Base,2004,"45,000 mi.",Gasoline,Gray,None reported,Yes,6000,Sedan,20,0,28000,0,3.5,250,0,6,A
3524,Chevrolet,Silverado 2500 LT H/D Extended Cab,2006,"169,000 mi.",Diesel,White,None reported,Yes,19500,Pickup,14,0,28000,0,6.6,360,0,8,A
3525,Mercedes-Benz,AMG C 63 S,2017,"46,000 mi.",Gasoline,Gray,None reported,Yes,56000,Sedan,17,1,70700,0,4,503,0,8,A
3526,Ferrari,488 Spider Base,2019,"13,900 mi.",Gasoline,Red,None reported,Yes,315000,Convertible,15,1,250000,1,3.9,660,0,8,A
3527,Acura,TLX V6 Tech,2015,"38,000 mi.",Gasoline,White,None reported,Yes,21900,Sedan,21,1,33900,0,3.5,290,0,6,A
3528,Chevrolet,Corvette Z06,2006,"42,000 mi.",Gasoline,Orange,None reported,Yes,42000,Coupe,19,1,65000,1,7,505,0,8,M
3529,Lexus,NX 350h Premium,2024,300 mi.,Hybrid,Black,None reported,Yes,50999,SUV,37,1,42000,0,2.5,240,0,4,A
3530,Mercedes-Benz,SLK-Class SLK 350,2008,"120,800 mi.",Gasoline,Red,None reported,Yes,13900,Convertible,20,1,55000,0,3.5,268,0,6,A
3531,Jeep,Wrangler Unlimited Sahara,2020,"76,313 mi.",Gasoline,Red,None reported,Yes,35234,SUV,22,1,43190,0,2,,1,4,A
3532,Chevrolet,Silverado 1500 LT,2012,"104,000 mi.",E85 Flex Fuel,Blue,At least 1 accident or damage reported,Yes,16500,Pickup,15,0,30000,0,5.3,315,0,8,A
3533,Lexus,GX 460 Base,2010,"97,097 mi.",Gasoline,Red,At least 1 accident or damage reported,Yes,22000,SUV,15,0,55000,0,4.6,301,0,8,A
3534,Jeep,Wrangler Unlimited X,2008,"136,731 mi.",Gasoline,Yellow,None reported,Yes,15900,SUV,15,0,25000,0,3.8,202,0,6,A
3535,RAM,1500 Tradesman/Express,2017,"40,200 mi.",Gasoline,Blue,At least 1 accident or damage reported,Yes,24000,Pickup,20,0,31000,0,5.7,395,0,8,A
3536,Ford,Explorer ST,2021,"39,105 mi.",Gasoline,Black,None reported,Yes,44605,SUV,18,1,58360,0,3,,1,6,A
3537,Mercedes-Benz,G 550 4x4 Squared Base,2017,"23,567 mi.",Gasoline,White,At least 1 accident or damage reported,Yes,215000,SUV,13,1,225000,1,4,416,0,8,A
3538,BMW,M4 Competition,2021,"12,500 mi.",Gasoline,Gray,At least 1 accident or damage reported,Yes,90000,Coupe,16,1,71900,1,3,503,0,6,A
3539,Chevrolet,Colorado ZR2,2019,"38,900 mi.",Gasoline,White,None reported,Yes,34700,Pickup,17,1,43300,0,3.6,308,0,6,A
3540,Lincoln,Navigator L Select,2016,"84,272 mi.",Gasoline,Black,At least 1 accident or damage reported,Yes,25221,SUV,18,1,82400,0,3.5,380,0,6,A
3541,Mercedes-Benz,E-Class E 350,2016,"58,375 mi.",Gasoline,White,None reported,Yes,24999,Sedan,21,0,53900,0,3.5,302,0,6,A
3542,FORD,Mustang Shelby GT500,2007,"7,346 mi.",Gasoline,Red,None reported,Yes,40999,Coupe,15,1,48500,1,5.4,500,0,8,M
3543,Dodge,Charger SRT8,2008,"98,231 mi.",Gasoline,Blue,At least 1 accident or damage reported,Yes,15500,Sedan,14,1,39690,1,6.1,425,0,8,A
3544,Jaguar,XK Base,2007,"56,000 mi.",Gasoline,White,None reported,Yes,18000,Convertible,18,0,81800,0,4.2,300,0,8,A
3545,Honda,Civic EX,2020,"13,935 mi.",Gasoline,Gray,None reported,Yes,26000,Sedan,30,0,25000,0,1.5,174,0,4,A
3546,Subaru,Impreza 2.0i,2019,"30,000 mi.",Gasoline,Gray,At least 1 accident or damage reported,Yes,21250,Sedan,28,0,20000,0,2,152,0,4,A
3547,Saab,9-3 Aero,2009,"106,000 mi.",Gasoline,Red,None reported,Yes,12950,,,,,,2.8,280,0,6,A
3548,BMW,650 Gran Coupe i xDrive,2014,"82,978 mi.",Gasoline,Black,None reported,Yes,18700,Sedan,22,1,84000,0,4.4,445,0,8,A
3549,Jeep,Wrangler Unlimited Sport,2018,"58,500 mi.",Gasoline,Black,None reported,Yes,35000,SUV,22,0,32500,0,3.6,285,0,6,A
3550,FORD,F-350 King Ranch,2015,"92,421 mi.",Diesel,White,None reported,Yes,51900,Pickup,10,1,57000,0,6.7,440,0,8,A
3551,Mazda,CX-30 Preferred,2020,"9,927 mi.",Gasoline,White,None reported,Yes,27518,SUV,25,0,27000,0,2.5,,0,4,A
3552,Jeep,Wrangler Sport,2000,"122,945 mi.",Gasoline,Beige,None reported,Yes,13900,SUV,15,0,22000,0,4,181,0,6,M
3553,Lexus,RX 330 Base,2006,"110,250 mi.",Gasoline,White,None reported,Yes,11000,SUV,20,0,38000,0,3.3,230,0,6,A
3554,INFINITI,QX56 Base,2011,"103,010 mi.",Gasoline,Black,None reported,Yes,13500,SUV,14,1,58900,0,5.6,400,0,8,A
3555,Hyundai,Veloster Value Edition,2017,"55,359 mi.",Gasoline,Silver,None reported,,15599,Coupe,26,0,23700,0,1.6,,0,4,A
3556,Chevrolet,Silverado 1500 LT Extended Cab,2002,"118,500 mi.",Gasoline,Silver,At least 1 accident or damage reported,Yes,5900,Pickup,15,0,31000,0,5.3,285,0,8,A
3557,Rivian,R1S Launch Edition,2022,"7,800 mi.",,Green,None reported,Yes,92500,SUV,75,1,74900,0,,835,0,,A
3558,Land,Rover Range Rover HSE SWB,2020,"41,500 mi.",Hybrid,Gray,None reported,Yes,68000,SUV,20,1,90000,1,3,395,0,6,A
3559,BMW,M4 Base,2020,"28,000 mi.",Gasoline,White,None reported,Yes,59900,Coupe,20,1,70800,0,3,425,0,6,A
3560,Mercedes-Benz,E-Class E 350,2014,"53,500 mi.",Gasoline,Black,None reported,Yes,24500,Sedan,21,1,52800,0,3.5,302,0,6,A
3561,Honda,Accord Hybrid Base,2021,"33,523 mi.",Hybrid,Silver,None reported,,28748,Sedan,48,0,26720,0,2,,0,4,A
3562,Toyota,Prius v Three,2016,"86,300 mi.",Hybrid,Gray,At least 1 accident or damage reported,Yes,18000,SUV,41,0,29630,0,1.8,134,0,4,A
3563,Subaru,WRX Premium,2022,"7,738 mi.",Gasoline,Orange,At least 1 accident or damage reported,Yes,33000,Sedan,20,1,29995,0,2.4,271,0,4,A
3564,Bentley,Bentayga Speed,2020,"22,001 mi.",Gasoline,Black,None reported,Yes,173995,SUV,12,1,287000,1,6,,1,,A
3565,Ford,Explorer ST,2022,"14,361 mi.",Gasoline,Black,None reported,Yes,51500,SUV,18,1,60000,0,3,400,0,6,A
3566,Chevrolet,Suburban LT,2016,"98,000 mi.",E85 Flex Fuel,Gray,At least 1 accident or damage reported,Yes,30000,SUV,16,0,58300,0,5.3,355,0,8,A
3567,Chevrolet,Silverado 1500 Limited Custom,2022,"30,455 mi.",Gasoline,White,None reported,,37698,Pickup,20,0,41000,0,2.7,,1,,A
3568,FORD,Explorer Platinum,2020,"64,552 mi.",Gasoline,Silver,At least 1 accident or damage reported,Yes,36750,SUV,24,1,62000,0,3,,1,6,A
3569,Lexus,RX 350 Base,2017,"103,866 mi.",Gasoline,Beige,At least 1 accident or damage reported,Yes,24700,SUV,20,0,42950,0,3.5,295,0,6,A
3570,Land,Rover Range Rover 3.0L V6 Supercharged HSE,2019,"35,650 mi.",Gasoline,Black,At least 1 accident or damage reported,Yes,57999,SUV,18,1,91900,0,3,380,0,6,A
3571,Ford,Explorer Platinum,2021,"64,957 mi.",Gasoline,Black,None reported,Yes,39979,SUV,20,1,60855,0,3,,1,6,A
3572,Dodge,Challenger SRT8 392,2012,"33,700 mi.",,Black,None reported,Yes,33500,Coupe,14,1,43865,1,,,0,,M
3573,Chevrolet,Equinox 2LT,2012,"96,653 mi.",Gasoline,Black,At least 1 accident or damage reported,Yes,7500,SUV,20,0,27000,0,3,264,0,6,A
3574,Dodge,Challenger SXT,2022,"29,500 mi.",Gasoline,Gray,None reported,Yes,31000,Coupe,19,0,31345,0,3.6,303,0,6,A
3575,Porsche,911 Carrera,2021,"7,400 mi.",Gasoline,Red,,,116999,Coupe,20,0,99900,1,3,379,0,6,A
3576,Volvo,XC70 T6 Platinum,2012,"69,000 mi.",Gasoline,Silver,At least 1 accident or damage reported,Yes,15900,,,,,,3,300,0,6,A
3577,Lexus,GX 470 Base,2005,"198,000 mi.",Gasoline,Gray,At least 1 accident or damage reported,Yes,15500,SUV,16,0,56000,0,4.7,270,0,8,A
3578,Porsche,911 Carrera GTS,2015,"23,600 mi.",Gasoline,Red,None reported,Yes,132900,Coupe,19,1,116200,1,3.8,430,0,6,M
3579,Volvo,XC70 3.2,2008,"170,000 mi.",Gasoline,White,None reported,Yes,7000,SUV,19,0,33600,0,3.2,235,0,6,A
3580,Nissan,350Z NISMO,2008,"76,500 mi.",Gasoline,Silver,At least 1 accident or damage reported,Yes,28000,Coupe,19,1,40000,1,3.5,306,0,6,M
3581,Porsche,911 Turbo,2007,"73,500 mi.",Gasoline,Black,None reported,Yes,75499,Coupe,16,1,126000,1,3.6,480,0,6,A
3582,Land,Rover Range Rover SWB,2020,"29,000 mi.",Hybrid,Black,None reported,Yes,70000,SUV,21,1,90000,0,3,355,0,6,A
3583,Porsche,Cayenne E-Hybrid S Platinum Edition,2017,"69,404 mi.",Plug-In Hybrid,Black,At least 1 accident or damage reported,Yes,29500,SUV,22,1,80000,0,3,416,0,6,A
3584,Lexus,IS 350 Base,2007,"103,000 mi.",Gasoline,Red,At least 1 accident or damage reported,Yes,12900,Sedan,20,0,34900,0,3.5,306,0,6,A
3585,Porsche,Macan S,2015,"70,500 mi.",Gasoline,Silver,At least 1 accident or damage reported,Yes,26500,SUV,20,1,60000,0,3,340,0,6,A
3586,Land,Rover Range Rover 5.0L Supercharged,2016,"64,000 mi.",Gasoline,White,None reported,Yes,36995,SUV,17,1,103000,0,5,510,0,8,A
3587,GMC,Savana 2500 Work Van,2018,"63,460 mi.",E85 Flex Fuel,White,None reported,Yes,33000,Van,16,0,35440,0,6,341,0,8,A
3588,Toyota,4Runner SR5,2018,"32,199 mi.",Gasoline,Silver,None reported,Yes,35500,SUV,17,0,36500,0,4,270,0,6,A
3589,Hyundai,Palisade SEL,2020,"69,487 mi.",Gasoline,White,None reported,Yes,32000,SUV,21,0,39500,0,3.8,291,0,6,A
3590,GMC,Sierra 2500 Denali,2015,"86,000 mi.",Diesel,Gray,None reported,Yes,49000,Pickup,15,1,55000,0,6.6,397,0,8,A
3591,Genesis,GV70 3.5T Sport,2022,"8,730 mi.",Gasoline,White,None reported,,48219,SUV,20,1,62900,0,3.5,,1,6,A
3592,Dodge,Ram Van 1500,2002,"70,000 mi.",Gasoline,Red,At least 1 accident or damage reported,Yes,8000,Minivan,15,0,25000,0,3.9,175,0,6,A
3593,Chevrolet,Impala 1LT,2017,"70,000 mi.",Gasoline,White,At least 1 accident or damage reported,Yes,17900,Sedan,22,0,28145,0,3.6,305,0,6,A
3594,audi,A4 2.0T Premium Plus,2015,"83,420 mi.",E85 Flex Fuel,Red,At least 1 accident or damage reported,Yes,16000,Sedan,26,1,38800,0,2,220,0,4,A
3595,Nissan,Altima 2.5 S,2003,"189,000 mi.",Gasoline,Silver,At least 1 accident or damage reported,Yes,2899,Sedan,23,0,19000,0,2.5,175,0,4,A
3596,Porsche,911 Carrera 4S,2017,"31,500 mi.",Gasoline,Blue,None reported,Yes,97555,Coupe,22,1,113000,0,3,420,0,6,A
3597,BMW,X1 xDrive 28i,2015,"85,766 mi.",Gasoline,Gray,None reported,Yes,13000,SUV,25,1,36150,0,2,240,0,4,A
3598,GMC,Yukon Denali,2018,"92,800 mi.",Gasoline,White,None reported,Yes,34000,SUV,20,1,76000,0,6.2,420,0,8,A
3599,Land,Rover Defender SE,2021,"13,970 mi.",Hybrid,Gray,None reported,Yes,75500,SUV,18,1,60000,0,3,395,0,6,A
3600,Porsche,911 Turbo S,2023,154 mi.,Gasoline,Green,None reported,,274900,Coupe,18,1,207000,1,3.8,,1,,A
3601,Toyota,Land Cruiser Base,2000,"265,000 mi.",Gasoline,Black,None reported,Yes,15500,SUV,15,0,42000,0,4.7,230,0,8,A
3602,Scion,xB Base,2011,"95,426 mi.",Gasoline,Green,None reported,Yes,8000,Hatchback,22,0,17420,0,2.4,158,0,4,A
3603,Honda,S2000 Base,2001,"119,900 mi.",Gasoline,Black,At least 1 accident or damage reported,Yes,18000,Convertible,20,0,30000,1,2,240,0,4,M
3604,Mazda,CX-30 Select,2020,"23,162 mi.",Gasoline,Red,None reported,Yes,25495,SUV,25,1,26500,0,2.5,,0,4,A
3605,BMW,M4 Competition,2023,"3,950 mi.",Gasoline,White,None reported,Yes,83500,Coupe,18,1,75000,1,3,503,0,6,A
3606,Porsche,911 Carrera 4S,2006,"80,000 mi.",Gasoline,Black,None reported,Yes,43000,Coupe,20,1,91500,1,3.8,355,0,6,M
3607,Ford,F-250 Lariat,2015,"94,634 mi.",E85 Flex Fuel,White,At least 1 accident or damage reported,Yes,32500,Pickup,15,1,60000,0,6.2,385,0,8,A
3608,Chevrolet,Corvette Base,2007,"65,000 mi.",Gasoline,Silver,At least 1 accident or damage reported,Yes,33885,Convertible,18,0,50000,1,6,400,0,8,A
3609,Lexus,LS 460 L,2008,"100,000 mi.",Gasoline,Black,At least 1 accident or damage reported,Yes,11500,Sedan,21,0,71900,0,4.6,380,0,8,A
3610,Toyota,Sienna XSE 25th Anniversary,2023,500 mi.,Hybrid,White,None reported,Yes,59500,Minivan,36,1,42000,0,2.5,245,0,4,A
3611,Mercedes-Benz,AMG G 63 Base,2021,"7,856 mi.",Gasoline,Blue,None reported,Yes,425000,SUV,13,1,157000,1,4,,1,8,A
3612,audi,A4 2.0T Premium quattro,2011,"181,000 mi.",Gasoline,White,None reported,Yes,5500,Sedan,27,1,33600,0,2,211,0,4,A
3613,Mercedes-Benz,GLC 300 Base 4MATIC,2018,"48,700 mi.",Gasoline,Blue,None reported,Yes,27900,SUV,24,0,43000,0,2,241,0,4,A
3614,Porsche,911 Turbo Cabriolet,2009,"13,500 mi.",Gasoline,Gray,None reported,Yes,130000,Convertible,18,1,132600,1,3.6,480,0,6,M
3615,Toyota,86 860 Special Edition,2017,"87,500 mi.",Gasoline,Silver,None reported,Yes,20000,Coupe,22,1,32900,0,2,200,0,4,A
3616,Jaguar,XJ8 L,2000,"45,000 mi.",Gasoline,Silver,None reported,Yes,12500,Sedan,18,0,60000,0,4,290,0,8,A
3617,Chevrolet,Corvette Base,1996,"85,760 mi.",Gasoline,Silver,None reported,Yes,14500,Convertible,18,0,45995,1,5.7,300,0,8,A
3618,Tesla,Model 3 Long Range,2018,"36,187 mi.",,White,None reported,Yes,28895,Sedan,133,1,54900,0,,271,0,,A
3619,Hyundai,Tucson SEL,2022,"13,666 mi.",Gasoline,Gray,None reported,,27999,SUV,26,0,29900,0,2.5,,0,4,A
3620,Porsche,911 Carrera S,2007,"50,500 mi.",Gasoline,Silver,None reported,Yes,56000,Coupe,18,1,78900,1,3.8,355,0,6,M
3621,Lincoln,Nautilus Reserve,2021,"19,291 mi.",Gasoline,Black,None reported,,44340,SUV,21,1,52980,0,2,,1,4,A
3622,Ford,Mustang Boss 302,2012,"1,295 mi.",Gasoline,Silver,None reported,Yes,49990,Coupe,20,1,45000,1,5,444,0,8,M
3623,Cadillac,Escalade Premium Luxury,2017,"55,000 mi.",Gasoline,White,At least 1 accident or damage reported,Yes,49900,SUV,21,1,82995,0,6.2,420,0,8,A
3624,MINI,Cooper Base,2010,"74,000 mi.",Gasoline,Yellow,None reported,Yes,9650,Hatchback,28,0,19800,0,1.6,118,0,4,M
3625,Dodge,Durango R/T,2022,"14,976 mi.",Gasoline,White,None reported,Yes,49999,SUV,14,1,55890,0,5.7,,0,8,A
3626,BMW,X5 xDrive35i,2018,"25,348 mi.",Gasoline,Blue,At least 1 accident or damage reported,,33889,SUV,21,1,59500,0,3,,1,6,A
3627,Chevrolet,Corvette Base,2010,"23,133 mi.",Gasoline,White,None reported,Yes,35000,Coupe,26,0,50000,1,6.2,430,0,8,M
3628,Jaguar,XE 20d Prestige,2018,"34,322 mi.",Diesel,Blue,None reported,,29998,Sedan,30,0,56100,0,2,,0,,A
3629,Dodge,Challenger R/T,2021,"39,960 mi.",Gasoline,White,At least 1 accident or damage reported,Yes,28500,Coupe,15,0,38000,1,5.7,375,0,8,A
3630,BMW,550 i xDrive,2016,"76,400 mi.",Gasoline,Black,At least 1 accident or damage reported,Yes,31300,Sedan,20,1,70000,0,4.4,445,0,8,A
3631,Ford,Explorer XLT,2022,"18,533 mi.",Gasoline,White,None reported,Yes,38978,SUV,24,1,34995,0,2.3,,1,4,A
3632,GMC,Yukon XL Denali,2023,"7,500 mi.",Gasoline,Gray,None reported,Yes,92888,SUV,16,1,84900,0,6.2,420,0,8,A
3633,INFINITI,QX80 SENSORY,2022,"26,520 mi.",Gasoline,Blue,At least 1 accident or damage reported,Yes,64000,SUV,17,1,84900,0,5.6,400,0,8,A
3634,Land,Rover Range Rover 3.0L Supercharged,2014,"59,500 mi.",E85 Flex Fuel,Red,None reported,Yes,33800,SUV,22,1,83500,0,3,340,0,6,A
3635,Honda,Pilot EX-L,2020,"44,000 mi.",Gasoline,White,None reported,Yes,34999,SUV,20,0,40000,0,3.5,280,0,6,A
3636,Pontiac,Firebird Base,2001,"111,000 mi.",Gasoline,White,None reported,Yes,11000,Coupe,20,0,21170,0,3.8,200,0,6,A
3637,Toyota,4Runner Limited,2016,"82,260 mi.",Gasoline,Blue,None reported,Yes,31906,SUV,17,1,43605,0,4,,0,6,A
3638,Porsche,911 Carrera Cabriolet,2006,"52,744 mi.",Gasoline,Gray,At least 1 accident or damage reported,Yes,37500,Convertible,19,1,81100,1,3.6,325,0,6,A
3639,BMW,i8 Base,2019,"28,200 mi.",Plug-In Hybrid,Gray,At least 1 accident or damage reported,Yes,79950,Coupe,76,1,147500,1,1.5,369,0,3,A
3640,Nissan,Maxima GLE,2000,"194,277 mi.",Gasoline,Blue,At least 1 accident or damage reported,Yes,2300,Sedan,20,1,27000,0,3,222,0,6,A
3641,Pontiac,Firebird Trans Am,2001,"91,812 mi.",Gasoline,Green,None reported,Yes,12850,Coupe,30,1,32995,0,5.7,310,0,8,A
3642,Chevrolet,Suburban Premier,2018,"84,224 mi.",Gasoline,Beige,None reported,Yes,43775,SUV,22,1,75800,0,5.3,,0,8,A
3643,BMW,X2 xDrive28i,2018,"66,690 mi.",Gasoline,Gray,At least 1 accident or damage reported,Yes,24900,SUV,24,0,36000,0,2,228,0,4,A
3644,Mercedes-Benz,AMG C 43 Base 4MATIC,2018,"41,500 mi.",Gasoline,White,At least 1 accident or damage reported,Yes,39848,Sedan,20,0,55350,0,3,362,0,6,A
3645,BMW,750 i xDrive,2014,"85,095 mi.",Gasoline,Black,At least 1 accident or damage reported,Yes,24900,Sedan,25,1,95000,0,4.4,445,0,8,A
3646,Volvo,S60 T5 Premier Plus,2015,"39,000 mi.",Gasoline,Silver,At least 1 accident or damage reported,Yes,17900,Sedan,24,1,36800,0,2.5,250,0,5,A
3647,Tesla,Model Y Long Range,2022,"20,500 mi.",,Gray,None reported,Yes,46500,SUV,115,1,54990,0,,425,0,,A
3648,FORD,F-350 Platinum,2019,"112,000 mi.",Diesel,Black,None reported,Yes,61995,Pickup,20,1,83500,0,6.7,450,0,8,A
3649,Volkswagen,ID.4 Pro S,2023,"1,716 mi.",,Gray,None reported,,39998,SUV,104,1,45000,0,,,0,,A
3650,Audi,A3 2.0T Premium,2016,"90,360 mi.",Gasoline,Black,At least 1 accident or damage reported,Yes,15499,Sedan,25,1,30000,0,2,220,0,4,A
3651,Ford,Explorer Limited,2020,"82,146 mi.",Gasoline,Gray,None reported,Yes,30825,SUV,24,1,52000,0,2.3,,1,4,A
3652,Ford,Mustang GT Premium,2020,"16,850 mi.",Gasoline,Blue,At least 1 accident or damage reported,Yes,41000,Coupe,18,1,45000,0,5,460,0,8,A
3653,Honda,S2000 Base,2003,"101,000 mi.",Gasoline,Silver,None reported,Yes,28000,Convertible,20,0,35000,1,2,240,0,4,M
3654,BMW,M235 i,2015,"68,750 mi.",Gasoline,Red,None reported,Yes,25999,Coupe,22,1,43000,0,3,320,0,6,M
3655,Lamborghini,Aventador S Base,2018,"5,858 mi.",Gasoline,White,None reported,Yes,491836,Coupe,10,1,421321,1,6.5,729,0,12,A
3656,Dodge,Durango SLT,2004,"143,000 mi.",Gasoline,Beige,None reported,Yes,3200,SUV,16,0,38000,0,5.7,335,0,8,A
3657,Nissan,Armada LE,2005,"152,270 mi.",Gasoline,Green,At least 1 accident or damage reported,Yes,6900,SUV,14,1,48999,0,5.6,305,0,8,A
3658,Kia,Sorento S,2021,"19,605 mi.",Gasoline,White,None reported,,33591,SUV,24,0,32000,0,2.5,,0,4,A
3659,Chevrolet,Silverado 1500 RST,2020,"19,200 mi.",Gasoline,Gray,None reported,Yes,69999,Pickup,20,0,53400,0,5.3,355,0,8,A
3660,Chevrolet,Impala Base,2004,"64,500 mi.",Gasoline,Beige,None reported,Yes,5900,Sedan,22,0,24000,0,3.4,180,0,6,A
3661,Toyota,Tacoma PreRunner,2011,"149,000 mi.",Gasoline,Black,None reported,Yes,18995,Pickup,21,0,25200,0,4,236,0,6,A
3662,McLaren,570S Spider,2018,"5,918 mi.",Gasoline,Yellow,None reported,,179900,Convertible,24,1,208000,1,3.8,,1,8,A
3663,Pontiac,Firebird Trans Am,1997,"134,033 mi.",Gasoline,Red,At least 1 accident or damage reported,Yes,7200,Coupe,20,1,28000,1,5.7,285,0,8,A
3664,Kia,Stinger GT1,2019,"37,226 mi.",Gasoline,White,None reported,,34998,Sedan,19,1,41990,0,3.3,,0,,A
3665,FORD,Escape SE,2017,"71,924 mi.",Gasoline,Beige,None reported,Yes,13700,SUV,24,0,25200,0,1.5,179,0,4,A
3666,Lamborghini,Huracan EVO Coupe,2021,"5,718 mi.",Gasoline,White,None reported,,279991,Coupe,15,1,261274,1,5.2,,0,,A
3667,Jeep,Wrangler Unlimited Sport,2014,"122,200 mi.",Gasoline,Orange,At least 1 accident or damage reported,Yes,21500,SUV,21,0,30620,0,3.6,285,0,6,A
3668,Land,Rover Range Rover Sport HST MHEV,2020,"37,248 mi.",Hybrid,Silver,None reported,Yes,54500,SUV,21,1,83600,0,3,395,0,6,A
3669,Chevrolet,Silverado 1500 Base,1999,"88,750 mi.",Gasoline,White,None reported,Yes,6800,Pickup,16,0,23000,0,4.8,255,0,8,A
3670,Cadillac,XLR V,2008,"64,800 mi.",Gasoline,Black,,,24700,,,,,,4.4,443,0,8,A
3671,Ford,Fusion Hybrid Titanium,2014,"112,180 mi.",Hybrid,White,None reported,,12599,Sedan,41,1,30000,0,2,,0,4,A
3672,RAM,2500 SLT,2015,"149,130 mi.",Diesel,White,At least 1 accident or damage reported,Yes,35000,Pickup,15,0,45500,0,6.7,350,0,6,A
3673,Tesla,Model Y Long Range,2020,"88,000 mi.",,Gray,None reported,Yes,35500,SUV,126,1,49990,0,,425,0,,A
3674,Toyota,Highlander XLE,2018,"74,000 mi.",Gasoline,White,None reported,Yes,27950,SUV,21,1,40000,0,3.5,295,0,6,A
3675,Ford,F-150 XLT,2019,"44,460 mi.",Gasoline,Red,None reported,Yes,34500,Pickup,20,0,43000,0,2.7,325,0,6,A
3676,GMC,Acadia SLE-2,2015,"96,000 mi.",Gasoline,Blue,None reported,Yes,17000,SUV,17,0,36300,0,3.6,281,0,6,A
3677,Porsche,Boxster Base,2005,"75,000 mi.",Gasoline,Silver,,,17500,Convertible,21,0,45000,0,2.7,240,0,6,M
3678,Dodge,Charger R/T,2014,"95,000 mi.",Gasoline,Black,None reported,Yes,17900,Sedan,25,1,32695,0,5.7,370,0,8,A
3679,Land,Rover Range Rover Sport Supercharged HSE,2016,"49,799 mi.",Gasoline,Brown,None reported,Yes,37500,SUV,14,1,83700,0,3,340,0,6,A
3680,Ford,Mustang GT,2006,"27,407 mi.",Gasoline,Silver,None reported,Yes,21750,Coupe,24,0,28000,0,4.6,300,0,8,M
3681,Alfa,Romeo Giulia Ti,2020,"23,339 mi.",Gasoline,Red,,,34645,Sedan,24,1,42900,0,2,,1,4,A
3682,Tesla,Model S 90D,2016,"74,122 mi.",,Black,None reported,Yes,35900,Sedan,95,1,79400,0,,417,0,,A
3683,Jaguar,XK8 Base,1997,"50,000 mi.",Gasoline,White,None reported,Yes,6000,Coupe,18,0,70000,1,4,290,0,8,A
3684,Mercedes-Benz,GLC 300 GLC 300,2021,"14,745 mi.",Gasoline,Gray,None reported,,38998,SUV,24,0,43000,0,2,,1,,A
3685,Chevrolet,Corvette Stingray w/3LT,2021,"2,700 mi.",Gasoline,Blue,None reported,Yes,85950,Coupe,19,1,59900,1,6.2,490,0,8,A
3686,Buick,Regal Turbo - Premium 1,2012,"190,000 mi.",Gasoline,Beige,At least 1 accident or damage reported,Yes,6000,Sedan,24,1,28700,0,2,220,0,4,A
3687,Audi,A4 2.0T Premium,2014,"90,236 mi.",E85 Flex Fuel,Gray,None reported,Yes,9999,Sedan,24,1,35000,0,2,220,0,4,A
3688,Jeep,Gladiator Overland,2020,"4,000 mi.",Gasoline,Silver,None reported,Yes,50000,Pickup,20,1,43000,0,3.6,285,0,6,A
3689,Land,Rover Range Rover Westminster SWB,2022,"2,220 mi.",Hybrid,Blue,None reported,Yes,115999,SUV,18,1,104500,0,3,395,0,6,A
3690,GMC,Yukon XL Denali,2017,"124,000 mi.",Gasoline,Gray,At least 1 accident or damage reported,Yes,32000,SUV,16,1,73000,0,6.2,420,0,8,A
3691,Ford,Ranger Lariat,2019,"45,163 mi.",Gasoline,Red,None reported,Yes,35690,Pickup,24,1,40000,0,2.3,,1,4,A
3692,Volkswagen,Passat 2.0T SE,2020,"49,400 mi.",Gasoline,Black,None reported,Yes,20900,Sedan,24,0,28000,0,2,174,0,4,A
3693,Porsche,911 Carrera,2020,"11,256 mi.",Gasoline,Red,None reported,Yes,124900,Coupe,20,1,99700,1,3,379,0,6,A
3694,Chevrolet,Corvette Stingray w/1LT,2021,"13,700 mi.",Gasoline,White,None reported,Yes,75000,Coupe,19,0,59995,0,6.2,490,0,8,A
3695,Land,Rover Range Rover HSE,2011,"174,678 mi.",Gasoline,Black,None reported,Yes,9500,SUV,12,1,80000,0,3.2,230,0,6,A
3696,Lexus,RX 450h F Sport Handling,2022,"1,600 mi.",Hybrid,White,None reported,Yes,59000,SUV,30,1,56240,0,3.5,308,0,6,A
3697,Porsche,911 GT3 RS,2019,"15,509 mi.",Gasoline,Green,None reported,,229900,Coupe,15,1,188550,1,4,,0,,A
3698,FORD,Expedition Platinum,2020,"69,849 mi.",Gasoline,Red,None reported,Yes,48149,SUV,17,1,75300,0,3.5,,1,6,A
3699,Toyota,Tacoma PreRunner,2008,"160,000 mi.",Gasoline,White,At least 1 accident or damage reported,Yes,17000,Pickup,20,0,20000,0,4,236,0,6,A
3700,Toyota,Mirai Base,2016,"40,000 mi.",not supported,Silver,None reported,Yes,9500,Sedan,67,0,57700,0,,151,0,,A
3701,Ford,Explorer Sport Trac XLT,2007,"228,000 mi.",Gasoline,Red,At least 1 accident or damage reported,Yes,3850,SUV,18,0,29000,0,4.6,292,0,8,A
3702,GMC,Sierra 1500 SLE1 Extended Cab,2008,"187,000 mi.",,Red,At least 1 accident or damage reported,Yes,6100,Pickup,16,0,30000,0,,,0,,A
3703,Mercedes-Benz,C-Class C 300 Luxury,2015,"102,000 mi.",Gasoline,Black,None reported,Yes,17000,Sedan,25,1,39000,0,2,241,0,4,A
3704,Cadillac,SRX Standard,2016,"48,000 mi.",Gasoline,White,At least 1 accident or damage reported,Yes,24995,SUV,20,0,38500,0,3.6,308,0,6,A
3705,Chrysler,Town & Country Touring-L,2012,"163,500 mi.",E85 Flex Fuel,Gray,None reported,Yes,5949,Minivan,17,1,35620,0,3.6,283,0,6,A
3706,Porsche,911 Carrera,2023,"1,500 mi.",Gasoline,Silver,None reported,Yes,149000,Coupe,20,1,103000,1,3,379,0,6,A
3707,Porsche,718 Cayman GT4,2021,"2,100 mi.",Gasoline,Yellow,,,136900,Coupe,19,1,100000,1,4,414,0,6,M
3708,Ford,F-350 Lariat,2018,"66,281 mi.",Diesel,Gray,None reported,Yes,63500,Pickup,20,1,60000,0,6.7,450,0,8,A
3709,Ford,Mustang Mach-E Select,2021,"18,000 mi.",,Blue,None reported,Yes,39499,SUV,102,0,42995,0,,266,0,,A
3710,Ford,F-150 XL,2014,"27,300 mi.",Gasoline,Gray,None reported,Yes,21500,Pickup,17,0,24770,0,3.5,365,0,6,A
3711,Mazda,CX-30 Base,2020,"19,319 mi.",Gasoline,White,At least 1 accident or damage reported,Yes,24899,SUV,25,0,22000,0,2.5,,0,4,A
3712,Mercedes-Benz,AMG G AMG G 63 4MATIC,2016,"32,936 mi.",Gasoline,White,At least 1 accident or damage reported,Yes,90000,SUV,13,1,150000,1,5.5,563,0,8,A
3713,BMW,M4 Base,2017,"30,450 mi.",Gasoline,White,None reported,Yes,52999,Coupe,21,1,67800,0,3,425,0,6,A
3714,Jeep,Wrangler Sport,2017,"38,200 mi.",Gasoline,Red,None reported,Yes,29500,SUV,17,0,30000,0,3.6,285,0,6,A
3715,Jeep,Wrangler Sport,2020,"26,315 mi.",Gasoline,Black,None reported,Yes,31871,SUV,17,0,28345,0,2,,1,4,A
3716,Chevrolet,Silverado 1500 LS,2003,"110,000 mi.",Gasoline,Green,None reported,Yes,8900,Pickup,15,0,26700,0,4.8,270,0,8,A
3717,MINI,Hardtop Cooper,2014,"19,700 mi.",Gasoline,Silver,None reported,Yes,13500,Hatchback,28,0,20500,0,2,189,0,4,A
3718,Honda,Element EX,2008,"192,000 mi.",Gasoline,Black,At least 1 accident or damage reported,Yes,11000,SUV,20,0,23900,0,2.4,166,0,4,A
3719,Porsche,911 Carrera 4S,2017,"26,000 mi.",Gasoline,Gray,None reported,Yes,116911,Coupe,22,1,113000,0,3,420,0,6,A
3720,Subaru,Impreza Outback Sport Wagon,2008,"98,313 mi.",Gasoline,Silver,None reported,Yes,7495,Hatchback,23,0,22500,0,2.5,170,0,4,A
3721,Cadillac,XT5 Premium Luxury,2021,"66,500 mi.",Gasoline,Silver,None reported,Yes,28500,SUV,23,1,58695,0,3.6,310,0,6,A
3722,Nissan,Kicks S,2022,"19,877 mi.",Gasoline,Black,None reported,,18999,SUV,31,0,19990,0,1.6,,0,4,A
3723,Kia,Seltos S,2021,"16,100 mi.",Gasoline,Blue,None reported,Yes,25500,SUV,29,0,24000,0,2,146,0,4,A
3724,GMC,Yukon SLE,2016,"83,858 mi.",Gasoline,Blue,At least 1 accident or damage reported,Yes,27633,SUV,16,0,49995,0,5.3,355,0,8,A
3725,Mercedes-Benz,GLE 350 Base 4MATIC,2020,"24,108 mi.",Gasoline,Black,None reported,Yes,56000,SUV,22,0,60000,0,2,255,0,4,A
3726,Ford,Explorer XLT,2020,"42,609 mi.",Gasoline,Gray,At least 1 accident or damage reported,Yes,32107,SUV,24,0,35500,0,2.3,,1,4,A
3727,Subaru,Impreza 2.0i Premium,2017,"160,000 mi.",Gasoline,White,At least 1 accident or damage reported,Yes,7750,Sedan,28,1,23995,0,2,152,0,4,A
3728,INFINITI,QX80 Base,2017,"121,525 mi.",Gasoline,Black,At least 1 accident or damage reported,Yes,28500,SUV,14,1,65900,0,5.6,400,0,8,A
3729,Kia,Telluride S,2023,"6,423 mi.",Gasoline,Gray,None reported,Yes,42500,SUV,20,0,43800,0,3.8,291,0,6,A
3730,Pontiac,Solstice Base,2007,"62,310 mi.",Gasoline,Gray,None reported,Yes,12900,Convertible,20,0,24000,0,2.4,177,0,4,A
3731,Mazda,Mazda6 Carbon Edition,2021,"21,444 mi.",Gasoline,Gray,None reported,Yes,29995,Sedan,26,1,35600,0,2.5,,0,4,A
3732,Ford,Transit-350 Base,2015,"112,000 mi.",Gasoline,White,At least 1 accident or damage reported,Yes,29500,Van,15,0,35000,0,3.5,310,0,6,A
3733,Hyundai,Genesis Coupe 3.8 Grand Touring,2013,"60,000 mi.",Gasoline,White,None reported,Yes,16500,Coupe,20,1,38500,0,3.8,344,0,6,A
3734,Dodge,Dart SE,2013,"153,250 mi.",Gasoline,Silver,None reported,Yes,4399,Sedan,28,0,16000,0,1.4,160,0,4,A
3735,Jeep,Wrangler Unlimited Sahara,2019,"57,000 mi.",Gasoline,Gray,None reported,Yes,39900,SUV,21,1,44845,0,3.6,285,0,6,A
3736,Chevrolet,Tahoe LTZ,2011,"140,401 mi.",E85 Flex Fuel,Red,At least 1 accident or damage reported,Yes,16000,SUV,18,1,57500,0,5.3,320,0,8,A
3737,Ford,F-150 Tremor,2023,"5,500 mi.",Gasoline,Gray,None reported,Yes,70000,Pickup,18,1,52800,0,3.5,400,0,6,A
3738,Chevrolet,Corvette Stingray w/2LT,2022,"2,010 mi.",Gasoline,Gray,None reported,Yes,89000,Convertible,18,1,70300,1,6.2,490,0,8,A
3739,Tesla,Model 3 Long Range,2018,"24,360 mi.",,Black,None reported,Yes,31500,Sedan,133,1,54900,0,,271,0,,A
3740,audi,A4 2.0T Premium,2013,"96,800 mi.",Gasoline,Gray,At least 1 accident or damage reported,Yes,11000,Sedan,23,1,36000,0,2,211,0,4,A
3741,Cadillac,CTS Performance,2014,"34,988 mi.",Gasoline,Red,None reported,Yes,21500,Sedan,20,1,58000,0,3.6,318,0,6,A
3742,Nissan,Frontier SV,2012,"65,750 mi.",Gasoline,Black,At least 1 accident or damage reported,Yes,15995,Pickup,16,0,25640,0,4,261,0,6,A
3743,Chevrolet,Silverado 1500 LTZ,2019,"56,654 mi.",Gasoline,Red,None reported,Yes,43860,Pickup,22,1,47900,0,6.2,,0,8,A
3744,Lincoln,MKT Base,2016,"140,200 mi.",Gasoline,Black,None reported,Yes,10500,SUV,16,0,44620,0,3.7,303,0,6,A
3745,Chevrolet,Cruze LT Automatic,2016,"122,971 mi.",Gasoline,Blue,At least 1 accident or damage reported,Yes,12999,Sedan,30,0,20000,0,1.4,,1,4,A
3746,Nissan,Xterra S,2008,"227,010 mi.",Gasoline,Gray,None reported,Yes,3850,SUV,16,0,25000,0,4,261,0,6,A
3747,Ford,F-150 Lariat SuperCrew,2004,"271,000 mi.",Gasoline,Red,At least 1 accident or damage reported,Yes,9500,Pickup,15,0,36000,0,5.4,300,0,8,A
3748,Porsche,911 Turbo,2022,"13,800 mi.",Gasoline,Gray,None reported,Yes,234000,Coupe,22,1,207000,1,3.8,572,0,6,A
3749,Dodge,Ram 2500 Quad Cab,2001,"171,079 mi.",Diesel,Silver,None reported,Yes,27500,Pickup,15,0,27000,0,5.9,245,0,6,A
3750,Chevrolet,Colorado ZR2,2021,"24,915 mi.",Gasoline,Silver,None reported,,44791,Pickup,18,1,46200,0,3.6,,0,6,A
3751,Nissan,Kicks S,2022,"15,577 mi.",Gasoline,Blue,None reported,,19599,SUV,31,0,19990,0,1.6,,0,4,A
3752,audi,S4 3.0T Premium Plus,2014,"102,370 mi.",Gasoline,Gray,None reported,Yes,21373,Sedan,18,1,50000,0,3,333,0,6,A
3753,Lamborghini,Gallardo LP570-4 Superleggera,2011,"16,000 mi.",Gasoline,Yellow,None reported,Yes,229000,Coupe,15,1,245000,1,5.2,562,0,10,A
3754,Mercedes-Benz,C-Class C 250 Luxury,2012,"122,000 mi.",Gasoline,White,None reported,Yes,15000,Sedan,20,0,39000,0,1.8,201,0,4,A
3755,FIAT,500X Trekking Plus,2016,"48,500 mi.",Gasoline,Yellow,None reported,Yes,15999,SUV,25,1,26500,0,2.4,180,0,4,A
3756,Ford,F-150 XLT,2018,"53,500 mi.",Gasoline,Brown,At least 1 accident or damage reported,Yes,31500,Pickup,20,0,35000,0,2.7,325,0,6,A
3757,Ford,F-250 XL Crew Cab Super Duty,2004,"315,000 mi.",Diesel,White,None reported,Yes,9200,Pickup,12,0,25000,0,6,325,0,8,A
3758,Ford,E350 Super Duty Base,2006,"158,000 mi.",Gasoline,White,At least 1 accident or damage reported,Yes,8500,Van,12,0,30000,0,6.8,305,0,10,A
3759,Kia,Sorento SXL,2019,"43,850 mi.",Gasoline,Black,At least 1 accident or damage reported,Yes,30000,SUV,20,1,43000,0,3.3,290,0,6,A
3760,Mercedes-Benz,C-Class C 300 4MATIC Sport,2015,"73,500 mi.",Gasoline,White,None reported,Yes,19000,Sedan,24,1,39000,0,2,241,0,4,A
3761,Nissan,Altima 2.5 SL,2014,"153,350 mi.",Gasoline,Black,At least 1 accident or damage reported,Yes,9000,Sedan,27,0,27490,0,2.5,182,0,4,A
3762,Volkswagen,Tiguan 2.0T SEL Premium R-Line,2019,"74,000 mi.",Gasoline,White,None reported,Yes,25500,SUV,22,1,35980,0,2,184,0,4,A
3763,BMW,328 i xDrive,2013,"52,000 mi.",Gasoline,White,None reported,Yes,17500,Sedan,28,0,40800,0,2,240,0,4,A
3764,Audi,Q4 e-tron 50 Premium Plus,2022,250 mi.,,Gray,None reported,Yes,52000,SUV,100,1,57000,0,,295,0,,A
3765,Nissan,Pathfinder S,2017,"145,000 mi.",Gasoline,Silver,At least 1 accident or damage reported,Yes,8500,SUV,20,0,29500,0,3.5,284,0,6,A
3766,Subaru,Ascent Touring 7-Passenger,2020,"40,971 mi.",Gasoline,Blue,None reported,Yes,32500,SUV,21,1,45000,0,2.4,260,0,4,A
3767,Ford,E350 Super Duty XLT,2010,"248,000 mi.",E85 Flex Fuel,Silver,At least 1 accident or damage reported,Yes,14000,Minivan,12,0,35500,0,5.4,255,0,8,A
3768,GMC,HUMMER EV Edition 1,2023,940 mi.,,White,,,146000,SUV,0,1,112595,1,,,0,,A
3769,BMW,M3 CS,2018,"38,000 mi.",Gasoline,White,None reported,Yes,60500,Sedan,23,1,103000,1,3,453,0,6,A
3770,Acura,TLX V6 Advance,2016,"128,000 mi.",Gasoline,Gray,None reported,Yes,19500,Sedan,21,1,43000,0,3.5,290,0,6,A
3771,Chevrolet,Silverado 1500 ZR2,2022,"7,455 mi.",Gasoline,Blue,None reported,,68990,Pickup,16,1,70000,0,6.2,,0,8,A
3772,Jeep,Wrangler SE,1999,"137,790 mi.",Gasoline,Red,None reported,Yes,12000,SUV,15,0,19500,0,2.5,120,0,4,M
3773,Ford,Edge Sport,2016,"92,000 mi.",Gasoline,White,None reported,Yes,19995,SUV,21,1,38100,0,2.7,315,0,6,A
3774,Porsche,911 Carrera Cabriolet,2001,"21,450 mi.",Gasoline,Black,None reported,Yes,36000,Convertible,20,1,80000,1,3.4,300,0,6,M
3775,Nissan,Murano SL,2021,"43,875 mi.",Gasoline,Black,At least 1 accident or damage reported,,29725,SUV,20,1,44130,0,3.5,,0,6,A
3776,Pontiac,G8 GT,2009,"81,327 mi.",Gasoline,Black,None reported,Yes,17500,Sedan,18,1,31995,0,6,355,0,8,A
3777,Mercedes-Benz,E-Class E 350,2021,"72,836 mi.",Gasoline,White,None reported,Yes,41000,Sedan,24,0,54500,0,2,255,0,4,A
3778,McLaren,720S Performance,2020,"5,072 mi.",Gasoline,Black,None reported,Yes,279950,Coupe,15,1,299000,1,4,,1,8,A
3779,Jeep,Commander Sport,2007,"161,900 mi.",E85 Flex Fuel,Blue,At least 1 accident or damage reported,Yes,4800,SUV,16,0,29995,0,4.7,235,0,8,A
3780,Audi,A5 45 S line Premium Plus,2022,"24,500 mi.",Hybrid,White,None reported,Yes,47000,Coupe,24,1,53600,0,2,261,0,4,A
3781,BMW,M550 i xDrive,2018,"14,993 mi.",Gasoline,Gray,None reported,Yes,44900,Sedan,20,1,80000,0,4.4,456,0,8,A
3782,Volkswagen,Jetta 1.4T R-Line,2019,"96,000 mi.",Gasoline,Orange,At least 1 accident or damage reported,Yes,14980,Sedan,30,0,24900,0,1.4,147,0,4,A
3783,Porsche,Taycan 4S,2022,"7,900 mi.",,Red,None reported,Yes,108000,Sedan,79,1,103800,0,,482,0,,A
3784,Cadillac,CTS 2.0L Turbo Luxury,2019,"35,566 mi.",Gasoline,White,At least 1 accident or damage reported,Yes,26000,Sedan,27,0,46490,0,2,265,0,4,A
3785,Lexus,IS-F Base,2008,"113,000 mi.",Gasoline,Black,At least 1 accident or damage reported,Yes,34000,Sedan,16,1,59000,0,5,416,0,8,A
3786,Ford,Explorer XLT,2022,"20,678 mi.",Gasoline,Red,None reported,Yes,46000,SUV,24,1,34995,0,2.3,300,0,4,A
3787,Porsche,911 Turbo Cabriolet,2008,"10,900 mi.",Gasoline,Black,None reported,Yes,129000,Convertible,18,1,130000,1,3.6,480,0,6,M
3788,Buick,LaCrosse Leather,2012,"19,079 mi.",Hybrid,Gold,None reported,Yes,15995,Sedan,25,0,32000,0,2.4,182,0,4,A
3789,Mazda,RX-8 Sport,2008,"155,500 mi.",Gasoline,Blue,At least 1 accident or damage reported,Yes,6800,Coupe,25,0,30000,0,1.3,212,0,,A
3790,Ford,Mustang GT Premium,2019,"35,500 mi.",Gasoline,White,None reported,Yes,32300,Coupe,15,1,45000,0,5,460,0,8,A
3791,Mazda,Mazda6 Touring,2021,"52,253 mi.",Gasoline,White,At least 1 accident or damage reported,Yes,25215,Sedan,26,0,30700,0,2.5,,0,4,A
3793,Volkswagen,Golf GTI 2.0T SE w/Performance Package 4-Door,2016,"59,250 mi.",Gasoline,Gray,None reported,Yes,18999,Hatchback,24,0,30000,0,2,220,0,4,A
3794,Ford,Thunderbird Deluxe,2004,"39,000 mi.",Gasoline,Black,,,22000,Convertible,20,0,40000,1,3.9,280,0,8,A
3795,Hummer,H2 Base,2008,"155,000 mi.",Gasoline,Green,At least 1 accident or damage reported,Yes,37000,SUV,10,0,49970,0,6.2,393,0,8,A
3796,BMW,X5 sDrive35i,2017,"39,250 mi.",Gasoline,Black,None reported,Yes,28900,SUV,24,1,57600,0,3,300,0,6,A
3797,BMW,X3 xDrive30i,2020,"23,647 mi.",Gasoline,Black,None reported,Yes,37998,SUV,25,0,44000,0,2,,1,4,A
3798,Hyundai,Accent GLS,2014,"127,941 mi.",Gasoline,Silver,None reported,Yes,7500,Sedan,28,0,16400,0,1.6,138,0,4,A
3799,RAM,1500 Big Horn,2014,"124,000 mi.",Gasoline,Black,None reported,Yes,24850,Pickup,18,0,37000,0,5.7,395,0,8,A
3800,Ford,Bronco Heritage Edition Advanced,2023,"1,500 mi.",Gasoline,Red,None reported,Yes,60000,SUV,20,1,49995,1,2.3,275,0,4,M
3801,MINI,Countryman Cooper S ALL4,2014,"70,700 mi.",Gasoline,White,None reported,Yes,15750,SUV,25,0,25000,0,1.6,181,0,4,A
3802,Cadillac,Escalade Premium,2013,"113,395 mi.",E85 Flex Fuel,Beige,At least 1 accident or damage reported,Yes,18800,SUV,18,1,74740,0,6.2,403,0,8,A
3803,Mercedes-Benz,GLE 350 GLE 350,2022,"18,815 mi.",Gasoline,Black,None reported,,61998,SUV,21,0,60725,0,2,,1,,A
3804,Toyota,4Runner Limited,2014,"65,000 mi.",Gasoline,Gray,None reported,Yes,27999,SUV,20,1,42910,0,4,270,0,6,A
3805,Audi,A8 L 55,2019,"23,350 mi.",Hybrid,Black,None reported,Yes,48000,Sedan,23,1,83500,0,3,335,0,6,A
3806,Lexus,ES 350 Base,2019,"39,000 mi.",Gasoline,Black,At least 1 accident or damage reported,Yes,34000,Sedan,22,0,39850,0,3.5,302,0,6,A
3807,Toyota,4Runner Limited Nightshade,2019,"48,842 mi.",Gasoline,White,At least 1 accident or damage reported,Yes,39857,SUV,20,1,46000,0,4,,0,6,A
3808,FIAT,500 Sport,2015,"47,800 mi.",Gasoline,Black,At least 1 accident or damage reported,Yes,11500,Hatchback,34,0,19500,0,1.4,101,0,4,A
3809,Ford,Maverick XLT,2022,"52,000 mi.",Hybrid,Blue,None reported,Yes,28000,Pickup,24,0,24000,0,2.5,191,0,4,A
3810,Ford,Mustang GT,2006,"16,000 mi.",Gasoline,Silver,None reported,Yes,22000,Coupe,24,0,28000,0,4.6,300,0,8,A
3811,Jeep,Wrangler Sport,2023,"7,102 mi.",Gasoline,White,None reported,Yes,40995,SUV,20,0,30000,0,2,,1,4,A
3812,Jeep,Grand Cherokee Limited,2015,"157,000 mi.",E85 Flex Fuel,White,None reported,Yes,17000,SUV,20,1,36500,0,3.6,290,0,6,A
3813,FORD,Mustang Mach-E GT,2023,"9,095 mi.",,Orange,None reported,Yes,59000,SUV,90,1,65995,0,,480,0,,A
3814,Jeep,Compass Sport,2010,"179,700 mi.",Gasoline,Black,At least 1 accident or damage reported,Yes,4500,SUV,28,0,20795,0,2.4,172,0,4,A
3815,Lexus,LS 430 Base,2006,"170,000 mi.",Gasoline,Silver,None reported,Yes,7500,Sedan,19,0,60900,0,4.3,278,0,8,A
3816,Rolls-Royce,Cullinan,2022,"3,420 mi.",Gasoline,Red,None reported,Yes,399950,SUV,12,1,335000,0,6.7,,1,12,A
3817,Ford,F-250 King Ranch,2021,"93,400 mi.",Diesel,Red,,,69995,Pickup,20,1,56300,0,6.7,475,0,8,A
3818,BMW,X5 xDrive50i,2011,"110,000 mi.",Gasoline,White,At least 1 accident or damage reported,Yes,12000,SUV,14,1,58800,0,4.4,400,0,8,A
3819,Porsche,911 Carrera,2016,"22,500 mi.",Gasoline,Gray,None reported,Yes,78000,Coupe,20,1,88500,1,3.4,350,0,6,A
3820,FORD,Focus ST Base,2013,"20,800 mi.",Gasoline,Yellow,None reported,Yes,19795,Hatchback,26,0,24000,1,2,252,0,4,M
3821,Lexus,ES 300h Base,2018,"100,868 mi.",Hybrid,White,At least 1 accident or damage reported,Yes,23400,Sedan,40,0,40000,0,2.5,200,0,4,A
3822,Volkswagen,CC Sport,2012,"131,986 mi.",Gasoline,White,At least 1 accident or damage reported,Yes,9000,Sedan,22,0,28000,0,2,200,0,4,M
3823,Volkswagen,Golf SportWagen TSI S 4-Door,2016,"127,770 mi.",Gasoline,White,None reported,Yes,13800,Hatchback,25,0,23900,0,1.8,170,0,4,M
3824,Porsche,911 Carrera S,2013,"56,985 mi.",Gasoline,Blue,None reported,Yes,65900,Coupe,20,1,100000,1,3.8,400,0,6,A
3825,Toyota,Prius Plug-in Base,2014,"106,000 mi.",Plug-In Hybrid,Green,At least 1 accident or damage reported,Yes,11800,Hatchback,51,0,30500,0,1.8,134,0,4,A
3826,Ford,F-250 XLT,2019,"92,671 mi.",Diesel,Black,At least 1 accident or damage reported,Yes,50000,Pickup,18,0,40000,0,6.7,450,0,8,A
3827,Mercedes-Benz,S-Class S 560 4MATIC,2019,"49,500 mi.",Gasoline,Black,None reported,Yes,55900,Sedan,21,1,100000,0,4,463,0,8,A
3828,Porsche,911 Carrera,2020,"16,741 mi.",Gasoline,Green,None reported,Yes,112500,Coupe,20,1,99700,1,3,379,0,6,A
3829,Ford,Mustang GT,2011,"133,504 mi.",Gasoline,Black,None reported,Yes,23500,Coupe,17,1,30000,0,5,412,0,8,M
3830,Cadillac,CTS 2.0L Turbo Luxury,2019,"20,296 mi.",Gasoline,Red,None reported,,30599,Sedan,27,0,46490,0,2,,1,4,A
3831,Volkswagen,Jetta 1.4T R-Line,2019,"55,234 mi.",Gasoline,Gray,None reported,,19290,Sedan,30,0,24900,0,1.4,,1,4,A
3832,Jeep,Wrangler X,2005,"162,482 mi.",Gasoline,Orange,None reported,Yes,11000,SUV,17,0,21500,0,4,190,0,6,M
3833,Lincoln,LS V8,2002,"42,000 mi.",Gasoline,Silver,At least 1 accident or damage reported,Yes,11000,Sedan,18,0,38500,0,3.9,252,0,8,A
3834,Ford,F-150 Lightning LARIAT,2022,470 mi.,,White,None reported,Yes,71900,Pickup,70,1,59999,0,,563,0,,A
3835,Mercedes-Benz,C-Class C55 AMG Sport,2006,"98,300 mi.",Gasoline,Black,At least 1 accident or damage reported,Yes,15900,Sedan,20,1,60000,1,5.4,362,0,8,A
3836,audi,S6 4.0T Prestige,2013,"53,900 mi.",Gasoline,Black,,,27450,Sedan,24,1,73700,0,4,420,0,8,A
3837,BMW,335 i xDrive,2013,"82,849 mi.",Gasoline,Red,None reported,Yes,19999,Sedan,20,0,44000,0,3,300,0,6,A
3838,Porsche,911 Carrera 4S Cabriolet,2009,"25,500 mi.",Gasoline,Black,None reported,Yes,79995,Convertible,20,1,104000,1,3.8,385,0,6,M
3839,Kia,Forte LXS,2020,"53,452 mi.",Gasoline,Silver,At least 1 accident or damage reported,Yes,16995,Sedan,30,0,20000,0,2,147,0,4,A
3840,Chevrolet,Corvette Base,2004,"40,011 mi.",Gasoline,Red,None reported,Yes,23500,Coupe,18,1,49995,1,5.7,350,0,8,A
3841,Hyundai,Santa Fe Sport 2.0L Turbo,2018,"45,800 mi.",Gasoline,Silver,At least 1 accident or damage reported,Yes,20900,SUV,20,0,25000,0,2,240,0,4,A
3842,RAM,1500 Laramie,2022,"15,741 mi.",Gasoline,Red,None reported,,45999,Pickup,22,1,45000,0,5.7,,0,8,A
3843,Kia,Sorento SX Prestige,2023,"11,100 mi.",Gasoline,White,None reported,Yes,40200,SUV,24,1,42000,0,2.5,281,0,4,A
3844,Ford,F-250 XL,2020,"36,000 mi.",E85 Flex Fuel,White,None reported,Yes,44000,Pickup,18,0,35000,0,6.2,385,0,8,A
3845,BMW,X5 xDrive35i,2013,"69,750 mi.",Gasoline,White,At least 1 accident or damage reported,Yes,15999,SUV,18,1,50000,0,3,300,0,6,A
3846,Mercedes-Benz,C-Class C 300 4MATIC,2021,"19,162 mi.",Gasoline,Black,None reported,Yes,38500,Sedan,27,1,43200,0,2,255,0,4,A
3847,audi,Q5 S line Premium Plus,2023,"6,046 mi.",Hybrid,Gray,None reported,,51598,SUV,24,1,55000,0,2,,0,,A
3848,Ford,Explorer XLT,2020,"17,000 mi.",Gasoline,Blue,At least 1 accident or damage reported,Yes,21000,SUV,24,0,35500,0,2.3,300,0,4,A
3849,Audi,A6 55 Premium,2019,"10,832 mi.",Hybrid,Black,None reported,Yes,42500,Sedan,24,1,74500,0,3,335,0,6,A
3850,Toyota,Matrix XR,2004,"173,452 mi.",Gasoline,Silver,At least 1 accident or damage reported,Yes,4000,Hatchback,28,0,19400,0,1.8,130,0,4,A
3851,Kia,Optima SX Turbo,2017,"103,338 mi.",Gasoline,Red,At least 1 accident or damage reported,,17238,Sedan,24,1,29900,0,2,,1,4,A
3852,Ford,F-150 Lariat,2022,"28,000 mi.",Gasoline,Black,None reported,Yes,53500,Pickup,20,1,45000,0,3.5,400,0,6,A
3853,audi,Q8 3.0T Premium,2019,"51,984 mi.",Hybrid,White,None reported,Yes,44870,SUV,17,1,67900,0,3,335,0,6,A
3854,Chevrolet,Corvette Stingray w/2LT,2020,"8,974 mi.",Gasoline,Orange,At least 1 accident or damage reported,Yes,79900,Convertible,19,1,60000,1,6.2,490,0,8,A
3855,Scion,tC Anniversary Edition,2014,"99,999 mi.",Gasoline,White,None reported,Yes,10998,Coupe,23,1,19900,0,2.5,179,0,4,M
3856,Mercedes-Benz,C-Class C 300,2017,"59,400 mi.",Gasoline,Black,At least 1 accident or damage reported,Yes,21000,Sedan,28,1,40000,0,2,241,0,4,A
3857,Nissan,Murano SV,2020,"47,147 mi.",Gasoline,Silver,None reported,Yes,23625,SUV,20,0,36750,0,3.5,,0,6,A
3858,Ford,Mustang GT,2018,"53,782 mi.",Gasoline,Black,At least 1 accident or damage reported,Yes,29950,Coupe,15,1,42600,0,5,460,0,8,M
3859,FORD,Taurus SHO,2011,"160,000 mi.",Gasoline,Black,None reported,Yes,4700,Sedan,18,1,35170,0,3.5,365,0,6,A
3860,Chevrolet,Tahoe LTZ,2015,500 mi.,Gasoline,White,At least 1 accident or damage reported,Yes,37000,SUV,16,1,67995,0,5.3,355,0,8,A
3861,Ford,Escape SEL,2020,"42,000 mi.",Gasoline,White,,,19000,SUV,28,0,30945,0,1.5,181,0,3,A
3862,Dodge,Grand Caravan SE,2018,"64,000 mi.",E85 Flex Fuel,White,None reported,Yes,35000,Minivan,17,0,26695,0,3.6,283,0,6,A
3863,Hyundai,Elantra HEV Limited,2021,"28,600 mi.",Hybrid,Gray,None reported,Yes,23999,Sedan,54,1,29900,0,1.6,139,0,4,A
3864,GMC,Canyon Denali,2019,"26,339 mi.",Gasoline,Red,At least 1 accident or damage reported,Yes,36750,Pickup,20,1,41500,0,3.6,308,0,6,A
3865,Alfa,Romeo Giulia Quadrifoglio,2018,"28,644 mi.",Gasoline,Black,,,41500,Sedan,24,1,74900,1,2.9,505,0,6,A
3866,Subaru,Impreza WRX,2008,"148,740 mi.",Gasoline,Black,At least 1 accident or damage reported,Yes,14500,Sedan,20,1,26995,0,2.5,224,0,4,M
3867,GMC,Sierra 2500 Denali,2021,"16,919 mi.",Diesel,Black,At least 1 accident or damage reported,Yes,73000,Pickup,15,1,70000,0,6.6,445,0,8,A
3868,Chevrolet,Tahoe LS,2005,"170,000 mi.",Gasoline,Silver,At least 1 accident or damage reported,Yes,9000,SUV,15,0,40000,0,4.8,285,0,8,A
3869,Mercedes-Benz,SL-Class SL 550,2013,"130,000 mi.",Gasoline,Gray,At least 1 accident or damage reported,Yes,26900,Convertible,17,1,105000,0,4.6,429,0,8,A
3870,Ford,Escape PHEV SE,2022,"1,889 mi.",Plug-In Hybrid,White,None reported,Yes,32850,SUV,40,0,33500,0,2.5,221,0,4,A
3871,Dodge,Charger GT,2018,"62,197 mi.",Gasoline,White,None reported,Yes,26691,Sedan,25,0,32995,0,3.6,,0,6,A
3872,Ford,F-150 XLT,2016,"71,000 mi.",E85 Flex Fuel,Black,At least 1 accident or damage reported,Yes,24350,Pickup,20,0,30000,0,5,385,0,8,A
3873,Lexus,NX 200t Base,2016,"83,400 mi.",Gasoline,Blue,At least 1 accident or damage reported,Yes,22495,SUV,24,0,35000,0,2,235,0,4,A
3874,Cadillac,XT5 Base,2019,"74,414 mi.",Gasoline,Black,None reported,Yes,26000,SUV,27,0,42990,0,3.6,310,0,6,A
3875,FORD,Mustang Shelby GT500,2010,"29,816 mi.",Gasoline,Black,None reported,Yes,38000,Coupe,15,1,49000,1,5.4,540,0,8,M
3876,Ford,F-250 Lariat,2015,"68,749 mi.",Diesel,Gray,None reported,Yes,45000,Pickup,15,1,60000,0,6.7,440,0,8,A
3877,BMW,325 i,2005,"190,395 mi.",Gasoline,Black,None reported,Yes,5000,Sedan,28,0,30000,0,2.5,184,0,6,A
3878,Lamborghini,Huracan LP610-4,2015,"34,152 mi.",Gasoline,Blue,None reported,Yes,185500,Coupe,18,1,241945,1,5.2,602,0,10,A
3879,Toyota,Camry XLE,2007,"98,528 mi.",Gasoline,White,At least 1 accident or damage reported,Yes,7450,Sedan,30,1,30000,0,2.4,158,0,4,A
3880,BMW,335 i,2011,"91,500 mi.",Gasoline,Blue,At least 1 accident or damage reported,Yes,13599,Sedan,20,1,40000,0,3,300,0,6,A
3881,Chevrolet,Camaro 1SS,2017,"50,850 mi.",Gasoline,Blue,None reported,Yes,37000,Coupe,22,1,34000,0,6.2,455,0,8,M
3882,Mazda,MX-5 Miata Base,1999,"130,000 mi.",Gasoline,Green,At least 1 accident or damage reported,Yes,9000,Convertible,26,0,22500,0,1.8,140,0,4,A
3883,Toyota,Tundra SR5 Double Cab,2005,"199,400 mi.",Gasoline,Gray,At least 1 accident or damage reported,Yes,8500,Pickup,16,0,27000,0,4.7,282,0,8,A
3884,RAM,2500 Powerwagon,2013,"84,220 mi.",Gasoline,White,At least 1 accident or damage reported,Yes,26500,Pickup,10,1,42000,0,5.7,383,0,8,A
3885,Mercedes-Benz,S-Class S 550 4MATIC,2016,"67,280 mi.",Gasoline,White,None reported,Yes,41999,Sedan,18,1,96600,0,4.7,449,0,8,A
3886,Volkswagen,Passat 2.0T R-Line,2021,"16,538 mi.",Gasoline,Silver,None reported,,25998,Sedan,24,0,29000,0,2,,0,,A
3887,Toyota,Tundra Platinum,2018,"66,000 mi.",Gasoline,Gray,None reported,Yes,51000,Pickup,13,1,49400,0,5.7,381,0,8,A
3888,Cadillac,Escalade Luxury,2018,"53,450 mi.",Gasoline,White,None reported,Yes,49999,SUV,16,1,82990,0,6.2,420,0,8,A
3889,Volkswagen,Golf Alltrack TSI SE,2018,"63,277 mi.",Gasoline,White,None reported,Yes,20900,Hatchback,22,0,31995,0,1.8,170,0,4,A
3890,Nissan,Altima 2.5 S,2020,"30,900 mi.",Gasoline,Silver,None reported,Yes,21000,Sedan,28,0,24600,0,2.5,182,0,4,A
3891,Mercedes-Benz,GLA 250 Base 4MATIC,2019,"60,854 mi.",Gasoline,White,None reported,,25498,SUV,24,0,34900,0,2,,1,,A
3892,Ford,F-150 Platinum,2015,"85,000 mi.",Gasoline,White,None reported,Yes,31000,Pickup,18,1,52800,0,3.5,365,0,6,A
3893,Toyota,RAV4 SE,2016,"108,130 mi.",Gasoline,Gray,None reported,Yes,18500,SUV,24,0,30500,0,2.5,176,0,4,A
3894,Toyota,4Runner TRD Sport,2023,"11,400 mi.",Gasoline,Green,None reported,Yes,46000,SUV,16,1,41000,0,4,270,0,6,A
3895,Mercedes-Benz,GL-Class GL 450 4MATIC,2013,"63,300 mi.",Gasoline,Black,None reported,Yes,22800,SUV,15,1,64000,0,4.6,362,0,8,A
3896,Tesla,Model Y Performance,2020,"27,500 mi.",,Gray,None reported,Yes,44000,SUV,15,1,59990,0,,455,0,,A
3897,BMW,X5 xDrive 35i Sport Activity,2012,"122,600 mi.",Gasoline,Black,At least 1 accident or damage reported,Yes,12900,,,,,,3,300,0,6,A
3898,Dodge,Charger Base,2006,"145,565 mi.",Gasoline,Blue,At least 1 accident or damage reported,Yes,4500,Sedan,20,0,24000,0,3.5,250,0,6,A
3899,Ford,Transit-250 Base,2016,"66,500 mi.",Gasoline,White,None reported,Yes,27000,Van,17,0,32000,0,3.5,310,0,6,A
3900,BMW,330 i xDrive,2017,"75,000 mi.",Gasoline,Blue,None reported,Yes,20000,Sedan,30,1,40000,0,2,248,0,4,A
3901,Mazda,CX-5 Grand Touring,2021,"24,781 mi.",Gasoline,Gray,,,28991,SUV,25,1,30500,0,2.5,,0,4,A
3902,BMW,X5 M Base,2013,"67,000 mi.",Gasoline,Silver,At least 1 accident or damage reported,Yes,24500,SUV,13,1,92500,0,4.4,555,0,8,A
3903,Audi,Q5 2.0T Premium Plus,2019,"24,500 mi.",Gasoline,Black,None reported,Yes,31000,SUV,22,1,49800,0,2,248,0,4,A
3904,Audi,S5 3.0T Prestige,2013,"37,500 mi.",Gasoline,Black,None reported,Yes,26000,Coupe,18,1,57000,0,3,333,0,6,A
3905,Nissan,GT-R Premium,2013,"101,000 mi.",Gasoline,White,None reported,Yes,59000,Coupe,16,1,103000,1,3.8,545,0,6,A
3906,Tesla,Model 3 Long Range,2020,"25,000 mi.",,Blue,None reported,Yes,49995,Sedan,130,1,49990,0,,425,0,,A
3907,Toyota,Camry Solara SLE V6,2000,"245,000 mi.",Gasoline,Black,At least 1 accident or damage reported,Yes,2500,Coupe,20,1,25000,0,3,200,0,6,A
3909,Buick,Cascada Base,2016,"103,814 mi.",Gasoline,White,At least 1 accident or damage reported,Yes,14995,Convertible,20,0,33500,0,1.6,200,0,4,A
3910,Toyota,4Runner Venture,2021,"27,000 mi.",Gasoline,White,None reported,Yes,48500,SUV,16,0,42900,0,4,270,0,6,A
3911,BMW,530 i xDrive,2021,"60,942 mi.",Gasoline,Silver,None reported,Yes,32085,Sedan,26,1,54900,0,2,,1,4,A
3912,BMW,535 i xDrive,2011,"100,780 mi.",Gasoline,Gray,At least 1 accident or damage reported,Yes,12000,Sedan,20,1,60000,0,3,300,0,6,A
3913,Tesla,Model S 100D,2018,"65,000 mi.",,Blue,None reported,Yes,41000,Sedan,102,1,98000,1,,518,0,,A
3914,Lexus,GX 460 Base,2012,"167,000 mi.",Gasoline,Black,At least 1 accident or damage reported,Yes,19470,SUV,15,1,50000,0,4.6,301,0,8,A
3915,Chevrolet,Trailblazer SS,2008,"161,000 mi.",Gasoline,Red,At least 1 accident or damage reported,Yes,17000,SUV,12,1,33600,0,6,390,0,8,A
3916,Subaru,Impreza WRX,2005,"90,200 mi.",Gasoline,Blue,None reported,Yes,12499,Sedan,20,1,25000,1,2,227,0,4,M
3917,Volkswagen,Passat 2.5 SE,2012,"159,870 mi.",Gasoline,White,At least 1 accident or damage reported,Yes,9750,Sedan,22,0,24000,0,2.5,170,0,5,A
3918,Porsche,911 Carrera Cabriolet,1996,"38,000 mi.",,Blue,,,75000,Convertible,18,1,100000,1,,,0,,A
3919,audi,Q5 40 Premium,2022,"14,550 mi.",Hybrid,Silver,None reported,Yes,41500,SUV,25,1,45200,0,2,201,0,4,A
3920,INFINITI,Q60 3.0t Red Sport 400,2018,"38,000 mi.",Gasoline,Red,None reported,Yes,32000,Coupe,20,1,65000,0,3,400,0,6,A
3921,Chevrolet,Camaro Z28,2002,"35,515 mi.",Gasoline,Silver,At least 1 accident or damage reported,Yes,21000,Coupe,18,1,23000,0,5.7,310,0,8,M
3922,Mazda,Protege DX,1993,"94,200 mi.",,Gray,At least 1 accident or damage reported,Yes,2500,Sedan,28,0,14000,0,,,0,,A
3923,Mercedes-Benz,SL-Class SL550 Roadster,2008,"33,300 mi.",Gasoline,White,None reported,Yes,34500,Convertible,15,1,108000,1,5.5,382,0,8,A
3924,Mercedes-Benz,C-Class C 300 4MATIC,2016,"90,189 mi.",Gasoline,White,At least 1 accident or damage reported,Yes,17995,Sedan,26,1,41000,0,2,241,0,4,A
3925,Land,Rover Range Rover Autobiography,2023,"1,148 mi.",Gasoline,Gray,None reported,,193063,SUV,18,1,125000,0,4.4,,1,8,A
3926,Mercedes-Benz,SLK-Class SLK320,2001,"59,500 mi.",Gasoline,Blue,None reported,Yes,6500,Convertible,18,1,40000,0,3.2,215,0,6,M
3927,Ford,Transit-350 XL,2017,"134,000 mi.",Gasoline,Silver,None reported,Yes,26500,Van,14,0,35200,0,3.5,310,0,6,A
3928,Buick,Enclave Premium,2014,"86,281 mi.",Gasoline,Black,None reported,Yes,18900,SUV,17,1,45000,0,3.6,288,0,6,A
3929,Porsche,Cayenne AWD,2020,"34,580 mi.",Gasoline,Black,None reported,Yes,56000,SUV,19,1,67500,0,3,335,0,6,A
3930,Hyundai,Santa Fe SE,2007,"145,000 mi.",Gasoline,Blue,At least 1 accident or damage reported,Yes,4200,SUV,20,0,25000,0,3.3,242,0,6,A
3931,Mazda,Mazda6 Signature,2021,"11,737 mi.",Gasoline,Red,None reported,Yes,33687,Sedan,26,1,34790,0,2.5,,1,4,A
3932,Tesla,Model X Performance,2020,"25,535 mi.",,White,None reported,Yes,68969,SUV,94,1,99990,0,,778,0,,A
3933,Jeep,Wrangler Unlimited Sport,2016,"67,499 mi.",Gasoline,Beige,None reported,Yes,27500,SUV,21,0,31240,0,3.6,285,0,6,M
3934,Toyota,4Runner Sport,2004,"220,450 mi.",Gasoline,Gray,None reported,Yes,8550,SUV,17,0,30200,0,4,245,0,6,A
3935,Chevrolet,Silverado 1500 2LT,2018,"20,200 mi.",Gasoline,Silver,At least 1 accident or damage reported,Yes,42950,Pickup,19,0,38500,0,5.3,355,0,8,A
3936,Jaguar,XK8 Base,2000,"40,000 mi.",Gasoline,Blue,None reported,Yes,15400,Convertible,18,1,75990,1,4,290,0,8,A
3937,Mercedes-Benz,GLA-Class GLA 45 AMG,2015,"80,300 mi.",Gasoline,Black,At least 1 accident or damage reported,Yes,22000,SUV,24,1,50000,0,2,355,0,4,A
3938,BMW,330 i xDrive,2017,"63,150 mi.",Gasoline,White,None reported,Yes,21500,Sedan,30,1,40000,0,2,248,0,4,A
3939,Volkswagen,Atlas 3.6L SE w/Technology,2018,"48,210 mi.",Gasoline,Silver,None reported,Yes,24999,SUV,20,0,35000,0,3.6,276,0,6,A
3940,Nissan,Juke SL,2012,"115,359 mi.",Gasoline,Black,None reported,Yes,9950,SUV,27,1,23900,0,1.6,188,0,4,A
3941,Subaru,Impreza 2.0i Premium,2018,"90,601 mi.",Gasoline,White,None reported,Yes,26000,Sedan,28,1,22895,0,2,152,0,4,A
3942,BMW,M5 Base,2000,"132,200 mi.",Gasoline,Blue,None reported,Yes,26900,Sedan,15,1,70000,1,5,400,0,8,M
3943,Mercedes-Benz,Sprinter 2500 Standard Roof,2023,"4,000 mi.",Diesel,White,None reported,Yes,65000,Van,20,0,40000,0,2,211,0,4,A
3944,Volkswagen,Beetle 2.0T Final Edition SE,2019,"32,000 mi.",Gasoline,Gray,None reported,Yes,32750,Sedan,24,0,23600,1,2,174,0,4,A
3945,MINI,Countryman Cooper S ALL4,2016,"95,070 mi.",Gasoline,Blue,None reported,Yes,12750,SUV,25,0,30000,0,1.6,181,0,4,A
3946,Nissan,Rogue SL,2017,"148,000 mi.",Gasoline,White,None reported,Yes,13000,SUV,26,1,31990,0,2.5,170,0,4,A
3947,Lexus,CT 200h Premium,2014,"125,519 mi.",Hybrid,Black,At least 1 accident or damage reported,Yes,16000,Hatchback,43,1,32000,0,1.8,134,0,4,A
3948,INFINITI,G37 x,2013,"90,000 mi.",Gasoline,Silver,None reported,Yes,14500,Sedan,20,0,46000,0,3.7,328,0,6,A
3949,Audi,A6 2.0T Sport,2018,"49,650 mi.",Gasoline,Black,At least 1 accident or damage reported,Yes,23750,Sedan,28,0,60000,0,2,252,0,4,A
3950,Nissan,Altima 2.5 S,2015,"149,800 mi.",Gasoline,Black,At least 1 accident or damage reported,Yes,11600,Sedan,27,0,23650,0,2.5,182,0,4,A
3951,Chevrolet,Blazer 1LT,2019,"37,161 mi.",Gasoline,Gray,None reported,Yes,26990,SUV,20,0,32995,0,2.5,,0,4,A
3952,Dodge,Ram 3500 Quad Cab DRW,2000,"188,000 mi.",,Silver,At least 1 accident or damage reported,Yes,10000,Pickup,12,0,30000,0,,,0,,A
3953,Ford,Transit Connect XLT,2016,"111,700 mi.",E85 Flex Fuel,White,None reported,Yes,15500,Minivan,24,0,26100,0,2.5,169,0,4,A
3954,Mercedes-Benz,S-Class S 550 4MATIC,2016,"72,784 mi.",Gasoline,Blue,None reported,Yes,34900,Sedan,18,1,96600,0,4.7,449,0,8,A
3955,Cadillac,Escalade Base,2007,"150,000 mi.",Gasoline,White,None reported,Yes,9999,SUV,18,1,60000,0,6.2,403,0,8,A
3956,Ford,Transit Connect XLT,2012,"140,450 mi.",Gasoline,Red,At least 1 accident or damage reported,Yes,8500,Minivan,22,0,23700,0,2,136,0,4,A
3957,Lexus,IS 250 Base,2010,"132,700 mi.",Gasoline,Black,At least 1 accident or damage reported,Yes,10700,Sedan,22,0,34000,0,2.5,204,0,6,A
3958,Dodge,Durango GT,2020,"49,000 mi.",Gasoline,White,None reported,Yes,40000,SUV,20,0,39600,0,3.6,295,0,6,A
3959,Chevrolet,Corvette Stingray w/2LT,2023,"2,058 mi.",Gasoline,Gray,None reported,Yes,101999,Coupe,20,1,68000,1,6.2,490,0,8,A
3960,Jeep,Wrangler Unlimited Sahara,2019,"23,442 mi.",Gasoline,White,None reported,Yes,44500,SUV,21,1,44845,0,3.6,285,0,6,A
3961,Tesla,Model 3 Long Range,2021,"23,749 mi.",,White,None reported,,35999,Sedan,120,1,49990,0,,,0,,A
3962,Toyota,4Runner TRD Pro,2021,"35,048 mi.",Gasoline,Gray,None reported,,52590,SUV,17,1,49950,0,4,,0,6,A
3963,INFINITI,QX60 Base,2016,"91,239 mi.",Gasoline,Gray,None reported,Yes,17500,SUV,20,0,44000,0,3.5,265,0,6,A
3964,Porsche,911 Carrera,2022,"2,950 mi.",Gasoline,Green,None reported,Yes,131000,Coupe,20,1,101200,1,3,379,0,6,A
3965,Ford,F-150 XL,2019,"59,678 mi.",Gasoline,Gray,None reported,Yes,33700,Pickup,20,0,30000,0,2.7,,1,6,A
3966,BMW,M240 i xDrive,2022,"2,010 mi.",Gasoline,Purple,None reported,Yes,55000,Coupe,26,1,45900,0,3,382,0,6,A
3967,Toyota,Prius Two,2014,"80,354 mi.",Hybrid,Red,At least 1 accident or damage reported,Yes,13310,Hatchback,51,0,24000,0,1.8,134,0,4,A
3968,Ford,Expedition Max XLT,2018,"105,674 mi.",Gasoline,White,None reported,Yes,34995,SUV,20,0,55000,0,3.5,375,0,6,A
3969,Toyota,Tundra Grade,2013,"92,700 mi.",Gasoline,Gray,At least 1 accident or damage reported,Yes,20800,Pickup,13,0,30000,0,4.6,310,0,8,A
3970,Ford,Edge Titanium,2016,"101,387 mi.",Gasoline,Black,At least 1 accident or damage reported,Yes,16000,SUV,21,1,39400,0,2,245,0,4,A
3971,Buick,Envision Essence,2021,"36,544 mi.",Gasoline,Blue,None reported,Yes,33290,SUV,26,1,39200,0,2,,1,4,A
3972,audi,Q7 55 Prestige,2019,"41,000 mi.",Gasoline,White,None reported,Yes,39900,SUV,21,1,72600,0,3,329,0,6,A
3973,Chrysler,Town & Country Touring-L,2013,"115,872 mi.",E85 Flex Fuel,Black,None reported,Yes,9500,Minivan,17,1,33500,0,3.6,283,0,6,A
3974,Chevrolet,Cruze LS,2011,"135,603 mi.",Gasoline,Silver,None reported,Yes,7000,Sedan,26,0,15900,0,1.8,136,0,4,A
3975,Ford,F-150 Lariat,2020,"26,540 mi.",Gasoline,White,None reported,Yes,46995,Pickup,20,1,45000,0,3.5,375,0,6,A
3976,Jaguar,XF Premium,2011,"35,134 mi.",Gasoline,Gray,At least 1 accident or damage reported,Yes,12400,Sedan,19,1,60000,0,5,385,0,8,A
3977,Jeep,Wrangler Unlimited Rubicon,2020,"49,990 mi.",Gasoline,Black,None reported,Yes,53000,SUV,22,1,43200,0,2,270,0,4,A
3978,Ford,F-250 Lariat,2011,"153,818 mi.",Diesel,Gray,At least 1 accident or damage reported,Yes,29800,Pickup,12,1,35000,0,6.7,400,0,8,A
3979,Jaguar,F-PACE 35t Premium,2017,"58,060 mi.",Gasoline,Blue,At least 1 accident or damage reported,Yes,26000,SUV,22,1,50000,0,3,340,0,6,A
3980,Porsche,911 Carrera S,2015,"36,000 mi.",Gasoline,Black,None reported,Yes,84999,Coupe,21,1,110000,1,3.8,400,0,6,A
3981,Ford,Bronco Badlands Advanced,2022,"17,000 mi.",Gasoline,White,None reported,Yes,69999,SUV,20,1,48845,0,2.7,315,0,6,A
3982,Suzuki,SX4 Base,2013,"99,982 mi.",Gasoline,Orange,At least 1 accident or damage reported,Yes,6900,Hatchback,25,0,19400,0,2,150,0,4,M
3983,Ford,EcoSport SES,2019,"106,000 mi.",Gasoline,Silver,At least 1 accident or damage reported,Yes,12000,SUV,27,1,26000,0,2,166,0,4,A
3984,Toyota,Land Cruiser Base,1994,"178,416 mi.",,Green,None reported,Yes,9000,SUV,14,0,35000,0,,,0,,A
3985,Honda,Civic EX,2014,"82,500 mi.",Gasoline,Silver,None reported,Yes,15000,Sedan,30,0,20000,0,1.8,143,0,4,A
3986,Mercedes-Benz,Sprinter 2500 Standard Roof,2018,"41,500 mi.",Diesel,Gray,None reported,Yes,61000,Van,15,0,35000,0,3,188,0,6,A
3987,BMW,X3 xDrive28i,2015,"92,984 mi.",Gasoline,White,At least 1 accident or damage reported,Yes,17000,SUV,24,1,39850,0,2,240,0,4,A
3988,Nissan,Murano SL,2007,"120,000 mi.",Gasoline,Silver,None reported,Yes,6750,SUV,20,0,32500,0,3.5,240,0,6,A
3989,Chevrolet,Corvette Stingray,2015,"25,548 mi.",Gasoline,Gray,None reported,Yes,49000,Coupe,16,1,55900,1,6.2,455,0,8,A
3990,FORD,F-150 Lariat,2018,"65,441 mi.",Gasoline,Gray,None reported,Yes,38000,Pickup,20,1,42000,0,2.7,325,0,6,A
3991,Porsche,Cayenne Turbo,2020,"39,611 mi.",Gasoline,Gray,None reported,,89900,SUV,16,1,163300,0,4,,1,8,A
3992,Toyota,Sequoia SR5,2010,"154,860 mi.",Gasoline,Silver,None reported,Yes,17900,SUV,13,0,43750,0,4.6,310,0,8,A
3993,Porsche,911 Carrera S,2021,"7,008 mi.",Gasoline,Gray,,,151900,Coupe,22,1,116000,1,3,443,0,6,A
3994,BMW,M8 Gran Coupe Competition,2022,"21,057 mi.",Gasoline,Gray,None reported,Yes,99800,Coupe,15,1,130000,1,4.4,617,0,8,A
3995,Lexus,CT 200h Base,2016,"39,750 mi.",Hybrid,Black,None reported,Yes,21995,Hatchback,43,0,31900,0,1.8,134,0,4,A
3996,Aston,Martin DB7 Vantage Volante,2003,"14,900 mi.",Gasoline,White,,,32850,Convertible,16,1,140000,1,5.9,420,0,12,M
3997,Chevrolet,Impala 2LZ,2018,"71,312 mi.",Gasoline,Black,None reported,Yes,17899,Sedan,22,1,34795,0,3.6,305,0,6,A
3998,Porsche,911 Carrera,2015,"43,500 mi.",Gasoline,Black,None reported,Yes,66500,Convertible,21,1,89800,1,3.4,350,0,6,A
3999,BMW,X6 xDrive40i,2020,"34,000 mi.",Gasoline,White,None reported,Yes,59335,SUV,21,1,66500,0,3,335,0,6,A
4000,Subaru,Ascent Touring 7-Passenger,2021,"32,250 mi.",Gasoline,Black,At least 1 accident or damage reported,Yes,36000,SUV,21,1,45000,0,2.4,260,0,4,A
4001,Volkswagen,Routan SE,2011,"194,000 mi.",Gasoline,Black,At least 1 accident or damage reported,Yes,3500,Minivan,17,0,30500,0,3.6,283,0,6,A
4002,Mercedes-Benz,AMG GLS 63 4MATIC,2023,"2,000 mi.",Hybrid,Gray,None reported,Yes,175000,SUV,17,1,133000,0,4,603,0,8,A
4003,Mercedes-Benz,E-Class E 300 4MATIC,2018,"53,705 mi.",Gasoline,Black,At least 1 accident or damage reported,Yes,25900,Sedan,24,1,52500,0,2,241,0,4,A
4004,Bentley,Continental GT Speed,2023,714 mi.,Gasoline,Custom Color,None reported,Yes,349950,Coupe,12,1,300000,1,6,,1,,A
4005,audi,S4 3.0T Premium Plus,2022,"10,900 mi.",Gasoline,Black,None reported,Yes,53900,Sedan,25,1,60000,0,3,349,0,6,A
4006,Porsche,Taycan,2022,"2,116 mi.",,Black,None reported,,90998,Sedan,88,1,82500,1,,,0,,A
4007,FORD,F-150 Raptor,2020,"33,000 mi.",Gasoline,Blue,None reported,Yes,62999,Pickup,15,1,65000,0,3.5,450,0,6,A
4008,BMW,X3 xDrive30i,2020,"43,000 mi.",Gasoline,Gray,At least 1 accident or damage reported,Yes,40000,SUV,25,0,44000,0,2,248,0,4,A
4009,Lexus,IS 300 Base,2018,"50,992 mi.",Gasoline,White,At least 1 accident or damage reported,Yes,,Sedan,22,0,38450,0,3.5,260,0,6,A
4010,Chevrolet,Impala Base,2004,"64,500 mi.",Gasoline,Beige,None reported,Yes,,Sedan,22,0,24000,0,3.4,180,0,6,A
4011,RAM,2500 SLT,2017,"86,000 mi.",Diesel,Gray,At least 1 accident or damage reported,Yes,,Pickup,16,0,45000,0,6.7,350,0,6,A
4012,Mercedes-Benz,SL-Class SL 550,2013,"24,933 mi.",Gasoline,Silver,At least 1 accident or damage reported,Yes,,Convertible,17,1,105000,0,4.6,429,0,8,A
4013,Ford,Shelby GT350R Base,2018,"18,500 mi.",Gasoline,Blue,At least 1 accident or damage reported,Yes,,Coupe,14,1,62000,1,5.2,526,0,8,M
4014,GMC,Yukon SLT,2018,"85,500 mi.",Gasoline,Black,At least 1 accident or damage reported,Yes,,SUV,16,1,59500,0,5.3,355,0,8,A
4015,Volvo,V60 Cross Country T5,2020,"10,500 mi.",Gasoline,White,None reported,Yes,,SUV,24,0,47000,0,2,250,0,4,A
4016,Nissan,Titan XD SV,2020,"10,001 mi.",Gasoline,Black,None reported,Yes,,Pickup,15,0,48500,0,5.6,,0,8,A
4017,BMW,330 i,2005,"59,300 mi.",Gasoline,Red,None reported,Yes,,Sedan,20,0,30000,0,3,225,0,6,M
4018,Lexus,RX 330 Base,2006,"110,250 mi.",Gasoline,White,None reported,Yes,,SUV,20,0,38000,0,3.3,230,0,6,A
4019,BMW,Z4 sDrive28i,2014,"36,812 mi.",Gasoline,White,None reported,Yes,,Convertible,24,0,50000,0,2,240,0,4,A
4020,Chevrolet,Corvette Base,2002,"44,168 mi.",Gasoline,Orange,None reported,Yes,,Coupe,18,1,50000,0,5.7,350,0,8,A
4021,Ford,F-150 XLT,2020,"92,000 mi.",Gasoline,Gray,None reported,Yes,,Pickup,18,0,35000,0,3.5,375,0,6,A
4022,Honda,Odyssey EX-L,2022,"18,385 mi.",Gasoline,Red,None reported,Yes,,Minivan,28,0,39700,0,3.5,280,0,6,A
4023,Mercedes-Benz,SL-Class SL600 Roadster,2005,"93,000 mi.",Gasoline,Black,None reported,Yes,,Convertible,16,1,139800,1,5.5,493,0,12,A
4024,Buick,LaCrosse Leather,2012,"19,079 mi.",Hybrid,Gold,None reported,Yes,,Sedan,25,0,32000,0,2.4,182,0,4,A
4025,Ford,Mustang GT Premium,2016,"40,570 mi.",Gasoline,Gray,At least 1 accident or damage reported,Yes,,Coupe,15,1,42000,0,5,435,0,8,M
4026,Porsche,911 Carrera 4S Cabriolet,2009,"25,500 mi.",Gasoline,Black,None reported,Yes,,Convertible,20,1,104000,1,3.8,385,0,6,M
4027,Dodge,Avenger SE,2014,"124,705 mi.",E85 Flex Fuel,Black,None reported,Yes,,Sedan,21,0,20500,0,3.6,283,0,6,A
4028,audi,S7 4.0T Premium Plus,2017,"52,500 mi.",Gasoline,Gray,None reported,Yes,,Sedan,22,1,82500,0,4,450,0,8,A
4029,INFINITI,QX70 Base,2014,"71,097 mi.",Gasoline,Black,None reported,Yes,,SUV,20,1,46500,0,3.7,325,0,6,A
4030,BMW,535 i xDrive,2015,"65,000 mi.",Gasoline,Silver,None reported,Yes,,Sedan,20,1,63000,0,3,300,0,6,A
4031,Aston,Martin DBX Base,2021,"2,353 mi.",Gasoline,Green,None reported,Yes,,SUV,18,0,176900,0,4,,1,8,A
4032,Mercedes-Benz,AMG GT 53 Base,2020,"22,000 mi.",Hybrid,Gray,None reported,Yes,,Sedan,20,1,99500,0,3,429,0,6,A
4033,FORD,Explorer XLT,2020,"42,609 mi.",Gasoline,Gray,At least 1 accident or damage reported,Yes,,SUV,24,0,35500,0,2.3,,1,4,A
4034,audi,Q5 2.0T Premium Plus,2013,"111,773 mi.",Gasoline,Brown,None reported,Yes,,SUV,20,1,39000,0,2,211,0,4,A
4035,Maserati,GranTurismo MC,2018,"18,000 mi.",Gasoline,Red,None reported,Yes,,Coupe,13,1,150000,1,4.7,454,0,8,A
4036,Honda,Civic LX,2016,"111,000 mi.",Gasoline,Blue,None reported,Yes,,Sedan,31,0,21500,0,2,158,0,4,A
4037,Ford,Explorer XLT,2017,"161,000 mi.",Gasoline,Gray,None reported,Yes,,SUV,20,0,31500,0,3.5,290,0,6,A
4038,MINI,Hardtop Cooper S,2017,"44,300 mi.",Gasoline,Silver,None reported,Yes,,Hatchback,28,1,28000,0,2,189,0,4,M
4039,Tesla,Model 3 Standard Range Plus,2021,"21,600 mi.",,White,None reported,Yes,,Sedan,130,1,39990,0,,271,0,,A
4040,Lexus,RX 350 RX 350 F SPORT Handling,2022,"11,238 mi.",Gasoline,Silver,None reported,,,SUV,22,0,47000,0,3.5,,0,,A
4041,BMW,335 i,2010,"91,545 mi.",Gasoline,Black,None reported,Yes,,Sedan,18,1,40000,0,3,300,0,6,A
4042,Chrysler,300C SRT8,2006,"43,000 mi.",Gasoline,Silver,At least 1 accident or damage reported,Yes,,Sedan,15,1,40000,0,6.1,425,0,8,A
4043,Subaru,Impreza WRX Base,2013,"113,000 mi.",Gasoline,Blue,At least 1 accident or damage reported,Yes,,Sedan,27,0,26995,1,2.5,265,0,4,M
4044,Toyota,Sequoia Limited,2006,"190,656 mi.",Gasoline,Black,At least 1 accident or damage reported,Yes,,SUV,14,1,45000,0,4.7,273,0,8,A
4045,Toyota,4Runner Sport,2004,"220,450 mi.",Gasoline,Gray,None reported,Yes,,SUV,17,0,30200,0,4,245,0,6,A
4046,Chevrolet,Bolt EUV Premier,2022,"7,624 mi.",,Black,None reported,Yes,,SUV,100,1,43000,0,,,0,,A
4047,Chevrolet,Monte Carlo SS,2000,"74,000 mi.",Gasoline,Red,None reported,Yes,,Coupe,18,0,24795,0,3.8,200,0,6,A
4048,Chevrolet,Silverado 2500 LT H/D Extended Cab,2006,"169,000 mi.",Diesel,White,None reported,Yes,,Pickup,14,0,28000,0,6.6,360,0,8,A
4049,Buick,Enclave Premium,2017,"139,105 mi.",Gasoline,White,At least 1 accident or damage reported,Yes,,SUV,18,1,42000,0,3.6,,0,6,A
4050,audi,TT RS 2.5T,2018,"20,675 mi.",Gasoline,Gray,None reported,Yes,,Coupe,20,1,65400,0,2.5,400,0,5,A
4051,Porsche,911 Carrera S,2023,"1,877 mi.",Gasoline,Red,None reported,Yes,,Coupe,22,1,116000,1,3,443,0,6,A
4052,FORD,Utility Police Interceptor Base,2013,"51,000 mi.",E85 Flex Fuel,Black,At least 1 accident or damage reported,Yes,10300,SUV,18,0,30000,0,3.7,300,0,6,A
